account_no,holder_name,holder_address,bank_name,account_type,opened_date,avg_monthly_deposit_pkr
PK53-3670449118,Tooba Siddiqui,"House No. 141, Gali 16, B-17, Islamabad",Allied Bank,Foreign Currency,2019-07-10,7381383
PK45-9727847913,Tooba Siddiqui,H#141 St-16 B-17 Islamabad,UBL,Foreign Currency,2023-06-04,6481784
PK34-4975976994,T.Siddiqui,مکان 141 گلی 16 B-17 اسلام آباد,UBL,Savings,2020-06-02,6535583
PK70-7136616347,Tooba Siddiqui,مکان 141 گلی 16 B-17 اسلام آباد,UBL,Foreign Currency,2025-05-14,6415198
PK57-9621386065,Mahnoor Sial,مکان 48 گلی 14 G-10/2 اسلام آباد,UBL,Current,2025-06-30,305465
PK14-6669008912,S. Joiya,"House No. 4, Gali 11, Madina Town, Faisalabad",Allied Bank,Current,2025-09-04,178571
PK89-4406121844,Malik Asad Raja,"House No. 184, Gali 23, Clifton Block 2, Karachi",MCB,Savings,2018-01-10,936252
PK85-6756213770,Z. Raja,مکان 52 گلی 25 Hayatabad Phase 3 Peshawar,Bank Alfalah,Savings,2024-11-05,186237
PK66-4900624904,Farah Lodhi,"House 332, Street 5, Gulgasht, Multan",Meezan Bank,Savings,2023-01-10,235459
PK99-2914278120,Chaudhary Sajid Chaudhry,H#109 St-32 ChaklalaScheme3 Rawalpindi,Allied Bank,Current,2025-08-27,182000
PK38-9671304166,Khadija Sial,"House 186, Street 15, Madina Town, Faisalabad",UBL,Savings,2022-12-05,27552
PK64-6221099461,Rana Adnan Afridi,"House No. 306, Gali 5, Westridge, Rawalpindi",Meezan Bank,Savings,2022-07-09,92270
PK69-2838278841,H.Durrani,H#275 St-18 B-17 Islamabad,Askari Bank,Savings,2022-05-27,84412
PK63-7301773105,Noor Durrani,"House No. 391, Gali 12, Wapda Town, Lahore",JS Bank,Savings,2020-03-29,4826686
PK95-4275735718,Adnan Sandhu,"House No. 277, Gali 34, Hayatabad Phase 3, Peshawar",JS Bank,Current,2024-05-26,254565
PK50-3157716066,O.Janjua,"House No. 291, Gali 6, F-8/3, Islamabad",Askari Bank,Foreign Currency,2018-11-10,21749
PK84-7062813381,B.Rajput,H#136 St-34 PeoplesColony Faisalabad,HBL,Savings,2019-06-30,31720
PK89-5805756498,Umar قریشی,"House No. 221, Gali 23, B-17, Islamabad",HBL,Savings,2025-12-01,92779
PK83-9983782476,Imran Warraich,"House 56, Street 16, Shah Rukn-e-Alam, Multan",Meezan Bank,Current,2020-11-23,172870
PK17-3733524381,U. Mirza,"House No. 80, Gali 13, North Nazimabad, Karachi",MCB,Current,2022-07-15,1344865
PK28-1540933236,Ubaid Mirza,مکان 80 گلی 13 North Nazimabad کراچی,Askari Bank,Savings,2025-04-17,5692495
PK84-7464181146,I.Chaudhry,مکان 207 گلی 8 Cantt Multan,Bank Alfalah,Savings,2018-05-25,209316
PK75-1071624258,Chaudhary Nadeem Dar,"House No. 161, Gali 16, Gulgasht, Multan",Allied Bank,Savings,2024-04-13,2997838
PK82-6539856155,Nadeem Dar,"House 161, Street 16, Gulgasht, Multan",Bank Alfalah,Foreign Currency,2024-04-26,2613383
PK94-4804937484,Faisal خان,"House 38, Street 35, Clifton Block 2, Karachi",UBL,Savings,2019-09-24,20165
PK97-4988068944,Y.Sandhu,مکان 225 گلی 35 Johar Town لاہور,UBL,Current,2024-12-02,4436087
PK73-7117754787,Malik Yasir Sandhu,"House No. 225, Gali 35, Johar Town, Lahore",Askari Bank,Savings,2021-07-27,6391026
PK55-7166844130,Yasir Sandhu,مکان 225 گلی 35 Johar Town لاہور,Askari Bank,Savings,2018-02-02,1803488
PK16-6182070900,Yasir Sandhu,"House 225, Street 35, Johar Town, Lahore",UBL,Foreign Currency,2020-02-25,7985913
PK63-4782797552,Malik Bushra Qureshi,H#60 St-7 ChaklalaScheme3 Rawalpindi,Askari Bank,Current,2024-11-24,3486446
PK72-8970566223,B.Qureshi,H#60 St-7 ChaklalaScheme3 Rawalpindi,JS Bank,Savings,2018-07-16,4869331
PK52-4218591807,B.Qureshi,"House No. 60, Gali 7, Chaklala Scheme 3, Rawalpindi",UBL,Current,2024-09-20,6477494
PK53-5725796546,Syed Noman Mehsud,H#259 St-32 ShahRukn-e-Alam Multan,Meezan Bank,Savings,2025-06-08,2185893
PK44-7184644643,N.Mehsud,"House No. 259, Gali 32, Shah Rukn-e-Alam, Multan",Askari Bank,Savings,2024-07-13,4791876
PK69-3004122832,Usman Khan,"House 327, Street 17, Johar Town, Lahore",UBL,Current,2021-09-26,93166
PK37-6591839941,Usman Gill,"House No. 342, Gali 7, Bahria Phase 4, Rawalpindi",HBL,Foreign Currency,2019-02-21,3199308
PK61-4076559327,Rana Usman Gill,مکان 342 گلی 7 Bahria Phase 4 راولپنڈی,JS Bank,Savings,2021-04-06,3310763
PK77-6637578747,Saad Tarar,مکان 378 گلی 22 F-8/3 اسلام آباد,MCB,Current,2022-02-04,28833
PK37-1031359041,Malik Khalid Butt,"House 114, Street 13, University Town, Peshawar",JS Bank,Savings,2019-11-07,116490
PK35-9637195933,Nasir Cheema,مکان 396 گلی 18 DHA Phase 5 لاہور,Meezan Bank,Savings,2025-01-19,65050
PK52-9010744717,B.Malik,"House No. 92, Gali 38, I-8/4, Islamabad",JS Bank,Savings,2025-01-21,2031000
PK58-9223632105,B. Malik,H#92 St-38 I-8/4 Islamabad,Allied Bank,Savings,2021-02-21,3088818
PK71-9872029928,S.Sial,H#60 St-25 DGround Faisalabad,UBL,Foreign Currency,2019-08-27,6687875
PK46-9801787009,Chaudhary Saqib Sial,مکان 60 گلی 25 D Ground Faisalabad,Meezan Bank,Current,2020-07-15,1550615
PK30-7015555598,Saqib Sial,"House No. 60, Gali 25, D Ground, Faisalabad",UBL,Current,2022-07-02,6831157
PK60-4129422632,Malik Ibrahim Sial,مکان 170 گلی 40 B-17 اسلام آباد,MCB,Savings,2019-04-09,213081
PK41-1813459680,Atif Warraich,مکان 284 گلی 9 Shah Rukn-e-Alam Multan,HBL,Savings,2021-10-20,5755683
PK87-2949038093,A.Warraich,مکان 284 گلی 9 Shah Rukn-e-Alam Multan,JS Bank,Current,2020-02-27,7978214
PK85-4444532908,Nasir Zaidi,"House 156, Street 19, Hayatabad Phase 3, Peshawar",Allied Bank,Foreign Currency,2018-03-22,1162297
PK47-5991602131,Nasir Zaidi,مکان 156 گلی 19 Hayatabad Phase 3 Peshawar,Allied Bank,Savings,2023-05-10,3659719
PK15-8840095562,R. Kazmi,مکان 338 گلی 6 DHA Phase 6 کراچی,JS Bank,Savings,2022-12-24,31800
PK49-4884859229,Ubaid Tarar,"House No. 100, Gali 25, Gulgasht, Multan",Meezan Bank,Foreign Currency,2022-08-08,4136543
PK48-5168793922,Mian Ubaid Tarar,"House 100, Street 25, Gulgasht, Multan",JS Bank,Foreign Currency,2024-03-05,7576454
PK91-9420649582,Ubaid Tarar,H#100 St-25 Gulgasht Multan,HBL,Savings,2024-08-14,5646247
PK99-1177500057,Qasim Gondal,"House No. 26, Gali 36, Westridge, Rawalpindi",UBL,Savings,2018-03-28,52393
PK78-6762361623,Hina Zaidi,H#387 St-29 MadinaTown Faisalabad,Meezan Bank,Current,2024-06-04,4837281
PK82-4906234933,Syed Yousuf Joiya,"House No. 327, Gali 18, Johar Town, Lahore",Allied Bank,Current,2018-11-13,2053212
PK96-2426306018,P.Rizvi,H#280 St-39 Gulgasht Multan,UBL,Current,2023-02-28,1641006
PK71-2515744164,Luqman Cheema,H#208 St-11 Gulgasht Multan,MCB,Foreign Currency,2019-11-01,60394
PK52-2961398180,R. Khokhar,"House 390, Street 25, Gulberg III, Lahore",Meezan Bank,Savings,2018-03-22,2665895
PK39-6485679107,R. Khokhar,H#390 St-25 GulbergIII Lahore,HBL,Savings,2020-07-31,4838291
PK72-9913636459,Zainab Sheikh,H#333 St-5 JoharTown Lahore,Allied Bank,Current,2021-12-01,66135
PK25-6980019840,A. Janjua,H#343 St-8 Westridge Rawalpindi,MCB,Savings,2022-08-05,231873
PK24-7477910927,Amna Mehsud,"House 367, Street 13, North Nazimabad, Karachi",Allied Bank,Foreign Currency,2024-09-06,5587264
PK54-3695996121,Amna Mehsud,مکان 367 گلی 13 North Nazimabad کراچی,MCB,Foreign Currency,2023-05-15,1583744
PK77-1147209338,A.Mehsud,H#367 St-13 NorthNazimabad Karachi,JS Bank,Savings,2018-01-08,2677210
PK91-9009262915,A.Mehsud,H#367 St-13 NorthNazimabad Karachi,Meezan Bank,Foreign Currency,2020-05-13,7273372
PK54-7135456306,R. Butt,H#220 St-24 WapdaTown Lahore,JS Bank,Foreign Currency,2023-05-29,49391
PK43-3855235648,A. Sial,"House No. 363, Gali 10, Model Town, Lahore",Bank Alfalah,Savings,2021-08-08,217352
PK43-3701677843,Wajahat Gilani,"House 195, Street 22, D Ground, Faisalabad",Allied Bank,Current,2022-08-18,1164735
PK65-9776527376,Wajahat Gilani,H#195 St-22 DGround Faisalabad,Meezan Bank,Savings,2023-06-22,4176808
PK25-9246709525,Nadeem Cheema,H#360 St-18 WapdaTown Lahore,Askari Bank,Current,2022-04-19,261894
PK38-2124566911,Chaudhary Mustafa Zaidi,H#354 St-31 HayatabadPhase3 Peshawar,UBL,Current,2019-03-31,316671
PK50-5453761971,Sadia Mirza,"House 327, Street 32, Cantt, Multan",JS Bank,Current,2024-06-08,4830487
PK58-8979287418,T. Sheikh,H#59 St-5 ModelTown Lahore,JS Bank,Foreign Currency,2024-03-16,5612845
PK94-5692203566,Talha Sheikh,H#59 St-5 ModelTown Lahore,Bank Alfalah,Savings,2019-05-25,5002010
PK71-6972224708,Talha Sheikh,مکان 59 گلی 5 Model Town لاہور,Allied Bank,Current,2023-05-11,7618175
PK93-5530161660,Adnan Gilani,H#128 St-8 DHAPhase5 Lahore,Askari Bank,Current,2018-01-30,206953
PK37-4224029675,Mubashir Bukhari,مکان 292 گلی 40 Gulshan-e-Iqbal کراچی,UBL,Foreign Currency,2022-04-24,4644871
PK91-1124793561,M. Bukhari,مکان 292 گلی 40 Gulshan-e-Iqbal کراچی,UBL,Foreign Currency,2024-10-24,1729577
PK48-5129327659,W.Janjua,مکان 81 گلی 1 Satellite Town راولپنڈی,UBL,Current,2021-06-20,168349
PK22-3955347415,Lubna Mirza,"House No. 37, Gali 15, Shah Rukn-e-Alam, Multan",Askari Bank,Savings,2023-04-01,153970
PK27-7490882544,K. Warraich,H#277 St-32 WapdaTown Lahore,UBL,Current,2023-04-17,5886039
PK76-3253844196,Kinza Warraich,H#277 St-32 WapdaTown Lahore,JS Bank,Savings,2022-10-15,6929015
PK47-7634730493,K. Warraich,H#277 St-32 WapdaTown Lahore,HBL,Foreign Currency,2019-07-02,4162368
PK18-7945746933,Kinza Warraich,"House No. 277, Gali 32, Wapda Town, Lahore",MCB,Foreign Currency,2020-11-03,1255226
PK35-9571743769,Sardar Hassan Raja,H#392 St-18 SatelliteTown Rawalpindi,UBL,Foreign Currency,2024-06-05,3103998
PK52-3372192211,Waseem Ansari,"House No. 326, Gali 32, Madina Town, Faisalabad",UBL,Foreign Currency,2022-07-26,134083
PK69-3311993357,F.Kakar,"House 337, Street 35, Clifton Block 2, Karachi",Meezan Bank,Current,2022-12-29,2323177
PK78-3523555561,F. Kakar,"House 337, Street 35, Clifton Block 2, Karachi",Bank Alfalah,Savings,2023-12-26,3118278
PK97-7424592713,H.Malik,"House 123, Street 11, Gulgasht, Multan",UBL,Savings,2024-06-01,858992
PK64-5876667885,Mian Fahad Khokhar,H#79 St-32 B-17 Islamabad,Bank Alfalah,Foreign Currency,2021-12-23,56739
PK74-8967473739,Y.Khokhar,H#197 St-13 PeoplesColony Faisalabad,JS Bank,Savings,2022-09-03,242382
PK34-2460579054,Ehsan Kazmi,"House 145, Street 20, DHA Phase 5, Lahore",MCB,Savings,2018-12-23,2782197
PK34-6622834251,Syed Farhan Cheema,"House No. 194, Gali 30, D Ground, Faisalabad",JS Bank,Foreign Currency,2019-04-01,214356
PK96-8831789409,Zeeshan Joiya,"House 234, Street 1, G-13/1, Islamabad",MCB,Savings,2022-06-28,3004970
PK16-6650272287,Ehsan Yousafzai,مکان 333 گلی 6 Shah Rukn-e-Alam Multan,JS Bank,Savings,2024-02-21,5008679
PK17-2718971996,E. Yousafzai,H#333 St-6 ShahRukn-e-Alam Multan,HBL,Current,2019-11-17,2418808
PK34-4855020873,S. Mughal,"House No. 15, Gali 3, Shah Rukn-e-Alam, Multan",MCB,Savings,2020-09-02,139330
PK38-6261057489,Yasir Naqvi,مکان 88 گلی 12 DHA Phase 6 کراچی,JS Bank,Savings,2025-04-08,3590596
PK62-9947436896,Yasir Naqvi,"House No. 88, Gali 12, DHA Phase 6, Karachi",UBL,Current,2018-05-24,3663489
PK10-6670347401,D.Khokhar,"House 236, Street 17, Shah Rukn-e-Alam, Multan",JS Bank,Savings,2024-09-18,3960190
PK41-2362956048,S.Gill,"House 328, Street 28, Madina Town, Faisalabad",UBL,Current,2019-01-06,41322
PK52-4548649570,Laiba Saddozai,مکان 398 گلی 15 Gulshan-e-Iqbal کراچی,UBL,Savings,2018-09-21,162243
PK88-5225050022,R.Awan,"House 168, Street 27, I-8/4, Islamabad",Allied Bank,Foreign Currency,2020-01-16,29490
PK56-8745189396,H. Kazmi,H#132 St-31 JoharTown Lahore,Meezan Bank,Current,2023-03-22,35714
PK63-4463822274,S. Mehsud,"House 204, Street 36, Gulgasht, Multan",Meezan Bank,Current,2023-07-07,150177
PK79-6932319349,Ubaid Sandhu,"House No. 345, Gali 17, Gulgasht, Multan",Bank Alfalah,Foreign Currency,2024-08-10,5589855
PK87-2332136758,Ubaid Sandhu,H#345 St-17 Gulgasht Multan,Bank Alfalah,Foreign Currency,2018-05-28,7195768
PK29-1190937149,Ubaid Sandhu,H#345 St-17 Gulgasht Multan,MCB,Foreign Currency,2019-01-09,3954303
PK31-1072029093,U.Sandhu,مکان 345 گلی 17 Gulgasht Multan,Bank Alfalah,Savings,2022-12-18,7849392
PK62-5461085968,Nimra Zaidi,"House 114, Street 5, Wapda Town, Lahore",Askari Bank,Foreign Currency,2024-04-04,76510
PK30-7936200936,Syed Mubashir Hashmi,"House No. 121, Gali 35, G-10/2, Islamabad",MCB,Foreign Currency,2021-01-29,4750399
PK72-2772019437,Mubashir Hashmi,H#121 St-35 G-10/2 Islamabad,HBL,Current,2019-06-12,1466537
PK16-5102618056,Mubashir Hashmi,"House 121, Street 35, G-10/2, Islamabad",Meezan Bank,Foreign Currency,2019-01-09,7226466
PK58-1961409737,Haji Mubashir Hashmi,"House 121, Street 35, G-10/2, Islamabad",Allied Bank,Current,2018-06-06,7568688
PK27-6420579726,R. Joiya,"House 186, Street 7, DHA Phase 6, Karachi",MCB,Savings,2018-08-21,180127
PK17-4038268700,Sardar Hamza Khokhar,مکان 109 گلی 39 B-17 اسلام آباد,Bank Alfalah,Current,2019-07-13,55272
PK97-7972504667,N. Chaudhry,مکان 107 گلی 38 Gulbahar Peshawar,Askari Bank,Current,2020-01-31,45299
PK98-3418860540,احمد Gill,مکان 302 گلی 21 Hayatabad Phase 3 Peshawar,Allied Bank,Current,2019-04-04,278932
PK13-4587363131,H.Siddiqui,"House 244, Street 29, Cantt, Multan",UBL,Current,2021-07-16,4108248
PK72-6554048083,عثمان Durrani,H#267 St-20 Gulbahar Peshawar,MCB,Savings,2023-04-02,55306
PK64-8346261022,H. Qureshi,مکان 38 گلی 6 North Nazimabad کراچی,Meezan Bank,Savings,2020-09-12,244351
PK21-1559502902,K.Shirazi,H#233 St-33 MadinaTown Faisalabad,UBL,Foreign Currency,2021-09-25,162965
PK58-1326967312,Rauf Joiya,مکان 174 گلی 30 Westridge راولپنڈی,HBL,Savings,2021-10-31,2462984
PK57-4757039945,Kashif Sandhu,مکان 35 گلی 6 Westridge راولپنڈی,Meezan Bank,Savings,2018-05-01,5688570
PK87-3463536267,K.Sandhu,"House No. 35, Gali 6, Westridge, Rawalpindi",HBL,Current,2018-10-13,7750600
PK84-8521611445,Nadia شیخ,"House No. 288, Gali 22, D Ground, Faisalabad",UBL,Foreign Currency,2020-05-21,39696
PK19-7018661167,Haji Mehwish Mehsud,"House 14, Street 39, Gulgasht, Multan",UBL,Savings,2018-09-05,2200427
PK83-7259814068,Malik Mehwish Mehsud,"House No. 14, Gali 39, Gulgasht, Multan",JS Bank,Savings,2025-07-09,7560649
PK79-8582310827,M. Mehsud,H#14 St-39 Gulgasht Multan,JS Bank,Foreign Currency,2021-04-12,5530034
PK27-7129221148,F.Khan,"House No. 290, Gali 26, Bahria Phase 4, Rawalpindi",Bank Alfalah,Current,2024-09-15,4904759
PK30-3156696866,F.Khan,"House No. 290, Gali 26, Bahria Phase 4, Rawalpindi",JS Bank,Foreign Currency,2024-06-23,5476774
PK10-4463742154,F. Khan,"House No. 290, Gali 26, Bahria Phase 4, Rawalpindi",Allied Bank,Savings,2019-09-03,4136222
PK70-1228520817,Gul راجہ,"House No. 339, Gali 28, Model Town, Lahore",MCB,Savings,2020-10-25,350344
PK51-8833624009,M. Dar,مکان 393 گلی 9 Johar Town لاہور,Allied Bank,Savings,2020-12-13,227714
PK20-4124520973,S. Awan,"House No. 257, Gali 36, DHA Phase 6, Karachi",HBL,Foreign Currency,2022-11-21,70189
PK55-2719880971,U.Chaudhry,"House No. 295, Gali 28, University Town, Peshawar",Meezan Bank,Foreign Currency,2020-07-22,59250
PK95-2681209011,Atif Mughal,"House 236, Street 24, Gulbahar, Peshawar",HBL,Current,2021-05-23,4374256
PK66-9978933612,Hina راجہ,H#382 St-22 Gulshan-e-Iqbal Karachi,JS Bank,Savings,2020-10-02,4569504
PK55-9776319254,H.Raja,"House No. 382, Gali 22, Gulshan-e-Iqbal, Karachi",Meezan Bank,Current,2022-06-07,3014785
PK36-6627873303,Hina Kazmi,مکان 180 گلی 10 Chaklala Scheme 3 راولپنڈی,Bank Alfalah,Current,2020-05-18,139800
PK62-4014678200,Zara چوہدری,"House 238, Street 37, Westridge, Rawalpindi",HBL,Savings,2019-05-18,240863
PK92-5071287855,حسین شیخ,H#40 St-6 GulbergIII Lahore,Allied Bank,Current,2023-07-02,896201
PK37-3904353432,U.Joiya,مکان 334 گلی 13 Gulbahar Peshawar,Allied Bank,Foreign Currency,2019-09-25,104890
PK35-1254636985,Mian Taimoor Qureshi,مکان 366 گلی 6 University Town Peshawar,MCB,Current,2022-10-24,3059351
PK29-1949882416,Sardar Taimoor Qureshi,"House No. 366, Gali 6, University Town, Peshawar",Askari Bank,Current,2018-03-24,7810478
PK59-3719856191,Taimoor قریشی,"House 366, Street 6, University Town, Peshawar",Bank Alfalah,Savings,2018-05-07,6087843
PK30-1382482909,T. Qureshi,"House 366, Street 6, University Town, Peshawar",Meezan Bank,Foreign Currency,2018-01-25,4083835
PK79-7008734370,Irfan Kayani,H#309 St-10 Gulgasht Multan,Bank Alfalah,Savings,2021-01-11,281033
PK17-1645098787,Rana Shahzad Shirazi,H#159 St-36 Cantt Multan,Allied Bank,Savings,2018-12-26,4236386
PK25-7507028022,Haji Shahzad Shirazi,"House 159, Street 36, Cantt, Multan",Allied Bank,Savings,2021-03-26,2780563
PK15-7729621392,U. Wazir,"House No. 10, Gali 24, Gulshan-e-Iqbal, Karachi",MCB,Foreign Currency,2021-11-09,34561
PK33-3026052352,Umar Gondal,"House No. 40, Gali 19, Bahria Phase 4, Rawalpindi",JS Bank,Foreign Currency,2023-04-21,5623039
PK58-9225213265,Umar Gondal,H#40 St-19 BahriaPhase4 Rawalpindi,JS Bank,Savings,2021-08-07,4850287
PK99-2918759935,U. Gondal,"House 40, Street 19, Bahria Phase 4, Rawalpindi",JS Bank,Savings,2020-04-30,7128810
PK97-9208995700,Umar Gondal,H#40 St-19 BahriaPhase4 Rawalpindi,UBL,Savings,2019-07-13,1806120
PK74-9300417166,Iqra Virk,H#93 St-40 BahriaPhase4 Rawalpindi,UBL,Savings,2024-06-03,176991
PK11-6539810853,S. Yousafzai,"House 120, Street 35, Model Town, Lahore",Bank Alfalah,Savings,2022-06-12,323412
PK97-1545714643,Wajahat Kakar,H#258 St-34 ModelTown Lahore,Askari Bank,Savings,2023-05-24,228703
PK65-3447788688,Bilal Khattak,مکان 284 گلی 7 Gulshan-e-Iqbal کراچی,Askari Bank,Current,2021-01-23,38294
PK25-6304451948,Taimoor Kazmi,مکان 47 گلی 15 Westridge راولپنڈی,HBL,Savings,2024-04-09,250771
PK72-3558148250,Jawad Janjua,"House 192, Street 15, Clifton Block 2, Karachi",Bank Alfalah,Savings,2022-11-06,1949092
PK72-4672048069,J. Janjua,H#192 St-15 CliftonBlock2 Karachi,HBL,Foreign Currency,2022-07-22,7798670
PK56-4718954345,Jawad Janjua,"House 192, Street 15, Clifton Block 2, Karachi",UBL,Current,2020-07-06,2164534
PK40-9744892294,P. Afridi,"House No. 235, Gali 5, Gulbahar, Peshawar",HBL,Savings,2020-09-15,7987629
PK73-3780791512,Pervez Afridi,مکان 235 گلی 5 Gulbahar Peshawar,Meezan Bank,Savings,2021-09-25,4913498
PK40-8794255797,Syed Pervez Afridi,"House 235, Street 5, Gulbahar, Peshawar",JS Bank,Current,2022-03-15,1426371
PK78-1927335799,Pervez Afridi,مکان 235 گلی 5 Gulbahar Peshawar,MCB,Current,2020-10-11,3125790
PK48-9079487246,M.Abbasi,مکان 1 گلی 40 Model Town لاہور,Meezan Bank,Savings,2018-03-30,4486154
PK21-6427059484,M. Abbasi,"House No. 1, Gali 40, Model Town, Lahore",JS Bank,Savings,2021-01-09,4782910
PK52-8129362901,Kamran Naqvi,"House No. 260, Gali 36, D Ground, Faisalabad",Bank Alfalah,Savings,2023-05-17,4831088
PK75-9837993556,Kamran Naqvi,H#260 St-36 DGround Faisalabad,UBL,Foreign Currency,2024-03-19,2749399
PK55-8836402339,Uzma Ansari,H#238 St-31 Gulbahar Peshawar,MCB,Savings,2021-09-11,58162
PK22-7461534684,H. Mirza,"House No. 103, Gali 3, Satellite Town, Rawalpindi",Allied Bank,Foreign Currency,2025-09-09,62650
PK36-3193781858,Rauf Warraich,H#198 St-22 ShahRukn-e-Alam Multan,MCB,Foreign Currency,2022-12-02,56013
PK55-8863138232,H.Awan,H#399 St-24 F-8/3 Islamabad,UBL,Foreign Currency,2024-04-05,235304
PK76-7641400954,Jawad Sandhu,"House 294, Street 9, Clifton Block 2, Karachi",HBL,Savings,2022-03-03,6029772
PK80-1336205289,Jawad Sandhu,"House No. 294, Gali 9, Clifton Block 2, Karachi",Meezan Bank,Savings,2018-06-29,7827464
PK61-2224218018,Jawad Sandhu,H#294 St-9 CliftonBlock2 Karachi,Meezan Bank,Savings,2024-05-26,2556969
PK41-1182814889,Jawad Sandhu,H#294 St-9 CliftonBlock2 Karachi,JS Bank,Savings,2025-05-06,4835866
PK21-9374639009,H.Saddozai,H#266 St-25 Westridge Rawalpindi,Allied Bank,Savings,2019-01-12,6767950
PK51-7172565445,Rana Hassan Saddozai,H#266 St-25 Westridge Rawalpindi,Meezan Bank,Savings,2018-02-11,7997906
PK90-4259899045,حسن Saddozai,مکان 266 گلی 25 Westridge راولپنڈی,Askari Bank,Foreign Currency,2022-09-10,2480070
PK22-2011174614,Sardar Farah Gill,"House No. 282, Gali 35, Cantt, Multan",HBL,Current,2025-01-07,6462589
PK34-4918904679,F. Gill,مکان 282 گلی 35 Cantt Multan,Askari Bank,Savings,2020-02-02,3407137
PK95-4078050535,Malik Farah Gill,H#282 St-35 Cantt Multan,Meezan Bank,Current,2018-01-07,5310153
PK62-9452589264,Syed Ibrahim Kazmi,"House 103, Street 9, Satellite Town, Rawalpindi",Askari Bank,Savings,2020-10-23,1525177
PK51-6719852213,I. Kazmi,مکان 103 گلی 9 Satellite Town راولپنڈی,MCB,Current,2025-07-25,4605820
PK99-4947261191,Wajahat Zaidi,"House No. 34, Gali 20, Satellite Town, Rawalpindi",Bank Alfalah,Savings,2024-07-14,62784
PK60-8622232949,F. Awan,H#231 St-30 DHAPhase5 Lahore,Askari Bank,Savings,2020-09-02,3585998
PK50-8611738819,Malik Faisal Awan,مکان 231 گلی 30 DHA Phase 5 لاہور,HBL,Current,2024-06-24,1254636
PK73-9549000743,Chaudhary Farhan Naqvi,"House No. 129, Gali 13, DHA Phase 5, Lahore",Askari Bank,Savings,2018-02-20,78773
PK25-5170131415,Haji Yasir Mehsud,H#233 St-5 Gulshan-e-Iqbal Karachi,JS Bank,Savings,2023-12-14,3770415
PK81-1930932228,Rana Ehsan Shirazi,مکان 368 گلی 21 Chaklala Scheme 3 راولپنڈی,JS Bank,Savings,2020-08-08,4813027
PK94-5633744010,Malik Saqib Janjua,"House 137, Street 29, Clifton Block 2, Karachi",MCB,Savings,2020-05-17,236711
PK57-2794030880,Mehwish Tarar,H#168 St-37 BahriaPhase4 Rawalpindi,UBL,Foreign Currency,2024-01-04,52864
PK41-6882863642,Malik Anas Niazi,"House No. 47, Gali 26, Clifton Block 2, Karachi",UBL,Current,2019-01-01,6117600
PK73-6105222165,A.Niazi,"House No. 47, Gali 26, Clifton Block 2, Karachi",Askari Bank,Current,2025-03-18,3925884
PK62-3951141302,A.Niazi,H#47 St-26 CliftonBlock2 Karachi,Bank Alfalah,Savings,2021-08-17,1976018
PK63-5248335661,Anas Niazi,H#47 St-26 CliftonBlock2 Karachi,UBL,Savings,2021-10-31,3580958
PK34-6141328624,I.Hashmi,"House No. 345, Gali 31, D Ground, Faisalabad",HBL,Savings,2023-10-23,1822121
PK86-5584177692,I.Hashmi,"House No. 345, Gali 31, D Ground, Faisalabad",UBL,Foreign Currency,2025-04-03,3656690
PK99-6614482895,Rida Sandhu,مکان 188 گلی 3 University Town Peshawar,Bank Alfalah,Current,2025-10-01,3339450
PK35-7593904321,N.Sandhu,مکان 102 گلی 39 Hayatabad Phase 3 Peshawar,Bank Alfalah,Current,2024-01-18,160859
PK86-4939455049,Sardar Madiha Cheema,مکان 266 گلی 30 University Town Peshawar,MCB,Savings,2021-02-06,231342
PK45-4764125171,Haji Waqas Warraich,H#154 St-38 DGround Faisalabad,UBL,Savings,2024-06-28,1133292
PK19-4524530259,W.Warraich,H#154 St-38 DGround Faisalabad,UBL,Savings,2021-07-29,2773543
PK39-3600199941,Rana Hassan Shirazi,"House 336, Street 38, Gulshan-e-Iqbal, Karachi",Bank Alfalah,Current,2023-07-06,4397773
PK96-8512444715,S. Durrani,"House 76, Street 16, Madina Town, Faisalabad",UBL,Savings,2022-12-13,251886
PK90-1822744149,Nadia Bhatti,"House No. 270, Gali 25, Shah Rukn-e-Alam, Multan",JS Bank,Current,2020-05-08,218659
PK88-1690359751,Syed Shoaib Niazi,مکان 361 گلی 14 University Town Peshawar,Bank Alfalah,Savings,2019-04-24,2672391
PK56-8166868138,Naveed قریشی,"House No. 301, Gali 16, D Ground, Faisalabad",UBL,Current,2025-10-13,4921128
PK80-7131166148,N.Qureshi,"House 301, Street 16, D Ground, Faisalabad",Askari Bank,Savings,2021-01-24,3805712
PK65-6550577435,N.Qureshi,"House 301, Street 16, D Ground, Faisalabad",Bank Alfalah,Foreign Currency,2023-04-10,2449356
PK24-4458326556,Naveed Qureshi,مکان 301 گلی 16 D Ground Faisalabad,HBL,Savings,2020-09-19,1889243
PK29-8226842982,Chaudhary Obaid Cheema,"House No. 52, Gali 9, Shah Rukn-e-Alam, Multan",Meezan Bank,Foreign Currency,2019-07-20,7313929
PK21-3885161069,O. Cheema,"House 52, Street 9, Shah Rukn-e-Alam, Multan",UBL,Savings,2020-11-22,3844109
PK78-8847038805,Malik Zafar Khattak,مکان 165 گلی 19 Chaklala Scheme 3 راولپنڈی,Allied Bank,Savings,2022-07-03,1915306
PK26-7978746475,Zafar Khattak,"House 165, Street 19, Chaklala Scheme 3, Rawalpindi",Bank Alfalah,Savings,2018-05-09,5645691
PK34-1573663382,Syed Zafar Khattak,"House No. 165, Gali 19, Chaklala Scheme 3, Rawalpindi",Meezan Bank,Savings,2023-09-25,2734883
PK98-3769564408,Zafar Khattak,"House No. 165, Gali 19, Chaklala Scheme 3, Rawalpindi",HBL,Foreign Currency,2021-07-18,1669455
PK95-7259805159,Sardar Saad Tarar,H#19 St-26 HayatabadPhase3 Peshawar,JS Bank,Foreign Currency,2024-08-28,147175
PK60-5089664247,Rana Babar Mirza,"House 69, Street 33, North Nazimabad, Karachi",JS Bank,Savings,2020-04-04,282718
PK73-5912271949,Uzma Kayani,H#8 St-22 Cantt Multan,MCB,Savings,2025-08-28,2115990
PK13-1693213711,Uzma Kayani,مکان 8 گلی 22 Cantt Multan,MCB,Foreign Currency,2022-05-07,3547632
PK69-8798377610,Uzma Kayani,"House No. 8, Gali 22, Cantt, Multan",HBL,Savings,2022-05-15,2058675
PK94-2574462568,Uzma Kayani,H#8 St-22 Cantt Multan,Askari Bank,Savings,2023-08-30,4021562
PK82-9539011328,Nadeem Virk,مکان 386 گلی 18 Westridge راولپنڈی,Meezan Bank,Foreign Currency,2023-01-15,6780652
PK23-5219399245,Nadeem Virk,H#386 St-18 Westridge Rawalpindi,Bank Alfalah,Current,2021-06-29,3110382
PK45-1103159659,I.Wazir,مکان 158 گلی 11 E-11/2 اسلام آباد,Allied Bank,Foreign Currency,2021-08-22,234131
PK59-4735845452,Jawad Yousafzai,"House 69, Street 31, Bahria Phase 4, Rawalpindi",Askari Bank,Foreign Currency,2023-01-14,5285201
PK14-9361930353,Jawad Yousafzai,"House No. 69, Gali 31, Bahria Phase 4, Rawalpindi",UBL,Current,2018-08-12,3350920
PK39-2309684271,Sardar Maryam Wazir,مکان 391 گلی 16 Hayatabad Phase 3 Peshawar,HBL,Current,2021-09-28,3882060
PK66-9944046729,F.Gilani,H#281 St-33 G-10/2 Islamabad,JS Bank,Foreign Currency,2020-02-03,247375
PK69-1527952946,F. Mehsud,"House 47, Street 33, Westridge, Rawalpindi",Bank Alfalah,Savings,2023-09-26,919944
PK45-1608782386,Rabia Sheikh,مکان 345 گلی 20 Madina Town Faisalabad,Allied Bank,Current,2022-08-24,3708917
PK31-7597970672,R. Sheikh,مکان 345 گلی 20 Madina Town Faisalabad,Bank Alfalah,Current,2018-09-10,6294605
PK71-5894942589,R.Sheikh,مکان 345 گلی 20 Madina Town Faisalabad,HBL,Savings,2019-10-27,4386861
PK89-4765689806,U. Sial,"House No. 278, Gali 4, DHA Phase 5, Lahore",Askari Bank,Savings,2018-10-07,4358564
PK93-5899984156,U.Sial,"House 278, Street 4, DHA Phase 5, Lahore",UBL,Current,2022-11-06,4692106
PK91-8715950526,U. Durrani,"House No. 192, Gali 25, Shah Rukn-e-Alam, Multan",Bank Alfalah,Foreign Currency,2025-09-21,1547839
PK29-1153121203,U.Durrani,"House No. 192, Gali 25, Shah Rukn-e-Alam, Multan",Askari Bank,Foreign Currency,2020-06-08,2734043
PK40-3583962209,Chaudhary Uzma Durrani,H#192 St-25 ShahRukn-e-Alam Multan,Bank Alfalah,Savings,2019-06-23,6503023
PK26-2387414613,Uzma Durrani,"House No. 192, Gali 25, Shah Rukn-e-Alam, Multan",HBL,Savings,2018-08-08,4415025
PK33-9199682691,Z.Gill,مکان 276 گلی 26 F-8/3 اسلام آباد,Meezan Bank,Savings,2024-06-21,47618
PK79-7212511783,W. Mehsud,H#218 St-35 Gulgasht Multan,UBL,Savings,2024-10-05,187759
PK63-1761391752,U.Durrani,"House No. 17, Gali 27, Hayatabad Phase 3, Peshawar",UBL,Current,2018-01-16,94645
PK30-9246699748,Taimoor Shirazi,مکان 25 گلی 16 Gulgasht Multan,Meezan Bank,Savings,2024-01-23,3477141
PK39-7376621564,B.Naqvi,"House 154, Street 18, Westridge, Rawalpindi",Bank Alfalah,Current,2021-03-12,2294392
PK64-2318060815,Bushra Naqvi,H#154 St-18 Westridge Rawalpindi,JS Bank,Current,2024-02-11,2407303
PK38-8688314502,B. Naqvi,H#154 St-18 Westridge Rawalpindi,MCB,Current,2018-03-08,1849936
PK35-4252189368,Rana Bushra Naqvi,H#154 St-18 Westridge Rawalpindi,MCB,Savings,2024-10-23,6400380
PK42-9525423626,Maryam Rajput,H#154 St-10 BahriaPhase4 Rawalpindi,Allied Bank,Current,2023-11-01,3080351
PK41-7126543886,L. Janjua,"House 170, Street 6, Johar Town, Lahore",UBL,Savings,2024-12-24,2740072
PK87-2051772590,L.Janjua,مکان 170 گلی 6 Johar Town لاہور,Askari Bank,Current,2018-02-01,4116582
PK28-2093136086,Sajid Virk,H#309 St-3 Gulgasht Multan,HBL,Savings,2021-03-05,169717
PK54-7231431541,M. Khan,"House No. 380, Gali 8, Bahria Phase 4, Rawalpindi",MCB,Current,2019-11-03,59224
PK56-4401360160,Atif Kakar,"House No. 239, Gali 35, Model Town, Lahore",UBL,Current,2025-06-15,900039
PK13-7216358363,Chaudhary Atif Kakar,"House No. 239, Gali 35, Model Town, Lahore",Allied Bank,Savings,2024-02-22,3674923
PK35-8944967444,Wajahat قریشی,"House 241, Street 21, Gulbahar, Peshawar",Allied Bank,Current,2020-01-03,159472
PK84-8990836982,R. Janjua,"House No. 132, Gali 32, Gulshan-e-Iqbal, Karachi",Askari Bank,Current,2019-01-30,37934
PK54-5111366466,Haji Naveed Durrani,H#95 St-35 MadinaTown Faisalabad,JS Bank,Foreign Currency,2025-05-15,49928
PK78-6523317920,B. Tareen,مکان 71 گلی 15 E-11/2 اسلام آباد,Meezan Bank,Savings,2022-05-29,3200667
PK26-4049910890,بلال Tareen,مکان 71 گلی 15 E-11/2 اسلام آباد,Askari Bank,Savings,2019-09-30,3709197
PK25-7046757417,I.Yousafzai,H#316 St-31 Gulgasht Multan,Bank Alfalah,Foreign Currency,2021-03-26,1733177
PK74-1394235376,Haji Ali Naqvi,"House No. 275, Gali 19, Shah Rukn-e-Alam, Multan",Meezan Bank,Foreign Currency,2024-01-01,83270
PK49-3607628934,H. Abbasi,"House 318, Street 34, Bahria Phase 4, Rawalpindi",JS Bank,Current,2022-04-30,241017
PK31-7619118142,Ubaid Gilani,H#154 St-6 BahriaPhase4 Rawalpindi,UBL,Savings,2018-09-04,359692
PK11-8050784027,I. Afridi,مکان 88 گلی 6 B-17 اسلام آباد,Askari Bank,Current,2021-12-20,22770
PK10-8610169883,H. Butt,"House 355, Street 37, Bahria Phase 4, Rawalpindi",Meezan Bank,Savings,2022-11-12,3854650
PK13-4756260967,Hina بٹ,مکان 355 گلی 37 Bahria Phase 4 راولپنڈی,Askari Bank,Foreign Currency,2018-03-03,7424973
PK30-7975770327,S.Bhatti,"House No. 301, Gali 10, F-8/3, Islamabad",HBL,Savings,2018-09-04,3549410
PK95-7515495410,Chaudhary Saad Bhatti,مکان 301 گلی 10 F-8/3 اسلام آباد,Bank Alfalah,Current,2021-11-03,2679639
PK41-6173258552,L.Mehsud,"House 197, Street 9, Madina Town, Faisalabad",UBL,Foreign Currency,2023-11-23,161153
PK97-4901998874,Faisal Cheema,H#305 St-26 DGround Faisalabad,Askari Bank,Foreign Currency,2022-08-20,2128300
PK42-3838554796,S.Virk,مکان 349 گلی 38 DHA Phase 6 کراچی,MCB,Savings,2018-08-08,3252553
PK82-6020279216,S. Virk,"House 349, Street 38, DHA Phase 6, Karachi",MCB,Savings,2022-01-19,4863995
PK89-6180783455,S.Virk,"House 349, Street 38, DHA Phase 6, Karachi",MCB,Savings,2024-02-16,5455098
PK78-4839750884,Sadia Virk,"House No. 349, Gali 38, DHA Phase 6, Karachi",Allied Bank,Current,2022-04-23,2716129
PK55-3920814675,S.Sandhu,مکان 53 گلی 9 University Town Peshawar,UBL,Savings,2022-01-08,1557573
PK24-8269527055,Sardar Sufyan Sandhu,مکان 53 گلی 9 University Town Peshawar,UBL,Foreign Currency,2022-08-26,4726674
PK74-9548711881,O. Qureshi,"House 182, Street 36, G-10/2, Islamabad",Askari Bank,Savings,2018-08-28,262963
PK11-5769974606,L.Kakar,H#287 St-16 B-17 Islamabad,UBL,Current,2024-05-26,161708
PK67-4566830076,Ibrahim Siddiqui,"House 304, Street 35, Peoples Colony, Faisalabad",Meezan Bank,Current,2022-02-21,4277505
PK74-5559484174,Ibrahim Siddiqui,H#304 St-35 PeoplesColony Faisalabad,Askari Bank,Savings,2019-09-14,4179001
PK59-4466324361,Bushra Abbasi,"House No. 194, Gali 5, Shah Rukn-e-Alam, Multan",UBL,Savings,2025-02-22,2379318
PK13-7077672392,Bushra Abbasi,"House No. 194, Gali 5, Shah Rukn-e-Alam, Multan",Meezan Bank,Foreign Currency,2018-05-21,4656030
PK74-1534774753,J. Tarar,"House No. 185, Gali 35, Peoples Colony, Faisalabad",Meezan Bank,Current,2019-07-14,5540971
PK32-9083977480,J. Tarar,"House No. 185, Gali 35, Peoples Colony, Faisalabad",Bank Alfalah,Foreign Currency,2023-09-14,6147575
PK97-9730231090,Syed Javeria Tarar,"House 185, Street 35, Peoples Colony, Faisalabad",Bank Alfalah,Current,2019-01-07,1608555
PK83-2214131980,U. Yousafzai,"House No. 331, Gali 26, G-13/1, Islamabad",JS Bank,Current,2025-08-30,134140
PK70-5820707213,Syed Fatima Saddozai,"House 298, Street 37, D Ground, Faisalabad",Allied Bank,Current,2020-06-30,837034
PK58-6684944078,M.Orakzai,"House 177, Street 2, Peoples Colony, Faisalabad",Meezan Bank,Foreign Currency,2021-02-28,32598
PK50-7270424733,Rana Sufyan Durrani,مکان 164 گلی 5 Shah Rukn-e-Alam Multan,HBL,Savings,2018-09-04,52093
PK67-5525162660,Asad Mehsud,"House No. 380, Gali 16, Hayatabad Phase 3, Peshawar",Allied Bank,Foreign Currency,2023-12-13,3492938
PK61-3336101289,A. Mehsud,H#380 St-16 HayatabadPhase3 Peshawar,Bank Alfalah,Savings,2023-03-16,1919684
PK27-3994479512,D.Warraich,H#96 St-28 Cantt Multan,Allied Bank,Savings,2025-09-07,3069990
PK42-7450182414,Mian Danish Warraich,"House No. 96, Gali 28, Cantt, Multan",Bank Alfalah,Current,2024-01-18,6063425
PK31-4935641064,Danish Warraich,"House No. 96, Gali 28, Cantt, Multan",HBL,Current,2020-08-09,6341513
PK61-1964898751,D. Warraich,H#96 St-28 Cantt Multan,MCB,Foreign Currency,2023-04-29,4112158
PK37-2687628513,Lubna Dar,مکان 386 گلی 5 Chaklala Scheme 3 راولپنڈی,HBL,Savings,2022-05-06,331903
PK50-2314376193,Sardar Fahad Kayani,"House 271, Street 21, Shah Rukn-e-Alam, Multan",Allied Bank,Foreign Currency,2024-11-25,206716
PK52-3681174428,U.Yousafzai,H#315 St-38 ChaklalaScheme3 Rawalpindi,Bank Alfalah,Savings,2018-10-25,128064
PK18-9655697729,T.Sandhu,H#262 St-25 Cantt Multan,Allied Bank,Current,2019-11-23,113197
PK15-6018181862,Syed Taimoor Yousafzai,مکان 5 گلی 32 I-8/4 اسلام آباد,Meezan Bank,Savings,2023-09-03,3864985
PK84-2352713200,Obaid Mehsud,H#364 St-29 NorthNazimabad Karachi,JS Bank,Foreign Currency,2019-11-29,127721
PK65-3746235380,Sardar Zubair Butt,H#276 St-19 JoharTown Lahore,Bank Alfalah,Current,2021-06-07,2418670
PK60-9769321142,Fahad Lodhi,H#188 St-35 Gulbahar Peshawar,MCB,Foreign Currency,2020-08-27,199097
PK62-6356885254,Rabia Gill,"House 306, Street 35, Madina Town, Faisalabad",HBL,Savings,2024-01-13,2742795
PK66-6882350999,Gul Qureshi,H#31 St-18 Westridge Rawalpindi,Meezan Bank,Current,2018-07-28,7779553
PK64-4330754807,G.Qureshi,مکان 31 گلی 18 Westridge راولپنڈی,Askari Bank,Savings,2019-12-24,7295035
PK51-5334784211,Malik Gul Warraich,مکان 296 گلی 18 DHA Phase 6 کراچی,HBL,Savings,2020-05-12,2986696
PK80-3701854546,G.Warraich,مکان 296 گلی 18 DHA Phase 6 کراچی,MCB,Savings,2022-12-01,5492625
PK28-8465694993,Malik Gul Warraich,"House 296, Street 18, DHA Phase 6, Karachi",Askari Bank,Savings,2024-06-11,1490628
PK51-5313240729,N. Kazmi,H#356 St-24 ShahRukn-e-Alam Multan,Bank Alfalah,Savings,2025-01-13,105348
PK40-3230350187,Haji Rida Khokhar,H#358 St-23 Gulgasht Multan,MCB,Current,2020-07-04,40622
PK99-9305036473,Anas Lodhi,H#173 St-36 GulbergIII Lahore,Askari Bank,Savings,2021-07-08,28888
PK68-4447206524,Sardar Usman Qureshi,"House No. 9, Gali 8, Shah Rukn-e-Alam, Multan",Allied Bank,Current,2025-07-03,57789
PK23-8389668356,Haris Orakzai,"House No. 82, Gali 18, Chaklala Scheme 3, Rawalpindi",HBL,Savings,2020-10-05,144101
PK81-8406158052,Uzma Mehsud,H#272 St-37 SatelliteTown Rawalpindi,Askari Bank,Current,2024-06-28,163833
PK44-2510581288,Saba Saddozai,"House No. 316, Gali 29, Westridge, Rawalpindi",Meezan Bank,Savings,2019-06-05,41378
PK85-1738668338,R.Virk,مکان 162 گلی 9 Model Town لاہور,Meezan Bank,Savings,2022-02-26,1848444
PK28-9383228541,R.Virk,H#162 St-9 ModelTown Lahore,MCB,Savings,2022-08-25,4279484
PK92-3726229120,Noor Shirazi,"House 338, Street 20, DHA Phase 5, Lahore",UBL,Current,2021-04-24,5243899
PK80-2075128199,N.Shirazi,H#338 St-20 DHAPhase5 Lahore,Askari Bank,Current,2018-12-14,1212891
PK79-7214669296,N.Shirazi,"House No. 338, Gali 20, DHA Phase 5, Lahore",Meezan Bank,Savings,2021-03-03,6588933
PK95-6520587804,Rana Arsalan Hashmi,H#124 St-32 CliftonBlock2 Karachi,Allied Bank,Savings,2023-01-06,44552
PK80-1580445136,Ahmed Kayani,"House 31, Street 26, Satellite Town, Rawalpindi",HBL,Current,2019-02-04,4815549
PK52-1274645708,T. Afridi,"House No. 316, Gali 10, D Ground, Faisalabad",Meezan Bank,Savings,2021-09-03,2102654
PK65-7284807437,T.Afridi,مکان 316 گلی 10 D Ground Faisalabad,Meezan Bank,Savings,2019-06-17,2746272
PK83-6851493526,Adnan Rizvi,مکان 301 گلی 5 Model Town لاہور,Allied Bank,Current,2023-04-28,327836
PK66-6728394616,Mian Fahad Khokhar,H#29 St-20 DGround Faisalabad,HBL,Savings,2018-09-18,88555
PK93-4237283348,W.Hashmi,H#265 St-17 WapdaTown Lahore,Askari Bank,Savings,2019-10-18,29924
PK65-2233203084,Haji Rida Siddiqui,مکان 172 گلی 28 Hayatabad Phase 3 Peshawar,MCB,Current,2023-11-26,3294750
PK32-8070149593,Rida Siddiqui,"House No. 172, Gali 28, Hayatabad Phase 3, Peshawar",Askari Bank,Current,2023-04-22,3430638
PK80-9395716243,A.Mehsud,H#117 St-33 Cantt Multan,Askari Bank,Savings,2022-05-11,272360
PK55-7385808917,S. Chaudhry,مکان 62 گلی 33 Madina Town Faisalabad,Allied Bank,Current,2024-10-20,32714
PK91-4345658771,Rabia Niazi,"House No. 125, Gali 30, Gulgasht, Multan",HBL,Savings,2021-03-20,1539658
PK24-2881840595,R.Niazi,"House No. 125, Gali 30, Gulgasht, Multan",Allied Bank,Savings,2018-05-13,4141716
PK82-9878372636,R. Niazi,"House No. 125, Gali 30, Gulgasht, Multan",Bank Alfalah,Savings,2021-04-04,3905491
PK26-3015835496,R. Niazi,H#125 St-30 Gulgasht Multan,Meezan Bank,Savings,2018-08-15,4628841
PK66-6001877883,Syed Rida Niazi,"House 272, Street 16, F-8/3, Islamabad",JS Bank,Current,2023-09-04,5823344
PK74-2306350018,R.Niazi,"House No. 272, Gali 16, F-8/3, Islamabad",Allied Bank,Savings,2025-09-30,6830906
PK10-2565800378,R.Niazi,"House No. 272, Gali 16, F-8/3, Islamabad",JS Bank,Savings,2022-11-27,5818938
PK37-9356101437,Rida Niazi,مکان 272 گلی 16 F-8/3 اسلام آباد,HBL,Savings,2018-12-03,5575277
PK62-7009048172,D.Naqvi,"House No. 235, Gali 6, Gulshan-e-Iqbal, Karachi",Allied Bank,Savings,2023-01-13,6792755
PK41-6700040993,Danish Naqvi,"House 235, Street 6, Gulshan-e-Iqbal, Karachi",Allied Bank,Foreign Currency,2023-05-26,7782222
PK26-5346241941,Danish Naqvi,H#235 St-6 Gulshan-e-Iqbal Karachi,Allied Bank,Current,2018-04-16,6727587
PK93-6946068612,Mahnoor Gilani,H#340 St-9 E-11/2 Islamabad,Allied Bank,Foreign Currency,2025-04-12,47751
PK47-3868535050,Mian Kinza Saddozai,مکان 232 گلی 18 Gulberg III لاہور,Meezan Bank,Current,2018-06-16,49055
PK67-1905193382,A.Abbasi,"House 231, Street 30, F-8/3, Islamabad",UBL,Foreign Currency,2022-07-23,168043
PK84-9340045453,R.Raja,"House No. 183, Gali 26, Cantt, Multan",Allied Bank,Current,2024-03-24,35404
PK34-2212962703,Mian Hamza Khan,"House No. 67, Gali 13, F-8/3, Islamabad",Askari Bank,Current,2024-03-31,4155338
PK28-1379179658,Hamza خان,"House 67, Street 13, F-8/3, Islamabad",Allied Bank,Savings,2018-10-24,2856389
PK62-5833445437,A.Chaudhry,مکان 66 گلی 6 Westridge راولپنڈی,Askari Bank,Savings,2023-09-07,221700
PK45-1048668297,A. Butt,مکان 316 گلی 16 D Ground Faisalabad,HBL,Current,2024-09-11,4179055
PK74-1832997778,Adnan Butt,"House No. 316, Gali 16, D Ground, Faisalabad",Bank Alfalah,Savings,2024-04-26,2662955
PK88-3798646432,W.Virk,H#103 St-34 Westridge Rawalpindi,UBL,Current,2024-04-30,50146
PK11-5097613658,Zafar Rizvi,"House 177, Street 37, University Town, Peshawar",Allied Bank,Foreign Currency,2019-12-27,172411
PK96-6565159191,Mian Sajid Rizvi,H#29 St-15 Gulbahar Peshawar,UBL,Foreign Currency,2021-06-29,221146
PK12-1496205349,Zainab Niazi,"House No. 20, Gali 6, Westridge, Rawalpindi",Askari Bank,Current,2019-01-07,3019978
PK36-2403920960,Zainab Niazi,مکان 20 گلی 6 Westridge راولپنڈی,MCB,Foreign Currency,2018-08-12,2476851
PK86-2585187591,B.Yousafzai,مکان 175 گلی 12 Bahria Phase 4 راولپنڈی,MCB,Savings,2019-03-25,4260177
PK93-5059743851,B. Yousafzai,H#175 St-12 BahriaPhase4 Rawalpindi,Askari Bank,Foreign Currency,2019-02-05,3211656
PK54-5995968897,Hina Sandhu,"House No. 361, Gali 26, I-8/4, Islamabad",JS Bank,Current,2022-07-01,161957
PK50-3811717813,Rida Sial,"House 250, Street 21, Gulbahar, Peshawar",Meezan Bank,Savings,2018-01-31,3802694
PK93-7412044851,Rida Sial,مکان 250 گلی 21 Gulbahar Peshawar,UBL,Savings,2025-04-17,2225473
PK24-5834941197,R. Sial,H#250 St-21 Gulbahar Peshawar,UBL,Current,2023-02-07,1508456
PK49-8893349811,F. Kayani,H#369 St-1 HayatabadPhase3 Peshawar,Bank Alfalah,Savings,2022-03-01,4897446
PK41-7884753655,Farhan Kayani,"House 369, Street 1, Hayatabad Phase 3, Peshawar",Askari Bank,Savings,2019-10-02,4732558
PK60-1864938887,Obaid Hashmi,H#280 St-25 Gulshan-e-Iqbal Karachi,UBL,Foreign Currency,2024-07-14,1252358
PK53-3433421091,Malik Zubair Malik,"House 54, Street 5, Gulberg III, Lahore",Allied Bank,Savings,2025-09-23,2403547
PK97-7646022634,Z.Malik,H#54 St-5 GulbergIII Lahore,Askari Bank,Savings,2025-07-13,7400785
PK33-3098364070,Z.Malik,"House No. 54, Gali 5, Gulberg III, Lahore",JS Bank,Savings,2020-06-30,7774173
PK10-6193217739,Ehsan Shirazi,"House No. 361, Gali 2, Madina Town, Faisalabad",UBL,Savings,2018-11-02,159010
PK72-1065523653,Malik Noman Baig,"House No. 339, Gali 19, Gulshan-e-Iqbal, Karachi",Allied Bank,Savings,2020-04-17,207697
PK85-4280351998,Syed Adnan Sheikh,مکان 219 گلی 6 DHA Phase 5 لاہور,Meezan Bank,Foreign Currency,2018-10-15,159487
PK73-9851300294,J.Afridi,H#243 St-8 DHAPhase5 Lahore,Meezan Bank,Current,2019-02-14,34234
PK28-2379836125,W.Kayani,"House No. 289, Gali 4, Chaklala Scheme 3, Rawalpindi",MCB,Current,2021-10-05,249250
PK77-4401334161,Rana Rashid Shirazi,مکان 373 گلی 5 Gulberg III لاہور,Allied Bank,Foreign Currency,2018-03-19,186811
PK49-2031928518,Chaudhary Sana Khokhar,مکان 359 گلی 40 Hayatabad Phase 3 Peshawar,UBL,Foreign Currency,2020-11-17,988707
PK90-6474033646,S.Khokhar,مکان 359 گلی 40 Hayatabad Phase 3 Peshawar,UBL,Current,2025-09-30,1396901
PK84-8374629365,Rabia Bukhari,"House No. 55, Gali 37, Peoples Colony, Faisalabad",Bank Alfalah,Savings,2018-03-23,40411
PK78-7750184553,Haji Luqman Khattak,مکان 20 گلی 12 North Nazimabad کراچی,Askari Bank,Foreign Currency,2025-10-14,2263647
PK17-9940464731,Luqman Khattak,H#20 St-12 NorthNazimabad Karachi,Allied Bank,Savings,2022-04-08,4557773
PK26-3625144338,Luqman Khattak,مکان 20 گلی 12 North Nazimabad کراچی,JS Bank,Current,2023-12-15,3323310
PK95-8106004989,H.Warraich,مکان 26 گلی 31 Johar Town لاہور,Allied Bank,Savings,2020-01-23,34471
PK79-9539106253,O. Lodhi,"House No. 357, Gali 7, University Town, Peshawar",HBL,Current,2023-05-29,3016294
PK23-7151905348,O. Lodhi,مکان 357 گلی 7 University Town Peshawar,JS Bank,Savings,2019-07-26,4139531
PK21-8287287976,Sajid Durrani,"House 97, Street 29, Clifton Block 2, Karachi",UBL,Savings,2024-06-02,25129
PK41-3058753461,Rana Haris Sheikh,"House No. 234, Gali 4, Satellite Town, Rawalpindi",HBL,Savings,2018-02-09,43574
PK93-8016634745,Mansoor Afridi,مکان 16 گلی 16 B-17 اسلام آباد,JS Bank,Foreign Currency,2024-08-10,57838
PK89-2699337079,Mian Shoaib Khattak,"House 138, Street 27, Bahria Phase 4, Rawalpindi",UBL,Savings,2022-02-24,43816
PK67-6838838734,Saad Shirazi,مکان 115 گلی 17 Hayatabad Phase 3 Peshawar,HBL,Savings,2019-03-01,33271
PK44-7844294622,U.Kayani,"House 155, Street 34, Westridge, Rawalpindi",MCB,Savings,2018-12-15,3607158
PK41-4100395865,Sardar Ubaid Kayani,مکان 155 گلی 34 Westridge راولپنڈی,HBL,Current,2021-05-25,3072016
PK80-9407282624,Tooba Bhatti,"House No. 134, Gali 20, University Town, Peshawar",Bank Alfalah,Savings,2019-01-10,54414
PK58-5632535223,Nasir Wazir,"House 370, Street 2, Johar Town, Lahore",Askari Bank,Current,2020-12-20,4535322
PK46-8250221636,H.Cheema,"House 114, Street 23, Cantt, Multan",UBL,Savings,2025-07-12,171832
PK53-7953788173,Wajahat Siddiqui,"House 325, Street 38, Clifton Block 2, Karachi",Askari Bank,Foreign Currency,2022-04-01,60733
PK88-7695191341,Hamza Mehsud,H#212 St-4 Gulshan-e-Iqbal Karachi,Bank Alfalah,Current,2018-08-18,953858
PK91-5314147848,H.Mehsud,"House No. 212, Gali 4, Gulshan-e-Iqbal, Karachi",Bank Alfalah,Savings,2020-09-13,1226926
PK52-6578227337,U. Abbasi,"House 399, Street 6, Johar Town, Lahore",Bank Alfalah,Savings,2023-06-09,5318321
PK13-2644151823,Ubaid Abbasi,"House No. 399, Gali 6, Johar Town, Lahore",HBL,Foreign Currency,2019-11-02,3779135
PK50-1960765892,Ubaid Abbasi,"House No. 399, Gali 6, Johar Town, Lahore",MCB,Savings,2018-10-26,4089660
PK36-1371723252,Syed Waseem Dar,"House 296, Street 11, Hayatabad Phase 3, Peshawar",Meezan Bank,Foreign Currency,2022-05-14,4802889
PK10-4300752314,Chaudhary Nasir Sial,H#3 St-3 NorthNazimabad Karachi,JS Bank,Current,2020-11-24,52923
PK74-3248757230,M. Niazi,مکان 24 گلی 20 Satellite Town راولپنڈی,Bank Alfalah,Savings,2022-02-22,4146613
PK79-8181119210,M.Niazi,"House No. 24, Gali 20, Satellite Town, Rawalpindi",HBL,Foreign Currency,2024-02-15,2241651
PK44-3293444559,H. Awan,"House No. 184, Gali 13, Model Town, Lahore",Askari Bank,Savings,2024-01-18,92585
PK77-3387066851,R. Durrani,مکان 259 گلی 11 G-13/1 اسلام آباد,Allied Bank,Savings,2022-12-03,38429
PK76-9226994601,Chaudhary Maryam Yousafzai,"House 25, Street 7, G-13/1, Islamabad",Allied Bank,Foreign Currency,2023-01-14,4495443
PK92-9079575327,S.Kayani,مکان 106 گلی 1 DHA Phase 6 کراچی,Askari Bank,Foreign Currency,2018-12-22,3804392
PK61-3967310887,Haris Shirazi,"House No. 268, Gali 13, Chaklala Scheme 3, Rawalpindi",MCB,Savings,2021-10-24,249860
PK43-1341587004,N.Orakzai,"House 121, Street 1, Gulshan-e-Iqbal, Karachi",MCB,Savings,2025-11-11,6836399
PK55-8392402277,Mian Noman Orakzai,مکان 121 گلی 1 Gulshan-e-Iqbal کراچی,MCB,Current,2020-12-02,6006784
PK18-8185934283,Malik Noman Orakzai,H#121 St-1 Gulshan-e-Iqbal Karachi,Meezan Bank,Current,2019-02-10,7270313
PK54-5128573808,F. Chaudhry,H#52 St-17 Gulgasht Multan,Bank Alfalah,Savings,2020-12-22,3978486
PK17-9705152865,Fatima Chaudhry,مکان 52 گلی 17 Gulgasht Multan,Meezan Bank,Current,2020-09-07,3108821
PK13-7965217343,Saad Butt,مکان 185 گلی 21 University Town Peshawar,Askari Bank,Savings,2020-01-30,93690
PK34-7965215222,B. Khattak,مکان 184 گلی 29 Chaklala Scheme 3 راولپنڈی,UBL,Savings,2022-01-22,40137
PK88-4007236112,Malik Waqas Qureshi,مکان 292 گلی 29 North Nazimabad کراچی,Askari Bank,Savings,2019-11-30,2001563
PK81-9397902427,Rana Waqas Qureshi,مکان 292 گلی 29 North Nazimabad کراچی,MCB,Foreign Currency,2023-10-13,7325231
PK58-8277330640,Z.Hashmi,"House No. 226, Gali 3, E-11/2, Islamabad",Askari Bank,Foreign Currency,2022-01-25,5005088
PK68-4789900811,Z. Hashmi,مکان 226 گلی 3 E-11/2 اسلام آباد,Bank Alfalah,Current,2018-08-29,7458317
PK10-4120476622,Z. Hashmi,H#226 St-3 E-11/2 Islamabad,HBL,Savings,2022-10-12,4031678
PK29-3195895709,Adnan Zaidi,مکان 6 گلی 11 Peoples Colony Faisalabad,Bank Alfalah,Foreign Currency,2023-01-27,214350
PK85-9538352314,Atif Janjua,"House 26, Street 33, Gulberg III, Lahore",Meezan Bank,Savings,2022-04-25,30382
PK78-1956538803,علی قریشی,"House 19, Street 36, North Nazimabad, Karachi",UBL,Savings,2022-04-11,47942
PK76-6546962593,Nadia Kakar,مکان 243 گلی 24 D Ground Faisalabad,Askari Bank,Foreign Currency,2019-01-29,210120
PK32-4320764592,Syed Ghulam Afridi,"House No. 281, Gali 34, University Town, Peshawar",JS Bank,Foreign Currency,2020-12-17,4450754
PK88-1909967924,Chaudhary Ghulam Afridi,"House 281, Street 34, University Town, Peshawar",UBL,Current,2019-07-13,1643394
PK51-9345723978,N. Tarar,"House 313, Street 13, I-8/4, Islamabad",JS Bank,Savings,2020-07-01,4427661
PK12-5347863066,Sardar Noor Tarar,"House No. 313, Gali 13, I-8/4, Islamabad",Allied Bank,Current,2021-06-02,3935542
PK67-4209478797,M. Cheema,"House No. 24, Gali 38, E-11/2, Islamabad",UBL,Savings,2022-12-23,6534404
PK53-8546771705,Madiha Cheema,مکان 24 گلی 38 E-11/2 اسلام آباد,JS Bank,Current,2020-08-26,5199682
PK59-3273243606,Anas خان,H#25 St-36 DGround Faisalabad,UBL,Foreign Currency,2019-08-20,23326
PK13-3256081364,Laiba Orakzai,"House 141, Street 26, Hayatabad Phase 3, Peshawar",JS Bank,Current,2021-03-02,276012
PK72-8607929319,Mubashir Orakzai,"House No. 365, Gali 36, Madina Town, Faisalabad",MCB,Current,2024-03-24,5981461
PK81-1141506956,Mubashir Orakzai,مکان 365 گلی 36 Madina Town Faisalabad,MCB,Current,2025-10-07,2219461
PK23-1528464004,M.Orakzai,"House No. 365, Gali 36, Madina Town, Faisalabad",JS Bank,Savings,2022-05-07,3115939
PK29-3801790996,Gul Awan,H#92 St-33 Gulgasht Multan,JS Bank,Current,2019-12-25,2225200
PK82-4638930525,Gul Awan,"House 92, Street 33, Gulgasht, Multan",Bank Alfalah,Foreign Currency,2024-11-28,1050812
PK35-7097166715,Malik Amna Wazir,H#346 St-35 ShahRukn-e-Alam Multan,HBL,Savings,2022-04-22,256992
PK60-3781004256,N. Tareen,"House No. 184, Gali 29, Peoples Colony, Faisalabad",Meezan Bank,Foreign Currency,2021-11-17,1989735
PK78-5109485645,Noman Tareen,H#184 St-29 PeoplesColony Faisalabad,HBL,Savings,2024-03-26,4764956
PK20-4821517495,N. Tareen,مکان 184 گلی 29 Peoples Colony Faisalabad,Allied Bank,Savings,2021-03-10,5278304
PK96-1135636101,F.Orakzai,H#196 St-25 DHAPhase5 Lahore,JS Bank,Current,2021-12-08,3430559
PK80-5782925164,F. Orakzai,H#196 St-25 DHAPhase5 Lahore,Meezan Bank,Foreign Currency,2024-12-08,7670629
PK23-7807706649,Haji Fatima Orakzai,"House 196, Street 25, DHA Phase 5, Lahore",MCB,Current,2022-04-17,6489725
PK33-8992373428,S. Afridi,"House 332, Street 24, Gulgasht, Multan",Askari Bank,Foreign Currency,2020-06-17,43813
PK62-7422432111,Taimoor Ansari,مکان 96 گلی 12 Cantt Multan,Askari Bank,Savings,2022-08-03,3926085
PK31-8370149456,T. Ansari,H#96 St-12 Cantt Multan,Bank Alfalah,Savings,2023-06-27,2700696
PK81-5908670748,Hina Gondal,"House 259, Street 11, Satellite Town, Rawalpindi",UBL,Savings,2023-03-05,157077
PK61-6288797841,Bushra Cheema,"House 151, Street 14, Gulberg III, Lahore",Bank Alfalah,Savings,2024-02-26,46479
PK34-3961583650,احمد Siddiqui,مکان 229 گلی 16 Shah Rukn-e-Alam Multan,MCB,Savings,2023-11-01,5930960
PK10-6607203590,Ahmed Siddiqui,H#229 St-16 ShahRukn-e-Alam Multan,HBL,Savings,2021-02-09,7444697
PK24-3811193825,A.Siddiqui,"House No. 229, Gali 16, Shah Rukn-e-Alam, Multan",JS Bank,Foreign Currency,2020-11-10,5962096
PK29-5274903791,Mian Mustafa Butt,مکان 165 گلی 33 Johar Town لاہور,MCB,Current,2024-04-20,1449782
PK63-5845412014,Mustafa بٹ,"House No. 165, Gali 33, Johar Town, Lahore",Askari Bank,Savings,2020-05-26,2490691
PK67-7548023573,Kamran Dar,"House No. 397, Gali 14, Gulgasht, Multan",Allied Bank,Savings,2022-08-23,41283
PK73-4396042795,Kashif Zaidi,H#117 St-17 G-13/1 Islamabad,MCB,Savings,2018-05-13,825846
PK96-2249540402,Chaudhary Kashif Zaidi,"House 117, Street 17, G-13/1, Islamabad",Askari Bank,Savings,2023-01-11,2196434
PK85-9982507130,Ali Virk,"House No. 274, Gali 1, Cantt, Multan",Meezan Bank,Savings,2025-09-29,40280
PK47-2264035652,Yousuf Mughal,H#70 St-26 PeoplesColony Faisalabad,UBL,Savings,2021-01-30,6970073
PK51-5470718025,Y. Mughal,"House No. 70, Gali 26, Peoples Colony, Faisalabad",Askari Bank,Foreign Currency,2024-03-31,7180898
PK26-5030984689,Yousuf Mughal,مکان 70 گلی 26 Peoples Colony Faisalabad,Askari Bank,Savings,2023-01-04,5269427
PK35-9906478500,Chaudhary Yousuf Mughal,"House 70, Street 26, Peoples Colony, Faisalabad",Bank Alfalah,Current,2020-08-25,5619797
PK18-9851551233,Mian Ahmed Zaidi,مکان 73 گلی 8 Gulbahar Peshawar,MCB,Foreign Currency,2021-02-09,4255811
PK68-3635577578,احمد Zaidi,"House No. 73, Gali 8, Gulbahar, Peshawar",Askari Bank,Current,2020-09-06,1259805
PK81-2685038064,Owais Dar,"House 372, Street 23, Gulgasht, Multan",Meezan Bank,Savings,2022-08-07,139619
PK55-6949909066,Mehwish Kayani,"House No. 93, Gali 37, Satellite Town, Rawalpindi",Allied Bank,Foreign Currency,2023-11-19,957532
PK37-9586344222,Rana Farah Chaudhry,"House No. 102, Gali 38, DHA Phase 5, Lahore",Bank Alfalah,Foreign Currency,2018-09-18,2379048
PK94-4436869468,F. Chaudhry,"House No. 102, Gali 38, DHA Phase 5, Lahore",Askari Bank,Foreign Currency,2025-07-29,2269333
PK65-6412986809,Farah Chaudhry,"House 102, Street 38, DHA Phase 5, Lahore",MCB,Current,2021-05-14,2655624
PK86-8656088525,Sardar Irfan Yousafzai,H#163 St-32 F-8/3 Islamabad,HBL,Savings,2020-11-07,3111766
PK12-9852706700,I. Yousafzai,H#163 St-32 F-8/3 Islamabad,UBL,Savings,2018-07-15,6843530
PK81-3132494266,Irfan Yousafzai,"House No. 163, Gali 32, F-8/3, Islamabad",Meezan Bank,Current,2018-06-05,5160877
PK91-7474982778,Syed Zafar Khokhar,مکان 397 گلی 20 Gulshan-e-Iqbal کراچی,HBL,Current,2025-06-14,5681954
PK14-7380762884,Z. Khokhar,"House 397, Street 20, Gulshan-e-Iqbal, Karachi",Bank Alfalah,Foreign Currency,2024-07-25,2308618
PK59-9933763424,Mahnoor Dar,"House 134, Street 35, G-13/1, Islamabad",Allied Bank,Savings,2024-05-18,140140
PK45-3036655062,Naveed Khokhar,مکان 47 گلی 26 D Ground Faisalabad,Askari Bank,Current,2022-10-28,161897
PK69-4644958316,Danish Chaudhry,"House 120, Street 3, Gulberg III, Lahore",MCB,Foreign Currency,2023-04-04,1018443
PK69-9257471205,U. Butt,"House 53, Street 34, Shah Rukn-e-Alam, Multan",UBL,Savings,2022-12-29,6916151
PK99-1453990754,عثمان بٹ,"House 53, Street 34, Shah Rukn-e-Alam, Multan",JS Bank,Foreign Currency,2022-10-23,2097728
PK57-1552742766,Malik Usman Butt,مکان 53 گلی 34 Shah Rukn-e-Alam Multan,JS Bank,Current,2018-10-25,3154370
PK90-9162632179,Sana Kayani,H#265 St-26 DHAPhase6 Karachi,MCB,Savings,2025-05-13,16383
PK54-5044341359,Laiba Bangash,H#339 St-15 HayatabadPhase3 Peshawar,Bank Alfalah,Savings,2022-07-27,1686414
PK51-9852944371,Laiba Bangash,H#339 St-15 HayatabadPhase3 Peshawar,Bank Alfalah,Foreign Currency,2019-08-17,3294456
PK99-2119221231,L.Bangash,مکان 339 گلی 15 Hayatabad Phase 3 Peshawar,UBL,Foreign Currency,2021-04-03,3672906
PK12-7945967820,Haji Laiba Bangash,"House No. 339, Gali 15, Hayatabad Phase 3, Peshawar",MCB,Savings,2019-07-28,3225120
PK73-2008772094,Syed Mahnoor Mughal,"House No. 12, Gali 16, Shah Rukn-e-Alam, Multan",MCB,Savings,2020-11-15,1589757
PK26-3305328106,M.Mughal,"House 12, Street 16, Shah Rukn-e-Alam, Multan",Meezan Bank,Savings,2020-10-14,4239258
PK23-7387487516,Mian Mahnoor Mughal,مکان 12 گلی 16 Shah Rukn-e-Alam Multan,Bank Alfalah,Current,2019-02-27,3793895
PK10-4002197731,Imran Mughal,"House 265, Street 26, Johar Town, Lahore",Allied Bank,Savings,2023-02-12,1313316
PK29-1663933429,I. Mughal,"House 265, Street 26, Johar Town, Lahore",JS Bank,Current,2018-09-09,5713737
PK18-4169427479,I. Mughal,H#265 St-26 JoharTown Lahore,JS Bank,Foreign Currency,2025-04-06,5749924
PK31-5779647674,Chaudhary Imran Mughal,"House No. 265, Gali 26, Johar Town, Lahore",UBL,Current,2022-12-30,4484876
PK81-5391621453,A.Malik,"House 77, Street 39, Westridge, Rawalpindi",UBL,Foreign Currency,2021-03-14,1668124
PK94-6677088803,Rana Asad Malik,H#77 St-39 Westridge Rawalpindi,MCB,Savings,2021-11-09,2964303
PK78-3590804348,Salman Rajput,"House 309, Street 35, Cantt, Multan",HBL,Foreign Currency,2020-10-20,68449
PK65-4225119792,Kinza Naqvi,مکان 247 گلی 25 DHA Phase 6 کراچی,JS Bank,Savings,2022-01-03,239231
PK52-2656297793,D. Raja,مکان 279 گلی 27 Wapda Town لاہور,Allied Bank,Current,2018-09-26,1495499
PK23-7831309057,Danish Raja,H#279 St-27 WapdaTown Lahore,JS Bank,Savings,2025-05-06,5583679
PK54-2200052256,D. Raja,"House 279, Street 27, Wapda Town, Lahore",Meezan Bank,Savings,2025-04-06,6374432
PK34-7950595501,Malik Sana Khan,"House 353, Street 21, DHA Phase 6, Karachi",JS Bank,Current,2025-03-07,3257143
PK49-1468637352,O. Zaidi,"House No. 248, Gali 12, Gulbahar, Peshawar",Allied Bank,Savings,2020-04-06,55989
PK27-1234978221,F. Kakar,"House 377, Street 9, Shah Rukn-e-Alam, Multan",JS Bank,Savings,2025-02-09,25440
PK58-1893610716,Haji Rehan Kazmi,"House No. 282, Gali 40, Gulshan-e-Iqbal, Karachi",UBL,Foreign Currency,2025-02-27,88244
PK29-4767743776,Chaudhary Rashid Rajput,"House No. 46, Gali 5, Madina Town, Faisalabad",Allied Bank,Savings,2018-07-06,5147534
PK61-4843436362,Rashid Rajput,H#46 St-5 MadinaTown Faisalabad,HBL,Current,2020-12-26,7607582
PK93-3595515399,R.Rajput,"House No. 46, Gali 5, Madina Town, Faisalabad",MCB,Savings,2021-01-02,4266630
PK74-3112328205,Haji Rashid Rajput,H#46 St-5 MadinaTown Faisalabad,Meezan Bank,Savings,2022-02-08,1632044
PK27-4503524507,Z. Khan,H#142 St-26 SatelliteTown Rawalpindi,Askari Bank,Current,2021-01-09,70352
PK52-9853524894,Lubna چوہدری,"House 146, Street 36, G-13/1, Islamabad",Meezan Bank,Savings,2020-08-01,169456
PK78-7246200642,Ubaid Warraich,H#134 St-12 PeoplesColony Faisalabad,Askari Bank,Current,2021-01-31,147123
PK77-4668522545,E. Siddiqui,"House 132, Street 35, Gulbahar, Peshawar",Meezan Bank,Savings,2019-12-25,2147332
PK30-1812486126,E.Kakar,"House No. 301, Gali 2, North Nazimabad, Karachi",UBL,Savings,2020-03-16,144657
PK33-9199639927,G. Orakzai,H#212 St-23 ChaklalaScheme3 Rawalpindi,MCB,Savings,2018-02-27,35259
PK58-3454041932,I. Raja,مکان 39 گلی 36 Gulshan-e-Iqbal کراچی,HBL,Savings,2021-09-25,194101
PK95-6187260637,Nimra Gill,"House No. 62, Gali 6, Satellite Town, Rawalpindi",MCB,Savings,2020-02-18,35624
PK61-7202859800,J.Yousafzai,مکان 295 گلی 18 Model Town لاہور,JS Bank,Foreign Currency,2021-04-04,115098
PK60-1553381946,Bilal Naqvi,مکان 245 گلی 35 University Town Peshawar,HBL,Current,2021-02-18,22041
PK65-8773279163,Ubaid Siddiqui,"House No. 236, Gali 21, Gulgasht, Multan",UBL,Savings,2023-11-10,7665657
PK54-5025386975,Haji Ubaid Siddiqui,"House 236, Street 21, Gulgasht, Multan",Allied Bank,Current,2020-12-24,3112134
PK28-9726691666,Mian Mehwish Kayani,H#122 St-18 ChaklalaScheme3 Rawalpindi,Bank Alfalah,Current,2024-02-26,182403
PK55-9947466819,M. Qureshi,H#31 St-14 Cantt Multan,UBL,Savings,2023-02-05,6510438
PK32-9825137314,M. Qureshi,H#31 St-14 Cantt Multan,Askari Bank,Foreign Currency,2018-12-10,6034634
PK16-9819024171,I. Zaidi,"House 177, Street 2, Madina Town, Faisalabad",Askari Bank,Savings,2022-01-17,23524
PK76-1061621863,A. Gilani,"House 276, Street 12, Gulgasht, Multan",JS Bank,Foreign Currency,2021-02-17,4938232
PK25-8588454002,A.Gilani,مکان 276 گلی 12 Gulgasht Multan,HBL,Current,2021-02-17,1584969
PK61-9631291232,Taimoor راجہ,مکان 238 گلی 10 Gulshan-e-Iqbal کراچی,Allied Bank,Current,2022-06-29,2012327
PK20-3415948515,T.Raja,مکان 238 گلی 10 Gulshan-e-Iqbal کراچی,Bank Alfalah,Current,2021-02-23,4543580
PK85-5616626957,T. Raja,H#238 St-10 Gulshan-e-Iqbal Karachi,MCB,Foreign Currency,2025-09-26,3073889
PK74-3910585814,Malik Noman Mughal,"House No. 49, Gali 5, Clifton Block 2, Karachi",Askari Bank,Savings,2024-03-12,54048
PK94-5018211653,Tariq Qureshi,مکان 80 گلی 6 Wapda Town لاہور,UBL,Current,2021-04-08,4090322
PK77-8284364219,Tariq قریشی,"House 80, Street 6, Wapda Town, Lahore",UBL,Savings,2018-09-12,7117868
PK21-8863977910,S. Naqvi,H#15 St-3 HayatabadPhase3 Peshawar,Allied Bank,Foreign Currency,2022-08-30,47020
PK17-3526178203,Haji Sajid Zaidi,H#358 St-35 DHAPhase6 Karachi,Allied Bank,Foreign Currency,2019-06-02,1704959
PK76-7686664260,S.Zaidi,مکان 358 گلی 35 DHA Phase 6 کراچی,Bank Alfalah,Current,2019-07-04,4942234
PK48-5816409761,Chaudhary Sajid Zaidi,H#358 St-35 DHAPhase6 Karachi,JS Bank,Savings,2025-05-22,3082499
PK26-4357958329,S.Zaidi,"House No. 358, Gali 35, DHA Phase 6, Karachi",Askari Bank,Savings,2020-01-11,1254604
PK79-8353736522,H.Afridi,H#159 St-23 Gulgasht Multan,Bank Alfalah,Savings,2023-06-21,1192266
PK49-2998662466,Hina Afridi,"House No. 159, Gali 23, Gulgasht, Multan",JS Bank,Foreign Currency,2020-03-03,2188799
PK29-5284527169,Obaid Kayani,"House 6, Street 1, Chaklala Scheme 3, Rawalpindi",Meezan Bank,Foreign Currency,2020-09-06,3446170
PK30-7027977284,Sardar Javeria Hashmi,"House 154, Street 1, University Town, Peshawar",Bank Alfalah,Savings,2024-05-27,1640810
PK90-2465435460,S.Tareen,مکان 356 گلی 18 Gulbahar Peshawar,MCB,Current,2024-06-16,81848
PK99-4301930654,Talha Awan,"House No. 327, Gali 30, DHA Phase 5, Lahore",Meezan Bank,Savings,2022-09-02,1864752
PK55-7414965116,T. Awan,H#327 St-30 DHAPhase5 Lahore,UBL,Current,2019-05-06,1208155
PK81-8728622773,علی Abbasi,"House No. 12, Gali 12, G-13/1, Islamabad",Askari Bank,Savings,2024-03-08,6880421
PK52-6680968351,Ali Abbasi,مکان 12 گلی 12 G-13/1 اسلام آباد,Meezan Bank,Savings,2021-03-04,7080293
PK52-2242131439,Ali Abbasi,H#12 St-12 G-13/1 Islamabad,Allied Bank,Savings,2024-05-10,1464992
PK45-5356203406,Kinza Butt,"House 385, Street 10, DHA Phase 5, Lahore",UBL,Savings,2022-05-02,1786434
PK73-4773734025,Kinza Butt,"House 385, Street 10, DHA Phase 5, Lahore",Bank Alfalah,Savings,2021-05-31,1428853
PK39-5971639988,Umar Kayani,مکان 7 گلی 8 University Town Peshawar,MCB,Foreign Currency,2018-11-09,5521027
PK25-8678914941,Umar Kayani,"House 7, Street 8, University Town, Peshawar",HBL,Current,2018-11-12,2304903
PK31-4047742340,U. Kayani,"House 7, Street 8, University Town, Peshawar",UBL,Foreign Currency,2023-02-06,1739225
PK35-2312050123,Sardar Sadia Naqvi,مکان 247 گلی 20 I-8/4 اسلام آباد,MCB,Current,2025-06-09,90208
PK27-1280643955,Arsalan Afridi,"House 8, Street 11, Gulshan-e-Iqbal, Karachi",UBL,Current,2020-05-13,16124
PK15-1408667637,H. Yousafzai,مکان 31 گلی 23 DHA Phase 5 لاہور,HBL,Savings,2019-08-07,1874889
PK17-4923471181,N.Khattak,"House 225, Street 13, University Town, Peshawar",Allied Bank,Savings,2023-10-14,72499
PK76-3877869859,Rana Mustafa Bangash,مکان 278 گلی 32 Gulshan-e-Iqbal کراچی,UBL,Foreign Currency,2023-12-06,336042
PK16-6525872090,Waseem Shirazi,مکان 83 گلی 5 Gulbahar Peshawar,UBL,Foreign Currency,2018-10-05,48084
PK23-5744025309,I.Khokhar,مکان 260 گلی 25 B-17 اسلام آباد,Bank Alfalah,Current,2020-05-24,103813
PK43-1448092800,B.Rizvi,H#98 St-34 UniversityTown Peshawar,Allied Bank,Savings,2019-03-21,291349
PK43-1310054084,Mehwish Lodhi,"House 376, Street 5, Peoples Colony, Faisalabad",MCB,Current,2024-01-12,179033
PK15-9169383503,M. Virk,"House 270, Street 16, Bahria Phase 4, Rawalpindi",HBL,Foreign Currency,2023-02-17,226889
PK76-1246332700,Gul Khokhar,"House 219, Street 7, Gulgasht, Multan",Meezan Bank,Current,2025-04-28,138707
PK95-2635848555,M.Shirazi,"House 162, Street 36, Gulshan-e-Iqbal, Karachi",Bank Alfalah,Foreign Currency,2025-07-04,3298418
PK87-2495297469,Noor بٹ,مکان 9 گلی 34 Wapda Town لاہور,JS Bank,Foreign Currency,2018-12-21,26296
PK24-6965973187,Saqib ملک,"House 142, Street 36, Gulbahar, Peshawar",HBL,Foreign Currency,2024-08-08,273165
PK97-7745580128,Malik Adnan Awan,مکان 299 گلی 16 Gulberg III لاہور,MCB,Savings,2020-10-06,2006957
PK56-1414905231,R.Durrani,"House No. 167, Gali 31, B-17, Islamabad",UBL,Foreign Currency,2018-01-18,3327371
PK61-9414365470,Rehan Durrani,"House 167, Street 31, B-17, Islamabad",Meezan Bank,Savings,2024-07-08,5785598
PK64-7289074559,R. Durrani,مکان 167 گلی 31 B-17 اسلام آباد,Bank Alfalah,Foreign Currency,2018-09-27,4767107
PK70-8576108155,Malik Tariq Kakar,H#179 St-28 I-8/4 Islamabad,MCB,Current,2020-02-01,5125180
PK48-3773296866,Tariq Kakar,H#179 St-28 I-8/4 Islamabad,UBL,Current,2020-08-10,6901964
PK66-1876183994,T.Kakar,"House No. 179, Gali 28, I-8/4, Islamabad",UBL,Current,2025-06-03,3359006
PK79-8412393217,Sardar Tooba Kakar,"House 28, Street 20, Shah Rukn-e-Alam, Multan",MCB,Savings,2021-11-20,4139167
PK16-2171891353,Mansoor Abbasi,H#43 St-31 ChaklalaScheme3 Rawalpindi,UBL,Current,2025-03-26,374999
PK44-1209864881,Rauf Kakar,H#391 St-9 Cantt Multan,Askari Bank,Foreign Currency,2021-10-09,131073
PK52-2158639912,N.Yousafzai,مکان 127 گلی 16 Gulgasht Multan,Askari Bank,Savings,2023-08-21,2389162
PK22-5624937105,Nadia Yousafzai,مکان 127 گلی 16 Gulgasht Multan,Meezan Bank,Savings,2024-09-11,5371856
PK72-2376414670,Fahad Wazir,"House 188, Street 23, North Nazimabad, Karachi",Askari Bank,Savings,2019-02-08,6297423
PK46-5394241399,F. Wazir,H#188 St-23 NorthNazimabad Karachi,Bank Alfalah,Foreign Currency,2019-02-25,6413175
PK15-2167999540,Fahad Wazir,مکان 188 گلی 23 North Nazimabad کراچی,MCB,Savings,2019-07-24,4241306
PK85-2364552180,F. Wazir,"House 188, Street 23, North Nazimabad, Karachi",HBL,Savings,2024-07-24,1641649
PK91-9569992641,Junaid Gill,مکان 320 گلی 10 Madina Town Faisalabad,Meezan Bank,Savings,2021-03-12,4271407
PK97-3797777978,Junaid Gill,مکان 320 گلی 10 Madina Town Faisalabad,MCB,Current,2025-01-06,7225481
PK70-8016582805,Fahad Saddozai,"House No. 318, Gali 10, F-8/3, Islamabad",HBL,Current,2024-09-29,32070
PK80-1783483046,Taimoor Rajput,"House 108, Street 35, I-8/4, Islamabad",UBL,Savings,2025-08-11,3838297
PK67-5162070860,R. Abbasi,مکان 343 گلی 2 Gulgasht Multan,HBL,Current,2023-07-16,112492
PK36-6214451291,Syed Irfan Baig,"House No. 317, Gali 18, Gulbahar, Peshawar",MCB,Savings,2022-06-18,144309
PK66-4534430308,Haji Bushra Wazir,"House No. 10, Gali 19, DHA Phase 5, Lahore",Allied Bank,Foreign Currency,2021-06-30,33395
PK49-4747712095,S.Hashmi,"House No. 273, Gali 6, Gulbahar, Peshawar",Askari Bank,Foreign Currency,2024-12-03,823303
PK15-3342728073,Rana Saqib Hashmi,مکان 273 گلی 6 Gulbahar Peshawar,HBL,Foreign Currency,2020-06-21,3795655
PK90-6270142719,علی بٹ,"House No. 171, Gali 32, Chaklala Scheme 3, Rawalpindi",UBL,Foreign Currency,2024-08-15,3075726
PK38-9349365063,علی بٹ,H#171 St-32 ChaklalaScheme3 Rawalpindi,MCB,Foreign Currency,2025-04-25,4114605
PK51-1340022998,Ali Butt,"House 171, Street 32, Chaklala Scheme 3, Rawalpindi",UBL,Current,2023-07-27,6900476
PK80-2902416570,Mian Arsalan Kazmi,"House 321, Street 17, DHA Phase 5, Lahore",Allied Bank,Savings,2019-05-05,290705
PK72-9854455655,B.Awan,H#196 St-34 B-17 Islamabad,MCB,Foreign Currency,2024-09-19,2143185
PK57-9122433872,Bushra Awan,"House 196, Street 34, B-17, Islamabad",MCB,Foreign Currency,2022-10-06,1726263
PK74-5029686621,R. Malik,"House 212, Street 27, University Town, Peshawar",Bank Alfalah,Savings,2023-10-28,20006
PK12-9653756324,S. Ansari,"House No. 316, Gali 18, G-13/1, Islamabad",MCB,Savings,2021-01-31,85345
PK91-5685298422,G. Raja,H#69 St-33 ShahRukn-e-Alam Multan,Meezan Bank,Savings,2023-11-03,39203
PK86-2886254660,Mian Noman Chaudhry,مکان 316 گلی 32 Westridge راولپنڈی,HBL,Savings,2023-06-28,3132080
PK49-5259019266,Noman Chaudhry,مکان 316 گلی 32 Westridge راولپنڈی,Askari Bank,Savings,2024-05-19,2903076
PK37-7389520435,L.Saddozai,H#369 St-21 UniversityTown Peshawar,JS Bank,Current,2022-01-22,6361062
PK29-5996032310,Laiba Saddozai,H#369 St-21 UniversityTown Peshawar,Allied Bank,Current,2020-04-13,3308553
PK87-7959370834,S. Qureshi,"House 22, Street 16, North Nazimabad, Karachi",JS Bank,Savings,2021-03-14,298951
PK94-5126288646,Mian Sana Tareen,مکان 98 گلی 19 Cantt Multan,HBL,Foreign Currency,2019-05-02,831872
PK28-7299731371,Z.Yousafzai,"House 265, Street 10, B-17, Islamabad",UBL,Savings,2020-06-29,974822
PK59-5886022321,Z.Yousafzai,"House No. 265, Gali 10, B-17, Islamabad",UBL,Current,2018-05-18,1616246
PK86-5012495153,K. Orakzai,"House 202, Street 27, Peoples Colony, Faisalabad",HBL,Savings,2022-04-09,1968921
PK52-5035936139,H. Khokhar,"House No. 166, Gali 11, I-8/4, Islamabad",MCB,Current,2022-01-14,3783505
PK43-5927702148,Syed Haris Khokhar,مکان 166 گلی 11 I-8/4 اسلام آباد,Askari Bank,Savings,2020-07-28,4380034
PK17-8937719107,B. Gilani,مکان 77 گلی 11 Gulbahar Peshawar,JS Bank,Savings,2022-07-12,279573
PK34-2366521380,Irfan Afridi,"House No. 68, Gali 13, Satellite Town, Rawalpindi",JS Bank,Current,2022-02-09,4035078
PK33-9768433290,I. Afridi,مکان 68 گلی 13 Satellite Town راولپنڈی,HBL,Current,2021-03-27,2510519
PK47-1221348726,زینب خان,"House 122, Street 14, Madina Town, Faisalabad",UBL,Savings,2019-06-26,4748087
PK90-8655761788,Z.Khan,"House 122, Street 14, Madina Town, Faisalabad",HBL,Foreign Currency,2019-01-20,3907086
PK29-4194101132,Chaudhary Hussain Abbasi,مکان 342 گلی 37 Hayatabad Phase 3 Peshawar,MCB,Savings,2023-09-08,205958
PK94-6670837424,Saad Mughal,"House 313, Street 39, Shah Rukn-e-Alam, Multan",Meezan Bank,Savings,2018-01-10,2167781
PK12-2720649437,S. Mughal,H#313 St-39 ShahRukn-e-Alam Multan,HBL,Savings,2019-03-10,2496639
PK48-6298618324,S.Kakar,"House No. 189, Gali 25, Gulberg III, Lahore",Bank Alfalah,Savings,2020-04-04,1639910
PK77-1660406802,Javeria Lodhi,"House No. 212, Gali 34, Wapda Town, Lahore",Meezan Bank,Savings,2019-10-20,3787481
PK92-1431463252,Malik Shahzad Yousafzai,"House 267, Street 32, Madina Town, Faisalabad",HBL,Foreign Currency,2021-10-23,129423
PK74-5566590444,M.Siddiqui,"House No. 321, Gali 8, E-11/2, Islamabad",MCB,Savings,2021-06-26,277161
PK82-1766685457,Mian Nadia Afridi,"House No. 328, Gali 13, Satellite Town, Rawalpindi",Bank Alfalah,Current,2025-04-21,225735
PK24-5563448401,Chaudhary Gul Rajput,مکان 331 گلی 9 Clifton Block 2 کراچی,Meezan Bank,Savings,2024-04-01,60833
PK32-6715727186,O. Saddozai,مکان 154 گلی 37 G-13/1 اسلام آباد,Askari Bank,Savings,2020-03-26,266180
PK40-1882447546,Ghulam Chaudhry,"House 16, Street 22, Chaklala Scheme 3, Rawalpindi",Allied Bank,Foreign Currency,2025-02-23,5997091
PK79-6659527441,Ghulam Chaudhry,H#16 St-22 ChaklalaScheme3 Rawalpindi,Askari Bank,Savings,2019-02-12,7135040
PK15-4371375334,G. Chaudhry,مکان 16 گلی 22 Chaklala Scheme 3 راولپنڈی,Meezan Bank,Savings,2019-05-17,5544438
PK53-5394731840,O.Bangash,مکان 364 گلی 3 University Town Peshawar,Askari Bank,Savings,2018-03-20,31051
PK50-8610525331,Taimoor Niazi,"House 90, Street 8, Chaklala Scheme 3, Rawalpindi",HBL,Current,2024-03-11,2564544
PK10-3097101621,T.Niazi,H#90 St-8 ChaklalaScheme3 Rawalpindi,UBL,Savings,2025-08-05,2103435
PK94-2588683922,Sana Mehsud,H#371 St-3 BahriaPhase4 Rawalpindi,Allied Bank,Foreign Currency,2022-10-03,87201
PK88-3832633770,Hafsa Shirazi,H#171 St-30 HayatabadPhase3 Peshawar,Allied Bank,Savings,2023-09-21,3025956
PK72-9411279057,Sardar Hafsa Shirazi,"House 171, Street 30, Hayatabad Phase 3, Peshawar",Allied Bank,Current,2020-06-11,5757537
PK18-2462185567,H. Shirazi,"House No. 171, Gali 30, Hayatabad Phase 3, Peshawar",Askari Bank,Savings,2018-08-09,7655264
PK22-6440776288,Tooba Dar,مکان 99 گلی 19 Johar Town لاہور,JS Bank,Savings,2021-12-03,4216865
PK90-6821910354,Tooba Dar,"House 99, Street 19, Johar Town, Lahore",Bank Alfalah,Current,2023-02-20,5399088
PK47-2789869619,Tooba Dar,مکان 99 گلی 19 Johar Town لاہور,MCB,Savings,2025-02-28,6246721
PK83-8743969592,Tooba Dar,"House 99, Street 19, Johar Town, Lahore",Meezan Bank,Savings,2023-07-14,7220953
PK51-4653928344,Rana Waqas Lodhi,H#319 St-36 G-10/2 Islamabad,Meezan Bank,Savings,2024-04-06,185235
PK33-4798700302,S.Abbasi,H#294 St-16 ShahRukn-e-Alam Multan,Meezan Bank,Current,2020-04-17,57900
PK53-5228663131,S.Sheikh,مکان 242 گلی 4 Satellite Town راولپنڈی,Meezan Bank,Savings,2021-01-26,4827737
PK69-2989032396,L. Shirazi,"House 354, Street 29, D Ground, Faisalabad",Meezan Bank,Current,2023-07-11,67268
PK94-7616462911,Yousuf Gondal,"House No. 316, Gali 17, Bahria Phase 4, Rawalpindi",JS Bank,Savings,2024-10-02,41908
PK28-6382610892,F.Shirazi,مکان 261 گلی 7 Peoples Colony Faisalabad,MCB,Current,2023-05-26,2687431
PK17-1210267569,Mian Farhan Shirazi,مکان 261 گلی 7 Peoples Colony Faisalabad,JS Bank,Savings,2024-09-14,1789445
PK59-7926102643,Farhan Shirazi,H#261 St-7 PeoplesColony Faisalabad,Meezan Bank,Savings,2023-09-02,6258357
PK86-2734630793,M. Khokhar,H#123 St-40 NorthNazimabad Karachi,Bank Alfalah,Savings,2024-08-31,274613
PK27-2666076869,Noman Orakzai,H#223 St-37 MadinaTown Faisalabad,Meezan Bank,Savings,2021-02-19,3349900
PK98-7323198872,N. Orakzai,مکان 223 گلی 37 Madina Town Faisalabad,Bank Alfalah,Current,2024-11-20,5864941
PK73-8026598377,F.Bukhari,H#167 St-36 MadinaTown Faisalabad,MCB,Savings,2019-08-03,18645
PK15-3068561703,Rana Haris Dar,مکان 154 گلی 37 Shah Rukn-e-Alam Multan,UBL,Current,2022-11-02,6126271
PK62-4880288498,Haris Dar,H#154 St-37 ShahRukn-e-Alam Multan,JS Bank,Savings,2018-06-18,2950435
PK74-3783686477,Haris Dar,مکان 154 گلی 37 Shah Rukn-e-Alam Multan,HBL,Foreign Currency,2024-06-25,7113400
PK89-7261065336,Haji Arsalan Sial,H#202 St-21 Gulgasht Multan,JS Bank,Savings,2024-07-18,3726845
PK92-3893690545,S. Awan,مکان 332 گلی 2 G-10/2 اسلام آباد,UBL,Savings,2020-10-18,198303
PK21-1152615623,G.Gondal,"House No. 310, Gali 1, Westridge, Rawalpindi",Askari Bank,Savings,2022-06-09,4609636
PK70-6100959462,Haji Zainab Gilani,H#20 St-37 DHAPhase5 Lahore,JS Bank,Savings,2019-12-21,3228749
PK89-4209203556,Z.Gilani,مکان 20 گلی 37 DHA Phase 5 لاہور,Askari Bank,Savings,2019-11-28,2701383
PK14-7860438344,Mian Tariq Abbasi,"House No. 270, Gali 18, Gulgasht, Multan",UBL,Savings,2021-03-31,19806
PK96-5763875135,Chaudhary Yasir Rajput,"House No. 340, Gali 5, Gulgasht, Multan",JS Bank,Savings,2020-02-09,212695
PK31-5204927542,Zubair Mughal,"House 306, Street 20, B-17, Islamabad",JS Bank,Current,2021-06-30,4729225
PK94-9207151549,Syed Amna Sheikh,H#378 St-40 ShahRukn-e-Alam Multan,HBL,Savings,2020-05-06,97339
PK30-8293437195,Sardar Waseem Kayani,H#141 St-17 ChaklalaScheme3 Rawalpindi,Askari Bank,Current,2018-06-22,7585430
PK26-3829899847,W. Kayani,H#141 St-17 ChaklalaScheme3 Rawalpindi,Bank Alfalah,Savings,2022-01-14,4662308
PK87-7756520604,Syed Waseem Kayani,H#141 St-17 ChaklalaScheme3 Rawalpindi,MCB,Savings,2018-09-19,5079724
PK71-7382920867,W. Kayani,"House No. 141, Gali 17, Chaklala Scheme 3, Rawalpindi",JS Bank,Foreign Currency,2021-12-26,6576830
PK34-2113957672,Malik Adnan Hashmi,H#395 St-25 UniversityTown Peshawar,Askari Bank,Savings,2025-01-15,1944191
PK35-5725309003,Mian Bilal Khattak,"House No. 27, Gali 11, DHA Phase 5, Lahore",MCB,Foreign Currency,2024-04-09,2276297
PK90-7534376878,K. Mehsud,"House No. 350, Gali 3, Wapda Town, Lahore",MCB,Savings,2019-02-13,5874339
PK82-2432039378,Khalid Mehsud,H#350 St-3 WapdaTown Lahore,Allied Bank,Foreign Currency,2018-07-05,3395669
PK25-9313965355,B. Lodhi,"House 131, Street 38, DHA Phase 5, Lahore",JS Bank,Current,2019-10-24,4469904
PK87-4031961324,Babar Lodhi,H#131 St-38 DHAPhase5 Lahore,Allied Bank,Current,2025-09-12,1267196
PK89-1332469393,B.Lodhi,"House No. 131, Gali 38, DHA Phase 5, Lahore",Meezan Bank,Savings,2019-04-26,3868882
PK37-9665602303,Sana Cheema,H#93 St-21 Gulgasht Multan,Bank Alfalah,Current,2020-10-07,102875
PK50-3361291729,H. Qureshi,"House No. 180, Gali 15, Shah Rukn-e-Alam, Multan",MCB,Current,2025-07-03,105006
PK12-8197340689,I. Shirazi,مکان 307 گلی 8 Cantt Multan,Askari Bank,Savings,2022-08-21,2057351
PK31-1318429465,I.Shirazi,"House No. 307, Gali 8, Cantt, Multan",Allied Bank,Savings,2020-04-10,3696375
PK72-8592665006,عمران Shirazi,مکان 307 گلی 8 Cantt Multan,Askari Bank,Foreign Currency,2025-01-22,4450751
PK18-4781006756,F. Orakzai,"House No. 151, Gali 30, Chaklala Scheme 3, Rawalpindi",JS Bank,Current,2024-02-20,4408946
PK52-5480876825,Fahad Orakzai,"House 151, Street 30, Chaklala Scheme 3, Rawalpindi",Meezan Bank,Savings,2023-05-31,5433569
PK19-1336517434,Fahad Orakzai,H#151 St-30 ChaklalaScheme3 Rawalpindi,JS Bank,Savings,2018-04-11,7379973
PK78-4528853285,K. Mughal,مکان 142 گلی 4 Hayatabad Phase 3 Peshawar,Bank Alfalah,Savings,2019-06-18,179121
PK12-7982109385,Rehan Yousafzai,مکان 227 گلی 17 Cantt Multan,Bank Alfalah,Savings,2018-08-05,2435939
PK77-2502906637,T.Malik,H#335 St-1 DHAPhase6 Karachi,Allied Bank,Foreign Currency,2023-10-19,2964416
PK25-7061777489,Rana Taimoor Malik,مکان 335 گلی 1 DHA Phase 6 کراچی,Bank Alfalah,Foreign Currency,2019-03-12,1814643
PK31-3661896619,Taimoor Malik,"House 335, Street 1, DHA Phase 6, Karachi",MCB,Current,2021-10-18,2794384
PK96-8997474780,Taimoor Malik,"House 335, Street 1, DHA Phase 6, Karachi",Allied Bank,Current,2019-05-10,5573946
PK69-7682946011,A.Khan,مکان 395 گلی 32 D Ground Faisalabad,UBL,Savings,2023-12-19,26383
PK10-5557739279,Nasir Sheikh,"House No. 47, Gali 24, Gulgasht, Multan",UBL,Current,2020-03-22,32490
PK45-2099911058,Mian Uzma Baig,مکان 197 گلی 13 Satellite Town راولپنڈی,Bank Alfalah,Foreign Currency,2023-03-05,3098545
PK20-4396807251,Uzma Baig,H#197 St-13 SatelliteTown Rawalpindi,Askari Bank,Savings,2018-04-15,2635539
PK76-4285832917,Mustafa Khattak,"House No. 317, Gali 3, E-11/2, Islamabad",Meezan Bank,Foreign Currency,2019-06-30,2134655
PK85-2780954198,M.Khattak,H#317 St-3 E-11/2 Islamabad,Askari Bank,Foreign Currency,2025-07-14,4627327
PK18-8341678813,Malik Mustafa Khattak,مکان 317 گلی 3 E-11/2 اسلام آباد,Bank Alfalah,Savings,2025-09-22,5184704
PK89-5721325166,Rana Mustafa Khattak,مکان 317 گلی 3 E-11/2 اسلام آباد,UBL,Savings,2019-01-30,4427350
PK19-2334282477,Haji Zeeshan Khokhar,H#303 St-5 PeoplesColony Faisalabad,Bank Alfalah,Foreign Currency,2023-12-23,38750
PK50-2708690468,Usman Bukhari,"House 33, Street 8, Chaklala Scheme 3, Rawalpindi",HBL,Savings,2023-11-28,2567253
PK54-8314234603,Chaudhary Usman Bukhari,"House 33, Street 8, Chaklala Scheme 3, Rawalpindi",HBL,Savings,2021-05-04,1416772
PK19-6774081622,U.Bukhari,H#33 St-8 ChaklalaScheme3 Rawalpindi,HBL,Savings,2023-01-13,3500006
PK73-6896819130,U. Bukhari,H#33 St-8 ChaklalaScheme3 Rawalpindi,HBL,Savings,2019-04-11,2511822
PK90-5586851815,Syed Muhammad Khan,مکان 362 گلی 38 Satellite Town راولپنڈی,JS Bank,Savings,2022-12-28,111654
PK50-5787791586,Hafsa Rajput,"House 82, Street 3, DHA Phase 6, Karachi",MCB,Savings,2023-03-12,2441283
PK20-9936660346,Hafsa Rajput,"House 82, Street 3, DHA Phase 6, Karachi",MCB,Current,2021-02-12,1843026
PK75-6733365481,M. Tareen,مکان 54 گلی 4 Clifton Block 2 کراچی,Meezan Bank,Foreign Currency,2018-08-07,3447778
PK43-9223854403,M.Tareen,"House No. 54, Gali 4, Clifton Block 2, Karachi",Allied Bank,Current,2024-10-01,2004902
PK36-2197815150,Mian Faisal Janjua,"House 304, Street 38, Shah Rukn-e-Alam, Multan",Askari Bank,Savings,2019-11-08,1856543
PK72-1033718743,Faisal Janjua,مکان 304 گلی 38 Shah Rukn-e-Alam Multan,Allied Bank,Current,2024-11-21,3128788
PK15-1883225866,F. Janjua,مکان 304 گلی 38 Shah Rukn-e-Alam Multan,Meezan Bank,Savings,2023-03-17,1652517
PK24-9568350644,Fahad Bhatti,H#122 St-27 SatelliteTown Rawalpindi,UBL,Current,2019-06-19,2734059
PK38-6324395451,B.Sial,H#313 St-30 BahriaPhase4 Rawalpindi,Meezan Bank,Savings,2018-04-20,3040576
PK19-4821260230,Bilal Sial,مکان 313 گلی 30 Bahria Phase 4 راولپنڈی,HBL,Current,2018-06-14,2244202
PK72-6979310964,Chaudhary Saba Gill,مکان 172 گلی 9 Johar Town لاہور,Allied Bank,Foreign Currency,2022-10-26,214176
PK86-5239744418,Yousuf Durrani,H#18 St-28 Gulbahar Peshawar,Bank Alfalah,Foreign Currency,2024-10-27,57033
PK23-3867426874,علی Rajput,"House No. 83, Gali 30, Shah Rukn-e-Alam, Multan",Bank Alfalah,Current,2024-02-28,938650
PK32-3646294256,A. Rajput,مکان 83 گلی 30 Shah Rukn-e-Alam Multan,Allied Bank,Foreign Currency,2018-07-08,3389580
PK29-9067699923,L. Warraich,مکان 321 گلی 30 Chaklala Scheme 3 راولپنڈی,Askari Bank,Current,2022-11-14,60139
PK88-9758245850,Saad Khattak,H#35 St-36 DGround Faisalabad,Bank Alfalah,Savings,2018-12-16,3231397
PK66-9195127843,Saad Khattak,"House No. 35, Gali 36, D Ground, Faisalabad",HBL,Foreign Currency,2024-07-15,2363835
PK11-1342262299,Z. Saddozai,H#360 St-14 Gulbahar Peshawar,UBL,Savings,2025-05-29,2941322
PK27-6914154822,W.Sheikh,"House 177, Street 29, I-8/4, Islamabad",Askari Bank,Savings,2023-02-18,1391240
PK96-9705095926,Waseem شیخ,مکان 177 گلی 29 I-8/4 اسلام آباد,Askari Bank,Savings,2023-02-11,4600147
PK92-6875866423,G.Rizvi,"House 318, Street 24, Model Town, Lahore",Allied Bank,Savings,2018-11-30,143060
PK26-5651907075,Malik Irfan Chaudhry,"House No. 142, Gali 8, F-8/3, Islamabad",Bank Alfalah,Current,2024-04-24,4301672
PK89-9919028687,A.Mirza,"House 243, Street 23, DHA Phase 6, Karachi",JS Bank,Current,2018-01-30,85918
PK48-2407298044,D. Naqvi,H#211 St-38 ShahRukn-e-Alam Multan,Meezan Bank,Savings,2022-01-31,4255250
PK19-3661587320,Rana Danish Naqvi,مکان 211 گلی 38 Shah Rukn-e-Alam Multan,HBL,Savings,2022-04-14,6124166
PK39-7496271421,Syed Danish Naqvi,مکان 211 گلی 38 Shah Rukn-e-Alam Multan,HBL,Foreign Currency,2021-04-21,2876119
PK22-9563391508,R. Gill,H#86 St-40 ModelTown Lahore,MCB,Savings,2022-05-21,73127
PK83-5678426803,A.Mughal,مکان 22 گلی 21 Satellite Town راولپنڈی,Askari Bank,Current,2023-07-06,151401
PK68-4090363801,Mian Nadia Bangash,"House 163, Street 23, B-17, Islamabad",Bank Alfalah,Current,2024-06-11,58604
PK22-2718748096,M.Siddiqui,H#256 St-10 E-11/2 Islamabad,JS Bank,Current,2020-05-18,61179
PK71-5326862109,Haji Ayesha Cheema,"House No. 152, Gali 31, Gulgasht, Multan",UBL,Foreign Currency,2022-10-04,3549765
PK37-6467874677,Ayesha Cheema,"House 152, Street 31, Gulgasht, Multan",Allied Bank,Foreign Currency,2024-07-29,3818805
PK95-4144464228,A.Cheema,"House No. 152, Gali 31, Gulgasht, Multan",MCB,Savings,2020-06-07,3712784
PK84-5845578408,Sardar Ayesha Cheema,"House No. 152, Gali 31, Gulgasht, Multan",Meezan Bank,Savings,2022-03-13,2681373
PK75-1754178230,J.Siddiqui,"House 21, Street 9, Shah Rukn-e-Alam, Multan",MCB,Savings,2018-05-28,1194834
PK58-9647930701,Haris ملک,"House No. 229, Gali 6, G-13/1, Islamabad",MCB,Current,2024-01-27,234761
PK61-8390186320,I. Wazir,مکان 76 گلی 28 Model Town لاہور,Allied Bank,Current,2019-03-09,166775
PK32-6162530067,Rida Tarar,"House No. 74, Gali 14, Satellite Town, Rawalpindi",UBL,Savings,2021-08-05,295494
PK88-8344243787,Rana Salman Khan,"House No. 213, Gali 12, Gulshan-e-Iqbal, Karachi",UBL,Foreign Currency,2020-04-20,280981
PK88-3323294549,Adnan Kayani,H#64 St-19 ModelTown Lahore,Meezan Bank,Savings,2018-12-18,4561547
PK70-4256964945,A.Kayani,مکان 64 گلی 19 Model Town لاہور,Meezan Bank,Current,2023-01-05,4535037
PK10-3434741022,A.Kayani,"House No. 64, Gali 19, Model Town, Lahore",HBL,Current,2018-09-04,4110720
PK66-7285100154,Waseem Hashmi,"House No. 382, Gali 24, G-13/1, Islamabad",UBL,Current,2023-01-17,7388488
PK44-2335984617,Haji Waseem Hashmi,مکان 382 گلی 24 G-13/1 اسلام آباد,HBL,Current,2020-11-06,5418338
PK88-5501786315,J.Kazmi,مکان 9 گلی 17 Gulgasht Multan,JS Bank,Savings,2025-11-13,158837
PK90-9410314097,G. Mughal,مکان 185 گلی 27 I-8/4 اسلام آباد,UBL,Savings,2019-06-05,4668090
PK16-1569398174,Mubashir Lodhi,مکان 353 گلی 24 Gulgasht Multan,HBL,Foreign Currency,2018-01-13,206099
PK99-8340679619,Haji Jawad Kakar,مکان 175 گلی 11 North Nazimabad کراچی,Askari Bank,Savings,2021-11-09,134455
PK67-5688219853,N.Yousafzai,"House No. 273, Gali 36, Gulgasht, Multan",Meezan Bank,Savings,2025-06-04,106466
PK26-9793804393,Ali Rajput,"House 354, Street 24, Gulberg III, Lahore",JS Bank,Savings,2018-11-04,219430
PK33-1035048768,Sardar Hassan Saddozai,H#114 St-9 HayatabadPhase3 Peshawar,MCB,Savings,2021-01-02,107495
PK95-6628079280,Chaudhary Noman Bukhari,"House No. 344, Gali 23, Bahria Phase 4, Rawalpindi",MCB,Current,2025-01-21,54340
PK91-4953656866,Rana Farhan Gill,"House 259, Street 37, Bahria Phase 4, Rawalpindi",Meezan Bank,Foreign Currency,2019-12-09,132065
PK40-6677277274,Irfan Mughal,"House No. 3, Gali 7, Gulbahar, Peshawar",HBL,Foreign Currency,2023-09-18,4911221
PK54-9993332740,Irfan Mughal,"House No. 3, Gali 7, Gulbahar, Peshawar",Askari Bank,Savings,2023-03-02,2197964
PK12-3861449357,Hamza Khokhar,مکان 70 گلی 32 G-13/1 اسلام آباد,Allied Bank,Savings,2024-07-05,88648
PK64-7161891891,Chaudhary Luqman Mirza,H#352 St-29 Gulshan-e-Iqbal Karachi,UBL,Savings,2023-10-11,44161
PK13-2501256162,K. Sandhu,"House No. 103, Gali 39, Chaklala Scheme 3, Rawalpindi",HBL,Foreign Currency,2024-05-24,2368551
PK39-7196966433,Kamran Sandhu,"House 103, Street 39, Chaklala Scheme 3, Rawalpindi",HBL,Savings,2023-09-12,6348628
PK84-3566545735,Sardar Kamran Sandhu,"House No. 103, Gali 39, Chaklala Scheme 3, Rawalpindi",MCB,Savings,2024-03-27,4299128
PK67-7540004434,Kamran Sandhu,"House No. 103, Gali 39, Chaklala Scheme 3, Rawalpindi",UBL,Savings,2023-08-08,7551168
PK83-7447962184,U. Warraich,مکان 342 گلی 39 Model Town لاہور,Askari Bank,Foreign Currency,2023-02-14,241068
PK25-7416365592,A.Siddiqui,H#255 St-15 ModelTown Lahore,Allied Bank,Foreign Currency,2025-02-26,121880
PK11-9697633406,A.Mehsud,"House 196, Street 39, F-8/3, Islamabad",MCB,Foreign Currency,2023-10-21,7487525
PK56-7221752059,A. Mehsud,مکان 196 گلی 39 F-8/3 اسلام آباد,MCB,Savings,2021-01-29,6600236
PK96-2983465617,A. Mehsud,مکان 196 گلی 39 F-8/3 اسلام آباد,UBL,Savings,2025-06-02,2697063
PK97-3222970251,Zainab Rizvi,"House 221, Street 8, G-10/2, Islamabad",HBL,Savings,2024-08-30,2889829
PK31-1704724832,H. Ansari,H#400 St-20 DGround Faisalabad,MCB,Savings,2022-10-07,303530
PK88-2943226840,Mustafa Tareen,H#346 St-32 G-13/1 Islamabad,JS Bank,Savings,2023-10-11,3679273
PK91-6712777378,M.Butt,مکان 179 گلی 38 Chaklala Scheme 3 راولپنڈی,Bank Alfalah,Foreign Currency,2020-10-11,3494246
PK24-7092983980,Sardar Mahnoor Butt,"House No. 179, Gali 38, Chaklala Scheme 3, Rawalpindi",Bank Alfalah,Current,2023-07-04,3890137
PK71-3255643398,Fahad Cheema,H#276 St-21 SatelliteTown Rawalpindi,Askari Bank,Savings,2024-06-25,1917142
PK30-4446473852,S.Malik,"House No. 302, Gali 2, Shah Rukn-e-Alam, Multan",MCB,Current,2025-09-15,1900795
PK14-8313946480,Haris Hashmi,"House 275, Street 14, Cantt, Multan",MCB,Foreign Currency,2020-04-12,31138
PK87-9717596387,Q.Dar,مکان 334 گلی 20 DHA Phase 5 لاہور,UBL,Savings,2023-08-12,3460439
PK41-1799724854,Pervez Warraich,H#264 St-30 WapdaTown Lahore,UBL,Savings,2021-04-09,3426139
PK89-7094164128,P.Warraich,H#264 St-30 WapdaTown Lahore,HBL,Savings,2019-02-04,5238885
PK70-9447223212,R. Janjua,H#223 St-27 ChaklalaScheme3 Rawalpindi,Askari Bank,Foreign Currency,2025-06-24,228374
PK14-2971328177,U.Mughal,H#121 St-26 WapdaTown Lahore,MCB,Current,2023-08-09,249695
PK51-2291721810,Syed Wajahat Hashmi,H#217 St-3 MadinaTown Faisalabad,MCB,Savings,2021-09-05,137559
PK23-7386322327,Bushra Zaidi,مکان 370 گلی 32 Satellite Town راولپنڈی,UBL,Current,2024-01-26,7055278
PK43-6697717616,B. Zaidi,"House 370, Street 32, Satellite Town, Rawalpindi",Bank Alfalah,Foreign Currency,2025-08-26,6848389
PK60-6066119815,Chaudhary Bushra Zaidi,مکان 370 گلی 32 Satellite Town راولپنڈی,Allied Bank,Savings,2020-03-07,6163241
PK85-5644235910,B.Zaidi,"House 370, Street 32, Satellite Town, Rawalpindi",Askari Bank,Savings,2018-11-16,5165670
PK17-8826378467,O. Sandhu,مکان 47 گلی 26 Gulgasht Multan,MCB,Current,2018-07-04,5728436
PK51-6389505760,O. Sandhu,"House 47, Street 26, Gulgasht, Multan",Askari Bank,Savings,2022-08-03,5883029
PK75-8838298977,Mian Anas Raja,"House 396, Street 21, Satellite Town, Rawalpindi",Askari Bank,Savings,2023-07-18,5462497
PK72-8637134243,Chaudhary Anas Raja,H#396 St-21 SatelliteTown Rawalpindi,Bank Alfalah,Savings,2021-12-22,7028258
PK38-3931690660,Syed Rashid Qureshi,مکان 141 گلی 29 Bahria Phase 4 راولپنڈی,UBL,Foreign Currency,2021-03-20,2519131
PK56-1032431508,Fahad Bhatti,"House No. 244, Gali 16, Madina Town, Faisalabad",JS Bank,Current,2021-10-11,6037640
PK89-8987988107,Mian Fahad Bhatti,"House 244, Street 16, Madina Town, Faisalabad",Bank Alfalah,Savings,2019-08-29,7840451
PK19-1019428835,Fahad Bhatti,H#244 St-16 MadinaTown Faisalabad,JS Bank,Current,2025-01-30,7664283
PK16-6601348687,A.Khattak,"House 379, Street 4, Peoples Colony, Faisalabad",HBL,Savings,2023-11-05,2363892
PK99-9621233639,A.Khattak,مکان 379 گلی 4 Peoples Colony Faisalabad,Meezan Bank,Savings,2022-01-22,2838989
PK37-3345758537,A.Khattak,"House No. 379, Gali 4, Peoples Colony, Faisalabad",Meezan Bank,Savings,2019-10-01,4076125
PK60-5842563267,Ali Khattak,مکان 379 گلی 4 Peoples Colony Faisalabad,Meezan Bank,Savings,2023-12-09,7044808
PK62-3993058825,Hafsa Siddiqui,مکان 227 گلی 25 Peoples Colony Faisalabad,Askari Bank,Savings,2025-06-24,181059
PK21-3589877080,M. Dar,"House No. 225, Gali 21, Hayatabad Phase 3, Peshawar",MCB,Foreign Currency,2022-12-13,44098
PK33-4207123940,Y. Saddozai,"House No. 368, Gali 28, Gulshan-e-Iqbal, Karachi",JS Bank,Foreign Currency,2023-01-15,283977
PK38-3728871482,L. Durrani,مکان 378 گلی 21 Gulbahar Peshawar,Allied Bank,Current,2021-01-04,5304810
PK96-8053986056,L. Durrani,H#378 St-21 Gulbahar Peshawar,Askari Bank,Foreign Currency,2022-08-06,6814817
PK89-5385564387,Chaudhary Laiba Durrani,"House No. 378, Gali 21, Gulbahar, Peshawar",Askari Bank,Current,2019-02-11,2160154
PK54-6811321605,Laiba Durrani,"House 378, Street 21, Gulbahar, Peshawar",JS Bank,Savings,2024-09-03,7211258
PK78-6193638112,Iqra Mehsud,"House No. 232, Gali 31, Gulshan-e-Iqbal, Karachi",Bank Alfalah,Savings,2022-01-21,5351816
PK34-1457857654,Iqra Mehsud,H#232 St-31 Gulshan-e-Iqbal Karachi,Allied Bank,Savings,2022-12-21,6395892
PK83-7786779009,I. Mehsud,"House No. 232, Gali 31, Gulshan-e-Iqbal, Karachi",UBL,Savings,2022-01-05,1229874
PK12-9299599450,Rana Iqra Mehsud,"House 232, Street 31, Gulshan-e-Iqbal, Karachi",JS Bank,Foreign Currency,2020-11-07,6663406
PK30-9151103448,U. Yousafzai,"House No. 46, Gali 30, Cantt, Multan",HBL,Savings,2020-01-16,2191403
PK79-3979756460,I. Kayani,"House No. 189, Gali 11, Satellite Town, Rawalpindi",Bank Alfalah,Savings,2021-08-06,4823441
PK56-2774807706,Gul Hashmi,"House No. 366, Gali 14, F-8/3, Islamabad",Allied Bank,Foreign Currency,2021-09-16,2986919
PK77-9232768973,J. Warraich,H#366 St-25 Cantt Multan,HBL,Foreign Currency,2018-09-17,121157
PK46-6019420820,Bilal Cheema,"House No. 182, Gali 39, Westridge, Rawalpindi",MCB,Savings,2022-12-24,4835227
PK82-8042516149,M. Warraich,مکان 68 گلی 36 Shah Rukn-e-Alam Multan,Meezan Bank,Current,2025-04-25,315975
PK93-3268774369,E. Khokhar,"House No. 163, Gali 34, Satellite Town, Rawalpindi",Bank Alfalah,Foreign Currency,2022-06-20,99231
PK27-6975832146,A. Lodhi,مکان 221 گلی 19 Shah Rukn-e-Alam Multan,Meezan Bank,Foreign Currency,2018-08-25,118697
PK89-1898568002,Y. Kayani,مکان 224 گلی 8 Westridge راولپنڈی,Meezan Bank,Savings,2022-03-29,41288
PK53-6594102951,M.Khokhar,"House No. 369, Gali 10, Clifton Block 2, Karachi",Askari Bank,Foreign Currency,2020-06-24,37515
PK72-4500684941,Junaid Saddozai,"House No. 289, Gali 38, Madina Town, Faisalabad",JS Bank,Savings,2023-08-04,23143
PK86-3667218990,Pervez چوہدری,"House 347, Street 7, Westridge, Rawalpindi",UBL,Savings,2020-05-06,21129
PK68-8314272134,Mansoor Sandhu,"House No. 166, Gali 10, Peoples Colony, Faisalabad",HBL,Savings,2023-08-06,4838232
PK62-9918692345,Mian Mansoor Sandhu,مکان 166 گلی 10 Peoples Colony Faisalabad,Allied Bank,Current,2023-08-31,6847398
PK28-8804265085,Rana Iqra Wazir,مکان 23 گلی 40 I-8/4 اسلام آباد,HBL,Current,2025-01-03,64739
PK73-1186091334,I. Bhatti,H#381 St-5 HayatabadPhase3 Peshawar,Meezan Bank,Current,2018-08-15,145209
PK29-2291980786,Chaudhary Arsalan Kakar,"House No. 46, Gali 2, University Town, Peshawar",Askari Bank,Savings,2019-03-12,156584
PK79-3698935055,Hamza Niazi,"House 377, Street 20, North Nazimabad, Karachi",Bank Alfalah,Current,2018-07-12,271711
PK71-1064746209,M. Abbasi,H#128 St-34 ChaklalaScheme3 Rawalpindi,Meezan Bank,Savings,2024-02-01,73368
PK22-2634405544,Malik Fatima Qureshi,"House No. 212, Gali 7, Madina Town, Faisalabad",Bank Alfalah,Savings,2021-05-31,75916
PK38-2179156519,Zara Rajput,مکان 337 گلی 39 North Nazimabad کراچی,UBL,Foreign Currency,2025-01-29,5448368
PK22-4161042861,Zara Rajput,H#337 St-39 NorthNazimabad Karachi,UBL,Foreign Currency,2020-09-16,1702542
PK87-2848615498,Z. Rajput,"House 337, Street 39, North Nazimabad, Karachi",Allied Bank,Savings,2020-06-26,3792078
PK40-8671467087,Malik Zara Rajput,"House 337, Street 39, North Nazimabad, Karachi",JS Bank,Savings,2019-06-22,6656960
PK20-8734256506,M.Raja,"House 8, Street 13, Bahria Phase 4, Rawalpindi",Bank Alfalah,Savings,2020-02-13,120662
PK73-1885920849,Rana Zara Janjua,"House 45, Street 20, DHA Phase 6, Karachi",MCB,Current,2020-07-20,120222
PK46-5549876791,A. Saddozai,"House No. 249, Gali 31, Shah Rukn-e-Alam, Multan",Bank Alfalah,Foreign Currency,2021-10-10,214842
PK16-4720726939,B. Cheema,H#323 St-28 G-10/2 Islamabad,MCB,Savings,2023-05-27,2286574
PK49-7913156988,B. Cheema,H#323 St-28 G-10/2 Islamabad,JS Bank,Savings,2018-04-27,1307904
PK54-2678207958,Rana Fatima Bukhari,"House 348, Street 32, Gulgasht, Multan",Bank Alfalah,Current,2025-04-02,3501768
PK69-9495674155,Fatima Bukhari,"House 348, Street 32, Gulgasht, Multan",JS Bank,Savings,2024-05-01,3765361
PK12-2105189775,Sadia چوہدری,مکان 243 گلی 8 Model Town لاہور,Meezan Bank,Current,2018-07-23,2929092
PK61-9578718972,Haji Sadia Chaudhry,"House No. 243, Gali 8, Model Town, Lahore",Bank Alfalah,Savings,2022-06-10,2685778
PK72-6273571024,S. Chaudhry,"House 243, Street 8, Model Town, Lahore",Askari Bank,Current,2023-11-02,4500594
PK48-1198336957,Sadia چوہدری,"House No. 243, Gali 8, Model Town, Lahore",HBL,Savings,2025-09-11,3273304
PK41-7767204942,Irfan Durrani,مکان 177 گلی 29 Westridge راولپنڈی,HBL,Foreign Currency,2024-08-11,47541
PK19-9372757146,Laiba Bangash,"House 68, Street 19, Shah Rukn-e-Alam, Multan",Askari Bank,Savings,2022-04-19,32450
PK39-7972917113,N.Dar,H#342 St-31 DHAPhase5 Lahore,Allied Bank,Savings,2023-05-01,4787603
PK61-1049267699,N.Dar,"House No. 342, Gali 31, DHA Phase 5, Lahore",Allied Bank,Current,2020-11-17,3202216
PK93-7695383405,Nimra Dar,H#342 St-31 DHAPhase5 Lahore,Meezan Bank,Current,2019-02-05,1275913
PK96-2138454068,Anas Niazi,"House 286, Street 4, Bahria Phase 4, Rawalpindi",MCB,Foreign Currency,2024-09-18,2858556
PK68-7690765393,A.Niazi,مکان 286 گلی 4 Bahria Phase 4 راولپنڈی,Bank Alfalah,Savings,2022-12-25,1851661
PK15-1224967834,K. Cheema,"House 317, Street 15, Clifton Block 2, Karachi",HBL,Savings,2025-09-22,276703
PK28-4840957679,G. Kakar,"House No. 137, Gali 10, G-13/1, Islamabad",Bank Alfalah,Current,2024-06-21,282571
PK23-7108362060,N.Sandhu,"House 363, Street 29, Chaklala Scheme 3, Rawalpindi",Askari Bank,Foreign Currency,2023-10-10,6710175
PK78-4985734426,N. Sandhu,"House 363, Street 29, Chaklala Scheme 3, Rawalpindi",MCB,Foreign Currency,2023-06-06,3834988
PK52-9202834252,Hamza Baig,"House 394, Street 1, North Nazimabad, Karachi",JS Bank,Savings,2023-06-28,1127898
PK48-1832607023,S.Sandhu,H#185 St-16 ShahRukn-e-Alam Multan,JS Bank,Savings,2021-01-28,207947
PK47-9068738704,O.Tarar,"House 16, Street 29, Gulshan-e-Iqbal, Karachi",MCB,Current,2022-07-31,265828
PK24-4561812005,Nasir Kakar,"House 32, Street 26, Westridge, Rawalpindi",HBL,Savings,2019-11-22,50121
PK80-9117217602,Sardar Sana Mirza,"House 349, Street 36, North Nazimabad, Karachi",Askari Bank,Current,2019-08-22,42913
PK16-4775074320,Malik Mehwish Abbasi,"House 229, Street 14, Shah Rukn-e-Alam, Multan",MCB,Savings,2020-04-26,248085
PK91-2333070486,T.Niazi,"House 3, Street 30, D Ground, Faisalabad",Bank Alfalah,Savings,2022-02-02,192424
PK74-6159306916,I. Wazir,H#294 St-9 Gulbahar Peshawar,MCB,Current,2024-05-18,189577
PK28-8618569786,I. Khokhar,مکان 365 گلی 28 F-8/3 اسلام آباد,Askari Bank,Savings,2025-07-13,2794431
PK29-8579994207,Yousuf Dar,H#190 St-34 CliftonBlock2 Karachi,Allied Bank,Foreign Currency,2019-11-25,61772
PK59-9234652314,A. Afridi,"House 353, Street 32, North Nazimabad, Karachi",Meezan Bank,Foreign Currency,2023-12-07,335935
PK13-5980943166,H.Shirazi,"House 57, Street 8, University Town, Peshawar",Askari Bank,Savings,2022-05-24,1401660
PK90-8469653550,Chaudhary Hamza Shirazi,H#57 St-8 UniversityTown Peshawar,HBL,Savings,2020-12-12,2429329
PK49-8783945481,J. Niazi,"House No. 151, Gali 32, Gulberg III, Lahore",Allied Bank,Savings,2021-04-03,960521
PK95-4514004515,I. Dar,H#2 St-8 Westridge Rawalpindi,UBL,Savings,2024-11-22,4175382
PK54-9111433122,Irfan Dar,"House 2, Street 8, Westridge, Rawalpindi",JS Bank,Current,2022-02-07,4103904
PK47-4089852434,O. Gilani,مکان 194 گلی 31 Gulshan-e-Iqbal کراچی,MCB,Foreign Currency,2020-04-08,4995627
PK24-7806157595,O.Gilani,"House No. 194, Gali 31, Gulshan-e-Iqbal, Karachi",MCB,Current,2023-05-01,1305099
PK63-9261233432,Z. Butt,مکان 377 گلی 18 Shah Rukn-e-Alam Multan,Meezan Bank,Savings,2019-12-19,6406319
PK32-3113681000,Zainab Butt,مکان 377 گلی 18 Shah Rukn-e-Alam Multan,MCB,Savings,2020-03-03,7991740
PK84-1198217279,Z.Butt,مکان 377 گلی 18 Shah Rukn-e-Alam Multan,JS Bank,Savings,2022-09-25,4726683
PK13-8406392737,N.Khattak,مکان 287 گلی 6 B-17 اسلام آباد,HBL,Current,2023-06-26,4990723
PK47-9898401999,Haji Yousuf Kazmi,"House 338, Street 35, G-10/2, Islamabad",MCB,Savings,2025-10-22,218121
PK34-5734557047,Sardar Tariq Rizvi,"House 206, Street 38, Madina Town, Faisalabad",JS Bank,Savings,2022-03-31,1134347
PK96-7730102250,حسن Naqvi,H#132 St-6 ModelTown Lahore,MCB,Savings,2020-12-19,134233
PK76-8380807918,M.Virk,H#73 St-27 I-8/4 Islamabad,MCB,Savings,2019-09-27,146405
PK80-1801635542,Kamran Rajput,H#325 St-15 E-11/2 Islamabad,UBL,Savings,2024-01-05,47609
PK46-9737874336,S.Niazi,"House No. 229, Gali 6, Madina Town, Faisalabad",MCB,Savings,2020-10-04,4381113
PK34-1292498404,Shahzad Niazi,مکان 229 گلی 6 Madina Town Faisalabad,Bank Alfalah,Savings,2024-01-10,1350619
PK46-1865572377,I.Rajput,"House 129, Street 25, Wapda Town, Lahore",Allied Bank,Current,2022-05-10,115553
PK34-3404989367,M. Raja,"House No. 72, Gali 36, Clifton Block 2, Karachi",Meezan Bank,Savings,2025-06-24,3758656
PK24-2012410919,M. Raja,"House 72, Street 36, Clifton Block 2, Karachi",Askari Bank,Savings,2021-01-04,3830924
PK30-7532442605,Hafsa Cheema,H#386 St-29 ShahRukn-e-Alam Multan,Bank Alfalah,Foreign Currency,2022-11-07,226873
PK78-5823637708,Ali Orakzai,"House 312, Street 31, Satellite Town, Rawalpindi",Askari Bank,Current,2024-07-10,2502419
PK41-8303498821,Lubna Hashmi,"House 276, Street 6, University Town, Peshawar",MCB,Foreign Currency,2018-12-18,1382145
PK21-2477279851,Sufyan Khan,مکان 389 گلی 18 Satellite Town راولپنڈی,UBL,Foreign Currency,2025-05-13,2111094
PK22-6597867782,Haji Sufyan Khan,مکان 389 گلی 18 Satellite Town راولپنڈی,JS Bank,Current,2023-07-15,3649888
PK75-8743507369,Haji Danish Hashmi,"House 144, Street 32, DHA Phase 5, Lahore",Bank Alfalah,Foreign Currency,2024-04-25,50491
PK23-2971444821,M. Siddiqui,"House 292, Street 33, University Town, Peshawar",Bank Alfalah,Savings,2020-11-13,2439764
PK33-9694925986,M. Siddiqui,"House No. 292, Gali 33, University Town, Peshawar",UBL,Savings,2023-03-13,2660106
PK43-3793149201,Mian Kamran Bukhari,H#66 St-17 SatelliteTown Rawalpindi,Allied Bank,Current,2024-05-14,23155
PK83-6533143804,Mian Gul Malik,"House 273, Street 40, Gulgasht, Multan",Allied Bank,Savings,2024-10-06,54543
PK60-2543984861,Rana Gul Khattak,H#222 St-27 I-8/4 Islamabad,HBL,Foreign Currency,2022-08-10,1020675
PK35-5828767847,G.Khattak,"House 222, Street 27, I-8/4, Islamabad",Allied Bank,Savings,2023-07-13,4466006
PK78-9873517745,U. Durrani,مکان 143 گلی 27 Satellite Town راولپنڈی,Bank Alfalah,Current,2019-03-19,180600
PK53-4309770158,Syed Tariq Gilani,"House No. 378, Gali 15, Hayatabad Phase 3, Peshawar",Askari Bank,Savings,2018-03-14,245278
PK73-4033928000,Rana Kamran Afridi,"House 15, Street 31, Cantt, Multan",UBL,Current,2023-08-16,234170
PK34-8937691105,Arsalan Cheema,"House 171, Street 34, Hayatabad Phase 3, Peshawar",HBL,Current,2018-05-07,3358761
PK31-2076978280,Arsalan Cheema,"House 171, Street 34, Hayatabad Phase 3, Peshawar",MCB,Foreign Currency,2023-03-09,1405442
PK84-1310372266,K. Qureshi,مکان 287 گلی 4 Cantt Multan,Askari Bank,Foreign Currency,2018-05-16,4145398
PK94-1743328903,K. Qureshi,H#287 St-4 Cantt Multan,Allied Bank,Current,2018-10-20,5463227
PK60-8650659355,Rana Iqra Wazir,"House 233, Street 25, Peoples Colony, Faisalabad",JS Bank,Savings,2024-04-03,4729118
PK42-1662160168,I. Wazir,مکان 233 گلی 25 Peoples Colony Faisalabad,UBL,Foreign Currency,2019-01-17,4445475
PK32-1099301140,Amna Awan,"House No. 132, Gali 23, Gulgasht, Multan",MCB,Savings,2023-04-02,83796
PK24-8291507250,عمران Awan,مکان 224 گلی 33 Wapda Town لاہور,JS Bank,Current,2025-10-21,3487562
PK15-7152499795,B.Sial,"House No. 103, Gali 13, Johar Town, Lahore",Bank Alfalah,Current,2022-01-30,1939216
PK37-5137114318,B. Sial,مکان 103 گلی 13 Johar Town لاہور,Meezan Bank,Foreign Currency,2020-11-12,4975564
PK72-9056387046,W.Shirazi,"House 297, Street 37, Shah Rukn-e-Alam, Multan",UBL,Savings,2025-06-27,142998
PK52-6614314466,Ubaid Butt,H#2 St-15 DHAPhase6 Karachi,JS Bank,Savings,2025-09-09,1151525
PK62-4151673958,Khalid Dar,مکان 4 گلی 24 DHA Phase 6 کراچی,JS Bank,Savings,2018-03-18,2167246
PK16-2630712095,Khalid Dar,"House No. 4, Gali 24, DHA Phase 6, Karachi",UBL,Current,2024-08-19,2112594
PK42-1393033488,Chaudhary Noor Ansari,مکان 126 گلی 12 Wapda Town لاہور,UBL,Savings,2022-11-24,24092
PK48-3443368971,G. Awan,H#174 St-14 CliftonBlock2 Karachi,Allied Bank,Foreign Currency,2019-02-03,63785
PK74-1386545230,Junaid Naqvi,مکان 223 گلی 5 Gulbahar Peshawar,Allied Bank,Foreign Currency,2022-01-01,233909
PK30-5770021198,Rana Javeria Sandhu,"House No. 220, Gali 16, Wapda Town, Lahore",Meezan Bank,Savings,2025-08-15,156213
PK68-2097519319,Atif Janjua,"House 144, Street 9, B-17, Islamabad",JS Bank,Savings,2018-05-27,3891125
PK52-9842973634,A. Janjua,"House No. 144, Gali 9, B-17, Islamabad",Bank Alfalah,Savings,2019-04-05,6152489
PK95-2068892081,Malik Bushra Yousafzai,H#261 St-25 F-8/3 Islamabad,Askari Bank,Current,2021-03-21,1171027
PK87-1765941307,Malik Madiha Sandhu,"House No. 248, Gali 32, D Ground, Faisalabad",Bank Alfalah,Current,2022-04-22,50244
PK74-9716177129,Zara Butt,مکان 104 گلی 29 Bahria Phase 4 راولپنڈی,Askari Bank,Savings,2024-01-02,1731602
PK53-9412129769,Syed Zara Butt,H#104 St-29 BahriaPhase4 Rawalpindi,Askari Bank,Foreign Currency,2018-12-28,1990823
PK30-9155786494,A. Mughal,H#131 St-36 UniversityTown Peshawar,UBL,Savings,2022-09-03,2977433
PK56-3501806566,D.Bukhari,"House No. 263, Gali 40, E-11/2, Islamabad",UBL,Savings,2024-10-18,4034121
PK47-9200902179,Danish Bukhari,H#263 St-40 E-11/2 Islamabad,JS Bank,Foreign Currency,2019-05-27,4258175
PK66-5178502853,Anas Bhatti,"House No. 13, Gali 12, Model Town, Lahore",Allied Bank,Savings,2024-11-11,119103
PK82-9449726514,Malik Zainab Baig,H#346 St-22 JoharTown Lahore,MCB,Foreign Currency,2023-05-31,1731814
PK14-6076833965,زینب Baig,"House No. 346, Gali 22, Johar Town, Lahore",Allied Bank,Savings,2021-07-11,7799392
PK27-5458346881,Rana Zainab Baig,مکان 346 گلی 22 Johar Town لاہور,UBL,Savings,2024-09-25,3589784
PK94-7022116624,Z. Baig,H#346 St-22 JoharTown Lahore,Allied Bank,Savings,2023-02-11,5427594
PK52-5135809913,Malik Ahmed Kakar,"House 178, Street 26, Gulberg III, Lahore",Askari Bank,Savings,2024-02-16,5028387
PK33-7309639914,Ahmed Kakar,مکان 178 گلی 26 Gulberg III لاہور,Bank Alfalah,Foreign Currency,2018-08-26,3932729
PK41-9064215671,Ahmed Kakar,"House 178, Street 26, Gulberg III, Lahore",Allied Bank,Savings,2023-12-04,1287623
PK13-4609517287,Chaudhary Ahmed Kakar,مکان 178 گلی 26 Gulberg III لاہور,Bank Alfalah,Foreign Currency,2020-11-22,4982998
PK19-8595286809,Mansoor Gondal,"House 243, Street 15, Bahria Phase 4, Rawalpindi",Allied Bank,Savings,2019-08-25,32904
PK34-4172592335,Haji Amna Awan,"House 256, Street 23, DHA Phase 5, Lahore",Allied Bank,Savings,2019-10-03,5012755
PK47-1344670500,A. Awan,"House No. 256, Gali 23, DHA Phase 5, Lahore",UBL,Savings,2024-03-11,2500972
PK32-4721782059,Irfan Dar,"House 338, Street 34, Chaklala Scheme 3, Rawalpindi",JS Bank,Foreign Currency,2021-05-07,4437658
PK49-6325593797,I.Dar,H#338 St-34 ChaklalaScheme3 Rawalpindi,MCB,Savings,2023-09-08,1695997
PK47-7762866121,Atif Tarar,"House 57, Street 9, DHA Phase 6, Karachi",JS Bank,Savings,2022-11-03,119355
PK72-4370674262,W. Baig,مکان 229 گلی 5 F-8/3 اسلام آباد,JS Bank,Savings,2020-05-07,266901
PK90-8133355450,Ubaid Khokhar,"House No. 378, Gali 6, Peoples Colony, Faisalabad",Meezan Bank,Savings,2018-10-16,45024
PK54-4212943453,Mian Mansoor Yousafzai,مکان 213 گلی 16 Hayatabad Phase 3 Peshawar,HBL,Savings,2025-09-06,127883
PK81-3138451229,Kinza Gilani,"House 358, Street 3, E-11/2, Islamabad",JS Bank,Savings,2021-02-02,1905354
PK73-3510620453,Kamran Orakzai,H#112 St-32 Gulgasht Multan,JS Bank,Current,2024-10-05,85663
PK50-9335909501,A.Kakar,"House 210, Street 29, University Town, Peshawar",Meezan Bank,Savings,2019-07-04,87062
PK52-2028944639,Syed Faisal Afridi,"House 384, Street 30, Gulgasht, Multan",JS Bank,Foreign Currency,2019-11-09,56304
PK39-8793205440,Sardar Kashif Siddiqui,H#168 St-30 Cantt Multan,Askari Bank,Current,2019-12-26,1277496
PK18-2223665734,K.Siddiqui,"House 168, Street 30, Cantt, Multan",UBL,Savings,2021-06-30,3646751
PK73-6949650094,Junaid چوہدری,"House 347, Street 18, Cantt, Multan",Meezan Bank,Savings,2018-04-06,59140
PK25-5059831276,Rana Iqra Khan,H#393 St-13 E-11/2 Islamabad,MCB,Current,2019-04-26,207808
PK62-7685039320,فاطمہ قریشی,"House No. 166, Gali 36, University Town, Peshawar",Bank Alfalah,Foreign Currency,2020-12-06,188107
PK76-8161543272,Mubashir Kakar,"House No. 53, Gali 35, Madina Town, Faisalabad",JS Bank,Current,2018-07-21,4330282
PK15-2649898804,Mubashir Kakar,"House No. 53, Gali 35, Madina Town, Faisalabad",HBL,Savings,2019-11-15,5255006
PK37-7826006232,Mubashir Kakar,مکان 53 گلی 35 Madina Town Faisalabad,Allied Bank,Savings,2019-12-13,6725613
PK53-7312258096,Khalid Kazmi,"House No. 120, Gali 33, Gulgasht, Multan",Askari Bank,Savings,2018-05-12,6459312
PK47-1577469204,Khalid Kazmi,"House 120, Street 33, Gulgasht, Multan",Askari Bank,Foreign Currency,2023-09-23,4318715
PK70-6002381219,K. Kazmi,"House No. 120, Gali 33, Gulgasht, Multan",HBL,Current,2023-09-18,2651073
PK21-8373081324,Chaudhary Khalid Kazmi,"House 120, Street 33, Gulgasht, Multan",MCB,Foreign Currency,2018-11-22,5777835
PK28-4109656350,Mian Owais Janjua,"House No. 388, Gali 16, Shah Rukn-e-Alam, Multan",MCB,Savings,2022-12-03,153451
PK46-1644026728,Haris Abbasi,مکان 329 گلی 3 DHA Phase 6 کراچی,Allied Bank,Foreign Currency,2022-07-27,34523
PK96-5022623980,W.Bhatti,"House 267, Street 27, Cantt, Multan",JS Bank,Current,2024-05-11,219795
PK45-9613391044,N. Rizvi,"House 128, Street 15, B-17, Islamabad",Allied Bank,Savings,2025-12-05,86466
PK29-6259022104,K. Hashmi,مکان 27 گلی 10 F-8/3 اسلام آباد,UBL,Savings,2019-12-21,7370891
PK46-3206526901,Kamran Hashmi,H#27 St-10 F-8/3 Islamabad,JS Bank,Savings,2025-05-27,7137761
PK87-7750663755,Kamran Hashmi,"House No. 27, Gali 10, F-8/3, Islamabad",JS Bank,Savings,2023-12-07,3486280
PK53-7293892222,Kamran Hashmi,H#27 St-10 F-8/3 Islamabad,MCB,Current,2023-06-09,6963867
PK45-6104124384,Chaudhary Arsalan Kazmi,مکان 372 گلی 30 E-11/2 اسلام آباد,UBL,Savings,2019-03-23,1259166
PK75-1586225060,A. Kazmi,"House No. 372, Gali 30, E-11/2, Islamabad",UBL,Savings,2025-07-10,1839120
PK92-2956836319,Rana Faisal Cheema,H#101 St-10 Westridge Rawalpindi,HBL,Savings,2022-04-01,2417080
PK62-4078517828,F.Cheema,مکان 101 گلی 10 Westridge راولپنڈی,UBL,Savings,2023-03-16,4142490
PK88-1081309201,F. Cheema,"House 101, Street 10, Westridge, Rawalpindi",Allied Bank,Foreign Currency,2019-06-19,7975082
PK88-3333980957,N.Tarar,"House 197, Street 32, Gulshan-e-Iqbal, Karachi",Bank Alfalah,Foreign Currency,2018-05-26,33631
PK43-2097162402,Syed Luqman Gilani,"House No. 391, Gali 28, Bahria Phase 4, Rawalpindi",Askari Bank,Savings,2024-11-28,2386418
PK28-7757306859,Jawad Orakzai,"House No. 198, Gali 28, B-17, Islamabad",MCB,Foreign Currency,2024-09-22,41714
PK11-5689092159,L.Bukhari,مکان 7 گلی 8 Cantt Multan,Allied Bank,Savings,2025-09-27,3677317
PK34-5933468798,L.Bukhari,مکان 7 گلی 8 Cantt Multan,UBL,Foreign Currency,2019-05-17,5431539
PK64-6858134944,L.Bukhari,"House No. 7, Gali 8, Cantt, Multan",JS Bank,Foreign Currency,2021-06-23,7972594
PK99-6357078311,Sana Baig,"House 219, Street 17, DHA Phase 6, Karachi",HBL,Foreign Currency,2024-01-12,44887
PK65-7093598299,K. Niazi,"House 252, Street 1, F-8/3, Islamabad",Askari Bank,Current,2023-06-25,3623848
PK73-8218139009,K. Niazi,H#252 St-1 F-8/3 Islamabad,Askari Bank,Savings,2023-01-02,2131782
PK17-6079896627,Rida Sial,"House No. 192, Gali 12, Bahria Phase 4, Rawalpindi",Askari Bank,Current,2018-09-18,4033586
PK11-9675232918,Taimoor Gilani,"House No. 96, Gali 13, Hayatabad Phase 3, Peshawar",JS Bank,Savings,2025-08-17,47372
PK43-8242489259,Sardar Sufyan Afridi,"House 326, Street 11, Peoples Colony, Faisalabad",Allied Bank,Foreign Currency,2020-04-08,117298
PK55-1474636369,Ehsan ملک,مکان 245 گلی 32 Peoples Colony Faisalabad,JS Bank,Foreign Currency,2020-07-25,18012
PK40-2919117646,F. Bukhari,"House 50, Street 14, Hayatabad Phase 3, Peshawar",Allied Bank,Foreign Currency,2021-06-24,2430351
PK18-7591930784,Farah Bukhari,مکان 50 گلی 14 Hayatabad Phase 3 Peshawar,JS Bank,Savings,2025-06-24,1880236
PK79-5665853352,Sajid Hashmi,H#310 St-28 Gulshan-e-Iqbal Karachi,Allied Bank,Current,2020-04-28,53182
PK11-7417177670,F.Warraich,"House No. 183, Gali 22, Clifton Block 2, Karachi",Meezan Bank,Savings,2018-03-11,4758136
PK42-6073977131,Hassan Shirazi,H#144 St-16 G-13/1 Islamabad,Askari Bank,Savings,2021-04-09,1041901
PK61-2766838964,M. Afridi,مکان 9 گلی 24 University Town Peshawar,Bank Alfalah,Foreign Currency,2020-06-12,3942237
PK33-9338313064,محمد Afridi,"House No. 9, Gali 24, University Town, Peshawar",Meezan Bank,Savings,2023-05-23,1467409
PK88-9867575429,Chaudhary Farhan Sial,"House 376, Street 25, Clifton Block 2, Karachi",Bank Alfalah,Foreign Currency,2022-12-14,365073
PK95-4878660073,Rana Hussain Awan,مکان 155 گلی 36 Clifton Block 2 کراچی,Meezan Bank,Savings,2025-03-29,1181236
PK17-2246314947,Hussain Awan,"House No. 155, Gali 36, Clifton Block 2, Karachi",Allied Bank,Savings,2024-12-01,3361777
PK29-5091107475,Luqman Kakar,مکان 369 گلی 17 Johar Town لاہور,Allied Bank,Savings,2022-02-12,4679973
PK92-3127657677,L. Kakar,مکان 369 گلی 17 Johar Town لاہور,JS Bank,Current,2018-10-02,4677544
PK82-9251073459,Haji Luqman Kakar,"House No. 369, Gali 17, Johar Town, Lahore",Meezan Bank,Savings,2021-11-04,1628468
PK24-9148912159,J.Cheema,"House 295, Street 39, Hayatabad Phase 3, Peshawar",UBL,Savings,2022-06-01,3188119
PK12-8505823984,J.Cheema,H#295 St-39 HayatabadPhase3 Peshawar,MCB,Foreign Currency,2022-05-08,6949630
PK36-3028398754,Mian Zara Khattak,"House No. 224, Gali 15, Gulbahar, Peshawar",Bank Alfalah,Current,2021-10-06,81912
PK25-1451610222,E.Saddozai,"House 382, Street 8, Peoples Colony, Faisalabad",JS Bank,Foreign Currency,2023-10-08,56968
PK98-2482987463,M.Niazi,H#275 St-13 G-13/1 Islamabad,Bank Alfalah,Savings,2021-01-27,26563
PK12-7768284901,S. Wazir,مکان 114 گلی 7 D Ground Faisalabad,Askari Bank,Savings,2018-05-24,198447
PK46-5237202154,Chaudhary Shoaib Hashmi,"House No. 76, Gali 39, Shah Rukn-e-Alam, Multan",UBL,Savings,2024-07-25,289198
PK69-5152308991,Adnan Bangash,مکان 359 گلی 4 Bahria Phase 4 راولپنڈی,UBL,Foreign Currency,2024-03-08,48932
PK85-7987838805,Irfan Orakzai,"House 50, Street 9, Westridge, Rawalpindi",MCB,Savings,2024-09-10,164185
PK71-4542257079,A. Awan,H#150 St-10 NorthNazimabad Karachi,UBL,Savings,2020-12-16,1339027
PK35-7078720988,A. Awan,"House 150, Street 10, North Nazimabad, Karachi",HBL,Current,2018-05-10,6447454
PK52-4761925336,H.Kazmi,H#304 St-28 ShahRukn-e-Alam Multan,Bank Alfalah,Foreign Currency,2024-11-20,195693
PK70-9147520128,M. Niazi,مکان 89 گلی 25 Gulgasht Multan,Askari Bank,Current,2018-05-19,4226990
PK32-1141724501,Mustafa Niazi,مکان 89 گلی 25 Gulgasht Multan,Allied Bank,Savings,2024-04-20,3591256
PK77-3150099457,Syed Mustafa Niazi,مکان 89 گلی 25 Gulgasht Multan,HBL,Foreign Currency,2025-04-23,4475963
PK33-8015380149,Ahmed Siddiqui,"House No. 63, Gali 32, G-10/2, Islamabad",Askari Bank,Foreign Currency,2025-06-23,4278289
PK38-5934758784,Zafar Lodhi,"House 49, Street 38, Gulgasht, Multan",UBL,Savings,2018-05-22,5519462
PK23-9204838559,Z. Lodhi,مکان 49 گلی 38 Gulgasht Multan,MCB,Current,2023-06-05,2411806
PK96-8635381776,Z.Lodhi,"House No. 49, Gali 38, Gulgasht, Multan",JS Bank,Savings,2025-08-14,6730999
PK23-7466329458,Zafar Lodhi,مکان 49 گلی 38 Gulgasht Multan,HBL,Current,2022-11-22,5079308
PK76-7536660062,Syed Zeeshan Bhatti,"House 276, Street 12, B-17, Islamabad",HBL,Foreign Currency,2023-01-28,41312
PK49-7418562154,M.Chaudhry,"House 276, Street 8, D Ground, Faisalabad",UBL,Savings,2019-02-22,3037917
PK89-2837106543,Mian Mustafa Chaudhry,H#276 St-8 DGround Faisalabad,UBL,Current,2021-07-10,1386829
PK73-5057466666,M.Chaudhry,"House No. 276, Gali 8, D Ground, Faisalabad",MCB,Savings,2023-02-11,7528760
PK98-5335046382,Mustafa چوہدری,مکان 276 گلی 8 D Ground Faisalabad,Askari Bank,Savings,2022-09-06,2180952
PK68-8245294161,Ayesha Niazi,"House No. 88, Gali 28, Wapda Town, Lahore",UBL,Savings,2024-02-04,49465
PK86-7175536670,Z.Wazir,"House No. 72, Gali 37, Madina Town, Faisalabad",Meezan Bank,Savings,2024-12-30,6522120
PK82-3303837569,Zubair Wazir,مکان 72 گلی 37 Madina Town Faisalabad,Allied Bank,Current,2022-01-25,5963632
PK77-6082658671,Z.Wazir,"House No. 72, Gali 37, Madina Town, Faisalabad",UBL,Current,2023-12-07,5411891
PK10-4612216198,Haji Zubair Wazir,مکان 72 گلی 37 Madina Town Faisalabad,HBL,Foreign Currency,2019-03-15,5577986
PK15-3887336433,T. Orakzai,H#366 St-24 Cantt Multan,MCB,Foreign Currency,2021-09-14,41907
PK87-6284982699,R.Virk,مکان 127 گلی 5 G-13/1 اسلام آباد,UBL,Savings,2021-12-02,1422728
PK44-7846537992,Mian Rauf Virk,"House No. 127, Gali 5, G-13/1, Islamabad",MCB,Foreign Currency,2020-06-30,4082543
PK80-2310328864,Babar Afridi,H#171 St-18 I-8/4 Islamabad,Bank Alfalah,Current,2018-11-16,150843
PK64-1347422646,Khalid Qureshi,H#90 St-34 HayatabadPhase3 Peshawar,Bank Alfalah,Savings,2023-11-25,3423490
PK50-3442052225,K. Qureshi,مکان 90 گلی 34 Hayatabad Phase 3 Peshawar,MCB,Foreign Currency,2024-10-20,2394151
PK81-3578943772,Zafar Bukhari,H#5 St-33 ChaklalaScheme3 Rawalpindi,HBL,Savings,2021-01-20,2583978
PK74-4515471541,Z. Bukhari,مکان 5 گلی 33 Chaklala Scheme 3 راولپنڈی,HBL,Current,2018-03-27,2153030
PK65-2646992876,Bilal Durrani,مکان 363 گلی 16 Shah Rukn-e-Alam Multan,MCB,Savings,2025-05-17,1485468
PK71-6330030703,B. Durrani,"House 363, Street 16, Shah Rukn-e-Alam, Multan",JS Bank,Current,2019-02-23,3451809
PK41-4028150468,W.Kazmi,مکان 220 گلی 34 Gulberg III لاہور,Askari Bank,Current,2019-09-07,1023847
PK15-9368778101,S.Afridi,"House No. 374, Gali 16, G-10/2, Islamabad",Meezan Bank,Savings,2019-10-11,7515631
PK93-3041253600,S.Afridi,مکان 374 گلی 16 G-10/2 اسلام آباد,Meezan Bank,Current,2018-07-14,1757857
PK16-7149922987,A.Sial,مکان 375 گلی 9 Gulgasht Multan,Askari Bank,Savings,2025-02-19,58268
PK10-6182074366,L.Joiya,"House 90, Street 5, Bahria Phase 4, Rawalpindi",MCB,Current,2025-01-24,41972
PK65-2648560034,N. Dar,مکان 324 گلی 37 B-17 اسلام آباد,HBL,Current,2022-04-09,1120376
PK66-5582425501,A.Tarar,"House 4, Street 10, E-11/2, Islamabad",Askari Bank,Foreign Currency,2021-12-02,283596
PK72-7534638231,Qasim Ansari,H#56 St-29 MadinaTown Faisalabad,Askari Bank,Current,2024-10-22,6116188
PK79-9683886301,Mian Qasim Ansari,مکان 56 گلی 29 Madina Town Faisalabad,Allied Bank,Current,2018-06-24,3499366
PK91-3787389548,Q.Ansari,H#56 St-29 MadinaTown Faisalabad,UBL,Foreign Currency,2019-02-21,7450772
PK83-4856787606,Syed Waqas Wazir,مکان 341 گلی 18 Westridge راولپنڈی,Bank Alfalah,Savings,2022-12-15,3254577
PK10-4767153771,Waqas Wazir,"House 341, Street 18, Westridge, Rawalpindi",JS Bank,Current,2022-09-10,2619477
PK21-4568966831,عائشہ خان,مکان 122 گلی 4 Gulbahar Peshawar,Askari Bank,Foreign Currency,2021-08-10,1214835
PK58-8118481879,Malik Nadeem Orakzai,"House No. 102, Gali 31, Westridge, Rawalpindi",Bank Alfalah,Foreign Currency,2024-02-18,49719
PK86-5134081764,A. Yousafzai,"House No. 27, Gali 25, Satellite Town, Rawalpindi",Allied Bank,Savings,2024-12-13,5590467
PK96-7036343430,A. Yousafzai,مکان 27 گلی 25 Satellite Town راولپنڈی,Bank Alfalah,Foreign Currency,2020-10-27,2019616
PK18-8072209563,A.Yousafzai,"House No. 27, Gali 25, Satellite Town, Rawalpindi",MCB,Foreign Currency,2019-10-17,1281562
PK60-2248066311,Madiha Tarar,H#25 St-12 ChaklalaScheme3 Rawalpindi,Bank Alfalah,Savings,2025-06-01,3321804
PK59-9506268269,Madiha Tarar,مکان 25 گلی 12 Chaklala Scheme 3 راولپنڈی,UBL,Current,2020-05-31,4907972
PK46-6069532787,Madiha Tarar,"House No. 25, Gali 12, Chaklala Scheme 3, Rawalpindi",Allied Bank,Foreign Currency,2021-04-06,4268608
PK38-1514853911,M. Tarar,"House 25, Street 12, Chaklala Scheme 3, Rawalpindi",Allied Bank,Foreign Currency,2018-11-15,3819720
PK60-4613080653,Y. Lodhi,H#221 St-12 PeoplesColony Faisalabad,Meezan Bank,Foreign Currency,2019-12-06,135407
PK66-3251746711,F.Khan,H#395 St-9 Gulgasht Multan,Askari Bank,Foreign Currency,2023-06-29,64774
PK65-8920525363,Laiba Sandhu,"House No. 108, Gali 38, Chaklala Scheme 3, Rawalpindi",Bank Alfalah,Savings,2025-04-17,2412370
PK26-5369162098,Laiba Sandhu,H#108 St-38 ChaklalaScheme3 Rawalpindi,Askari Bank,Foreign Currency,2020-10-16,2147393
PK11-5751905849,Syed Laiba Sandhu,مکان 108 گلی 38 Chaklala Scheme 3 راولپنڈی,Allied Bank,Savings,2023-07-11,5141868
PK55-9035333714,Usman Bukhari,"House 99, Street 29, Cantt, Multan",UBL,Savings,2023-11-02,2897012
PK61-3381704652,Usman Bukhari,مکان 99 گلی 29 Cantt Multan,Allied Bank,Current,2020-04-15,1318875
PK43-1784561222,Syed Maryam Durrani,"House 66, Street 13, Satellite Town, Rawalpindi",Askari Bank,Savings,2019-11-12,53194
PK48-4205313546,T.Afridi,"House 224, Street 5, Cantt, Multan",Bank Alfalah,Current,2024-01-10,28310
PK74-3655540669,Syed Laiba Lodhi,"House No. 2, Gali 11, Bahria Phase 4, Rawalpindi",MCB,Foreign Currency,2018-04-24,4422104
PK23-9412214649,Rana Laiba Lodhi,مکان 2 گلی 11 Bahria Phase 4 راولپنڈی,UBL,Savings,2023-06-15,3613739
PK46-3755280440,Noor Naqvi,"House 113, Street 19, Gulberg III, Lahore",Askari Bank,Current,2024-09-04,194619
PK69-6703327143,Zubair Butt,"House No. 143, Gali 9, Cantt, Multan",Allied Bank,Savings,2022-04-29,4961846
PK39-5711580002,Z. Gill,"House 189, Street 21, Gulgasht, Multan",JS Bank,Current,2020-09-05,152166
PK93-8712337220,Atif شیخ,H#183 St-15 Cantt Multan,JS Bank,Savings,2023-07-03,2703763
PK17-2845211074,A.Sheikh,"House No. 183, Gali 15, Cantt, Multan",Meezan Bank,Savings,2023-09-09,3944687
PK84-6314754380,Noman Bukhari,مکان 80 گلی 29 Shah Rukn-e-Alam Multan,Meezan Bank,Savings,2022-01-30,29500
PK75-8626369261,Anas Ansari,مکان 91 گلی 13 DHA Phase 6 کراچی,Meezan Bank,Current,2019-09-25,195737
PK96-7519991151,W. Ansari,مکان 352 گلی 39 University Town Peshawar,Meezan Bank,Savings,2025-02-24,3262856
PK51-4859827867,A. Tareen,"House No. 23, Gali 9, Gulbahar, Peshawar",Meezan Bank,Foreign Currency,2023-05-02,58571
PK55-7443176831,احمد خان,"House 278, Street 22, Hayatabad Phase 3, Peshawar",Meezan Bank,Savings,2023-04-17,58182
PK28-7172162394,W. Niazi,"House 80, Street 16, Model Town, Lahore",HBL,Current,2022-12-26,1590377
PK74-9288765448,G. Chaudhry,"House No. 61, Gali 24, Madina Town, Faisalabad",HBL,Savings,2020-08-11,3604815
PK71-7031264565,G.Chaudhry,"House 61, Street 24, Madina Town, Faisalabad",Meezan Bank,Foreign Currency,2025-01-22,4121354
PK79-6240561281,Iqra Ansari,مکان 77 گلی 20 Shah Rukn-e-Alam Multan,MCB,Savings,2025-07-31,211302
PK55-4047493906,Bushra Sandhu,H#2 St-10 DHAPhase5 Lahore,Allied Bank,Savings,2019-07-22,4791407
PK59-5391859419,Kamran Siddiqui,H#373 St-18 MadinaTown Faisalabad,Meezan Bank,Foreign Currency,2019-07-17,304369
PK80-3185477114,P. Zaidi,"House 273, Street 35, North Nazimabad, Karachi",Askari Bank,Savings,2023-05-31,6321907
PK47-3683948044,Rana Pervez Zaidi,"House 273, Street 35, North Nazimabad, Karachi",Allied Bank,Foreign Currency,2019-06-08,1488393
PK40-4877263193,Pervez Zaidi,H#273 St-35 NorthNazimabad Karachi,UBL,Foreign Currency,2023-08-05,3192710
PK84-1201361667,P. Zaidi,مکان 273 گلی 35 North Nazimabad کراچی,Bank Alfalah,Foreign Currency,2018-08-30,2706700
PK32-4433771741,Malik Farhan Sandhu,مکان 151 گلی 30 Hayatabad Phase 3 Peshawar,Askari Bank,Savings,2022-11-29,210182
PK40-1957850969,B. Bukhari,مکان 305 گلی 11 E-11/2 اسلام آباد,JS Bank,Current,2024-09-13,121000
PK23-5727403576,Laiba Tareen,مکان 6 گلی 26 Bahria Phase 4 راولپنڈی,Meezan Bank,Savings,2022-05-09,2752178
PK42-1843039520,Laiba Tareen,H#6 St-26 BahriaPhase4 Rawalpindi,HBL,Savings,2023-09-30,2496218
PK76-7276145318,Danish Sial,مکان 48 گلی 34 Chaklala Scheme 3 راولپنڈی,Allied Bank,Savings,2019-09-15,7550242
PK27-7993146986,Danish Sial,"House No. 48, Gali 34, Chaklala Scheme 3, Rawalpindi",Allied Bank,Foreign Currency,2023-02-08,6783387
PK30-9791444571,Rana Danish Sial,H#48 St-34 ChaklalaScheme3 Rawalpindi,Askari Bank,Current,2024-03-19,6665493
PK65-2174222185,Rana Danish Sial,H#48 St-34 ChaklalaScheme3 Rawalpindi,MCB,Current,2019-02-24,6033997
PK10-6831373929,Rana Talha Saddozai,"House No. 40, Gali 30, D Ground, Faisalabad",Allied Bank,Savings,2018-07-19,180090
PK53-8598681388,Z. Qureshi,"House No. 306, Gali 1, F-8/3, Islamabad",Allied Bank,Foreign Currency,2025-10-18,38795
PK26-6120091963,Sajid Raja,"House No. 23, Gali 37, D Ground, Faisalabad",HBL,Foreign Currency,2019-07-30,200856
PK98-5586244176,احمد Gill,"House No. 204, Gali 33, University Town, Peshawar",Allied Bank,Current,2021-12-04,128006
PK90-6455074799,K.Mehsud,H#209 St-33 I-8/4 Islamabad,Meezan Bank,Foreign Currency,2023-06-25,3645474
PK87-1174972955,K. Mehsud,"House 209, Street 33, I-8/4, Islamabad",Meezan Bank,Foreign Currency,2022-10-27,7676818
PK44-3543145548,Kinza Mehsud,مکان 209 گلی 33 I-8/4 اسلام آباد,JS Bank,Current,2021-09-20,1291664
PK84-8191551240,K. Mehsud,"House 209, Street 33, I-8/4, Islamabad",HBL,Current,2019-12-11,5018552
PK16-4636824812,Mian Mahnoor Butt,مکان 78 گلی 30 Johar Town لاہور,Meezan Bank,Current,2023-04-07,59040
PK66-4618480385,R. Kakar,مکان 257 گلی 34 Cantt Multan,MCB,Savings,2023-01-28,41670
PK49-9425886910,Chaudhary Zubair Sandhu,"House 21, Street 25, Madina Town, Faisalabad",Allied Bank,Foreign Currency,2024-07-21,1568862
PK87-7651256953,Z. Sandhu,"House 21, Street 25, Madina Town, Faisalabad",Allied Bank,Savings,2019-10-29,4890645
PK28-4101869817,Zeeshan Khan,"House No. 281, Gali 6, Chaklala Scheme 3, Rawalpindi",JS Bank,Savings,2019-08-17,213293
PK68-6119321162,Waqas چوہدری,"House No. 187, Gali 23, Wapda Town, Lahore",HBL,Foreign Currency,2020-12-22,37603
PK11-1028701354,Y. Kayani,"House 333, Street 9, University Town, Peshawar",HBL,Savings,2024-05-08,173976
PK62-9663521367,Haji Nasir Tarar,H#349 St-9 Gulbahar Peshawar,HBL,Foreign Currency,2020-08-08,44197
PK66-7641834140,S.Gill,H#329 St-35 NorthNazimabad Karachi,MCB,Current,2020-12-29,2175778
PK99-6254681311,Salman Gill,"House No. 329, Gali 35, North Nazimabad, Karachi",MCB,Savings,2024-03-20,7107164
PK41-6701012079,Haris Warraich,مکان 163 گلی 22 DHA Phase 5 لاہور,JS Bank,Savings,2024-08-13,1373370
PK38-9899489724,Haris Warraich,"House 163, Street 22, DHA Phase 5, Lahore",HBL,Current,2024-01-30,6657131
PK55-2166292183,Sardar Haris Warraich,مکان 163 گلی 22 DHA Phase 5 لاہور,Bank Alfalah,Foreign Currency,2018-04-04,4124823
PK81-9958599912,H.Warraich,"House 163, Street 22, DHA Phase 5, Lahore",JS Bank,Savings,2023-06-04,3049920
PK12-6805184982,Ibrahim Sial,H#28 St-14 DHAPhase6 Karachi,Askari Bank,Savings,2023-05-06,5501802
PK27-1866209150,Haji Ibrahim Sial,"House No. 28, Gali 14, DHA Phase 6, Karachi",MCB,Current,2019-09-14,2325465
PK67-6989475184,I.Sial,مکان 28 گلی 14 DHA Phase 6 کراچی,JS Bank,Savings,2023-11-09,1306604
PK53-4693653224,K.Lodhi,"House 153, Street 29, Clifton Block 2, Karachi",Meezan Bank,Foreign Currency,2019-08-12,29151
PK98-2346039795,Sardar Bilal Raja,"House 386, Street 20, Gulshan-e-Iqbal, Karachi",MCB,Current,2018-10-01,2418836
PK58-7578636871,J.Mughal,"House No. 182, Gali 37, Shah Rukn-e-Alam, Multan",Allied Bank,Savings,2020-09-24,5585960
PK35-2957570544,J. Mughal,"House 182, Street 37, Shah Rukn-e-Alam, Multan",HBL,Foreign Currency,2025-01-21,5536010
PK66-2717630033,J. Mughal,"House 182, Street 37, Shah Rukn-e-Alam, Multan",HBL,Foreign Currency,2022-12-22,3730273
PK81-8733129984,Atif Wazir,مکان 381 گلی 21 Gulbahar Peshawar,Bank Alfalah,Current,2024-09-18,2416586
PK43-7178564185,A.Wazir,"House 381, Street 21, Gulbahar, Peshawar",Allied Bank,Foreign Currency,2024-06-30,2994168
PK27-9480112379,G. Gilani,H#187 St-2 I-8/4 Islamabad,JS Bank,Foreign Currency,2018-03-08,4105958
PK98-2957957846,G.Gilani,H#187 St-2 I-8/4 Islamabad,Allied Bank,Current,2024-12-09,4860095
PK87-8352490153,Obaid Tarar,"House No. 278, Gali 28, Gulberg III, Lahore",Bank Alfalah,Foreign Currency,2024-07-26,932007
PK41-4358871487,O.Tarar,مکان 278 گلی 28 Gulberg III لاہور,MCB,Foreign Currency,2022-03-22,2353487
PK45-9288826391,Sardar Saad Zaidi,"House 278, Street 28, Peoples Colony, Faisalabad",Allied Bank,Savings,2020-09-14,145063
PK93-6166460322,Z.Afridi,"House 342, Street 19, Clifton Block 2, Karachi",Askari Bank,Current,2022-04-22,1370033
PK60-1277364457,Zeeshan Afridi,مکان 342 گلی 19 Clifton Block 2 کراچی,JS Bank,Savings,2022-08-18,3709021
PK23-1098721284,Haris Rajput,"House No. 238, Gali 27, I-8/4, Islamabad",HBL,Current,2025-01-01,3587482
PK57-2626354479,Bushra Kayani,مکان 345 گلی 16 Model Town لاہور,Meezan Bank,Savings,2025-03-18,259893
PK14-5948165769,S. Saddozai,"House 172, Street 11, Madina Town, Faisalabad",HBL,Savings,2024-06-13,41248
PK66-2870381388,M.Khattak,"House 296, Street 28, Clifton Block 2, Karachi",Meezan Bank,Current,2025-04-18,52588
PK82-9410369396,Syed Waqas Sial,"House No. 364, Gali 9, Satellite Town, Rawalpindi",JS Bank,Current,2025-08-19,39532
PK56-1465710204,Waqas Bhatti,مکان 48 گلی 2 Satellite Town راولپنڈی,HBL,Foreign Currency,2022-04-09,2071894
PK97-9060368668,Waqas Bhatti,مکان 48 گلی 2 Satellite Town راولپنڈی,Bank Alfalah,Current,2025-03-09,5499145
PK46-4771073597,Syed Waqas Bhatti,"House No. 48, Gali 2, Satellite Town, Rawalpindi",Bank Alfalah,Savings,2019-02-27,4763725
PK27-5210552537,Waqas Bhatti,H#48 St-2 SatelliteTown Rawalpindi,UBL,Current,2022-09-28,7266400
PK85-4690044725,A. Virk,H#376 St-9 B-17 Islamabad,Askari Bank,Savings,2024-12-02,5633425
PK65-5283079251,Amna Virk,"House No. 376, Gali 9, B-17, Islamabad",Bank Alfalah,Foreign Currency,2019-04-10,5948734
PK97-7263787174,Amna Virk,"House No. 376, Gali 9, B-17, Islamabad",Bank Alfalah,Savings,2024-12-25,4257352
PK62-5986430518,Salman Chaudhry,H#107 St-26 Gulshan-e-Iqbal Karachi,MCB,Foreign Currency,2020-09-29,106728
PK69-2137577181,N.Mehsud,مکان 161 گلی 29 North Nazimabad کراچی,MCB,Foreign Currency,2021-12-01,56471
PK91-9197819064,Rabia Afridi,"House 61, Street 22, Peoples Colony, Faisalabad",MCB,Savings,2024-02-13,1347204
PK77-1405232689,Hamza Baig,H#275 St-2 PeoplesColony Faisalabad,Meezan Bank,Current,2025-11-25,29815
PK31-1710534515,R.Malik,"House 113, Street 6, Johar Town, Lahore",Askari Bank,Foreign Currency,2023-08-07,119954
PK12-9312780874,Haji Farhan Bangash,"House 151, Street 30, D Ground, Faisalabad",MCB,Current,2020-11-14,29892
PK22-3029177442,Jawad Afridi,H#231 St-11 HayatabadPhase3 Peshawar,MCB,Savings,2025-08-04,2122466
PK62-3064342077,Jawad Afridi,مکان 231 گلی 11 Hayatabad Phase 3 Peshawar,JS Bank,Savings,2019-07-29,3175292
PK28-5612971432,Rehan Wazir,مکان 75 گلی 21 Gulberg III لاہور,Bank Alfalah,Current,2023-09-27,261250
PK72-6537959820,Asad Zaidi,مکان 344 گلی 5 Wapda Town لاہور,JS Bank,Current,2022-07-26,25788
PK54-9879903229,H.Sheikh,"House No. 256, Gali 3, University Town, Peshawar",Meezan Bank,Foreign Currency,2022-05-08,4850145
PK13-6038368629,Syed Haris Sheikh,"House 256, Street 3, University Town, Peshawar",Bank Alfalah,Savings,2024-02-09,4636476
PK92-6991791538,A. Bukhari,"House No. 296, Gali 2, DHA Phase 6, Karachi",HBL,Current,2024-05-27,228461
PK16-7182259302,Hussain Rizvi,H#173 St-2 PeoplesColony Faisalabad,Allied Bank,Savings,2021-03-25,5123815
PK80-5157824739,H.Rizvi,"House No. 173, Gali 2, Peoples Colony, Faisalabad",Allied Bank,Savings,2025-11-14,2480689
PK15-8444543451,F. Warraich,H#397 St-21 G-13/1 Islamabad,JS Bank,Savings,2020-09-25,260442
PK20-1799638824,Anas Khattak,"House No. 317, Gali 7, I-8/4, Islamabad",Allied Bank,Savings,2018-02-28,205642
PK48-1987685194,عثمان Siddiqui,"House 39, Street 17, I-8/4, Islamabad",UBL,Current,2022-12-28,3411613
PK81-7693339035,U.Siddiqui,مکان 39 گلی 17 I-8/4 اسلام آباد,Bank Alfalah,Savings,2020-04-24,6570459
PK47-6336100405,U.Siddiqui,"House No. 39, Gali 17, I-8/4, Islamabad",Meezan Bank,Foreign Currency,2018-06-11,2861473
PK18-3915695621,عثمان Siddiqui,"House 39, Street 17, I-8/4, Islamabad",Meezan Bank,Savings,2022-06-22,7751845
PK87-1060512248,Hamza Awan,"House No. 386, Gali 38, Johar Town, Lahore",UBL,Current,2018-01-16,2347155
PK97-9597427540,Sardar Zafar Wazir,مکان 165 گلی 31 Gulshan-e-Iqbal کراچی,HBL,Savings,2018-04-08,2867302
PK67-2527070668,Zafar Wazir,"House 165, Street 31, Gulshan-e-Iqbal, Karachi",MCB,Savings,2022-01-03,7657447
PK86-1910099418,Zafar Wazir,"House 165, Street 31, Gulshan-e-Iqbal, Karachi",Askari Bank,Savings,2020-07-01,4495375
PK24-2141066996,Zafar Wazir,"House No. 165, Gali 31, Gulshan-e-Iqbal, Karachi",Meezan Bank,Foreign Currency,2020-10-02,6550212
PK60-2331806128,Malik Bushra Khattak,"House 356, Street 5, Cantt, Multan",Bank Alfalah,Current,2019-02-21,164216
PK74-6870460786,W. Virk,"House 54, Street 22, Westridge, Rawalpindi",MCB,Savings,2019-09-01,44905
PK15-2200279778,L. Khokhar,"House No. 259, Gali 7, Cantt, Multan",Bank Alfalah,Current,2019-07-08,51450
PK44-8237162052,F.Baig,H#97 St-5 UniversityTown Peshawar,Askari Bank,Savings,2022-01-30,89874
PK63-6543385557,Rashid Khokhar,مکان 57 گلی 16 B-17 اسلام آباد,JS Bank,Savings,2018-01-20,254080
PK32-5139979804,Ghulam Kayani,"House 44, Street 23, G-13/1, Islamabad",Askari Bank,Current,2020-10-19,3126210
PK29-8338142001,S.Shirazi,H#312 St-32 WapdaTown Lahore,MCB,Foreign Currency,2023-10-27,226381
PK79-5009562777,Chaudhary Nimra Orakzai,"House 201, Street 26, Shah Rukn-e-Alam, Multan",Askari Bank,Savings,2018-05-27,140604
PK26-2342097203,F. Afridi,H#148 St-1 WapdaTown Lahore,Bank Alfalah,Current,2023-02-26,7749899
PK68-4309508054,Farhan Afridi,"House 148, Street 1, Wapda Town, Lahore",JS Bank,Current,2018-05-28,6687231
PK64-9387818926,Rana Javeria Janjua,مکان 349 گلی 5 Chaklala Scheme 3 راولپنڈی,Allied Bank,Current,2021-03-10,69668
PK70-5142465999,Farah Rajput,H#11 St-12 Gulshan-e-Iqbal Karachi,Askari Bank,Savings,2021-12-07,28177
PK36-3616940396,I.Gill,"House 251, Street 16, Clifton Block 2, Karachi",Allied Bank,Current,2019-10-21,1135226
PK82-5487406104,D. Naqvi,"House 387, Street 10, Peoples Colony, Faisalabad",HBL,Current,2022-06-13,303629
PK88-3753566765,F.Rizvi,"House No. 130, Gali 24, Model Town, Lahore",Askari Bank,Current,2025-01-19,2818405
PK91-1485225786,Farhan Rizvi,H#130 St-24 ModelTown Lahore,Meezan Bank,Savings,2019-08-28,4735780
PK36-4037213055,F. Rizvi,H#130 St-24 ModelTown Lahore,Allied Bank,Savings,2023-02-21,6933366
PK51-8211819216,F. Rizvi,مکان 130 گلی 24 Model Town لاہور,Allied Bank,Savings,2025-02-25,3857632
PK52-2707868523,Chaudhary Anas Malik,مکان 185 گلی 14 Westridge راولپنڈی,Bank Alfalah,Savings,2023-01-23,154735
PK75-8420629641,S. Mehsud,H#270 St-12 MadinaTown Faisalabad,Bank Alfalah,Savings,2022-01-22,7129504
PK49-4551055296,Rana Saba Mehsud,H#270 St-12 MadinaTown Faisalabad,Allied Bank,Savings,2025-01-25,5363340
PK44-9524018018,Umar Butt,"House No. 360, Gali 22, D Ground, Faisalabad",Allied Bank,Current,2019-07-10,4896261
PK39-8219580299,Irfan Siddiqui,"House 351, Street 10, E-11/2, Islamabad",Askari Bank,Savings,2025-09-06,6569623
PK79-8448637663,Irfan Siddiqui,مکان 351 گلی 10 E-11/2 اسلام آباد,Meezan Bank,Savings,2023-08-08,5060048
PK89-7597746204,Syed Irfan Siddiqui,"House No. 351, Gali 10, E-11/2, Islamabad",UBL,Current,2019-06-20,1779345
PK90-5376703419,B.Hashmi,"House 221, Street 23, DHA Phase 5, Lahore",Allied Bank,Foreign Currency,2024-12-01,220117
PK95-2388201928,Ayesha Wazir,"House No. 80, Gali 6, Gulbahar, Peshawar",HBL,Savings,2025-01-05,5740037
PK91-2251225707,عائشہ Wazir,"House 80, Street 6, Gulbahar, Peshawar",UBL,Foreign Currency,2021-12-14,5020406
PK15-3886083990,Sardar Shoaib Butt,"House No. 128, Gali 25, Gulshan-e-Iqbal, Karachi",UBL,Savings,2018-07-12,48722
PK61-9080556898,O.Ansari,"House No. 348, Gali 21, Madina Town, Faisalabad",Bank Alfalah,Current,2025-06-08,189475
PK49-7297732094,Rana Javeria Bhatti,"House 365, Street 23, D Ground, Faisalabad",Bank Alfalah,Savings,2021-07-31,3510871
PK12-2270326193,J. Bhatti,"House 365, Street 23, D Ground, Faisalabad",MCB,Current,2020-02-26,4995372
PK13-4384410932,W.Malik,"House 393, Street 27, Peoples Colony, Faisalabad",HBL,Savings,2018-05-21,3165287
PK95-8561666201,W. Malik,مکان 393 گلی 27 Peoples Colony Faisalabad,Bank Alfalah,Current,2021-12-22,7828284
PK73-6831453548,Wajahat Malik,"House No. 393, Gali 27, Peoples Colony, Faisalabad",Askari Bank,Savings,2019-10-04,3673434
PK56-7226563601,N. Rizvi,مکان 28 گلی 26 Madina Town Faisalabad,Allied Bank,Savings,2021-04-15,60072
PK43-8408154885,U. Sheikh,مکان 139 گلی 7 G-10/2 اسلام آباد,Bank Alfalah,Savings,2022-11-04,1148214
PK72-1112735648,Chaudhary Babar Sheikh,مکان 300 گلی 33 B-17 اسلام آباد,UBL,Savings,2023-12-31,3741561
PK49-2726201919,B.Sheikh,"House No. 300, Gali 33, B-17, Islamabad",UBL,Foreign Currency,2020-02-16,3899138
PK48-3192295021,Malik Naveed Gondal,"House 80, Street 20, Gulgasht, Multan",JS Bank,Current,2019-06-10,5193482
PK73-4938266990,Naveed Gondal,"House 80, Street 20, Gulgasht, Multan",UBL,Foreign Currency,2025-08-12,1590013
PK78-5090882170,Sufyan Warraich,"House No. 154, Gali 26, G-10/2, Islamabad",HBL,Foreign Currency,2020-05-28,209608
PK12-2425510365,Chaudhary Bushra Yousafzai,H#75 St-2 E-11/2 Islamabad,Askari Bank,Savings,2023-05-05,897074
PK51-9039715810,Bushra Yousafzai,H#75 St-2 E-11/2 Islamabad,UBL,Current,2025-01-12,2275636
PK65-1437769519,زینب Baig,"House 149, Street 19, North Nazimabad, Karachi",Bank Alfalah,Foreign Currency,2025-03-31,3912238
PK24-5324032872,Z. Baig,"House No. 149, Gali 19, North Nazimabad, Karachi",MCB,Savings,2024-03-29,3912361
PK60-3496056465,Z. Baig,H#149 St-19 NorthNazimabad Karachi,Allied Bank,Foreign Currency,2019-01-14,3379195
PK85-4897930897,Kinza Qureshi,مکان 218 گلی 10 North Nazimabad کراچی,Askari Bank,Current,2025-09-29,4324252
PK39-4899311140,K.Qureshi,"House 218, Street 10, North Nazimabad, Karachi",UBL,Savings,2022-04-03,3565566
PK91-8802935783,Khadija Niazi,مکان 334 گلی 40 B-17 اسلام آباد,MCB,Savings,2021-10-23,1298284
PK41-6665879948,K.Niazi,"House 334, Street 40, B-17, Islamabad",HBL,Savings,2019-12-27,2736315
PK55-3564554753,U.Lodhi,"House 184, Street 33, F-8/3, Islamabad",Meezan Bank,Savings,2022-04-05,4806040
PK40-5842776346,U.Lodhi,مکان 184 گلی 33 F-8/3 اسلام آباد,UBL,Foreign Currency,2020-06-10,2734921
PK83-6216640516,Kamran Ansari,مکان 181 گلی 37 Cantt Multan,JS Bank,Foreign Currency,2020-01-11,66249
PK28-7047792319,Chaudhary Mubashir Warraich,"House 248, Street 25, B-17, Islamabad",Bank Alfalah,Current,2021-05-16,1741181
PK67-3356911372,Chaudhary Mubashir Warraich,"House 248, Street 25, B-17, Islamabad",Allied Bank,Foreign Currency,2020-07-07,3247519
PK82-3120902141,Shahzad Orakzai,"House 298, Street 23, Wapda Town, Lahore",Meezan Bank,Foreign Currency,2018-08-11,175519
PK72-1795321346,D. Qureshi,"House 256, Street 31, Cantt, Multan",Meezan Bank,Savings,2019-11-01,33917
PK24-3387158496,S.Tareen,"House 324, Street 2, Wapda Town, Lahore",Bank Alfalah,Savings,2023-08-26,1767849
PK21-9907688320,T. Gilani,"House No. 101, Gali 17, Peoples Colony, Faisalabad",Meezan Bank,Current,2021-10-17,142450
PK85-1842514670,Ibrahim Kakar,"House 175, Street 12, Clifton Block 2, Karachi",Allied Bank,Current,2020-06-14,2984599
PK57-5581060914,A.Gill,"House 287, Street 9, Wapda Town, Lahore",JS Bank,Savings,2025-10-15,94194
PK65-7716299996,Rabia راجہ,H#52 St-8 ChaklalaScheme3 Rawalpindi,Bank Alfalah,Savings,2024-12-13,4994628
PK57-3857831480,Shoaib Mirza,"House No. 200, Gali 23, University Town, Peshawar",Allied Bank,Foreign Currency,2020-07-28,1916539
PK89-1661033102,S. Yousafzai,مکان 205 گلی 40 Madina Town Faisalabad,Meezan Bank,Savings,2023-06-13,1207073
PK11-1264521860,Z. Malik,"House No. 216, Gali 17, I-8/4, Islamabad",Meezan Bank,Savings,2021-08-14,195935
PK75-6004895751,Syed Mehwish Raja,مکان 67 گلی 18 Madina Town Faisalabad,MCB,Savings,2024-12-18,2649599
PK28-8802762451,M. Raja,مکان 67 گلی 18 Madina Town Faisalabad,HBL,Foreign Currency,2025-10-29,4891856
PK67-8121176116,Farhan Sial,H#117 St-2 Gulshan-e-Iqbal Karachi,Bank Alfalah,Foreign Currency,2024-12-22,3831601
PK61-8250164395,Farhan Sial,مکان 117 گلی 2 Gulshan-e-Iqbal کراچی,Askari Bank,Current,2019-02-28,6670905
PK63-1232644413,Mian Farhan Sial,مکان 117 گلی 2 Gulshan-e-Iqbal کراچی,MCB,Savings,2024-12-06,2749826
PK49-3415381056,Farhan Sial,H#117 St-2 Gulshan-e-Iqbal Karachi,MCB,Savings,2022-01-28,3481718
PK71-2794100183,Sadia Rajput,H#393 St-25 E-11/2 Islamabad,JS Bank,Foreign Currency,2023-05-22,324911
PK11-8076931577,Danish Tarar,H#291 St-3 Gulgasht Multan,MCB,Current,2022-07-24,264125
PK94-2613413720,Chaudhary Bushra Chaudhry,مکان 279 گلی 14 I-8/4 اسلام آباد,UBL,Savings,2024-12-19,1442793
PK69-7268127167,B. Chaudhry,H#279 St-14 I-8/4 Islamabad,Allied Bank,Savings,2025-02-22,3179082
PK82-8761937547,B. Chaudhry,H#279 St-14 I-8/4 Islamabad,MCB,Savings,2025-08-14,1573493
PK41-8385677173,Bushra Chaudhry,مکان 279 گلی 14 I-8/4 اسلام آباد,Bank Alfalah,Savings,2020-09-23,6461882
PK38-8406952661,Zara Janjua,"House No. 164, Gali 35, Madina Town, Faisalabad",Allied Bank,Savings,2022-01-03,70697
PK52-2531270347,حسین Janjua,H#333 St-30 ShahRukn-e-Alam Multan,Askari Bank,Savings,2021-04-09,200718
PK68-9065538663,M.Raja,"House 313, Street 25, I-8/4, Islamabad",MCB,Current,2019-06-28,4790668
PK61-6358655777,M.Raja,"House No. 313, Gali 25, I-8/4, Islamabad",Allied Bank,Savings,2025-06-10,4708747
PK71-4871085503,A. Zaidi,مکان 274 گلی 30 Gulshan-e-Iqbal کراچی,MCB,Foreign Currency,2025-12-08,174015
PK55-4310045283,H.Yousafzai,"House No. 138, Gali 17, Gulberg III, Lahore",UBL,Savings,2022-09-08,4923087
PK62-2963459653,N. Ansari,"House 9, Street 29, North Nazimabad, Karachi",Bank Alfalah,Savings,2019-03-12,3297181
PK97-5454951478,Nadeem Ansari,"House 9, Street 29, North Nazimabad, Karachi",Meezan Bank,Savings,2025-05-01,3879305
PK88-1398496983,Rehan Tarar,"House 41, Street 18, G-13/1, Islamabad",MCB,Foreign Currency,2020-10-01,929510
PK75-4448837372,T. Mehsud,H#297 St-21 MadinaTown Faisalabad,UBL,Savings,2018-05-30,31928
PK78-8018792468,Sardar Kashif Malik,"House No. 277, Gali 3, Shah Rukn-e-Alam, Multan",Askari Bank,Current,2021-05-09,198673
PK28-9939366229,Fahad Kazmi,"House No. 105, Gali 21, F-8/3, Islamabad",Bank Alfalah,Savings,2021-09-17,3315967
PK20-6116463453,Fahad Kazmi,H#105 St-21 F-8/3 Islamabad,Bank Alfalah,Foreign Currency,2025-11-08,7434731
PK97-1985790309,Rashid Malik,مکان 185 گلی 22 Wapda Town لاہور,Bank Alfalah,Foreign Currency,2018-09-09,3017193
PK18-5846258933,R.Malik,"House No. 185, Gali 22, Wapda Town, Lahore",UBL,Current,2023-02-19,4903235
PK42-3972566953,R. Malik,"House No. 185, Gali 22, Wapda Town, Lahore",MCB,Foreign Currency,2021-07-31,1850007
PK61-2898947101,Rashid Malik,"House 185, Street 22, Wapda Town, Lahore",HBL,Current,2023-03-21,6501270
PK73-5086826242,عثمان Mirza,H#55 St-39 SatelliteTown Rawalpindi,UBL,Current,2025-08-19,50200
PK76-2400695875,D. Khokhar,"House 355, Street 16, DHA Phase 5, Lahore",HBL,Foreign Currency,2020-02-14,213716
PK46-4976076150,F. Sandhu,مکان 310 گلی 15 Shah Rukn-e-Alam Multan,Allied Bank,Current,2023-01-30,27279
PK13-5498378331,N.Tareen,"House No. 241, Gali 7, D Ground, Faisalabad",UBL,Foreign Currency,2021-08-27,4373768
PK81-2995062275,Nadeem Tareen,"House No. 241, Gali 7, D Ground, Faisalabad",MCB,Savings,2018-08-03,6896805
PK77-2690272481,فاطمہ Naqvi,مکان 182 گلی 9 North Nazimabad کراچی,UBL,Savings,2023-09-06,159857
PK33-6292607077,Ehsan Bukhari,"House 56, Street 3, D Ground, Faisalabad",Askari Bank,Current,2025-09-04,1605095
PK66-2896938438,E. Bukhari,"House No. 56, Gali 3, D Ground, Faisalabad",Allied Bank,Foreign Currency,2023-03-07,6300289
PK70-9294558957,Ehsan Bukhari,"House No. 56, Gali 3, D Ground, Faisalabad",MCB,Savings,2023-11-17,6145886
PK18-6425851033,Syed Zubair Tareen,H#376 St-12 DHAPhase6 Karachi,UBL,Savings,2020-03-30,65641
PK67-8111989110,M. Sandhu,"House No. 233, Gali 25, Gulgasht, Multan",HBL,Foreign Currency,2025-11-05,7717069
PK76-2616448429,M. Sandhu,H#233 St-25 Gulgasht Multan,Bank Alfalah,Foreign Currency,2020-11-30,4141268
PK73-8719808269,D. Niazi,"House 25, Street 37, Gulshan-e-Iqbal, Karachi",Allied Bank,Current,2025-04-05,301703
PK49-1701087341,S. Tareen,مکان 22 گلی 14 Bahria Phase 4 راولپنڈی,Askari Bank,Savings,2025-11-23,28595
PK82-7505087112,Nadeem Shirazi,"House No. 119, Gali 18, Hayatabad Phase 3, Peshawar",JS Bank,Current,2022-10-13,34263
PK47-2955296532,Hassan Shirazi,"House No. 276, Gali 13, G-13/1, Islamabad",HBL,Current,2023-06-11,195225
PK10-9641582068,Rida Joiya,H#233 St-19 PeoplesColony Faisalabad,MCB,Current,2025-03-25,3105126
PK49-2829880342,Rida Joiya,H#233 St-19 PeoplesColony Faisalabad,JS Bank,Foreign Currency,2019-07-15,3601672
PK98-7727242465,N.Lodhi,"House No. 60, Gali 23, Gulgasht, Multan",Meezan Bank,Savings,2022-10-20,252586
PK49-4492278817,Waseem Khokhar,H#263 St-5 Gulgasht Multan,Meezan Bank,Foreign Currency,2025-07-23,42332
PK62-3258904753,Chaudhary Saqib Baig,مکان 339 گلی 3 Gulbahar Peshawar,UBL,Current,2021-09-27,204765
PK73-4847412688,G.Baig,"House 78, Street 32, Model Town, Lahore",HBL,Savings,2024-10-25,129074
PK74-2041068369,S.Durrani,H#2 St-28 Cantt Multan,Meezan Bank,Savings,2019-06-17,260163
PK35-6296163414,Javeria Kayani,H#324 St-38 MadinaTown Faisalabad,Askari Bank,Savings,2021-11-05,1676857
PK97-3776214857,J.Kayani,"House 324, Street 38, Madina Town, Faisalabad",JS Bank,Savings,2018-12-09,7050272
PK42-9963014635,Javeria Kayani,H#324 St-38 MadinaTown Faisalabad,JS Bank,Current,2018-08-14,4274469
PK73-6606948557,Mian Irfan Tarar,"House 127, Street 28, Gulshan-e-Iqbal, Karachi",Allied Bank,Foreign Currency,2021-07-07,7118343
PK18-7737995173,I. Tarar,"House No. 127, Gali 28, Gulshan-e-Iqbal, Karachi",MCB,Savings,2021-02-07,6710112
PK28-8017155026,Irfan Tarar,"House No. 127, Gali 28, Gulshan-e-Iqbal, Karachi",UBL,Current,2022-01-16,5405057
PK35-5259779660,L. Awan,مکان 251 گلی 39 University Town Peshawar,Allied Bank,Savings,2022-02-02,157392
PK54-1437126290,Obaid شیخ,"House No. 134, Gali 21, Madina Town, Faisalabad",Askari Bank,Foreign Currency,2022-11-30,71743
PK80-6430258727,Sajid Hashmi,"House No. 174, Gali 3, Cantt, Multan",UBL,Current,2019-04-13,3118202
PK50-4424069766,S.Hashmi,H#174 St-3 Cantt Multan,HBL,Savings,2020-02-08,3313379
PK83-8800317201,Maryam Dar,مکان 57 گلی 40 Gulbahar Peshawar,Meezan Bank,Foreign Currency,2025-07-06,3490992
PK17-5806124391,A. Virk,مکان 171 گلی 23 B-17 اسلام آباد,HBL,Foreign Currency,2021-04-30,198411
PK43-8215697821,Waqas Rizvi,"House No. 149, Gali 11, DHA Phase 6, Karachi",Askari Bank,Savings,2021-05-12,4898244
PK26-3403280984,A. Butt,"House 387, Street 34, Hayatabad Phase 3, Peshawar",HBL,Savings,2023-04-05,195106
PK58-1184240553,M.Malik,"House 18, Street 18, Bahria Phase 4, Rawalpindi",Bank Alfalah,Savings,2024-11-19,35111
PK34-3656441249,T. Chaudhry,"House 370, Street 27, G-13/1, Islamabad",Allied Bank,Foreign Currency,2020-09-08,6931686
PK29-9617274256,T. Chaudhry,مکان 370 گلی 27 G-13/1 اسلام آباد,Askari Bank,Savings,2019-08-05,6544375
PK70-7827336210,T.Chaudhry,H#370 St-27 G-13/1 Islamabad,UBL,Current,2018-03-05,5422604
PK74-4541276342,Tariq Chaudhry,"House No. 370, Gali 27, G-13/1, Islamabad",UBL,Foreign Currency,2019-01-26,6178157
PK53-9788391300,Umar Shirazi,"House 166, Street 28, University Town, Peshawar",Bank Alfalah,Foreign Currency,2025-05-19,2590145
PK12-9998549229,U. Shirazi,"House No. 166, Gali 28, University Town, Peshawar",HBL,Foreign Currency,2021-02-19,2650280
PK27-1179588802,N.Khattak,مکان 193 گلی 19 Madina Town Faisalabad,UBL,Savings,2018-10-14,1317645
PK38-5269819374,T.Gondal,"House 204, Street 15, Peoples Colony, Faisalabad",Meezan Bank,Foreign Currency,2025-06-24,175422
PK34-9576864675,Syed Babar Abbasi,مکان 43 گلی 7 Gulbahar Peshawar,UBL,Savings,2020-06-26,1731830
PK45-2611452782,B.Abbasi,"House No. 43, Gali 7, Gulbahar, Peshawar",HBL,Foreign Currency,2025-09-25,4663378
PK17-4716193786,Chaudhary Babar Abbasi,H#43 St-7 Gulbahar Peshawar,UBL,Foreign Currency,2018-07-05,1309444
PK51-4916596333,B. Abbasi,"House No. 43, Gali 7, Gulbahar, Peshawar",Bank Alfalah,Current,2019-04-14,2602555
PK68-8261945662,Nasir Yousafzai,H#268 St-37 UniversityTown Peshawar,HBL,Savings,2023-03-14,2902538
PK94-9880308958,E.Abbasi,H#353 St-37 I-8/4 Islamabad,Meezan Bank,Savings,2024-11-24,1469436
PK52-5359575689,Sardar Ehsan Abbasi,H#353 St-37 I-8/4 Islamabad,Bank Alfalah,Savings,2025-05-11,3709398
PK24-9852227549,Zainab Hashmi,"House 165, Street 30, Johar Town, Lahore",MCB,Savings,2019-04-06,1548833
PK71-9802055837,K.Awan,"House 83, Street 34, Hayatabad Phase 3, Peshawar",Allied Bank,Savings,2019-10-13,23072
PK37-6074802395,H. Sial,"House No. 321, Gali 34, DHA Phase 6, Karachi",Askari Bank,Foreign Currency,2018-08-26,128193
PK19-2529144063,Rauf Mirza,"House 139, Street 34, Gulgasht, Multan",Meezan Bank,Savings,2019-12-26,3577973
PK79-5777543919,Rauf Mirza,"House No. 139, Gali 34, Gulgasht, Multan",JS Bank,Savings,2024-05-12,6947176
PK83-5335005127,R. Mirza,مکان 139 گلی 34 Gulgasht Multan,UBL,Savings,2025-05-21,7368441
PK30-7531004746,J.Naqvi,"House No. 6, Gali 21, Shah Rukn-e-Alam, Multan",Meezan Bank,Savings,2020-03-22,78140
PK18-7469607751,O.Orakzai,"House No. 356, Gali 7, Bahria Phase 4, Rawalpindi",UBL,Foreign Currency,2020-12-31,333392
PK78-5373997753,Rana Iqra Mughal,"House No. 326, Gali 36, I-8/4, Islamabad",MCB,Savings,2021-05-31,246346
PK63-8812457588,K.Durrani,"House 320, Street 26, Gulberg III, Lahore",Askari Bank,Savings,2019-09-15,2859232
PK99-8509611163,Khadija Durrani,"House 320, Street 26, Gulberg III, Lahore",Allied Bank,Savings,2025-07-12,5860659
PK45-9873005464,W. Ansari,"House 53, Street 9, Wapda Town, Lahore",UBL,Foreign Currency,2018-07-29,3025619
PK28-4739459349,Waseem Ansari,مکان 53 گلی 9 Wapda Town لاہور,Bank Alfalah,Savings,2022-08-18,4005146
PK80-1237963820,Mehwish Abbasi,مکان 244 گلی 1 Bahria Phase 4 راولپنڈی,Allied Bank,Foreign Currency,2025-09-15,3145499
PK24-8545738996,Qasim Wazir,"House 155, Street 33, Gulshan-e-Iqbal, Karachi",UBL,Savings,2023-12-03,49623
PK86-5313621495,Mian Ghulam Niazi,"House 163, Street 34, Gulbahar, Peshawar",Bank Alfalah,Savings,2019-03-17,47362
PK32-2829723089,Sardar Haris Joiya,"House No. 100, Gali 1, Wapda Town, Lahore",JS Bank,Current,2023-05-25,33180
PK63-4618424487,عائشہ خان,"House No. 18, Gali 18, Madina Town, Faisalabad",UBL,Savings,2025-10-02,5568648
PK89-6981154148,A.Khan,H#18 St-18 MadinaTown Faisalabad,UBL,Current,2018-06-22,4417781
PK45-3711823981,Amna Malik,"House No. 242, Gali 39, Gulbahar, Peshawar",Bank Alfalah,Savings,2020-08-08,4179614
PK49-5762556543,A. Malik,"House 242, Street 39, Gulbahar, Peshawar",Askari Bank,Foreign Currency,2021-11-30,1432467
PK81-2092804992,A. Malik,مکان 242 گلی 39 Gulbahar Peshawar,Bank Alfalah,Current,2019-07-26,2159774
PK79-4556137034,A.Malik,مکان 242 گلی 39 Gulbahar Peshawar,Meezan Bank,Savings,2020-02-04,6053336
PK47-7929979349,Hussain Sandhu,"House 366, Street 10, G-13/1, Islamabad",MCB,Foreign Currency,2022-10-04,30121
PK49-4950618467,Haji Imran Joiya,مکان 32 گلی 21 Gulgasht Multan,UBL,Savings,2021-05-12,5641701
PK64-4757520378,I. Joiya,"House No. 32, Gali 21, Gulgasht, Multan",Bank Alfalah,Current,2024-11-13,7535564
PK21-5579814495,I. Joiya,"House No. 32, Gali 21, Gulgasht, Multan",MCB,Current,2022-12-23,1503289
PK74-1243620737,Mian Imran Joiya,مکان 32 گلی 21 Gulgasht Multan,Allied Bank,Foreign Currency,2021-07-11,3369415
PK55-1411362371,B.Mehsud,H#364 St-11 UniversityTown Peshawar,JS Bank,Current,2025-11-26,44686
PK53-2217484313,W. Shirazi,H#89 St-1 Westridge Rawalpindi,Allied Bank,Foreign Currency,2024-07-18,136449
PK67-1938597893,R. Khokhar,H#47 St-12 G-10/2 Islamabad,Allied Bank,Current,2018-04-22,2194877
PK66-6945119037,Rabia Khokhar,"House 47, Street 12, G-10/2, Islamabad",MCB,Savings,2021-09-04,3003452
PK36-9537123690,R.Khokhar,"House 47, Street 12, G-10/2, Islamabad",HBL,Foreign Currency,2023-10-16,1706597
PK23-4358269563,Sardar Ahmed Dar,"House 236, Street 6, Shah Rukn-e-Alam, Multan",MCB,Savings,2023-12-25,21607
PK54-9359640318,O. Sheikh,H#92 St-18 Gulshan-e-Iqbal Karachi,HBL,Savings,2021-06-03,181216
PK77-8071953998,Sajid Baig,"House 133, Street 29, Chaklala Scheme 3, Rawalpindi",MCB,Savings,2021-10-08,2783213
PK47-5351223039,Uzma Naqvi,"House 19, Street 38, DHA Phase 6, Karachi",Meezan Bank,Foreign Currency,2023-08-12,2474305
PK87-6887507644,Sardar Uzma Naqvi,"House No. 19, Gali 38, DHA Phase 6, Karachi",Allied Bank,Savings,2020-06-20,1646713
PK27-2039143050,Rehan Khokhar,مکان 60 گلی 34 DHA Phase 5 لاہور,Askari Bank,Foreign Currency,2022-09-03,3248993
PK61-3072742714,Rana Rehan Khokhar,"House 60, Street 34, DHA Phase 5, Lahore",Allied Bank,Savings,2024-06-01,5650843
PK99-8121758250,B.Bukhari,H#360 St-7 I-8/4 Islamabad,Allied Bank,Current,2021-09-23,1183403
PK24-2851987342,Bushra Bukhari,H#360 St-7 I-8/4 Islamabad,JS Bank,Savings,2018-06-06,3058269
PK85-2987123316,Uzma قریشی,"House No. 157, Gali 11, Chaklala Scheme 3, Rawalpindi",UBL,Current,2020-01-26,3176728
PK65-2430065360,U.Qureshi,"House 157, Street 11, Chaklala Scheme 3, Rawalpindi",HBL,Foreign Currency,2023-08-08,1027584
PK55-2595605873,Haji Ubaid Bukhari,مکان 223 گلی 26 D Ground Faisalabad,JS Bank,Foreign Currency,2024-11-04,218629
PK27-7967080783,Zafar Mehsud,مکان 21 گلی 15 Gulshan-e-Iqbal کراچی,Askari Bank,Current,2018-07-28,61821
PK18-4760791024,Nasir Bukhari,"House No. 263, Gali 11, F-8/3, Islamabad",Allied Bank,Foreign Currency,2025-02-24,37421
PK15-5263140161,N. Awan,H#28 St-6 ShahRukn-e-Alam Multan,Allied Bank,Savings,2018-07-30,344167
PK39-4869751161,Sadia Mehsud,مکان 242 گلی 25 DHA Phase 6 کراچی,MCB,Current,2018-06-17,93958
PK50-1499171238,N.Kakar,"House 346, Street 28, Gulberg III, Lahore",HBL,Foreign Currency,2021-11-17,98495
PK75-9921815346,Shoaib Shirazi,"House 189, Street 24, Bahria Phase 4, Rawalpindi",JS Bank,Current,2023-07-29,3704928
PK63-6851935721,Rana Shoaib Shirazi,"House 189, Street 24, Bahria Phase 4, Rawalpindi",Askari Bank,Current,2023-11-02,4490521
PK16-6217827213,Chaudhary Shoaib Shirazi,H#189 St-24 BahriaPhase4 Rawalpindi,MCB,Current,2018-09-17,4900254
PK35-6845590975,S.Shirazi,"House 189, Street 24, Bahria Phase 4, Rawalpindi",Meezan Bank,Foreign Currency,2021-06-22,4733059
PK92-9461565676,U.Gondal,"House 97, Street 3, Westridge, Rawalpindi",JS Bank,Savings,2023-09-15,132614
PK56-8723160924,Q.Abbasi,"House 199, Street 31, Gulberg III, Lahore",Meezan Bank,Savings,2021-11-05,85239
PK75-3471561234,Haji Wajahat Raja,H#336 St-26 DHAPhase5 Lahore,JS Bank,Savings,2018-01-13,1213794
PK54-1388404442,Maryam Tareen,"House 77, Street 1, Clifton Block 2, Karachi",Allied Bank,Savings,2022-06-12,1098474
PK52-4308572652,M.Tareen,"House 77, Street 1, Clifton Block 2, Karachi",MCB,Savings,2025-04-17,2214688
PK28-4514316725,Rana Kashif Sial,"House No. 393, Gali 2, Gulberg III, Lahore",Bank Alfalah,Savings,2024-04-08,70611
PK61-6729278035,T.Bhatti,"House 306, Street 8, DHA Phase 5, Lahore",MCB,Current,2023-07-17,175641
PK71-7978336578,Tariq Rizvi,"House No. 373, Gali 10, F-8/3, Islamabad",Bank Alfalah,Savings,2022-11-20,50179
PK86-2414200939,Yasir Durrani,مکان 292 گلی 30 Gulbahar Peshawar,UBL,Current,2022-04-06,89163
PK22-2738818909,Malik Noor Khattak,مکان 222 گلی 8 Cantt Multan,JS Bank,Savings,2024-12-31,1486346
PK91-4171607211,Noor Khattak,"House No. 222, Gali 8, Cantt, Multan",Askari Bank,Savings,2023-09-15,6231585
PK66-1095039163,J. Sheikh,"House No. 243, Gali 14, Wapda Town, Lahore",MCB,Savings,2020-07-22,1085682
PK50-4202821007,Mian Javeria Sheikh,"House 243, Street 14, Wapda Town, Lahore",Allied Bank,Foreign Currency,2019-03-30,3520544
PK61-4990551965,Chaudhary Laiba Warraich,H#140 St-1 ChaklalaScheme3 Rawalpindi,JS Bank,Current,2023-12-23,5324404
PK37-4344835957,Laiba Warraich,"House 140, Street 1, Chaklala Scheme 3, Rawalpindi",HBL,Savings,2024-07-16,6999643
PK28-2120575081,Laiba Warraich,H#140 St-1 ChaklalaScheme3 Rawalpindi,Allied Bank,Current,2025-06-12,4134738
PK80-3646196296,Rana Laiba Warraich,"House No. 140, Gali 1, Chaklala Scheme 3, Rawalpindi",JS Bank,Foreign Currency,2021-03-08,7326565
PK19-4178630930,E.Cheema,مکان 228 گلی 10 Gulberg III لاہور,HBL,Current,2019-11-17,2517606
PK24-4716167176,Syed Ehsan Cheema,H#228 St-10 GulbergIII Lahore,HBL,Savings,2018-08-12,5398712
PK49-5822567012,E.Cheema,"House 228, Street 10, Gulberg III, Lahore",MCB,Current,2021-05-19,4368613
PK33-3664441464,E.Cheema,H#228 St-10 GulbergIII Lahore,Bank Alfalah,Current,2019-02-16,5943563
PK96-7681652474,Pervez Tareen,H#285 St-32 I-8/4 Islamabad,JS Bank,Foreign Currency,2024-05-05,2013882
PK13-8967632763,Malik Pervez Tareen,"House No. 285, Gali 32, I-8/4, Islamabad",Meezan Bank,Current,2023-05-05,7542015
PK13-5094128223,P.Tareen,مکان 285 گلی 32 I-8/4 اسلام آباد,MCB,Current,2025-01-22,6535295
PK52-9770348025,Z.Warraich,مکان 57 گلی 37 Bahria Phase 4 راولپنڈی,MCB,Current,2018-07-23,58874
PK61-4699829354,O. Gill,مکان 215 گلی 39 Hayatabad Phase 3 Peshawar,HBL,Foreign Currency,2019-06-26,181983
PK82-4675127536,Mian Nasir Mirza,"House 172, Street 30, G-13/1, Islamabad",UBL,Savings,2021-02-12,6044693
PK10-1422538170,Nasir Mirza,مکان 172 گلی 30 G-13/1 اسلام آباد,Allied Bank,Current,2019-07-17,3039010
PK19-5540600898,Malik Nasir Mirza,"House No. 172, Gali 30, G-13/1, Islamabad",Meezan Bank,Savings,2025-08-12,6954507
PK72-5538409433,Haji Umar Afridi,"House 115, Street 9, G-13/1, Islamabad",UBL,Savings,2020-09-30,7730486
PK12-8349612096,U.Afridi,"House 115, Street 9, G-13/1, Islamabad",MCB,Savings,2021-01-29,6726999
PK45-3285969304,U. Afridi,"House No. 115, Gali 9, G-13/1, Islamabad",MCB,Current,2018-06-18,1267317
PK79-6069164945,A. Bhatti,"House No. 86, Gali 37, Peoples Colony, Faisalabad",Askari Bank,Foreign Currency,2020-07-01,7374258
PK95-7433248715,A. Bhatti,"House 86, Street 37, Peoples Colony, Faisalabad",JS Bank,Savings,2025-10-25,3689425
PK72-5614370989,Sardar Atif Awan,"House No. 16, Gali 14, DHA Phase 5, Lahore",Allied Bank,Current,2022-03-08,2110622
PK97-2654379043,A. Awan,مکان 16 گلی 14 DHA Phase 5 لاہور,JS Bank,Foreign Currency,2024-03-25,3295384
PK65-6273987347,Rana Atif Awan,"House 16, Street 14, DHA Phase 5, Lahore",Askari Bank,Savings,2024-05-23,2561816
PK42-7071307934,A. Awan,"House 16, Street 14, DHA Phase 5, Lahore",Allied Bank,Foreign Currency,2019-08-23,4865864
PK76-1927615202,Saad Khokhar,مکان 57 گلی 39 D Ground Faisalabad,Bank Alfalah,Savings,2021-08-01,2828097
PK40-6086704432,S.Khokhar,"House 57, Street 39, D Ground, Faisalabad",Meezan Bank,Foreign Currency,2018-10-13,4620060
PK84-1947190733,Saad Khokhar,مکان 57 گلی 39 D Ground Faisalabad,MCB,Savings,2023-04-03,7894521
PK29-7584412133,N.Kakar,"House No. 205, Gali 33, I-8/4, Islamabad",UBL,Foreign Currency,2018-05-03,136815
PK28-4187003011,Chaudhary Noman Kayani,"House 329, Street 5, I-8/4, Islamabad",HBL,Savings,2025-07-07,217826
PK44-2076427164,B. Joiya,"House No. 291, Gali 18, Shah Rukn-e-Alam, Multan",Bank Alfalah,Foreign Currency,2019-07-23,4425117
PK39-1301797551,S. Sandhu,"House 366, Street 19, Madina Town, Faisalabad",HBL,Current,2019-03-06,2418566
PK52-9416630659,Shoaib Sandhu,مکان 366 گلی 19 Madina Town Faisalabad,Allied Bank,Current,2020-06-11,6233497
PK42-7067595775,Shoaib Sandhu,"House No. 366, Gali 19, Madina Town, Faisalabad",JS Bank,Foreign Currency,2020-04-05,2906675
PK92-8582008576,A. Saddozai,"House 66, Street 10, Gulbahar, Peshawar",Bank Alfalah,Foreign Currency,2024-03-22,5883808
PK10-5713526367,Adnan Saddozai,مکان 66 گلی 10 Gulbahar Peshawar,Allied Bank,Savings,2020-03-26,5292681
PK27-4302560463,Adnan Saddozai,"House 66, Street 10, Gulbahar, Peshawar",MCB,Savings,2022-05-29,6316181
PK94-5498128473,Adnan Saddozai,"House 66, Street 10, Gulbahar, Peshawar",JS Bank,Current,2023-03-18,3301358
PK36-1799975108,K. Niazi,"House No. 133, Gali 24, Satellite Town, Rawalpindi",JS Bank,Current,2018-06-18,7819475
PK55-8584295733,K.Niazi,"House 133, Street 24, Satellite Town, Rawalpindi",Allied Bank,Foreign Currency,2025-05-20,1614369
PK36-8288021818,K.Niazi,"House 133, Street 24, Satellite Town, Rawalpindi",UBL,Current,2024-06-28,4593039
PK87-7864842840,K. Niazi,"House No. 133, Gali 24, Satellite Town, Rawalpindi",MCB,Current,2021-02-09,6492385
PK55-3945223088,Uzma Abbasi,"House No. 161, Gali 34, D Ground, Faisalabad",Allied Bank,Current,2019-07-26,353732
PK78-2405491983,Saad Rajput,"House No. 343, Gali 5, Clifton Block 2, Karachi",Allied Bank,Savings,2021-02-07,145888
PK45-1793504965,L. Kakar,"House No. 333, Gali 13, Cantt, Multan",UBL,Savings,2019-08-21,22811
PK67-7847510530,Hina Gondal,"House 187, Street 3, Cantt, Multan",HBL,Savings,2019-06-17,73231
PK55-1379142545,I. Joiya,H#127 St-16 DGround Faisalabad,Askari Bank,Current,2019-01-14,6783054
PK72-2805361609,I.Joiya,مکان 127 گلی 16 D Ground Faisalabad,JS Bank,Savings,2019-10-21,5756516
PK79-1969338124,H. Rajput,H#43 St-31 E-11/2 Islamabad,Allied Bank,Current,2020-09-04,4291525
PK33-9329041142,Sardar Ahmed Bukhari,"House 369, Street 29, Clifton Block 2, Karachi",Meezan Bank,Current,2022-11-03,253004
PK76-4180593376,E.Lodhi,"House No. 258, Gali 20, Gulgasht, Multan",JS Bank,Foreign Currency,2025-03-21,309093
PK22-3600813794,Y.Hashmi,"House No. 34, Gali 28, Bahria Phase 4, Rawalpindi",Allied Bank,Savings,2019-01-03,4899967
PK37-9727086774,Yousuf Hashmi,"House No. 34, Gali 28, Bahria Phase 4, Rawalpindi",UBL,Current,2025-04-10,3233564
PK13-1164617306,Yousuf Hashmi,"House No. 34, Gali 28, Bahria Phase 4, Rawalpindi",UBL,Current,2020-11-04,3110853
PK42-4391763299,Sardar Yousuf Hashmi,H#34 St-28 BahriaPhase4 Rawalpindi,Bank Alfalah,Savings,2018-10-05,7954185
PK50-9155695058,Umar Kakar,H#110 St-20 F-8/3 Islamabad,HBL,Current,2021-03-29,3985771
PK94-8865007110,Rana Mubashir Yousafzai,مکان 166 گلی 11 Bahria Phase 4 راولپنڈی,Allied Bank,Savings,2023-12-06,2859681
PK15-6830727878,M. Yousafzai,"House No. 166, Gali 11, Bahria Phase 4, Rawalpindi",MCB,Savings,2021-06-08,1300700
PK63-1876851791,B. Durrani,مکان 231 گلی 20 Gulberg III لاہور,HBL,Foreign Currency,2020-03-05,270748
PK58-9415610772,Imran Tarar,مکان 234 گلی 18 Johar Town لاہور,Meezan Bank,Foreign Currency,2018-10-20,7798600
PK94-3229749643,عمران Tarar,مکان 234 گلی 18 Johar Town لاہور,Askari Bank,Foreign Currency,2023-04-10,2930320
PK19-1319622663,عمران Tarar,H#234 St-18 JoharTown Lahore,Meezan Bank,Savings,2018-02-13,5097960
PK90-6069548959,I.Tarar,H#234 St-18 JoharTown Lahore,UBL,Foreign Currency,2024-10-09,5000412
PK33-4770567330,Hassan Bhatti,H#167 St-36 NorthNazimabad Karachi,JS Bank,Savings,2024-10-09,4309213
PK46-1751401016,H.Bhatti,مکان 167 گلی 36 North Nazimabad کراچی,JS Bank,Savings,2020-03-28,4394301
PK19-2001273147,Asad چوہدری,"House 167, Street 31, Bahria Phase 4, Rawalpindi",Askari Bank,Savings,2018-06-11,302939
PK59-2457092595,Yasir Lodhi,"House No. 193, Gali 4, D Ground, Faisalabad",Askari Bank,Savings,2022-01-14,3901958
PK79-5176211663,I.Siddiqui,"House No. 384, Gali 5, DHA Phase 6, Karachi",MCB,Current,2025-05-05,6295782
PK72-7307176282,Irfan Siddiqui,مکان 384 گلی 5 DHA Phase 6 کراچی,JS Bank,Foreign Currency,2023-09-18,7265147
PK26-2570712518,Irfan Siddiqui,"House 384, Street 5, DHA Phase 6, Karachi",Askari Bank,Savings,2025-04-19,3769815
PK38-7344309708,N.Raja,"House 168, Street 37, DHA Phase 6, Karachi",JS Bank,Foreign Currency,2024-01-25,6091920
PK36-9571655871,Nadia راجہ,مکان 168 گلی 37 DHA Phase 6 کراچی,Allied Bank,Foreign Currency,2025-11-16,5796763
PK99-4586933039,Nadia راجہ,"House No. 168, Gali 37, DHA Phase 6, Karachi",HBL,Foreign Currency,2020-10-19,4528361
PK29-8789575773,K. Bangash,"House 185, Street 29, Shah Rukn-e-Alam, Multan",Allied Bank,Foreign Currency,2024-07-30,183694
PK45-9456677210,Babar Baig,"House No. 133, Gali 17, Gulgasht, Multan",HBL,Savings,2018-12-24,1553525
PK76-3178673759,Syed Babar Baig,"House 133, Street 17, Gulgasht, Multan",MCB,Current,2025-04-20,4326795
PK93-3006759541,Sardar Babar Baig,"House 133, Street 17, Gulgasht, Multan",UBL,Savings,2019-03-11,6735453
PK75-7727129970,Babar Baig,مکان 133 گلی 17 Gulgasht Multan,JS Bank,Savings,2019-03-18,4805433
PK89-5913421032,M.Sheikh,مکان 31 گلی 33 Gulbahar Peshawar,Bank Alfalah,Savings,2019-05-24,36822
PK25-2872470641,Haji Maryam Hashmi,"House 171, Street 5, Wapda Town, Lahore",HBL,Foreign Currency,2021-08-01,56483
PK38-1161839825,Waqas Kazmi,مکان 294 گلی 30 Hayatabad Phase 3 Peshawar,Allied Bank,Savings,2021-02-15,4581394
PK48-3324349961,Waqas Kazmi,"House 294, Street 30, Hayatabad Phase 3, Peshawar",Bank Alfalah,Savings,2018-03-10,2745723
PK54-6975306634,Wajahat Joiya,"House 334, Street 22, Cantt, Multan",Meezan Bank,Foreign Currency,2018-02-09,1193595
PK16-2614196675,A. Baig,H#106 St-20 HayatabadPhase3 Peshawar,Askari Bank,Current,2020-02-06,4350427
PK43-1835866152,A.Baig,"House No. 106, Gali 20, Hayatabad Phase 3, Peshawar",Allied Bank,Foreign Currency,2023-09-05,3326553
PK78-6939404805,Danish Dar,"House 14, Street 9, University Town, Peshawar",Allied Bank,Savings,2024-08-18,3326688
PK71-5108936996,Danish Dar,H#14 St-9 UniversityTown Peshawar,Meezan Bank,Savings,2018-09-22,3925931
PK63-8031826235,Saad Kazmi,"House 265, Street 8, D Ground, Faisalabad",Askari Bank,Current,2019-07-02,3335952
PK34-9121002893,Saad Kazmi,"House 265, Street 8, D Ground, Faisalabad",MCB,Foreign Currency,2020-04-17,7299895
PK86-4259968558,Saad Kazmi,"House 265, Street 8, D Ground, Faisalabad",Askari Bank,Savings,2023-11-02,2925621
PK53-7070400531,Haji Pervez Baig,مکان 260 گلی 24 Satellite Town راولپنڈی,Bank Alfalah,Savings,2018-05-10,28554
PK38-8636946933,Muhammad Virk,H#205 St-7 UniversityTown Peshawar,HBL,Savings,2023-08-27,4499873
PK43-1253777066,محمد Virk,"House No. 205, Gali 7, University Town, Peshawar",Bank Alfalah,Savings,2019-10-31,1985879
PK93-4981221294,Mubashir Gondal,مکان 334 گلی 25 Cantt Multan,Meezan Bank,Savings,2023-10-20,5342338
PK82-7018275482,M.Gondal,"House No. 334, Gali 25, Cantt, Multan",Allied Bank,Savings,2020-12-23,5024986
PK62-4492006273,Malik Rashid Janjua,"House No. 66, Gali 34, Satellite Town, Rawalpindi",Meezan Bank,Savings,2023-04-15,190651
PK20-9127225414,B.Mirza,مکان 213 گلی 11 Wapda Town لاہور,Askari Bank,Foreign Currency,2025-01-22,67609
PK69-6939914887,Talha Sandhu,"House 16, Street 32, F-8/3, Islamabad",HBL,Savings,2023-01-11,199829
PK64-9053094347,N.Bhatti,"House No. 170, Gali 2, G-10/2, Islamabad",Bank Alfalah,Foreign Currency,2025-05-26,289404
PK77-6998119289,Iqra Durrani,"House No. 81, Gali 7, Peoples Colony, Faisalabad",JS Bank,Savings,2024-03-07,1048836
PK25-5910632829,Fahad Rajput,"House 275, Street 29, North Nazimabad, Karachi",Allied Bank,Savings,2025-07-10,3881325
PK99-3299857639,Sardar Fahad Rajput,مکان 275 گلی 29 North Nazimabad کراچی,JS Bank,Savings,2019-03-24,4999344
PK35-7608075864,S. Bhatti,H#188 St-40 Gulgasht Multan,Bank Alfalah,Foreign Currency,2024-09-09,55053
PK75-2178659503,Y.Gondal,H#374 St-20 JoharTown Lahore,Bank Alfalah,Savings,2022-11-14,4840643
PK53-1544121269,Sardar Yasir Gondal,مکان 374 گلی 20 Johar Town لاہور,JS Bank,Current,2018-03-06,4715505
PK38-8376960013,Sardar Talha Khan,"House No. 122, Gali 11, Satellite Town, Rawalpindi",Bank Alfalah,Savings,2022-12-23,2901410
PK90-7858068141,Syed Talha Khan,"House 122, Street 11, Satellite Town, Rawalpindi",Askari Bank,Foreign Currency,2019-01-21,2853320
PK85-2651730873,Syed Umar Afridi,H#208 St-29 Gulbahar Peshawar,Askari Bank,Savings,2024-06-17,830543
PK57-8167553340,U.Afridi,"House 208, Street 29, Gulbahar, Peshawar",UBL,Foreign Currency,2019-11-11,3251899
PK30-6160216389,B.Qureshi,"House 391, Street 34, Shah Rukn-e-Alam, Multan",UBL,Current,2022-09-13,4212389
PK16-3419948195,Bushra قریشی,"House 391, Street 34, Shah Rukn-e-Alam, Multan",Askari Bank,Savings,2019-02-07,3883432
PK27-4982528904,Bushra Qureshi,H#391 St-34 ShahRukn-e-Alam Multan,JS Bank,Savings,2018-01-05,4140056
PK24-4395135372,Z. Gondal,مکان 62 گلی 36 Clifton Block 2 کراچی,MCB,Current,2020-12-22,1502527
PK42-3067425162,Tariq Kazmi,"House 262, Street 13, Westridge, Rawalpindi",JS Bank,Savings,2025-05-15,7585532
PK82-2640711603,Tariq Kazmi,"House 262, Street 13, Westridge, Rawalpindi",UBL,Current,2023-02-20,3195359
PK65-1655966418,T.Kazmi,"House No. 262, Gali 13, Westridge, Rawalpindi",Allied Bank,Foreign Currency,2023-03-05,6507826
PK31-1197627375,T.Kazmi,مکان 262 گلی 13 Westridge راولپنڈی,Meezan Bank,Current,2019-09-20,2122334
PK43-5667878326,Sardar Rabia Naqvi,"House No. 273, Gali 24, Peoples Colony, Faisalabad",JS Bank,Savings,2024-03-23,126063
PK80-2156110378,Hafsa Mughal,"House 317, Street 15, Gulgasht, Multan",JS Bank,Savings,2024-01-04,202417
PK76-9167759794,Mansoor Mughal,مکان 201 گلی 38 Shah Rukn-e-Alam Multan,JS Bank,Foreign Currency,2020-10-15,148599
PK70-5436384177,Rana Naveed Warraich,"House 379, Street 38, B-17, Islamabad",Meezan Bank,Foreign Currency,2019-01-09,5112889
PK19-7853485290,N. Warraich,"House No. 379, Gali 38, B-17, Islamabad",JS Bank,Foreign Currency,2022-07-30,5691004
PK50-5328412844,N. Warraich,"House No. 379, Gali 38, B-17, Islamabad",JS Bank,Savings,2022-12-03,6919026
PK47-2405643497,Naveed Warraich,"House 379, Street 38, B-17, Islamabad",Allied Bank,Savings,2021-10-24,3309938
PK70-1576505575,Malik Ahmed Afridi,H#160 St-34 G-13/1 Islamabad,MCB,Savings,2024-02-13,3015206
PK29-6727794924,Syed Ahmed Afridi,"House No. 160, Gali 34, G-13/1, Islamabad",Askari Bank,Foreign Currency,2020-03-22,6332083
PK62-4384918000,احمد Afridi,H#160 St-34 G-13/1 Islamabad,Allied Bank,Savings,2020-03-24,5243523
PK41-8495246265,احمد Afridi,"House 160, Street 34, G-13/1, Islamabad",Allied Bank,Current,2023-08-18,5226790
PK30-7795499126,Haji Zainab Saddozai,"House 79, Street 5, Madina Town, Faisalabad",Meezan Bank,Savings,2025-01-20,28590
PK13-6448472160,Arsalan Wazir,H#216 St-4 NorthNazimabad Karachi,MCB,Savings,2023-07-11,4273135
PK45-1348139671,A.Wazir,مکان 216 گلی 4 North Nazimabad کراچی,Askari Bank,Savings,2021-10-27,2111916
PK60-2857648847,Haji Arsalan Wazir,"House 216, Street 4, North Nazimabad, Karachi",UBL,Foreign Currency,2023-03-08,1567364
PK58-1557379177,Farah Kayani,H#7 St-7 DHAPhase5 Lahore,Bank Alfalah,Savings,2024-04-01,5022874
PK35-4826479754,Farah Kayani,"House No. 7, Gali 7, DHA Phase 5, Lahore",Askari Bank,Current,2022-12-23,1330868
PK83-4971358521,F.Kayani,"House No. 7, Gali 7, DHA Phase 5, Lahore",Meezan Bank,Foreign Currency,2025-03-08,4122972
PK79-2872893782,A. Kakar,H#250 St-36 Gulbahar Peshawar,Meezan Bank,Foreign Currency,2023-07-10,3878744
PK33-2394325232,Mian Ubaid Orakzai,"House No. 394, Gali 11, Shah Rukn-e-Alam, Multan",Meezan Bank,Current,2023-08-09,2651664
PK35-9010283373,S. Hashmi,مکان 171 گلی 23 Hayatabad Phase 3 Peshawar,Allied Bank,Current,2024-06-22,28398
PK83-3401599398,Chaudhary Ayesha Orakzai,مکان 152 گلی 36 Gulgasht Multan,JS Bank,Savings,2024-02-23,4999940
PK65-9833017395,Ayesha Orakzai,"House 152, Street 36, Gulgasht, Multan",MCB,Savings,2020-09-18,4251835
PK14-5124011954,A. Orakzai,"House 152, Street 36, Gulgasht, Multan",Allied Bank,Foreign Currency,2020-03-11,6333955
PK13-8708421580,Ayesha Orakzai,H#152 St-36 Gulgasht Multan,Bank Alfalah,Savings,2018-12-15,4688643
PK36-8828880201,S.Bangash,مکان 208 گلی 17 D Ground Faisalabad,Bank Alfalah,Savings,2022-04-07,241877
PK41-3107629753,Asad Saddozai,مکان 315 گلی 37 University Town Peshawar,Askari Bank,Foreign Currency,2024-10-26,24726
PK81-1301983878,Sadia Abbasi,"House No. 14, Gali 32, Shah Rukn-e-Alam, Multan",Bank Alfalah,Foreign Currency,2025-01-06,2880837
PK87-8125799633,Mian Sadia Abbasi,"House No. 14, Gali 32, Shah Rukn-e-Alam, Multan",Allied Bank,Savings,2018-10-04,4470402
PK51-4098778503,Syed Rashid Khan,"House 11, Street 40, Johar Town, Lahore",Bank Alfalah,Savings,2020-08-09,2629313
PK75-1849785476,Rashid خان,H#11 St-40 JoharTown Lahore,Bank Alfalah,Savings,2021-02-17,4129509
PK14-2967767888,Umar Tarar,"House No. 322, Gali 37, Westridge, Rawalpindi",Allied Bank,Savings,2019-08-29,4991570
PK32-5551344695,Sardar Arsalan Bhatti,"House No. 40, Gali 9, Madina Town, Faisalabad",JS Bank,Savings,2025-05-10,57719
PK42-7565609083,Lubna Rajput,H#54 St-39 MadinaTown Faisalabad,JS Bank,Foreign Currency,2019-09-12,89032
PK85-4469755877,Ubaid Yousafzai,"House No. 303, Gali 28, North Nazimabad, Karachi",JS Bank,Savings,2018-02-11,925241
PK42-2721552984,Haji Rauf Bangash,"House 203, Street 14, Hayatabad Phase 3, Peshawar",MCB,Current,2025-08-01,342031
PK31-2533748666,Haji Hamza Kakar,"House 33, Street 34, G-13/1, Islamabad",Allied Bank,Current,2019-01-22,32538
PK93-2185593509,T.Malik,H#374 St-8 ShahRukn-e-Alam Multan,Allied Bank,Current,2022-03-17,3855624
PK82-5430636121,Luqman Tarar,مکان 71 گلی 22 North Nazimabad کراچی,MCB,Savings,2020-06-17,221529
PK80-1099578958,K.Hashmi,H#134 St-26 F-8/3 Islamabad,JS Bank,Foreign Currency,2019-11-24,1349471
PK46-5822622383,Kashif Hashmi,"House 134, Street 26, F-8/3, Islamabad",HBL,Savings,2021-07-11,2717643
PK73-8667533866,K. Hashmi,مکان 134 گلی 26 F-8/3 اسلام آباد,Meezan Bank,Savings,2018-01-20,1342610
PK26-9141673027,Z.Naqvi,"House 311, Street 4, DHA Phase 5, Lahore",MCB,Savings,2024-09-26,56072
PK35-4932451314,Haji Muhammad Bhatti,مکان 15 گلی 37 Gulshan-e-Iqbal کراچی,HBL,Savings,2019-01-18,243298
PK40-5910708948,Talha Rizvi,مکان 50 گلی 10 Chaklala Scheme 3 راولپنڈی,HBL,Current,2022-08-25,7397868
PK99-6442831870,T.Rizvi,H#50 St-10 ChaklalaScheme3 Rawalpindi,MCB,Savings,2018-12-21,5530203
PK68-3890936026,Talha Rizvi,"House No. 50, Gali 10, Chaklala Scheme 3, Rawalpindi",MCB,Foreign Currency,2022-06-14,3382183
PK34-4895023089,عائشہ Abbasi,مکان 16 گلی 40 University Town Peshawar,UBL,Savings,2020-07-19,22127
PK10-4788627693,Mustafa Baig,"House 22, Street 23, University Town, Peshawar",Meezan Bank,Savings,2021-01-06,155480
PK47-6880440956,H.Mirza,"House 207, Street 28, Shah Rukn-e-Alam, Multan",JS Bank,Foreign Currency,2018-05-29,2053403
PK78-6029960206,O. Bukhari,"House 278, Street 12, Gulgasht, Multan",HBL,Savings,2020-12-24,228420
PK77-7121176085,L. Baig,"House 27, Street 28, Wapda Town, Lahore",HBL,Savings,2020-03-12,70361
PK44-6283197469,Rehan Qureshi,"House No. 114, Gali 21, DHA Phase 6, Karachi",Bank Alfalah,Current,2022-07-06,3506610
PK51-9575945707,Rehan قریشی,"House 114, Street 21, DHA Phase 6, Karachi",JS Bank,Foreign Currency,2024-09-12,2349011
PK75-9026680532,Syed Saad Virk,"House No. 191, Gali 26, Hayatabad Phase 3, Peshawar",JS Bank,Current,2018-12-31,197366
PK14-2716956619,Khalid Lodhi,"House 399, Street 32, Hayatabad Phase 3, Peshawar",Meezan Bank,Current,2020-11-28,6155103
PK11-5521616589,K. Lodhi,H#399 St-32 HayatabadPhase3 Peshawar,UBL,Savings,2023-03-26,2038349
PK65-3925291545,Sardar Shahzad Wazir,H#37 St-8 Cantt Multan,MCB,Foreign Currency,2025-11-19,254228
PK90-3461863321,Mian Junaid Saddozai,"House No. 146, Gali 35, Model Town, Lahore",Allied Bank,Current,2023-01-30,49139
PK78-4579031399,H.Raja,"House 103, Street 9, Madina Town, Faisalabad",Askari Bank,Current,2024-03-16,144929
PK21-5329496144,H. Virk,H#391 St-5 SatelliteTown Rawalpindi,UBL,Foreign Currency,2024-06-27,1517276
PK70-5317953388,Haji Hussain Virk,"House No. 391, Gali 5, Satellite Town, Rawalpindi",Meezan Bank,Current,2023-07-16,4702921
PK33-5060810631,H.Virk,"House 391, Street 5, Satellite Town, Rawalpindi",MCB,Savings,2025-10-23,5370804
PK11-1865981484,S.Gill,مکان 330 گلی 4 DHA Phase 6 کراچی,UBL,Savings,2024-06-06,966814
PK72-9770998967,T.Afridi,"House No. 337, Gali 29, Chaklala Scheme 3, Rawalpindi",Askari Bank,Foreign Currency,2020-12-14,6291775
PK89-9630248192,T.Afridi,"House 337, Street 29, Chaklala Scheme 3, Rawalpindi",Bank Alfalah,Savings,2021-07-21,1697375
PK58-5044071507,Talha Afridi,H#337 St-29 ChaklalaScheme3 Rawalpindi,UBL,Current,2019-05-14,7650885
PK11-9421265414,Talha Afridi,"House 337, Street 29, Chaklala Scheme 3, Rawalpindi",UBL,Savings,2018-11-18,4001620
PK14-2592705137,Haji Rashid Zaidi,"House No. 58, Gali 5, DHA Phase 5, Lahore",JS Bank,Current,2024-05-04,3146076
PK66-5822787410,Rashid Zaidi,مکان 58 گلی 5 DHA Phase 5 لاہور,Allied Bank,Current,2019-02-04,6561490
PK92-3939425814,Syed Rashid Zaidi,"House No. 58, Gali 5, DHA Phase 5, Lahore",Meezan Bank,Current,2024-02-29,6849658
PK71-3979252415,Rashid Zaidi,"House No. 58, Gali 5, DHA Phase 5, Lahore",UBL,Foreign Currency,2020-12-28,4316837
PK68-8031619239,R.Siddiqui,"House 391, Street 3, Hayatabad Phase 3, Peshawar",Allied Bank,Foreign Currency,2024-01-01,6540821
PK66-3901329786,Rabia Siddiqui,مکان 391 گلی 3 Hayatabad Phase 3 Peshawar,UBL,Savings,2018-03-13,6587740
PK11-9393011599,A. Khattak,"House 352, Street 40, Gulshan-e-Iqbal, Karachi",JS Bank,Savings,2022-09-12,1357527
PK64-1632892689,A. Khattak,H#352 St-40 Gulshan-e-Iqbal Karachi,Meezan Bank,Current,2019-08-30,2358496
PK11-2478730617,Syed Farhan Afridi,"House No. 79, Gali 30, North Nazimabad, Karachi",MCB,Foreign Currency,2023-05-27,147680
PK68-6532134229,L.Kayani,H#379 St-2 ChaklalaScheme3 Rawalpindi,HBL,Savings,2021-10-09,4259466
PK98-2628830288,Luqman Kayani,مکان 379 گلی 2 Chaklala Scheme 3 راولپنڈی,Allied Bank,Savings,2018-07-20,4243320
PK20-8195011715,Z.Gondal,مکان 321 گلی 23 DHA Phase 6 کراچی,Askari Bank,Current,2019-01-29,2832734
PK56-8700067227,زینب Gondal,"House 321, Street 23, DHA Phase 6, Karachi",JS Bank,Current,2024-01-16,2732001
PK29-3804138462,Sufyan Virk,مکان 173 گلی 21 Gulshan-e-Iqbal کراچی,Bank Alfalah,Current,2021-10-27,137939
PK28-6387707973,Haji Rabia Baig,"House 338, Street 40, Gulbahar, Peshawar",Askari Bank,Foreign Currency,2025-08-24,7247909
PK54-1632465809,Rabia Baig,"House 338, Street 40, Gulbahar, Peshawar",JS Bank,Foreign Currency,2022-11-11,4185685
PK44-5606457746,Rabia Baig,"House 338, Street 40, Gulbahar, Peshawar",HBL,Current,2024-02-07,6022505
PK77-9196703652,R.Baig,"House No. 338, Gali 40, Gulbahar, Peshawar",JS Bank,Foreign Currency,2019-10-28,7808923
PK94-8736699982,Rashid Rajput,"House 334, Street 29, G-13/1, Islamabad",HBL,Savings,2022-05-11,165807
PK50-9068091410,Sadia Mughal,مکان 265 گلی 28 Shah Rukn-e-Alam Multan,Allied Bank,Foreign Currency,2021-11-01,125435
PK94-9689585101,S. Saddozai,مکان 394 گلی 10 Gulgasht Multan,HBL,Savings,2020-04-30,1319853
PK86-6356252496,Syed Yasir Saddozai,"House No. 162, Gali 40, Westridge, Rawalpindi",Allied Bank,Savings,2020-08-16,70955
PK71-2678789132,Tariq Malik,مکان 170 گلی 6 G-10/2 اسلام آباد,MCB,Savings,2025-07-20,196130
PK50-2201344269,Zeeshan Zaidi,"House No. 84, Gali 27, Bahria Phase 4, Rawalpindi",Bank Alfalah,Savings,2025-04-26,4246362
PK29-6477357857,Sardar Zeeshan Zaidi,"House No. 84, Gali 27, Bahria Phase 4, Rawalpindi",MCB,Savings,2018-06-11,3332422
PK82-7484884137,K.Rajput,"House No. 301, Gali 24, Satellite Town, Rawalpindi",Allied Bank,Savings,2019-08-01,57446
PK12-1606155465,A.Yousafzai,"House No. 87, Gali 24, Madina Town, Faisalabad",UBL,Savings,2024-03-29,24364
PK77-1239325685,B.Khokhar,H#171 St-36 Cantt Multan,UBL,Savings,2020-12-20,1554067
PK87-1656458488,Bushra Khokhar,H#171 St-36 Cantt Multan,JS Bank,Current,2023-05-25,4568281
PK53-5254258797,Obaid Bangash,"House 178, Street 17, Johar Town, Lahore",Bank Alfalah,Savings,2024-05-17,340692
PK82-5963471821,Sardar Farah Raja,مکان 164 گلی 33 Gulbahar Peshawar,Askari Bank,Savings,2025-06-28,176114
PK83-3815222752,J.Chaudhry,"House No. 399, Gali 6, Bahria Phase 4, Rawalpindi",Allied Bank,Foreign Currency,2020-08-07,55957
PK23-4664411520,Faisal Abbasi,H#236 St-22 DGround Faisalabad,Meezan Bank,Foreign Currency,2019-10-14,2036388
PK81-9727701559,Chaudhary Faisal Abbasi,H#236 St-22 DGround Faisalabad,Meezan Bank,Foreign Currency,2020-04-20,3881942
PK59-9734107366,Faisal Abbasi,H#236 St-22 DGround Faisalabad,JS Bank,Savings,2020-04-07,2664038
PK63-9185746141,T.Raja,"House No. 2, Gali 28, Cantt, Multan",Allied Bank,Foreign Currency,2021-06-03,178284
PK42-1528119214,S.Naqvi,H#102 St-32 Westridge Rawalpindi,JS Bank,Current,2023-03-05,6240496
PK49-6702381921,Malik Saba Naqvi,H#102 St-32 Westridge Rawalpindi,UBL,Current,2022-08-27,5764754
PK67-1290254879,Malik Saba Naqvi,مکان 102 گلی 32 Westridge راولپنڈی,JS Bank,Savings,2025-12-06,3546463
PK40-9750965064,Saba Naqvi,مکان 102 گلی 32 Westridge راولپنڈی,Bank Alfalah,Savings,2020-07-01,2794287
PK76-7594720077,S.Ansari,مکان 41 گلی 12 Peoples Colony Faisalabad,Askari Bank,Foreign Currency,2024-07-06,2597236
PK15-6227449146,Syed Sufyan Ansari,"House 41, Street 12, Peoples Colony, Faisalabad",Allied Bank,Savings,2020-03-09,3692260
PK99-4651612960,Kinza Siddiqui,"House No. 97, Gali 12, Cantt, Multan",Allied Bank,Current,2018-01-13,5871749
PK91-3891759416,Rana Kinza Siddiqui,H#97 St-12 Cantt Multan,Askari Bank,Savings,2018-03-21,1791061
PK19-3419692020,Kinza Siddiqui,"House 97, Street 12, Cantt, Multan",JS Bank,Savings,2024-06-28,3840781
PK21-5050334736,Z. Mehsud,"House 387, Street 11, Gulberg III, Lahore",Meezan Bank,Foreign Currency,2023-09-21,87592
PK87-4541383705,Malik Nimra Tareen,"House No. 41, Gali 29, University Town, Peshawar",UBL,Savings,2020-07-21,43425
PK63-6618902526,Syed Kinza Mehsud,"House No. 34, Gali 37, D Ground, Faisalabad",UBL,Foreign Currency,2021-10-21,5780359
PK58-5766656379,Kinza Mehsud,H#34 St-37 DGround Faisalabad,Allied Bank,Savings,2025-04-15,7922506
PK13-9410724862,Kinza Mehsud,"House 34, Street 37, D Ground, Faisalabad",Allied Bank,Savings,2020-01-23,3407702
PK81-9341579935,Syed Kinza Mehsud,مکان 34 گلی 37 D Ground Faisalabad,JS Bank,Current,2019-10-26,4190245
PK58-6859453920,Anas Niazi,مکان 161 گلی 35 University Town Peshawar,Askari Bank,Savings,2022-12-10,7263983
PK36-1273624700,Chaudhary Anas Niazi,"House 161, Street 35, University Town, Peshawar",Meezan Bank,Savings,2022-06-13,2064010
PK41-2913716167,A. Niazi,مکان 161 گلی 35 University Town Peshawar,HBL,Savings,2022-12-04,4088270
PK90-6469372980,W.Bhatti,مکان 238 گلی 30 University Town Peshawar,Allied Bank,Current,2019-11-09,49645
PK78-1670908433,Hassan Awan,مکان 196 گلی 10 University Town Peshawar,HBL,Foreign Currency,2023-07-16,70108
PK28-6037162047,Malik Ali Hashmi,"House No. 156, Gali 36, DHA Phase 6, Karachi",HBL,Current,2025-10-24,4823778
PK71-6021733026,علی Hashmi,"House No. 156, Gali 36, DHA Phase 6, Karachi",JS Bank,Savings,2024-02-28,2084400
PK38-6207439846,A.Hashmi,"House 156, Street 36, DHA Phase 6, Karachi",JS Bank,Foreign Currency,2019-10-27,2882094
PK89-4280325376,Rauf Mughal,H#181 St-7 CliftonBlock2 Karachi,Meezan Bank,Foreign Currency,2018-09-02,140055
PK35-5156308521,Sana Hashmi,H#214 St-32 HayatabadPhase3 Peshawar,Bank Alfalah,Current,2021-07-10,4497786
PK99-7152735431,Sana Hashmi,"House No. 214, Gali 32, Hayatabad Phase 3, Peshawar",JS Bank,Current,2022-07-05,7588306
PK57-8505962445,Sana Hashmi,"House No. 214, Gali 32, Hayatabad Phase 3, Peshawar",Askari Bank,Savings,2025-04-15,5370813
PK41-4128453169,Sana Hashmi,"House 214, Street 32, Hayatabad Phase 3, Peshawar",UBL,Savings,2021-07-31,5905147
PK43-8687235723,Mehwish Siddiqui,مکان 272 گلی 19 Peoples Colony Faisalabad,HBL,Savings,2018-07-09,2107861
PK32-7501717117,Mian Kamran Malik,H#214 St-16 Gulshan-e-Iqbal Karachi,HBL,Current,2022-02-27,6662909
PK69-2300828791,Kamran ملک,"House No. 214, Gali 16, Gulshan-e-Iqbal, Karachi",Meezan Bank,Current,2021-09-02,4516108
PK71-6198569686,Waseem Zaidi,مکان 170 گلی 13 Wapda Town لاہور,Bank Alfalah,Current,2025-03-01,1464681
PK95-7834973746,Syed Waseem Zaidi,H#170 St-13 WapdaTown Lahore,JS Bank,Savings,2023-01-07,1673007
PK82-5964245699,Waseem Zaidi,"House No. 170, Gali 13, Wapda Town, Lahore",Allied Bank,Savings,2018-11-07,7877031
PK54-4559389756,Mustafa Gilani,"House 161, Street 33, Clifton Block 2, Karachi",MCB,Savings,2024-02-22,346670
PK71-5132538281,Yousuf Janjua,H#168 St-23 SatelliteTown Rawalpindi,Meezan Bank,Savings,2025-03-10,57988
PK87-2534487857,S.Shirazi,H#331 St-13 PeoplesColony Faisalabad,Askari Bank,Savings,2021-11-25,4354271
PK87-6703410416,S.Shirazi,مکان 331 گلی 13 Peoples Colony Faisalabad,MCB,Savings,2023-10-30,5898357
PK68-9313357961,S. Shirazi,H#331 St-13 PeoplesColony Faisalabad,Askari Bank,Foreign Currency,2018-09-10,5960658
PK16-5173144032,Haji Saqib Shirazi,H#331 St-13 PeoplesColony Faisalabad,JS Bank,Foreign Currency,2024-05-29,1759548
PK54-5857462415,H.Kazmi,H#193 St-28 JoharTown Lahore,HBL,Current,2018-07-22,95006
PK76-1037677583,Iqra Joiya,مکان 56 گلی 18 University Town Peshawar,MCB,Current,2021-10-06,6161589
PK75-3014630835,Iqra Joiya,"House No. 56, Gali 18, University Town, Peshawar",Allied Bank,Current,2025-05-26,5409281
PK73-6249982439,Haji Mahnoor Awan,مکان 64 گلی 4 DHA Phase 5 لاہور,Allied Bank,Savings,2022-06-17,179584
PK53-3478218555,Malik Uzma Mirza,"House 388, Street 37, Wapda Town, Lahore",HBL,Savings,2019-09-20,7114604
PK91-8861617562,U. Mirza,H#388 St-37 WapdaTown Lahore,UBL,Savings,2023-05-14,6764123
PK65-1912762635,T.Tarar,"House 253, Street 26, DHA Phase 5, Lahore",UBL,Savings,2025-07-04,5598885
PK25-2052114765,T. Tarar,H#253 St-26 DHAPhase5 Lahore,UBL,Foreign Currency,2021-06-06,7245862
PK53-7588478736,Sardar Tariq Tarar,"House 253, Street 26, DHA Phase 5, Lahore",JS Bank,Current,2021-08-11,5994916
PK23-2609521229,Sadia راجہ,"House 230, Street 11, Hayatabad Phase 3, Peshawar",MCB,Savings,2018-05-03,98725
PK90-9942910434,Malik Bilal Khattak,H#116 St-31 Gulbahar Peshawar,Allied Bank,Savings,2019-12-14,33501
PK61-5354857647,S. Chaudhry,"House No. 302, Gali 3, F-8/3, Islamabad",Meezan Bank,Foreign Currency,2023-07-07,124252
PK94-5194928751,Khadija Sandhu,H#204 St-14 PeoplesColony Faisalabad,MCB,Savings,2022-03-30,2947030
PK68-3030259273,K.Sandhu,مکان 204 گلی 14 Peoples Colony Faisalabad,HBL,Current,2024-07-27,2807538
PK30-1740326729,Khadija Sandhu,"House No. 204, Gali 14, Peoples Colony, Faisalabad",MCB,Current,2019-02-12,4643172
PK32-9198909771,K. Sandhu,"House No. 204, Gali 14, Peoples Colony, Faisalabad",HBL,Savings,2020-12-05,6754492
PK49-1464107475,Nadia Sandhu,مکان 82 گلی 13 Madina Town Faisalabad,HBL,Savings,2018-12-14,194372
PK74-6348085597,M.Siddiqui,مکان 232 گلی 2 Shah Rukn-e-Alam Multan,HBL,Current,2018-11-20,138376
PK91-4101862681,Haji Usman Virk,"House No. 381, Gali 14, Hayatabad Phase 3, Peshawar",HBL,Savings,2021-08-27,5213546
PK79-6474251335,Usman Virk,"House No. 381, Gali 14, Hayatabad Phase 3, Peshawar",Meezan Bank,Savings,2018-10-27,4910430
PK44-8095718194,R. Ansari,"House 106, Street 32, University Town, Peshawar",Meezan Bank,Foreign Currency,2023-05-20,7921496
PK26-6151631117,R. Ansari,مکان 106 گلی 32 University Town Peshawar,Bank Alfalah,Savings,2025-02-07,5564900
PK70-8138420661,Rehan Ansari,"House No. 106, Gali 32, University Town, Peshawar",UBL,Foreign Currency,2025-11-28,2900782
PK24-3823184402,Malik Ubaid Bukhari,H#140 St-18 Gulgasht Multan,Meezan Bank,Current,2020-01-22,5355766
PK93-2260425134,Rana Ubaid Bukhari,H#140 St-18 Gulgasht Multan,JS Bank,Foreign Currency,2022-03-20,5711816
PK27-6872037275,A.Butt,H#395 St-18 Cantt Multan,JS Bank,Savings,2022-03-02,226767
PK99-9246061120,Umar Janjua,مکان 1 گلی 3 Shah Rukn-e-Alam Multan,Bank Alfalah,Current,2019-05-14,7373234
PK65-8317034018,Sardar Umar Janjua,"House No. 1, Gali 3, Shah Rukn-e-Alam, Multan",Bank Alfalah,Current,2022-01-06,1298784
PK15-4942127420,Umar Janjua,H#1 St-3 ShahRukn-e-Alam Multan,Allied Bank,Foreign Currency,2021-09-01,4770204
PK11-9371305407,Irfan Sandhu,"House 189, Street 30, G-13/1, Islamabad",Meezan Bank,Savings,2021-06-08,1361798
PK83-4111480467,Irfan Sandhu,"House No. 189, Gali 30, G-13/1, Islamabad",HBL,Current,2023-01-23,6396061
PK42-6724429405,Atif Saddozai,"House 209, Street 12, Shah Rukn-e-Alam, Multan",UBL,Foreign Currency,2022-04-01,46422
PK32-3405620994,Rashid Mehsud,H#346 St-35 UniversityTown Peshawar,MCB,Savings,2018-06-24,4675803
PK69-5890864299,Rashid Mehsud,"House 346, Street 35, University Town, Peshawar",Meezan Bank,Savings,2020-11-23,1660969
PK23-4409144150,Rashid Mehsud,"House 346, Street 35, University Town, Peshawar",MCB,Savings,2021-11-14,7779412
PK98-5712697636,R. Mehsud,H#346 St-35 UniversityTown Peshawar,Bank Alfalah,Savings,2020-05-14,6129445
PK53-9609193457,Rashid Shirazi,"House 324, Street 11, Wapda Town, Lahore",MCB,Foreign Currency,2019-06-15,322231
PK53-1267069896,F.Kazmi,"House 267, Street 7, Peoples Colony, Faisalabad",MCB,Current,2024-10-07,4832735
PK12-1519787028,F.Kazmi,"House 267, Street 7, Peoples Colony, Faisalabad",UBL,Current,2024-07-25,3007237
PK75-9382861945,Sardar Fahad Kazmi,H#267 St-7 PeoplesColony Faisalabad,Bank Alfalah,Savings,2022-10-13,7677092
PK24-1301735736,Hafsa Bangash,"House 251, Street 8, University Town, Peshawar",Bank Alfalah,Current,2025-06-24,1289022
PK62-9390603664,Hafsa Bangash,"House No. 251, Gali 8, University Town, Peshawar",HBL,Foreign Currency,2024-12-10,3969522
PK99-1929400451,Malik Mubashir Sial,مکان 245 گلی 40 D Ground Faisalabad,Bank Alfalah,Foreign Currency,2018-02-20,3860701
PK36-3088874661,حسن Kayani,H#197 St-35 ShahRukn-e-Alam Multan,Meezan Bank,Current,2020-05-28,3449369
PK10-2710754257,H.Kayani,H#197 St-35 ShahRukn-e-Alam Multan,JS Bank,Foreign Currency,2018-11-21,3359296
PK12-8016996258,Khalid Butt,"House No. 244, Gali 17, Clifton Block 2, Karachi",Askari Bank,Foreign Currency,2023-11-16,2950488
PK98-1122654304,Khalid بٹ,"House No. 244, Gali 17, Clifton Block 2, Karachi",Meezan Bank,Savings,2022-10-03,5084358
PK55-9899108784,K. Butt,H#244 St-17 CliftonBlock2 Karachi,HBL,Foreign Currency,2022-11-07,4498631
PK89-5585522319,Rana Ubaid Virk,"House No. 124, Gali 39, Shah Rukn-e-Alam, Multan",Askari Bank,Savings,2021-01-07,3250329
PK99-4451650303,Malik Ubaid Virk,"House No. 124, Gali 39, Shah Rukn-e-Alam, Multan",Askari Bank,Current,2020-09-10,2643127
PK21-6089826007,T.Dar,"House No. 49, Gali 1, Madina Town, Faisalabad",Meezan Bank,Current,2023-06-17,2400106
PK58-9458618201,T.Khokhar,H#199 St-35 WapdaTown Lahore,UBL,Savings,2025-01-28,3558869
PK25-3001811587,Sardar Talha Khokhar,مکان 199 گلی 35 Wapda Town لاہور,Askari Bank,Savings,2018-11-28,3054029
PK47-7577838755,Mian Taimoor Mirza,"House 21, Street 19, Hayatabad Phase 3, Peshawar",Allied Bank,Savings,2019-02-07,2710232
PK68-7364360259,T. Mirza,"House No. 21, Gali 19, Hayatabad Phase 3, Peshawar",HBL,Savings,2018-11-22,6542226
PK73-4452531432,T. Mirza,"House 21, Street 19, Hayatabad Phase 3, Peshawar",Askari Bank,Savings,2021-01-01,6343148
PK63-4100301332,H.Rajput,"House 3, Street 25, DHA Phase 6, Karachi",Bank Alfalah,Current,2020-06-14,158403
PK65-7451750510,Sufyan Hashmi,"House No. 11, Gali 34, Model Town, Lahore",MCB,Savings,2021-09-23,1576217
PK25-5390934630,S. Hashmi,مکان 11 گلی 34 Model Town لاہور,HBL,Savings,2020-01-15,2940276
PK82-8593708096,Rana Rauf Zaidi,"House No. 35, Gali 5, Shah Rukn-e-Alam, Multan",JS Bank,Current,2024-09-21,2996507
PK48-7768080069,Mian Rauf Zaidi,"House No. 35, Gali 5, Shah Rukn-e-Alam, Multan",HBL,Current,2018-03-28,4290157
PK26-3581632423,N. Siddiqui,"House 45, Street 37, F-8/3, Islamabad",UBL,Savings,2020-09-23,40830
PK51-7261287866,Rashid Niazi,H#6 St-24 Westridge Rawalpindi,Allied Bank,Savings,2025-10-24,1106858
PK85-3195350891,Rashid Niazi,H#6 St-24 Westridge Rawalpindi,Bank Alfalah,Foreign Currency,2018-09-23,1981077
PK20-9155334334,K.Naqvi,"House No. 71, Gali 21, I-8/4, Islamabad",Bank Alfalah,Current,2021-11-16,2716980
PK99-8876639410,Khadija Naqvi,"House No. 71, Gali 21, I-8/4, Islamabad",Meezan Bank,Savings,2022-11-21,1651173
PK26-7683129486,Khadija Naqvi,مکان 71 گلی 21 I-8/4 اسلام آباد,Bank Alfalah,Savings,2020-11-15,4440324
PK76-5035532281,Z. Kazmi,"House 85, Street 16, G-13/1, Islamabad",UBL,Current,2020-08-14,4228768
PK59-3913690619,Syed Zafar Kazmi,"House No. 85, Gali 16, G-13/1, Islamabad",MCB,Savings,2022-06-21,3539612
PK69-8991736397,R. Butt,H#400 St-26 UniversityTown Peshawar,Meezan Bank,Savings,2022-03-28,4601662
PK42-2567593717,Malik Shahzad Rajput,H#209 St-11 DGround Faisalabad,HBL,Foreign Currency,2022-05-31,1174299
PK56-6859710496,Rauf Shirazi,H#34 St-36 E-11/2 Islamabad,UBL,Savings,2019-10-19,224043
PK11-3122680841,Wajahat Khattak,H#156 St-35 UniversityTown Peshawar,HBL,Savings,2020-10-11,1806047
PK87-9418905105,J.Bukhari,"House 350, Street 39, Gulgasht, Multan",HBL,Foreign Currency,2025-05-04,359493
PK51-2314818739,Ehsan Rizvi,مکان 324 گلی 5 D Ground Faisalabad,JS Bank,Foreign Currency,2025-06-18,7287931
PK98-9572414288,Ehsan Rizvi,"House 324, Street 5, D Ground, Faisalabad",JS Bank,Current,2024-11-05,7972718
PK40-7717692618,Atif Janjua,H#179 St-20 PeoplesColony Faisalabad,Bank Alfalah,Savings,2025-06-10,2143427
PK92-4088491369,A.Janjua,"House 179, Street 20, Peoples Colony, Faisalabad",Askari Bank,Foreign Currency,2020-08-29,1881065
PK64-1210149758,Iqra Sial,"House 97, Street 40, Gulgasht, Multan",Bank Alfalah,Savings,2021-06-08,4007612
PK81-5087676574,I.Sial,"House No. 97, Gali 40, Gulgasht, Multan",Meezan Bank,Foreign Currency,2020-12-02,5261781
PK28-8184678249,I. Sial,H#97 St-40 Gulgasht Multan,MCB,Foreign Currency,2025-11-04,5465576
PK81-9877203913,I.Sial,H#97 St-40 Gulgasht Multan,Allied Bank,Current,2019-08-07,2015823
PK44-7723579117,N. Khokhar,"House 89, Street 8, D Ground, Faisalabad",HBL,Current,2020-09-24,32744
PK14-4534343894,Talha Khattak,"House 192, Street 16, University Town, Peshawar",Bank Alfalah,Foreign Currency,2021-07-22,4446350
PK36-4983463846,Talha Khattak,مکان 192 گلی 16 University Town Peshawar,MCB,Foreign Currency,2019-01-07,859045
PK67-2393465859,Sardar Rashid Kayani,"House No. 130, Gali 8, Peoples Colony, Faisalabad",MCB,Savings,2020-09-08,220488
PK27-5423058761,Anas Khokhar,"House No. 142, Gali 33, D Ground, Faisalabad",Allied Bank,Savings,2021-05-29,308498
PK76-7290773244,Saba Hashmi,"House No. 244, Gali 28, Peoples Colony, Faisalabad",UBL,Savings,2025-03-26,294497
PK86-6031274770,بلال بٹ,"House No. 143, Gali 7, Hayatabad Phase 3, Peshawar",UBL,Savings,2021-11-16,45689
PK88-6775887822,Mian Noman Butt,"House 31, Street 1, Gulgasht, Multan",UBL,Savings,2022-08-20,1222610
PK62-1602923166,S. Mughal,"House 105, Street 35, University Town, Peshawar",Bank Alfalah,Current,2023-04-21,1994538
PK44-6328054498,Shoaib Mughal,"House 105, Street 35, University Town, Peshawar",HBL,Savings,2019-01-19,3371382
PK11-8032148385,Syed Shoaib Lodhi,"House No. 123, Gali 20, G-10/2, Islamabad",Meezan Bank,Savings,2023-04-06,80187
PK78-8203815768,Tariq Tarar,"House 227, Street 10, Shah Rukn-e-Alam, Multan",Bank Alfalah,Foreign Currency,2023-11-22,2021203
PK19-7780773150,N.Mehsud,H#269 St-22 NorthNazimabad Karachi,Allied Bank,Savings,2023-10-12,4218622
PK71-8406916314,Noman Mehsud,H#269 St-22 NorthNazimabad Karachi,Askari Bank,Savings,2020-07-08,4920458
PK17-7086361452,G.Warraich,مکان 367 گلی 19 Johar Town لاہور,Bank Alfalah,Savings,2018-10-20,3372857
PK31-7341146275,Rana Ghulam Warraich,H#367 St-19 JoharTown Lahore,HBL,Foreign Currency,2019-04-01,5754309
PK58-3752878417,Sardar Uzma Orakzai,"House 366, Street 2, E-11/2, Islamabad",HBL,Current,2019-07-27,248703
PK42-9316984252,Rauf Durrani,H#46 St-28 NorthNazimabad Karachi,Askari Bank,Foreign Currency,2018-10-01,137589
PK92-3736096255,Zafar Mughal,مکان 300 گلی 34 Bahria Phase 4 راولپنڈی,HBL,Current,2018-05-01,51441
PK36-7728156548,Haji Taimoor Abbasi,مکان 224 گلی 18 Johar Town لاہور,HBL,Savings,2019-01-15,97119
PK97-7522684024,D. Raja,مکان 294 گلی 12 Peoples Colony Faisalabad,UBL,Current,2021-05-15,41568
PK14-8341055274,A. Baig,مکان 40 گلی 5 D Ground Faisalabad,JS Bank,Savings,2020-04-01,331494
PK47-6711228731,Sadia Tareen,"House No. 79, Gali 35, Johar Town, Lahore",Askari Bank,Savings,2020-10-08,30956
PK61-2525584822,F. Malik,مکان 30 گلی 26 D Ground Faisalabad,Meezan Bank,Savings,2019-05-27,136688
PK76-5792961226,Arsalan Shirazi,H#294 St-18 UniversityTown Peshawar,MCB,Savings,2024-04-08,6520744
PK98-5105732529,Arsalan Shirazi,"House 294, Street 18, University Town, Peshawar",Allied Bank,Savings,2020-02-02,6787203
PK33-5947893493,W. Afridi,"House No. 35, Gali 25, Peoples Colony, Faisalabad",Bank Alfalah,Foreign Currency,2018-12-13,2547683
PK94-9491177007,Waqas Afridi,"House 35, Street 25, Peoples Colony, Faisalabad",HBL,Foreign Currency,2022-08-30,3375623
PK93-4176751445,Gul Tareen,H#269 St-30 NorthNazimabad Karachi,HBL,Current,2018-05-03,4496649
PK55-9337443132,K.Virk,مکان 13 گلی 21 Gulberg III لاہور,MCB,Current,2020-04-08,1105503
PK66-4758384398,K. Virk,"House 13, Street 21, Gulberg III, Lahore",MCB,Savings,2022-12-02,2961558
PK74-3914538879,Rashid Joiya,"House 389, Street 9, Gulbahar, Peshawar",Allied Bank,Current,2021-08-01,159061
PK77-8835789166,Sufyan Kayani,مکان 239 گلی 30 North Nazimabad کراچی,Allied Bank,Foreign Currency,2021-09-08,2235312
PK52-8302324507,S.Kayani,"House 239, Street 30, North Nazimabad, Karachi",UBL,Foreign Currency,2021-09-10,4142059
PK23-8629232755,Yasir Abbasi,مکان 152 گلی 24 Cantt Multan,Meezan Bank,Savings,2020-01-11,47477
PK48-4501127976,Faisal Shirazi,H#263 St-36 GulbergIII Lahore,Meezan Bank,Current,2018-09-24,135782
PK89-4268503776,Owais Kazmi,H#52 St-10 SatelliteTown Rawalpindi,UBL,Savings,2020-07-21,4307125
PK54-5083822235,Owais Kazmi,مکان 52 گلی 10 Satellite Town راولپنڈی,Bank Alfalah,Savings,2020-07-18,4000696
PK37-7574475978,B.Naqvi,مکان 225 گلی 32 Peoples Colony Faisalabad,JS Bank,Savings,2019-05-23,65065
PK85-6458147647,W.Warraich,"House 23, Street 20, Satellite Town, Rawalpindi",MCB,Foreign Currency,2022-03-28,3257230
PK89-4909075056,Kamran Gondal,"House No. 345, Gali 32, DHA Phase 6, Karachi",MCB,Current,2025-10-12,7143725
PK68-3481986522,Kamran Gondal,H#345 St-32 DHAPhase6 Karachi,Meezan Bank,Current,2020-09-29,3340919
PK81-8803141741,K.Gondal,H#345 St-32 DHAPhase6 Karachi,Allied Bank,Savings,2019-07-21,7938574
PK25-8759680395,Sardar Kamran Gondal,"House No. 345, Gali 32, DHA Phase 6, Karachi",Askari Bank,Current,2024-04-28,2188835
PK20-4485550567,N. Gilani,"House No. 380, Gali 22, D Ground, Faisalabad",Meezan Bank,Savings,2022-06-08,6223251
PK94-9894209898,Haji Nadeem Gilani,مکان 380 گلی 22 D Ground Faisalabad,MCB,Savings,2018-05-16,3094098
PK97-3882898471,N.Gilani,"House No. 380, Gali 22, D Ground, Faisalabad",Bank Alfalah,Current,2021-01-11,4472894
PK98-7278290197,B. Bukhari,"House 55, Street 10, Gulberg III, Lahore",JS Bank,Savings,2021-06-23,3784991
PK97-7101346821,Z.Orakzai,مکان 186 گلی 27 D Ground Faisalabad,Askari Bank,Savings,2020-05-06,132048
PK32-8083639470,Hassan Cheema,H#158 St-16 DHAPhase5 Lahore,UBL,Savings,2022-09-25,335442
PK33-8450255084,Arsalan Mirza,"House No. 173, Gali 11, Bahria Phase 4, Rawalpindi",UBL,Current,2024-04-14,132492
PK51-6373067772,A.Abbasi,H#253 St-6 MadinaTown Faisalabad,Meezan Bank,Savings,2019-09-19,135347
PK58-6277747936,Z. Sandhu,مکان 359 گلی 23 Gulgasht Multan,MCB,Savings,2021-04-14,45343
PK39-9791174824,Malik Zeeshan Butt,H#21 St-40 PeoplesColony Faisalabad,Meezan Bank,Foreign Currency,2020-02-15,60433
PK65-2180857843,Asad Lodhi,"House 316, Street 34, Madina Town, Faisalabad",HBL,Current,2022-10-20,176234
PK37-2681811140,E. Wazir,H#232 St-23 Westridge Rawalpindi,Askari Bank,Current,2023-03-17,2646120
PK39-6938005004,Ehsan Wazir,"House No. 232, Gali 23, Westridge, Rawalpindi",Meezan Bank,Savings,2022-05-27,2228403
PK55-3824588448,E. Wazir,"House No. 232, Gali 23, Westridge, Rawalpindi",JS Bank,Savings,2024-08-31,6272746
PK64-1475329470,Arsalan Niazi,"House No. 108, Gali 16, Shah Rukn-e-Alam, Multan",Meezan Bank,Current,2022-04-18,147087
PK38-7148665579,Rashid Qureshi,H#77 St-5 DHAPhase6 Karachi,HBL,Foreign Currency,2023-07-08,222574
PK41-1007290181,Rauf Tarar,مکان 343 گلی 36 B-17 اسلام آباد,UBL,Savings,2022-04-27,1812012
PK72-1831150380,Rauf Tarar,H#343 St-36 B-17 Islamabad,MCB,Savings,2023-07-16,4887692
PK86-1848425107,R.Tarar,H#343 St-36 B-17 Islamabad,HBL,Savings,2022-03-15,5711627
PK33-6775820316,Mansoor Baig,"House 26, Street 3, DHA Phase 5, Lahore",UBL,Current,2020-07-20,4109534
PK68-8237580680,Mansoor Baig,"House 26, Street 3, DHA Phase 5, Lahore",Bank Alfalah,Current,2023-11-29,1507718
PK15-8755109266,Kashif Tarar,مکان 172 گلی 10 E-11/2 اسلام آباد,Askari Bank,Savings,2022-11-29,7867977
PK97-6427009548,Kashif Tarar,مکان 172 گلی 10 E-11/2 اسلام آباد,Askari Bank,Savings,2018-01-05,1738506
PK89-5829164542,Taimoor Kayani,مکان 118 گلی 38 DHA Phase 5 لاہور,Bank Alfalah,Savings,2021-08-30,2461115
PK92-3015960243,Taimoor Kayani,H#118 St-38 DHAPhase5 Lahore,Allied Bank,Current,2025-03-05,1034023
PK36-6912670096,S.Joiya,"House No. 2, Gali 28, Westridge, Rawalpindi",Meezan Bank,Foreign Currency,2024-05-09,64478
PK60-8384429631,P. Malik,"House No. 393, Gali 20, D Ground, Faisalabad",Askari Bank,Current,2018-04-27,175885
PK57-9933174782,F. Janjua,"House 91, Street 35, Gulshan-e-Iqbal, Karachi",Bank Alfalah,Savings,2018-03-02,126214
PK26-9414508752,Z. Malik,"House No. 384, Gali 17, F-8/3, Islamabad",Allied Bank,Current,2025-10-29,323131
PK27-6707448598,N.Durrani,H#50 St-19 ChaklalaScheme3 Rawalpindi,UBL,Savings,2025-05-23,22040
PK61-1470603981,Wajahat Kazmi,H#343 St-40 E-11/2 Islamabad,HBL,Savings,2021-11-22,255197
PK34-3845215049,Z.Tareen,"House No. 16, Gali 22, Shah Rukn-e-Alam, Multan",MCB,Foreign Currency,2022-07-04,52903
PK11-5273417074,Rehan Mughal,"House 397, Street 38, Westridge, Rawalpindi",UBL,Current,2018-01-23,53240
PK14-1318870194,Rana Zara Cheema,مکان 162 گلی 30 Clifton Block 2 کراچی,UBL,Current,2025-07-22,2487719
PK35-1986062141,Mahnoor Awan,مکان 284 گلی 36 North Nazimabad کراچی,Meezan Bank,Foreign Currency,2022-02-21,260901
PK90-6387576436,Maryam Sial,"House 55, Street 4, DHA Phase 5, Lahore",Askari Bank,Current,2025-01-05,39888
PK52-5663665661,E. Tarar,"House 187, Street 5, G-13/1, Islamabad",Askari Bank,Savings,2025-10-29,215904
PK47-7928425680,Babar Bhatti,"House 296, Street 14, F-8/3, Islamabad",Meezan Bank,Foreign Currency,2018-12-15,112698
PK32-1137650509,Madiha Zaidi,"House No. 280, Gali 20, D Ground, Faisalabad",Askari Bank,Savings,2025-02-07,26663
PK41-6864887948,Owais Tarar,"House 171, Street 18, B-17, Islamabad",JS Bank,Current,2022-08-29,50870
PK90-9990523656,M. Qureshi,مکان 241 گلی 24 Clifton Block 2 کراچی,Askari Bank,Foreign Currency,2021-04-22,178069
PK78-9714196198,T.Cheema,H#333 St-37 BahriaPhase4 Rawalpindi,JS Bank,Savings,2019-06-08,2972474
PK11-7553051690,T. Cheema,مکان 333 گلی 37 Bahria Phase 4 راولپنڈی,Bank Alfalah,Savings,2025-03-14,2155942
PK49-4358497358,Haji Tariq Cheema,"House No. 333, Gali 37, Bahria Phase 4, Rawalpindi",HBL,Foreign Currency,2023-08-22,3664368
PK57-4747840833,H.Kazmi,H#3 St-34 Westridge Rawalpindi,MCB,Current,2018-03-13,2682247
PK28-1635328392,R. Dar,مکان 199 گلی 13 D Ground Faisalabad,Askari Bank,Foreign Currency,2020-04-30,1961310
PK68-3575915709,Syed Obaid Bukhari,"House 128, Street 40, Gulberg III, Lahore",Meezan Bank,Savings,2024-07-06,1558054
PK19-3700347548,Obaid Bukhari,"House No. 128, Gali 40, Gulberg III, Lahore",Bank Alfalah,Current,2021-11-18,5510183
PK38-2411129671,Obaid Bukhari,"House 128, Street 40, Gulberg III, Lahore",Bank Alfalah,Foreign Currency,2025-10-20,6144827
PK92-6656434834,Chaudhary Danish Janjua,مکان 375 گلی 5 Cantt Multan,Bank Alfalah,Savings,2022-07-01,51348
PK10-1238597128,Malik Muhammad Khattak,H#357 St-1 SatelliteTown Rawalpindi,MCB,Savings,2022-04-30,4201700
PK62-6950653531,N. Khattak,مکان 189 گلی 21 Hayatabad Phase 3 Peshawar,Allied Bank,Savings,2024-02-29,148090
PK28-3327060511,Sardar Tooba Abbasi,مکان 181 گلی 13 Westridge راولپنڈی,HBL,Current,2024-07-01,2527550
PK51-7147617751,T. Abbasi,H#181 St-13 Westridge Rawalpindi,Bank Alfalah,Savings,2024-07-30,4424805
PK83-5347607307,محمد Sial,"House No. 32, Gali 4, DHA Phase 6, Karachi",MCB,Savings,2020-07-07,2754727
PK27-6303368069,Rashid Mirza,"House 219, Street 1, Johar Town, Lahore",Meezan Bank,Current,2019-06-16,3788250
PK80-7533466037,Uzma Gondal,"House No. 353, Gali 18, DHA Phase 6, Karachi",UBL,Current,2024-11-17,4872087
PK16-1368685719,Uzma Gondal,"House No. 353, Gali 18, DHA Phase 6, Karachi",HBL,Current,2022-10-09,4510953
PK53-1657818897,S.Durrani,مکان 131 گلی 7 Wapda Town لاہور,JS Bank,Current,2021-03-04,4781679
PK87-5392249070,Malik Rabia Qureshi,"House No. 130, Gali 16, Chaklala Scheme 3, Rawalpindi",Bank Alfalah,Savings,2023-08-07,7685352
PK92-9404178690,Rabia قریشی,"House 130, Street 16, Chaklala Scheme 3, Rawalpindi",Meezan Bank,Savings,2024-02-23,1818881
PK12-9319498411,Adnan Malik,"House No. 215, Gali 37, Wapda Town, Lahore",JS Bank,Current,2021-02-20,186067
PK76-1834144641,Chaudhary Rabia Gilani,"House 195, Street 31, DHA Phase 5, Lahore",JS Bank,Current,2021-01-10,191631
PK65-4770521693,Mian Ghulam Rajput,"House No. 273, Gali 22, Hayatabad Phase 3, Peshawar",HBL,Savings,2019-03-25,91447
PK51-3073189424,Malik Asad Gilani,"House 211, Street 3, Bahria Phase 4, Rawalpindi",UBL,Savings,2020-04-28,24355
PK37-5370777707,Haji Ahmed Bukhari,"House No. 144, Gali 38, Clifton Block 2, Karachi",JS Bank,Foreign Currency,2021-04-21,40006
PK63-8660626882,A.Lodhi,"House 357, Street 23, E-11/2, Islamabad",Meezan Bank,Savings,2025-05-17,7143522
PK87-2787983197,Syed Amna Lodhi,H#357 St-23 E-11/2 Islamabad,MCB,Savings,2024-05-15,2457095
PK38-1566317149,A.Lodhi,"House 357, Street 23, E-11/2, Islamabad",UBL,Savings,2019-06-11,3353590
PK61-6060909378,Farah Lodhi,H#81 St-15 BahriaPhase4 Rawalpindi,Meezan Bank,Savings,2025-11-17,250388
PK98-7342294681,I.Afridi,مکان 352 گلی 28 University Town Peshawar,UBL,Foreign Currency,2018-10-30,132984
PK24-1096708676,Haris Warraich,H#396 St-35 ModelTown Lahore,UBL,Current,2019-06-15,74928
PK61-6885461502,Danish Saddozai,"House 58, Street 36, Gulgasht, Multan",HBL,Savings,2020-03-18,4118241
PK65-7881080524,D.Awan,H#261 St-39 SatelliteTown Rawalpindi,Askari Bank,Savings,2024-01-06,3353650
PK35-1023370689,D. Awan,H#261 St-39 SatelliteTown Rawalpindi,UBL,Savings,2025-01-07,4823512
PK22-4508386812,H.Rizvi,"House No. 134, Gali 22, I-8/4, Islamabad",MCB,Foreign Currency,2019-05-19,2652438
PK90-1368206939,Syed Naveed Gondal,"House No. 46, Gali 34, Gulgasht, Multan",Allied Bank,Savings,2019-09-18,4630063
PK73-8427154314,Naveed Gondal,"House 46, Street 34, Gulgasht, Multan",JS Bank,Savings,2021-02-12,3920934
PK71-5889442782,Zainab Raja,"House 236, Street 11, Shah Rukn-e-Alam, Multan",Allied Bank,Savings,2022-07-28,23997
PK42-1689614314,Farah Orakzai,مکان 16 گلی 6 B-17 اسلام آباد,HBL,Current,2021-11-13,3203567
PK75-8178456437,Farah Orakzai,"House No. 16, Gali 6, B-17, Islamabad",Allied Bank,Savings,2019-02-07,6827136
PK13-5106828471,Farah Orakzai,مکان 16 گلی 6 B-17 اسلام آباد,Bank Alfalah,Current,2023-05-23,2095465
PK25-4353423788,Farah Orakzai,مکان 16 گلی 6 B-17 اسلام آباد,JS Bank,Current,2018-11-05,3800994
PK56-1913641817,S. Rizvi,"House 30, Street 39, Shah Rukn-e-Alam, Multan",Meezan Bank,Savings,2018-09-23,126896
PK10-6960828279,Mian Ayesha Khattak,مکان 134 گلی 11 Gulberg III لاہور,MCB,Current,2019-08-01,2989681
PK22-6103343204,Ayesha Khattak,مکان 134 گلی 11 Gulberg III لاہور,Meezan Bank,Savings,2021-01-04,4391520
PK46-5944514174,Syed Adnan Lodhi,مکان 165 گلی 24 Peoples Colony Faisalabad,UBL,Savings,2020-09-10,46788
PK46-5464751060,Rida Butt,مکان 21 گلی 31 D Ground Faisalabad,MCB,Savings,2024-06-13,3559674
PK72-3133337722,Rida بٹ,"House No. 21, Gali 31, D Ground, Faisalabad",Bank Alfalah,Current,2023-03-18,4269890
PK92-3201320963,H. Warraich,H#64 St-36 WapdaTown Lahore,Bank Alfalah,Savings,2021-11-01,2164503
PK25-9391145927,H. Warraich,مکان 64 گلی 36 Wapda Town لاہور,UBL,Savings,2018-11-05,5684008
PK93-7728288239,S.Rajput,"House No. 265, Gali 13, DHA Phase 6, Karachi",MCB,Savings,2020-07-22,194405
PK43-4463689289,Malik Yasir Abbasi,H#73 St-26 Cantt Multan,JS Bank,Current,2021-08-01,3695454
PK14-5664138038,Yasir Abbasi,مکان 73 گلی 26 Cantt Multan,HBL,Foreign Currency,2021-03-25,2867001
PK71-7208104210,Jawad Tareen,"House 96, Street 26, DHA Phase 5, Lahore",Bank Alfalah,Savings,2021-12-13,3374100
PK29-8606377304,J. Tareen,"House No. 96, Gali 26, DHA Phase 5, Lahore",UBL,Current,2023-03-29,6836058
PK46-2310991641,Jawad Tareen,H#96 St-26 DHAPhase5 Lahore,MCB,Current,2024-03-06,7685553
PK43-4850063063,Jawad Tareen,مکان 96 گلی 26 DHA Phase 5 لاہور,Bank Alfalah,Savings,2019-08-10,2152077
PK98-1251858781,Rida Malik,"House 241, Street 25, Cantt, Multan",Askari Bank,Savings,2022-05-13,1975745
PK99-5722938958,R. Malik,"House 241, Street 25, Cantt, Multan",Meezan Bank,Savings,2024-01-22,2915562
PK81-9211018215,A. Malik,H#375 St-7 HayatabadPhase3 Peshawar,UBL,Savings,2025-03-27,228014
PK37-6638530072,Rana Babar Durrani,"House No. 313, Gali 4, Westridge, Rawalpindi",UBL,Savings,2019-06-20,3344489
PK17-9055530261,Babar Durrani,"House 313, Street 4, Westridge, Rawalpindi",Bank Alfalah,Savings,2021-12-14,2658240
PK71-2008719124,Mansoor Durrani,مکان 53 گلی 6 Bahria Phase 4 راولپنڈی,MCB,Foreign Currency,2018-10-02,1325053
PK67-4628098457,Mansoor Durrani,مکان 53 گلی 6 Bahria Phase 4 راولپنڈی,Bank Alfalah,Savings,2022-05-28,3549457
PK58-4508185803,Z.Sheikh,"House 124, Street 38, Peoples Colony, Faisalabad",Allied Bank,Current,2024-08-07,226437
PK30-4472625395,S. Butt,مکان 371 گلی 5 Clifton Block 2 کراچی,JS Bank,Foreign Currency,2021-06-02,28970
PK42-5549819384,L.Qureshi,"House 399, Street 36, North Nazimabad, Karachi",UBL,Savings,2025-08-10,75012
PK84-3824204746,H.Bukhari,H#399 St-27 I-8/4 Islamabad,JS Bank,Savings,2022-10-31,2073562
PK46-9900670691,Rana Hassan Bukhari,"House No. 399, Gali 27, I-8/4, Islamabad",JS Bank,Savings,2022-05-20,4142878
PK28-4495198691,Sardar Yasir Orakzai,H#242 St-32 Gulshan-e-Iqbal Karachi,Allied Bank,Foreign Currency,2020-09-24,19085
PK88-2750232761,Nimra Mehsud,"House No. 189, Gali 40, Westridge, Rawalpindi",MCB,Foreign Currency,2018-11-23,89778
PK79-9403746615,H.Naqvi,مکان 147 گلی 7 Gulgasht Multan,Meezan Bank,Foreign Currency,2020-09-23,237774
PK47-1381700702,Ehsan Malik,"House No. 388, Gali 27, Peoples Colony, Faisalabad",Allied Bank,Savings,2022-09-19,1840972
PK47-8408516727,E.Malik,مکان 388 گلی 27 Peoples Colony Faisalabad,HBL,Current,2022-03-11,4696653
PK95-3213703147,Mian Ehsan Malik,"House No. 388, Gali 27, Peoples Colony, Faisalabad",Bank Alfalah,Savings,2023-08-17,1349346
PK33-1915700920,Syed Ehsan Malik,H#388 St-27 PeoplesColony Faisalabad,MCB,Savings,2021-05-15,4015490
PK57-7631501636,S.Naqvi,"House No. 383, Gali 3, Madina Town, Faisalabad",MCB,Current,2021-10-22,2825308
PK82-5750360226,Shahzad Naqvi,H#383 St-3 MadinaTown Faisalabad,HBL,Current,2025-01-10,4447285
PK85-1601003326,Qasim Sial,"House No. 24, Gali 34, Gulbahar, Peshawar",HBL,Savings,2023-05-21,24796
PK20-3861578410,L.Abbasi,"House 38, Street 21, Shah Rukn-e-Alam, Multan",Bank Alfalah,Current,2019-05-25,226752
PK48-8886573506,Ghulam Sheikh,"House 261, Street 36, University Town, Peshawar",MCB,Savings,2021-10-16,7586919
PK69-6277731733,Ghulam شیخ,H#261 St-36 UniversityTown Peshawar,Bank Alfalah,Savings,2024-10-05,2012670
PK56-2714720454,Rana Nadia Khattak,"House No. 269, Gali 17, Bahria Phase 4, Rawalpindi",UBL,Savings,2020-09-29,72701
PK94-4782276063,H. Joiya,"House No. 176, Gali 20, Hayatabad Phase 3, Peshawar",Meezan Bank,Savings,2020-12-26,1066082
PK50-7179198258,Hina Joiya,H#176 St-20 HayatabadPhase3 Peshawar,Meezan Bank,Savings,2019-01-18,3187489
PK61-7580170791,Danish Khattak,H#371 St-8 WapdaTown Lahore,Askari Bank,Current,2022-06-01,6419466
PK26-1698911549,D.Khattak,"House 371, Street 8, Wapda Town, Lahore",HBL,Savings,2022-07-13,7953228
PK65-2507421477,Malik Danish Khattak,H#371 St-8 WapdaTown Lahore,Allied Bank,Current,2022-05-14,1974890
PK16-8667256523,Syed Ayesha Sandhu,مکان 363 گلی 5 D Ground Faisalabad,MCB,Savings,2020-07-11,1465043
PK87-1609368197,A.Sandhu,H#363 St-5 DGround Faisalabad,HBL,Foreign Currency,2022-06-01,5277457
PK62-3136543161,عائشہ Sandhu,"House 363, Street 5, D Ground, Faisalabad",Askari Bank,Savings,2020-09-07,6107471
PK91-2333848724,عائشہ Sandhu,مکان 363 گلی 5 D Ground Faisalabad,UBL,Foreign Currency,2020-09-02,6857386
PK68-5988357238,Khadija Mughal,"House 393, Street 40, North Nazimabad, Karachi",MCB,Savings,2024-02-11,7984264
PK52-9786260866,K. Mughal,H#393 St-40 NorthNazimabad Karachi,Allied Bank,Current,2021-07-02,1313071
PK54-4238480770,Khadija Mughal,H#393 St-40 NorthNazimabad Karachi,Allied Bank,Current,2018-10-07,2595369
PK24-9556102329,Haji Salman Naqvi,مکان 275 گلی 24 Johar Town لاہور,MCB,Savings,2025-02-06,94391
PK74-2203233858,Z. Kakar,"House 207, Street 37, Westridge, Rawalpindi",UBL,Current,2020-03-28,1912848
PK47-3638646889,Z. Kakar,H#207 St-37 Westridge Rawalpindi,Allied Bank,Savings,2024-09-19,6445058
PK60-2699283687,Mian Sana Shirazi,"House 344, Street 39, Chaklala Scheme 3, Rawalpindi",Askari Bank,Savings,2024-07-04,5034472
PK68-1007187850,S. Shirazi,"House 344, Street 39, Chaklala Scheme 3, Rawalpindi",HBL,Savings,2023-02-26,3123795
PK88-8520846021,I.Khan,"House 340, Street 8, Model Town, Lahore",HBL,Current,2022-02-09,121883
PK75-6811665022,F. Tarar,"House No. 111, Gali 1, Cantt, Multan",Allied Bank,Foreign Currency,2021-11-23,6409173
PK77-6265212024,Farhan Tarar,H#111 St-1 Cantt Multan,JS Bank,Foreign Currency,2023-11-29,4534674
PK35-7549464819,F. Tarar,H#111 St-1 Cantt Multan,Meezan Bank,Savings,2022-07-07,6223427
PK44-1020052641,Farhan Tarar,"House 111, Street 1, Cantt, Multan",Meezan Bank,Foreign Currency,2025-04-15,2419559
PK33-3723201673,U. Naqvi,"House 173, Street 8, Wapda Town, Lahore",MCB,Current,2020-07-28,1673812
PK11-5904526535,Rauf Shirazi,H#33 St-4 NorthNazimabad Karachi,HBL,Foreign Currency,2021-06-02,165481
PK80-6843526443,M. Cheema,مکان 25 گلی 5 Hayatabad Phase 3 Peshawar,JS Bank,Savings,2024-10-13,7874012
PK51-1946428730,Sardar Mehwish Cheema,مکان 25 گلی 5 Hayatabad Phase 3 Peshawar,Askari Bank,Foreign Currency,2022-04-10,5983200
PK94-2148582819,Rana Saba Shirazi,"House No. 165, Gali 4, B-17, Islamabad",JS Bank,Savings,2023-10-17,877979
PK96-4606407722,S. Shirazi,"House No. 165, Gali 4, B-17, Islamabad",JS Bank,Current,2019-01-15,2199822
PK96-4726626355,Sufyan Shirazi,"House 84, Street 4, Model Town, Lahore",HBL,Savings,2020-04-27,2118419
PK66-3057828016,Sufyan Shirazi,H#84 St-4 ModelTown Lahore,MCB,Savings,2025-04-29,6447503
PK77-7393205888,S.Shirazi,"House 84, Street 4, Model Town, Lahore",MCB,Savings,2018-04-10,6058709
PK16-2943959723,Sufyan Shirazi,مکان 84 گلی 4 Model Town لاہور,Allied Bank,Foreign Currency,2022-06-14,5070272
PK44-7866056191,F. Malik,H#382 St-32 PeoplesColony Faisalabad,JS Bank,Foreign Currency,2022-05-07,3348734
PK11-9810552926,Kamran Kakar,مکان 12 گلی 26 University Town Peshawar,Askari Bank,Foreign Currency,2019-10-11,25594
PK73-3070343370,H.Khokhar,"House No. 68, Gali 21, Satellite Town, Rawalpindi",JS Bank,Current,2024-12-26,41286
PK74-8112574914,Chaudhary Asad Khokhar,مکان 238 گلی 1 Peoples Colony Faisalabad,Askari Bank,Current,2019-10-23,6534197
PK16-7135597177,Asad Khokhar,H#238 St-1 PeoplesColony Faisalabad,UBL,Current,2020-06-27,6339167
PK69-1204294474,F.Gondal,مکان 122 گلی 33 University Town Peshawar,UBL,Current,2022-02-05,2397717
PK76-8066493426,Khalid Siddiqui,مکان 230 گلی 5 Bahria Phase 4 راولپنڈی,MCB,Savings,2023-06-01,3001474
PK38-3856074224,Khalid Siddiqui,مکان 230 گلی 5 Bahria Phase 4 راولپنڈی,MCB,Savings,2022-02-04,5768946
PK87-1731554637,Khalid Siddiqui,H#230 St-5 BahriaPhase4 Rawalpindi,MCB,Savings,2018-09-12,7344246
PK30-6540511643,A. Joiya,"House 53, Street 26, Chaklala Scheme 3, Rawalpindi",UBL,Savings,2024-05-13,44428
PK87-2459850450,F.Kazmi,H#39 St-1 BahriaPhase4 Rawalpindi,Askari Bank,Savings,2022-12-20,1190160
PK32-5890259148,Farah Kazmi,مکان 39 گلی 1 Bahria Phase 4 راولپنڈی,Allied Bank,Current,2019-09-30,3089046
PK68-5827254936,Syed Asad Afridi,"House 266, Street 27, Chaklala Scheme 3, Rawalpindi",Allied Bank,Savings,2019-10-11,56981
PK73-6672410925,Sufyan Gondal,"House No. 119, Gali 35, University Town, Peshawar",HBL,Savings,2022-06-12,3416800
PK13-7945927562,Obaid Malik,H#294 St-29 JoharTown Lahore,HBL,Current,2021-12-29,5814673
PK23-4340121259,Obaid ملک,"House 294, Street 29, Johar Town, Lahore",Bank Alfalah,Foreign Currency,2024-06-23,5899024
PK96-1820654638,Obaid Malik,"House 294, Street 29, Johar Town, Lahore",MCB,Savings,2019-09-29,7111139
PK79-1984394837,K. Rizvi,"House 338, Street 11, Satellite Town, Rawalpindi",HBL,Current,2018-11-18,5513388
PK31-7283268447,K.Rizvi,"House 338, Street 11, Satellite Town, Rawalpindi",Allied Bank,Savings,2018-08-21,7748890
PK68-3978157995,Gul Wazir,"House No. 398, Gali 22, DHA Phase 5, Lahore",Allied Bank,Current,2020-02-17,174183
PK95-9770520448,R.Chaudhry,"House 395, Street 12, D Ground, Faisalabad",JS Bank,Savings,2018-03-16,3102364
PK34-8097086293,I. Butt,"House No. 274, Gali 18, D Ground, Faisalabad",JS Bank,Current,2025-10-21,28674
PK44-3340686254,S.Butt,H#18 St-39 UniversityTown Peshawar,UBL,Savings,2023-09-07,6966179
PK59-6328396567,S.Butt,H#18 St-39 UniversityTown Peshawar,JS Bank,Foreign Currency,2019-01-05,3608316
PK30-6804319866,S.Butt,H#18 St-39 UniversityTown Peshawar,Meezan Bank,Current,2023-07-19,3337166
PK70-3810231533,Shahzad Butt,H#18 St-39 UniversityTown Peshawar,Allied Bank,Foreign Currency,2024-05-18,2264223
PK88-7076577358,Chaudhary Ayesha Mirza,H#153 St-39 Cantt Multan,JS Bank,Foreign Currency,2021-09-10,3138502
PK63-5473652630,Chaudhary Ayesha Mirza,مکان 153 گلی 39 Cantt Multan,UBL,Current,2020-07-30,6912894
PK46-9471182626,عائشہ Mirza,"House 153, Street 39, Cantt, Multan",Allied Bank,Savings,2020-03-14,7964862
PK55-1315018890,N. Gilani,"House No. 368, Gali 10, North Nazimabad, Karachi",HBL,Savings,2020-09-17,97900
PK38-1498860014,Uzma Rizvi,"House No. 1, Gali 26, Wapda Town, Lahore",Bank Alfalah,Savings,2022-03-06,6875851
PK78-8765315814,Uzma Rizvi,"House 1, Street 26, Wapda Town, Lahore",Bank Alfalah,Current,2025-06-03,2515295
PK36-5698152373,U.Rizvi,"House 1, Street 26, Wapda Town, Lahore",MCB,Current,2019-12-19,7172057
PK27-9363341726,Bushra Sandhu,H#196 St-40 UniversityTown Peshawar,Bank Alfalah,Savings,2020-09-23,2983985
PK13-1902061280,B. Sandhu,مکان 196 گلی 40 University Town Peshawar,Askari Bank,Savings,2019-01-03,4249786
PK64-3620967260,Z.Ansari,H#176 St-24 Gulbahar Peshawar,HBL,Savings,2021-11-10,301099
PK81-8936429825,H. Awan,مکان 151 گلی 12 Wapda Town لاہور,Allied Bank,Foreign Currency,2018-11-25,4141483
PK85-4687287487,Haji Mansoor Gondal,"House 280, Street 37, Hayatabad Phase 3, Peshawar",MCB,Foreign Currency,2022-03-14,195257
PK78-8796085751,A. Zaidi,"House 190, Street 24, Shah Rukn-e-Alam, Multan",MCB,Savings,2025-10-21,45889
PK34-2851873624,G. Kazmi,مکان 39 گلی 8 Gulbahar Peshawar,JS Bank,Savings,2023-01-06,217662
PK97-6174766482,Khadija Janjua,"House No. 45, Gali 24, DHA Phase 5, Lahore",HBL,Foreign Currency,2020-06-17,274828
PK92-2380817457,Asad Bhatti,H#104 St-7 UniversityTown Peshawar,Meezan Bank,Savings,2023-02-26,52527
PK44-4638595407,Y.Durrani,H#50 St-16 Gulbahar Peshawar,Allied Bank,Foreign Currency,2021-01-08,201230
PK37-1715610603,Adnan Orakzai,مکان 56 گلی 19 Gulbahar Peshawar,MCB,Current,2025-07-30,1407426
PK58-1763462378,A.Orakzai,H#56 St-19 Gulbahar Peshawar,HBL,Current,2019-10-16,1487104
PK29-6498732696,Hina Siddiqui,مکان 269 گلی 31 Gulgasht Multan,UBL,Savings,2022-03-23,181630
PK61-5276796652,S.Janjua,"House 270, Street 36, Gulbahar, Peshawar",Meezan Bank,Foreign Currency,2025-08-27,63283
PK30-4412709135,Qasim Tarar,H#396 St-38 I-8/4 Islamabad,Askari Bank,Savings,2025-04-30,1791671
PK64-6479159748,Q.Tarar,مکان 396 گلی 38 I-8/4 اسلام آباد,Askari Bank,Savings,2020-04-29,2707894
PK81-2920242661,Sardar Junaid Awan,H#262 St-22 Gulshan-e-Iqbal Karachi,UBL,Savings,2020-08-11,5851091
PK64-6418173616,J.Awan,مکان 262 گلی 22 Gulshan-e-Iqbal کراچی,Allied Bank,Savings,2021-10-01,7354506
PK29-7637515602,J. Awan,"House No. 262, Gali 22, Gulshan-e-Iqbal, Karachi",JS Bank,Savings,2023-02-05,3275268
PK24-8569174278,Junaid Awan,"House No. 262, Gali 22, Gulshan-e-Iqbal, Karachi",JS Bank,Current,2025-04-13,7676306
PK20-5569425108,M.Yousafzai,"House No. 258, Gali 9, Johar Town, Lahore",Bank Alfalah,Savings,2019-06-16,37117
PK53-7602936952,Babar Malik,مکان 21 گلی 3 Satellite Town راولپنڈی,UBL,Savings,2021-04-16,211838
PK33-6804257735,S.Dar,H#218 St-36 Gulgasht Multan,Allied Bank,Savings,2025-08-01,280135
PK75-5985376880,Luqman Bukhari,مکان 252 گلی 10 D Ground Faisalabad,Meezan Bank,Savings,2024-09-01,33439
PK37-6924904914,Noor Mirza,مکان 77 گلی 1 Shah Rukn-e-Alam Multan,Meezan Bank,Foreign Currency,2020-04-24,2392524
PK11-9241806699,N.Mirza,"House No. 77, Gali 1, Shah Rukn-e-Alam, Multan",JS Bank,Current,2022-12-09,4755904
PK70-1214167244,Noor Mirza,"House 77, Street 1, Shah Rukn-e-Alam, Multan",HBL,Savings,2019-05-04,4665760
PK91-2886945913,Malik Noman Chaudhry,"House No. 89, Gali 35, Peoples Colony, Faisalabad",Askari Bank,Savings,2018-11-14,99015
PK80-8096233605,Uzma Khan,"House 320, Street 6, Shah Rukn-e-Alam, Multan",Allied Bank,Foreign Currency,2023-06-11,4812893
PK30-8037740897,N.Hashmi,H#368 St-36 BahriaPhase4 Rawalpindi,JS Bank,Savings,2023-06-02,358888
PK88-5691027703,N.Naqvi,مکان 341 گلی 30 Cantt Multan,HBL,Foreign Currency,2018-08-16,2041345
PK89-9115852492,S. Ansari,"House 62, Street 31, Shah Rukn-e-Alam, Multan",Meezan Bank,Current,2018-06-15,341295
PK14-7606177945,Madiha Durrani,"House 15, Street 21, Bahria Phase 4, Rawalpindi",Meezan Bank,Current,2024-05-03,48146
PK33-5156208865,A.Mughal,مکان 360 گلی 16 Gulberg III لاہور,UBL,Savings,2022-01-28,4855434
PK83-9191885309,Sajid Tarar,مکان 372 گلی 30 E-11/2 اسلام آباد,Askari Bank,Current,2020-07-03,71651
PK88-8553115295,Mian Amna Cheema,H#296 St-32 GulbergIII Lahore,Allied Bank,Savings,2020-11-06,3550622
PK58-5622691643,A.Cheema,H#296 St-32 GulbergIII Lahore,JS Bank,Savings,2020-08-20,1810540
PK55-4388249959,A.Cheema,"House No. 296, Gali 32, Gulberg III, Lahore",Allied Bank,Current,2023-12-17,5976105
PK19-2585199713,محمد Ansari,مکان 226 گلی 5 Peoples Colony Faisalabad,Meezan Bank,Savings,2021-09-14,2043876
PK14-2827372037,Muhammad Ansari,H#226 St-5 PeoplesColony Faisalabad,MCB,Foreign Currency,2024-01-06,2891693
PK97-7879878988,Malik Nadeem Tareen,"House 311, Street 30, Madina Town, Faisalabad",Askari Bank,Savings,2025-02-24,1682344
PK98-3956931636,Noman Orakzai,H#361 St-24 Gulgasht Multan,Allied Bank,Current,2018-12-14,6636370
PK67-4342151577,Malik Noman Orakzai,مکان 361 گلی 24 Gulgasht Multan,JS Bank,Current,2020-01-25,7001648
PK88-4457353674,Noman Orakzai,"House No. 361, Gali 24, Gulgasht, Multan",Allied Bank,Savings,2021-06-09,3792129
PK71-5916835679,عثمان Baig,H#155 St-16 I-8/4 Islamabad,UBL,Savings,2019-02-22,4537165
PK87-2297672681,Mian Bushra Malik,H#102 St-31 I-8/4 Islamabad,MCB,Foreign Currency,2025-08-12,2817533
PK95-3114607294,Malik Bushra Malik,H#102 St-31 I-8/4 Islamabad,MCB,Foreign Currency,2025-08-10,1668439
PK29-1559918135,Bushra Malik,H#102 St-31 I-8/4 Islamabad,HBL,Foreign Currency,2022-04-11,7522436
PK67-6700374269,Syed Bushra Malik,"House 102, Street 31, I-8/4, Islamabad",JS Bank,Savings,2019-07-14,6705953
PK88-9380712205,عثمان Siddiqui,مکان 17 گلی 29 D Ground Faisalabad,MCB,Foreign Currency,2022-03-28,35523
PK57-5627050712,N.Saddozai,H#19 St-19 Cantt Multan,Bank Alfalah,Savings,2022-01-17,93223
PK32-2226003207,Ali Zaidi,مکان 321 گلی 34 Shah Rukn-e-Alam Multan,UBL,Foreign Currency,2021-05-15,3346321
PK10-7310184471,A. Zaidi,"House No. 321, Gali 34, Shah Rukn-e-Alam, Multan",Askari Bank,Savings,2022-06-06,2755526
PK77-3874907367,A. Zaidi,"House 321, Street 34, Shah Rukn-e-Alam, Multan",HBL,Foreign Currency,2020-02-07,2868835
PK38-9274913261,A.Zaidi,H#321 St-34 ShahRukn-e-Alam Multan,MCB,Current,2022-08-28,1964495
PK71-6039058695,Z. Khan,"House 367, Street 37, Hayatabad Phase 3, Peshawar",Allied Bank,Current,2025-03-23,3007800
PK67-7071488111,Rana Zara Khan,"House 367, Street 37, Hayatabad Phase 3, Peshawar",JS Bank,Savings,2025-08-09,2808371
PK41-4209601124,Rana Zara Khan,H#367 St-37 HayatabadPhase3 Peshawar,HBL,Savings,2022-12-18,3756358
PK29-4803252494,L.Niazi,H#109 St-2 HayatabadPhase3 Peshawar,Askari Bank,Current,2023-09-28,300436
PK56-3846750764,Sufyan Durrani,"House 221, Street 28, Cantt, Multan",MCB,Savings,2021-02-06,198600
PK56-4304022014,H.Khattak,H#164 St-17 I-8/4 Islamabad,Allied Bank,Savings,2019-10-21,5424548
PK65-9061635215,Hina Khattak,H#164 St-17 I-8/4 Islamabad,UBL,Foreign Currency,2020-05-13,4090899
PK45-3301361102,Yasir شیخ,"House No. 316, Gali 24, G-10/2, Islamabad",Bank Alfalah,Savings,2023-07-13,1417456
PK83-7977237557,Y.Sheikh,H#316 St-24 G-10/2 Islamabad,HBL,Savings,2022-01-01,3379054
PK27-4167197976,N. Chaudhry,"House 303, Street 23, Model Town, Lahore",HBL,Foreign Currency,2023-12-23,43434
PK81-3543827189,Chaudhary Zafar Qureshi,مکان 237 گلی 28 Chaklala Scheme 3 راولپنڈی,Askari Bank,Savings,2025-07-19,127959
PK85-4519154779,Noor قریشی,H#238 St-6 DHAPhase5 Lahore,Askari Bank,Foreign Currency,2021-02-10,2793005
PK30-9218595912,Mian Noor Qureshi,"House 238, Street 6, DHA Phase 5, Lahore",JS Bank,Savings,2025-06-02,4182425
PK76-3242824547,Chaudhary Bilal Khokhar,"House No. 171, Gali 6, Cantt, Multan",UBL,Savings,2022-10-11,60855
PK74-8725359730,Mubashir Baig,مکان 90 گلی 8 University Town Peshawar,UBL,Savings,2021-09-28,860426
PK96-2323223685,Syed Mubashir Baig,"House 90, Street 8, University Town, Peshawar",Allied Bank,Savings,2020-04-01,2134500
PK69-7480270074,Rana Maryam Naqvi,"House 229, Street 28, Shah Rukn-e-Alam, Multan",Meezan Bank,Savings,2019-10-26,96646
PK22-7569268500,Syed Mansoor Sial,H#41 St-23 HayatabadPhase3 Peshawar,Meezan Bank,Savings,2022-10-22,36746
PK77-3143456848,A.Butt,"House 207, Street 27, I-8/4, Islamabad",Meezan Bank,Savings,2022-11-14,2942126
PK30-5063103548,Rana Ali Butt,"House No. 207, Gali 27, I-8/4, Islamabad",JS Bank,Savings,2024-01-22,5967089
PK83-2731567394,F.Sheikh,"House No. 342, Gali 30, North Nazimabad, Karachi",HBL,Savings,2025-05-03,7697416
PK87-6021892241,Mian Fahad Sheikh,"House 342, Street 30, North Nazimabad, Karachi",Meezan Bank,Savings,2023-10-19,6855946
PK28-6633970286,F.Sheikh,"House 342, Street 30, North Nazimabad, Karachi",JS Bank,Savings,2022-12-30,5600473
PK13-7518167797,Z. Kakar,"House 367, Street 37, Peoples Colony, Faisalabad",HBL,Savings,2024-08-16,87499
PK76-6173943472,Saqib Ansari,مکان 313 گلی 39 I-8/4 اسلام آباد,Askari Bank,Savings,2018-06-01,56252
PK32-6036283534,M.Shirazi,H#328 St-15 MadinaTown Faisalabad,JS Bank,Current,2024-02-07,1943634
PK36-8774703507,I.Sheikh,"House 293, Street 18, North Nazimabad, Karachi",MCB,Current,2018-10-16,2076944
PK66-2081396644,Haji Irfan Sheikh,H#293 St-18 NorthNazimabad Karachi,JS Bank,Foreign Currency,2018-07-01,2318691
PK86-8708042394,Javeria Kazmi,"House 305, Street 19, Gulgasht, Multan",HBL,Foreign Currency,2020-08-13,3233699
PK24-9784833515,Z.Mughal,H#211 St-4 G-10/2 Islamabad,Bank Alfalah,Current,2023-07-18,58689
PK90-5032493244,T. Janjua,"House No. 293, Gali 33, Wapda Town, Lahore",Askari Bank,Foreign Currency,2022-07-08,21830
PK49-9915403057,Sufyan Malik,H#258 St-38 Gulgasht Multan,Bank Alfalah,Foreign Currency,2024-04-17,52645
PK90-6790314057,Sardar Nadeem Niazi,مکان 83 گلی 8 Peoples Colony Faisalabad,Allied Bank,Savings,2020-03-14,3061449
PK35-9630410297,N. Niazi,مکان 83 گلی 8 Peoples Colony Faisalabad,HBL,Foreign Currency,2024-01-22,6267024
PK40-8775575243,Nadeem Niazi,H#83 St-8 PeoplesColony Faisalabad,Askari Bank,Savings,2021-05-10,7505701
PK26-2983354984,S.Rajput,"House No. 93, Gali 13, Cantt, Multan",UBL,Savings,2019-11-12,3922907
PK69-9793557676,Saqib Rajput,H#93 St-13 Cantt Multan,HBL,Foreign Currency,2023-06-04,6961869
PK56-7678495651,S.Rajput,مکان 93 گلی 13 Cantt Multan,Allied Bank,Foreign Currency,2022-07-20,2833739
PK24-9441581180,S.Rajput,H#93 St-13 Cantt Multan,Askari Bank,Savings,2018-10-24,1496983
PK64-7499342701,Chaudhary Waqas Kazmi,"House No. 85, Gali 39, Gulshan-e-Iqbal, Karachi",Bank Alfalah,Current,2018-02-06,2119589
PK65-3124507030,W. Kazmi,H#85 St-39 Gulshan-e-Iqbal Karachi,UBL,Foreign Currency,2022-11-11,1742892
PK28-3954351813,Sardar Mansoor Bukhari,"House 341, Street 4, Shah Rukn-e-Alam, Multan",Askari Bank,Savings,2023-03-16,3496505
PK63-4754294093,Mansoor Bukhari,"House No. 341, Gali 4, Shah Rukn-e-Alam, Multan",UBL,Savings,2023-07-21,5860754
PK50-8794117312,M. Bukhari,مکان 341 گلی 4 Shah Rukn-e-Alam Multan,MCB,Foreign Currency,2021-12-13,3739672
PK93-5687868945,Khadija Sial,"House 219, Street 3, I-8/4, Islamabad",Askari Bank,Foreign Currency,2022-08-25,4328205
PK44-7757638329,Malik Javeria Zaidi,"House No. 171, Gali 25, Peoples Colony, Faisalabad",Meezan Bank,Foreign Currency,2021-03-04,47982
PK47-3054953474,Farah Khattak,"House 150, Street 3, DHA Phase 6, Karachi",MCB,Savings,2023-10-16,188042
PK14-3485311768,Adnan Zaidi,"House No. 198, Gali 10, DHA Phase 5, Lahore",Meezan Bank,Savings,2023-08-05,1575691
PK80-7398986978,Mian Zainab Awan,مکان 294 گلی 15 G-13/1 اسلام آباد,HBL,Savings,2019-11-23,4022706
PK86-6351377039,Z.Awan,مکان 294 گلی 15 G-13/1 اسلام آباد,Bank Alfalah,Savings,2019-04-16,5350011
PK75-2506494015,Z. Awan,مکان 294 گلی 15 G-13/1 اسلام آباد,MCB,Current,2020-05-25,5760974
PK80-9956047138,Rauf Awan,"House No. 246, Gali 10, Model Town, Lahore",UBL,Foreign Currency,2023-01-19,68655
PK31-8204142280,Salman Niazi,مکان 58 گلی 38 F-8/3 اسلام آباد,Askari Bank,Savings,2025-07-22,5042844
PK85-7719211965,Salman Niazi,H#58 St-38 F-8/3 Islamabad,Meezan Bank,Savings,2022-11-16,5433877
PK42-3366653154,S.Niazi,"House No. 58, Gali 38, F-8/3, Islamabad",MCB,Savings,2020-03-01,2889218
PK85-4158209085,S.Niazi,"House No. 58, Gali 38, F-8/3, Islamabad",Allied Bank,Current,2020-08-01,4763733
PK42-9334021438,Q.Bhatti,H#99 St-19 Cantt Multan,JS Bank,Foreign Currency,2020-08-23,53798
PK83-3878292307,Zafar Saddozai,مکان 65 گلی 17 G-13/1 اسلام آباد,Meezan Bank,Foreign Currency,2024-01-20,3838452
PK31-9632091893,محمد Warraich,H#50 St-18 DHAPhase6 Karachi,JS Bank,Savings,2021-01-01,2656972
PK25-6830199744,Rana Muhammad Warraich,مکان 50 گلی 18 DHA Phase 6 کراچی,Askari Bank,Savings,2019-10-16,1207627
PK47-1694723371,Shoaib Bhatti,H#202 St-25 PeoplesColony Faisalabad,UBL,Savings,2018-04-02,4231893
PK74-5048856090,Shoaib Bhatti,"House No. 202, Gali 25, Peoples Colony, Faisalabad",Askari Bank,Current,2022-07-14,5355952
PK87-1352151099,Sardar Kinza Bukhari,"House No. 160, Gali 33, North Nazimabad, Karachi",Allied Bank,Savings,2020-01-25,31029
PK29-6366838736,A.Cheema,H#161 St-4 MadinaTown Faisalabad,JS Bank,Current,2021-09-18,2738266
PK43-1828167987,Atif Cheema,مکان 161 گلی 4 Madina Town Faisalabad,JS Bank,Foreign Currency,2025-11-30,2187144
PK10-3622575750,Atif Cheema,مکان 161 گلی 4 Madina Town Faisalabad,Askari Bank,Current,2018-05-30,1232442
PK62-3356594001,H.Kakar,"House No. 127, Gali 25, Gulshan-e-Iqbal, Karachi",Allied Bank,Current,2021-11-12,3493660
PK95-8122983901,H. Kakar,"House 127, Street 25, Gulshan-e-Iqbal, Karachi",JS Bank,Savings,2019-02-14,4153082
PK97-9050435041,Sardar Hafsa Durrani,مکان 306 گلی 35 F-8/3 اسلام آباد,Askari Bank,Current,2020-03-02,246535
PK80-9735394379,M. Sheikh,H#336 St-37 G-13/1 Islamabad,JS Bank,Savings,2020-05-04,31102
PK89-5491625877,Syed Saad Sheikh,"House 193, Street 18, Model Town, Lahore",Allied Bank,Savings,2021-06-19,1576366
PK36-7295775556,A. Sial,"House No. 8, Gali 20, Johar Town, Lahore",Allied Bank,Savings,2023-11-17,48026
PK22-6185730980,Maryam ملک,"House No. 158, Gali 21, Madina Town, Faisalabad",Askari Bank,Current,2021-11-22,140608
PK45-5171472698,Y.Sandhu,H#196 St-9 ModelTown Lahore,Allied Bank,Foreign Currency,2021-08-21,94896
PK17-2619569679,Syed Waqas Ansari,"House 78, Street 19, F-8/3, Islamabad",UBL,Foreign Currency,2022-06-25,1974358
PK43-9342720259,W. Ansari,مکان 78 گلی 19 F-8/3 اسلام آباد,Meezan Bank,Current,2024-11-07,5938389
PK74-2756950936,S.Sandhu,H#129 St-35 Gulbahar Peshawar,HBL,Savings,2022-10-28,51010
PK68-8838045874,احمد قریشی,H#247 St-32 NorthNazimabad Karachi,Meezan Bank,Savings,2018-10-02,260657
PK70-1115517027,R.Durrani,H#28 St-14 F-8/3 Islamabad,Allied Bank,Foreign Currency,2023-05-20,40767
PK19-5402207537,Malik Ehsan Gondal,"House 357, Street 38, Gulshan-e-Iqbal, Karachi",Allied Bank,Foreign Currency,2025-03-10,1458088
PK34-3980560526,Ehsan Gondal,"House No. 357, Gali 38, Gulshan-e-Iqbal, Karachi",Askari Bank,Savings,2021-10-09,1046182
PK55-7045034676,Ibrahim Tareen,"House No. 17, Gali 28, DHA Phase 5, Lahore",JS Bank,Savings,2018-04-08,4983579
PK76-6442899855,I. Tareen,"House 17, Street 28, DHA Phase 5, Lahore",Askari Bank,Savings,2025-01-20,5404835
PK14-9809245285,Ibrahim Tareen,"House 17, Street 28, DHA Phase 5, Lahore",Meezan Bank,Savings,2023-04-27,5154846
PK33-9891116291,I.Tareen,"House No. 17, Gali 28, DHA Phase 5, Lahore",Allied Bank,Current,2020-07-15,2635748
PK64-7545508204,Haris Chaudhry,"House No. 100, Gali 10, F-8/3, Islamabad",MCB,Current,2022-08-20,27070
PK65-2738368707,T. Joiya,H#392 St-14 UniversityTown Peshawar,MCB,Savings,2020-03-05,110910
PK35-7107817764,Nadia Rizvi,H#38 St-31 DHAPhase6 Karachi,Askari Bank,Savings,2018-07-12,6303915
PK26-1695859224,Nadia Rizvi,مکان 38 گلی 31 DHA Phase 6 کراچی,UBL,Current,2018-07-14,6974830
PK47-5004708415,Usman Kayani,"House No. 17, Gali 25, Johar Town, Lahore",Meezan Bank,Current,2022-10-26,2620458
PK46-2498223783,S.Rajput,"House No. 264, Gali 5, Madina Town, Faisalabad",JS Bank,Foreign Currency,2023-02-04,260850
PK43-9322702788,Nadeem Kayani,H#273 St-14 CliftonBlock2 Karachi,Bank Alfalah,Savings,2019-02-20,6499360
PK78-9935488172,N.Kayani,"House No. 273, Gali 14, Clifton Block 2, Karachi",Allied Bank,Current,2025-06-08,3782763
PK33-2606992241,Nadeem Kayani,"House No. 273, Gali 14, Clifton Block 2, Karachi",UBL,Savings,2019-08-29,4512694
PK85-7320387964,Mian Lubna Zaidi,"House No. 329, Gali 21, G-10/2, Islamabad",MCB,Current,2024-08-24,4228847
PK32-9194389578,Lubna Zaidi,"House No. 329, Gali 21, G-10/2, Islamabad",Askari Bank,Foreign Currency,2023-12-26,4782802
PK52-2565540906,فاطمہ Wazir,"House No. 377, Gali 25, Wapda Town, Lahore",Allied Bank,Current,2021-03-02,2970492
PK37-8772292403,Chaudhary Fatima Wazir,"House No. 377, Gali 25, Wapda Town, Lahore",JS Bank,Savings,2023-12-11,2726868
PK88-5964980675,Javeria Shirazi,"House 162, Street 31, I-8/4, Islamabad",HBL,Current,2019-10-12,237273
PK80-7146074930,Syed Hafsa Awan,"House 120, Street 3, Model Town, Lahore",Bank Alfalah,Foreign Currency,2018-06-02,169670
PK35-2699344028,Sardar Shahzad Dar,"House 333, Street 15, Gulbahar, Peshawar",Askari Bank,Savings,2023-01-02,85133
PK36-3545884967,احمد Ansari,"House 2, Street 2, Bahria Phase 4, Rawalpindi",JS Bank,Current,2025-08-16,1146692
PK25-6717323816,احمد Ansari,"House No. 2, Gali 2, Bahria Phase 4, Rawalpindi",JS Bank,Current,2020-05-28,897079
PK68-3144360145,U. Malik,"House No. 306, Gali 36, D Ground, Faisalabad",Meezan Bank,Current,2021-12-02,2202497
PK92-1505270138,U. Sandhu,"House No. 148, Gali 4, Clifton Block 2, Karachi",Askari Bank,Current,2023-04-05,3010234
PK61-8254022896,U.Sandhu,"House 148, Street 4, Clifton Block 2, Karachi",Askari Bank,Current,2020-04-21,3609384
PK76-2253094095,Talha خان,H#169 St-38 GulbergIII Lahore,Meezan Bank,Current,2025-09-06,71717
PK12-5502803723,Haji Mubashir Raja,"House 361, Street 15, Cantt, Multan",Askari Bank,Foreign Currency,2021-02-13,240242
PK55-9648763569,Mehwish Bukhari,"House 241, Street 3, Wapda Town, Lahore",HBL,Savings,2022-08-03,40286
PK60-6454539013,Rauf Tarar,H#151 St-36 PeoplesColony Faisalabad,Allied Bank,Current,2020-01-31,3465896
PK76-1250332341,Chaudhary Rauf Tarar,"House No. 151, Gali 36, Peoples Colony, Faisalabad",UBL,Foreign Currency,2019-10-17,1329421
PK87-4500284457,Sardar Nasir Mughal,H#8 St-34 NorthNazimabad Karachi,Bank Alfalah,Savings,2025-03-25,3884637
PK11-5154648902,Rabia Siddiqui,"House 315, Street 5, North Nazimabad, Karachi",Allied Bank,Savings,2024-02-05,4310904
PK83-6525649626,Syed Rabia Siddiqui,"House No. 315, Gali 5, North Nazimabad, Karachi",HBL,Savings,2018-09-27,1375882
PK83-8872830275,Sadia خان,مکان 189 گلی 9 Gulbahar Peshawar,Bank Alfalah,Savings,2024-09-15,4696810
PK40-1743695851,S. Khan,"House No. 189, Gali 9, Gulbahar, Peshawar",Askari Bank,Savings,2018-08-21,2026084
PK43-3947850440,U. Hashmi,H#362 St-6 Gulshan-e-Iqbal Karachi,Meezan Bank,Foreign Currency,2023-06-06,2988346
PK10-6133722945,Ubaid Hashmi,H#362 St-6 Gulshan-e-Iqbal Karachi,Askari Bank,Current,2021-09-08,1715216
PK96-3581528616,Z. Rizvi,مکان 283 گلی 10 Gulgasht Multan,MCB,Savings,2020-11-11,1977867
PK54-7756888287,N.Durrani,مکان 68 گلی 7 Gulberg III لاہور,Meezan Bank,Savings,2019-01-23,4651602
PK90-2823508709,N. Durrani,H#68 St-7 GulbergIII Lahore,JS Bank,Savings,2025-07-13,3849275
PK48-6373924438,Saqib Sial,H#65 St-1 Gulbahar Peshawar,Meezan Bank,Current,2019-04-26,2720211
PK31-8357638306,Saqib Sial,H#65 St-1 Gulbahar Peshawar,HBL,Current,2023-01-04,2714002
PK71-7324984427,L.Gilani,"House No. 26, Gali 5, B-17, Islamabad",JS Bank,Savings,2024-06-16,79852
PK96-4139622531,U.Mughal,مکان 143 گلی 31 Bahria Phase 4 راولپنڈی,UBL,Savings,2020-12-09,1811407
PK17-4557057541,U. Mughal,"House No. 143, Gali 31, Bahria Phase 4, Rawalpindi",UBL,Savings,2022-01-31,3741597
PK37-4647932868,Mian Muhammad Sheikh,"House 267, Street 34, E-11/2, Islamabad",Bank Alfalah,Savings,2022-07-31,2723752
PK35-4723322120,Muhammad Sheikh,"House 267, Street 34, E-11/2, Islamabad",HBL,Savings,2018-08-06,1502783
PK68-4456952634,Chaudhary Naveed Tarar,مکان 278 گلی 24 E-11/2 اسلام آباد,MCB,Savings,2021-10-22,61201
PK74-9937010716,U.Orakzai,H#47 St-8 HayatabadPhase3 Peshawar,MCB,Savings,2021-02-27,253164
PK73-3678450363,B.Gilani,H#23 St-3 BahriaPhase4 Rawalpindi,Allied Bank,Savings,2024-10-02,78274
PK13-5292151267,Haji Muhammad Rajput,H#259 St-37 DHAPhase5 Lahore,UBL,Savings,2019-02-08,94102
PK70-9897883527,Waseem Rajput,مکان 212 گلی 6 Hayatabad Phase 3 Peshawar,HBL,Savings,2021-10-14,231193
PK32-6900849837,Ehsan Abbasi,"House No. 208, Gali 18, Clifton Block 2, Karachi",Meezan Bank,Savings,2020-03-21,928666
PK11-5899890370,Sardar Khalid Afridi,"House 208, Street 9, University Town, Peshawar",Meezan Bank,Foreign Currency,2025-12-01,203401
PK74-9520891078,Waseem Bangash,H#185 St-29 E-11/2 Islamabad,Askari Bank,Foreign Currency,2022-08-04,283302
PK76-9634130254,Chaudhary Waqas Dar,مکان 374 گلی 1 Peoples Colony Faisalabad,HBL,Savings,2023-09-08,291996
PK48-5094573926,Luqman شیخ,"House No. 91, Gali 11, Gulgasht, Multan",JS Bank,Foreign Currency,2023-10-06,146099
PK74-4488766430,G. Sheikh,مکان 214 گلی 4 F-8/3 اسلام آباد,JS Bank,Savings,2024-03-30,181462
PK75-3165467033,Farhan Khattak,مکان 302 گلی 17 Gulgasht Multan,UBL,Foreign Currency,2019-08-16,2695917
PK48-7071659060,Anas Qureshi,"House No. 361, Gali 13, University Town, Peshawar",HBL,Savings,2020-12-17,7541262
PK99-2069852142,A.Qureshi,H#361 St-13 UniversityTown Peshawar,UBL,Savings,2025-08-09,1309657
PK62-8088497103,Mian Anas Qureshi,"House 361, Street 13, University Town, Peshawar",Askari Bank,Savings,2020-01-29,2352244
PK80-3302876725,U. Malik,"House No. 25, Gali 1, Satellite Town, Rawalpindi",Allied Bank,Current,2018-03-24,18201
PK21-5258889993,Chaudhary Noman Orakzai,مکان 2 گلی 18 Peoples Colony Faisalabad,Bank Alfalah,Savings,2021-03-23,3732404
PK15-3528063322,Noman Orakzai,H#2 St-18 PeoplesColony Faisalabad,HBL,Current,2024-12-31,3587156
PK33-8908746089,Mehwish Orakzai,H#33 St-5 UniversityTown Peshawar,Askari Bank,Foreign Currency,2022-01-01,40545
PK17-4070518837,Chaudhary Mehwish Yousafzai,"House No. 178, Gali 16, Chaklala Scheme 3, Rawalpindi",MCB,Savings,2018-10-11,305973
PK54-7590251570,F. Butt,"House No. 250, Gali 37, E-11/2, Islamabad",MCB,Foreign Currency,2024-04-29,1010276
PK82-4755856242,Faisal Butt,"House No. 250, Gali 37, E-11/2, Islamabad",JS Bank,Savings,2021-04-29,1322380
PK58-5895026385,Imran Chaudhry,"House No. 368, Gali 29, Madina Town, Faisalabad",Askari Bank,Savings,2023-11-01,59460
PK58-7857962653,Ayesha Lodhi,H#65 St-14 Gulgasht Multan,MCB,Foreign Currency,2023-06-17,1887811
PK61-5589353714,عائشہ Lodhi,مکان 65 گلی 14 Gulgasht Multan,Bank Alfalah,Foreign Currency,2024-09-30,5935152
PK78-1406486845,A. Lodhi,"House No. 65, Gali 14, Gulgasht, Multan",Askari Bank,Foreign Currency,2020-08-25,3644347
PK79-2614133815,A.Lodhi,مکان 65 گلی 14 Gulgasht Multan,Allied Bank,Foreign Currency,2022-11-15,6625006
PK82-8272352703,Mian Ali Khan,"House No. 235, Gali 25, North Nazimabad, Karachi",UBL,Current,2022-05-30,199176
PK84-9217718802,Kamran خان,مکان 293 گلی 3 Cantt Multan,MCB,Current,2018-12-01,288377
PK81-4231863736,Rana Fatima Kayani,H#78 St-8 SatelliteTown Rawalpindi,JS Bank,Savings,2020-11-01,97511
PK59-2013406866,M. Khan,H#234 St-22 GulbergIII Lahore,JS Bank,Current,2023-11-19,30788
PK41-7628281594,S. Mughal,"House No. 304, Gali 28, D Ground, Faisalabad",Allied Bank,Foreign Currency,2020-04-11,131066
PK28-3548650252,P.Wazir,H#5 St-10 HayatabadPhase3 Peshawar,UBL,Savings,2025-03-10,135991
PK63-1972754145,S. Bangash,"House 4, Street 12, Gulbahar, Peshawar",Meezan Bank,Current,2025-01-13,1289050
PK12-2405908905,S. Bangash,H#4 St-12 Gulbahar Peshawar,UBL,Current,2020-07-27,1278298
PK94-4562487392,K.Gill,H#268 St-37 PeoplesColony Faisalabad,Askari Bank,Current,2019-03-31,87112
PK95-9447088119,Chaudhary Fahad Kazmi,مکان 275 گلی 24 DHA Phase 6 کراچی,Meezan Bank,Savings,2021-05-28,3008156
PK68-3788860414,Fahad Kazmi,مکان 275 گلی 24 DHA Phase 6 کراچی,MCB,Current,2018-04-01,1947123
PK23-3668572942,Fahad Kazmi,H#275 St-24 DHAPhase6 Karachi,Askari Bank,Current,2020-12-12,4986699
PK68-1818250671,Syed Javeria Rajput,مکان 196 گلی 36 Satellite Town راولپنڈی,UBL,Current,2020-11-04,47106
PK52-1831256473,Maryam Tareen,"House 310, Street 14, Gulbahar, Peshawar",UBL,Savings,2021-12-06,38486
PK33-1025026044,Waqas خان,مکان 283 گلی 14 F-8/3 اسلام آباد,Bank Alfalah,Current,2024-09-27,38004
PK18-8332686088,N.Wazir,"House 130, Street 6, Satellite Town, Rawalpindi",HBL,Savings,2019-02-18,7622797
PK20-7923336092,N.Wazir,"House 130, Street 6, Satellite Town, Rawalpindi",UBL,Foreign Currency,2018-11-02,6911387
PK88-8699219869,H.Saddozai,مکان 216 گلی 24 G-10/2 اسلام آباد,Askari Bank,Savings,2024-10-19,130470
PK91-2679784425,S. Saddozai,"House 19, Street 14, F-8/3, Islamabad",HBL,Current,2020-02-02,26026
PK70-8829206882,Malik Ayesha Raja,H#25 St-27 Gulshan-e-Iqbal Karachi,MCB,Current,2024-01-17,7281364
PK14-6788672392,Ayesha Raja,H#25 St-27 Gulshan-e-Iqbal Karachi,Meezan Bank,Savings,2020-08-31,7692803
PK59-7364787317,Ayesha Raja,"House 25, Street 27, Gulshan-e-Iqbal, Karachi",Bank Alfalah,Current,2025-06-11,7465064
PK10-5319178401,Farhan Bangash,مکان 119 گلی 29 Gulbahar Peshawar,HBL,Savings,2018-02-22,26758
PK35-6966185035,M.Rizvi,H#394 St-5 BahriaPhase4 Rawalpindi,MCB,Savings,2021-09-19,3211327
PK38-3592614397,Mehwish Rizvi,H#394 St-5 BahriaPhase4 Rawalpindi,Meezan Bank,Savings,2024-05-25,2860309
PK34-7635725749,M.Rizvi,"House 394, Street 5, Bahria Phase 4, Rawalpindi",Meezan Bank,Savings,2024-12-26,3895010
PK62-9833922664,Kamran Yousafzai,مکان 84 گلی 10 North Nazimabad کراچی,JS Bank,Savings,2025-01-26,3945335
PK47-3342498030,Rana Ayesha Sheikh,"House No. 286, Gali 24, Model Town, Lahore",UBL,Current,2021-02-04,234460
PK43-7202319952,Hamza Raja,H#131 St-14 JoharTown Lahore,MCB,Savings,2024-05-24,4242332
PK24-8827392075,Hamza Raja,"House No. 131, Gali 14, Johar Town, Lahore",JS Bank,Savings,2024-11-22,3404328
PK67-2924523354,S. Mehsud,مکان 348 گلی 33 Satellite Town راولپنڈی,Askari Bank,Savings,2024-05-02,2434616
PK16-1677861683,Chaudhary Hafsa Yousafzai,H#319 St-27 B-17 Islamabad,Allied Bank,Current,2020-08-29,241339
PK11-7318192034,Mian Nadeem Gondal,"House No. 123, Gali 9, Chaklala Scheme 3, Rawalpindi",UBL,Current,2024-06-26,2424028
PK40-2554470628,N. Gondal,مکان 123 گلی 9 Chaklala Scheme 3 راولپنڈی,UBL,Foreign Currency,2020-10-28,6042374
PK17-5760095933,Haji Shoaib Janjua,"House 18, Street 16, Johar Town, Lahore",Askari Bank,Current,2019-01-29,2405678
PK37-1765522172,Jawad Malik,"House No. 5, Gali 37, D Ground, Faisalabad",UBL,Savings,2019-12-01,189736
PK51-5277408981,F. Janjua,"House 142, Street 9, E-11/2, Islamabad",UBL,Savings,2019-12-11,98695
PK29-6596545526,I. Sheikh,مکان 334 گلی 35 Shah Rukn-e-Alam Multan,UBL,Current,2023-10-26,27210
PK54-3244741709,M. Kakar,مکان 110 گلی 4 Gulberg III لاہور,JS Bank,Savings,2025-09-24,5932620
PK60-7829841102,M. Kakar,H#110 St-4 GulbergIII Lahore,UBL,Current,2021-07-09,5199252
PK10-4353503561,Saad Sial,"House 133, Street 18, Madina Town, Faisalabad",HBL,Savings,2023-03-23,164985
PK67-3458583307,U. Mehsud,H#271 St-27 B-17 Islamabad,Bank Alfalah,Savings,2024-06-15,3027919
PK56-1343304955,A.Sial,مکان 209 گلی 13 Gulshan-e-Iqbal کراچی,Allied Bank,Foreign Currency,2024-12-10,82271
PK17-2080313091,U.Butt,"House No. 359, Gali 23, Gulbahar, Peshawar",Allied Bank,Foreign Currency,2021-10-27,41383
PK90-5191865484,A. Khattak,H#24 St-3 DGround Faisalabad,Allied Bank,Current,2019-11-25,93174
PK84-8022693775,R. Tareen,"House 254, Street 11, Clifton Block 2, Karachi",Allied Bank,Current,2025-04-04,196045
PK22-2070579568,F.Bangash,H#91 St-2 Westridge Rawalpindi,MCB,Current,2019-03-05,184154
PK77-9792437506,Mian Mehwish Gill,"House 350, Street 14, Gulbahar, Peshawar",MCB,Savings,2020-12-25,7521873
PK31-8733346456,Haji Mehwish Gill,"House 350, Street 14, Gulbahar, Peshawar",Allied Bank,Savings,2025-03-14,5908566
PK68-4758371417,Malik Danish Orakzai,"House 268, Street 39, Peoples Colony, Faisalabad",HBL,Current,2023-09-14,227742
PK86-6053046423,Mian Javeria Orakzai,H#182 St-15 HayatabadPhase3 Peshawar,Meezan Bank,Savings,2023-10-11,253174
PK73-9843817756,H. Rajput,"House 26, Street 36, Clifton Block 2, Karachi",Allied Bank,Savings,2020-10-25,223503
PK50-7241600154,Z. Gill,مکان 114 گلی 36 Gulgasht Multan,HBL,Current,2018-02-27,5359965
PK23-2738717187,Z.Gill,H#114 St-36 Gulgasht Multan,JS Bank,Savings,2025-03-05,5995583
PK18-4650413387,Lubna Tareen,"House No. 133, Gali 26, Wapda Town, Lahore",Askari Bank,Savings,2021-05-04,24949
PK33-6263911061,Rana Rashid Dar,مکان 73 گلی 11 Bahria Phase 4 راولپنڈی,UBL,Savings,2020-04-02,137449
PK67-3890345717,Rana Farhan Zaidi,"House No. 290, Gali 10, Gulgasht, Multan",Askari Bank,Savings,2019-01-26,125092
PK23-1888869155,Nimra Cheema,"House 336, Street 4, Chaklala Scheme 3, Rawalpindi",HBL,Foreign Currency,2023-06-26,125242
PK75-6913431357,M.Sheikh,H#351 St-32 ModelTown Lahore,HBL,Savings,2024-07-05,3760347
PK35-2166679464,Danish Zaidi,H#335 St-36 DHAPhase5 Lahore,HBL,Foreign Currency,2024-07-05,243428
PK23-4739594766,Saad Warraich,H#261 St-19 Cantt Multan,UBL,Current,2018-03-19,120370
PK48-2667416777,Saqib Durrani,"House No. 24, Gali 24, Model Town, Lahore",Allied Bank,Current,2018-06-23,57967
PK52-6639858993,Kamran Sandhu,"House No. 369, Gali 18, E-11/2, Islamabad",HBL,Savings,2020-11-11,1697055
PK81-8576164069,Malik Rabia Wazir,"House No. 370, Gali 25, G-13/1, Islamabad",UBL,Current,2023-01-14,2620659
PK67-4463882976,Haji Talha Sheikh,H#71 St-2 CliftonBlock2 Karachi,Bank Alfalah,Savings,2023-05-20,3464083
PK32-8008825714,T.Sheikh,مکان 71 گلی 2 Clifton Block 2 کراچی,HBL,Foreign Currency,2019-12-01,1797892
PK16-1230706942,Mian Talha Sheikh,مکان 71 گلی 2 Clifton Block 2 کراچی,HBL,Foreign Currency,2024-09-24,1636292
PK79-2124997338,Mian Talha Sheikh,H#71 St-2 CliftonBlock2 Karachi,Askari Bank,Current,2018-12-10,5003848
PK40-2647097635,N.Warraich,مکان 208 گلی 3 North Nazimabad کراچی,UBL,Savings,2018-11-17,310823
PK41-5633332453,Mustafa Rajput,"House 309, Street 12, Satellite Town, Rawalpindi",MCB,Current,2023-06-02,37582
PK20-2160261806,Mian Saba Mehsud,"House No. 355, Gali 20, D Ground, Faisalabad",UBL,Savings,2020-03-22,43678
PK21-1561964694,Owais Baig,H#345 St-38 G-13/1 Islamabad,UBL,Savings,2025-05-16,135414
PK40-3040886056,H.Bukhari,مکان 13 گلی 23 I-8/4 اسلام آباد,Askari Bank,Foreign Currency,2021-02-17,2866513
PK87-6243369548,I.Rajput,مکان 26 گلی 1 B-17 اسلام آباد,Meezan Bank,Savings,2023-04-19,193951
PK62-3505032702,Anas Warraich,"House No. 230, Gali 38, Wapda Town, Lahore",MCB,Savings,2018-07-21,49436
PK69-5270648425,Farhan Sial,H#132 St-22 Cantt Multan,Bank Alfalah,Savings,2018-10-16,129594
PK69-8623597937,Sufyan راجہ,"House No. 290, Gali 23, B-17, Islamabad",HBL,Current,2022-11-13,103402
PK43-1417104311,S. Niazi,مکان 38 گلی 20 Shah Rukn-e-Alam Multan,Bank Alfalah,Savings,2020-07-24,49850
PK54-8943178129,Rana Obaid Kayani,مکان 389 گلی 36 G-13/1 اسلام آباد,UBL,Savings,2019-07-29,2883199
PK12-4359746012,O. Kayani,H#389 St-36 G-13/1 Islamabad,Meezan Bank,Foreign Currency,2024-09-15,7203163
PK45-6769167805,Syed Shahzad Shirazi,"House 371, Street 14, Shah Rukn-e-Alam, Multan",MCB,Savings,2021-03-04,33728
PK14-7866996219,Z. Janjua,"House No. 5, Gali 37, Satellite Town, Rawalpindi",MCB,Current,2018-06-01,206501
PK94-3263770569,S. Butt,H#22 St-20 SatelliteTown Rawalpindi,MCB,Foreign Currency,2021-02-27,75974
PK31-8880200441,R.Durrani,"House 291, Street 4, Peoples Colony, Faisalabad",UBL,Savings,2018-04-02,150950
PK57-2269391597,N. Durrani,"House No. 171, Gali 26, University Town, Peshawar",JS Bank,Current,2021-07-13,252988
PK77-3753813364,B. Dar,H#98 St-27 JoharTown Lahore,MCB,Savings,2024-09-15,232235
PK90-4577493516,Rana Zubair Ansari,مکان 107 گلی 7 Model Town لاہور,Bank Alfalah,Current,2018-09-02,1633838
PK14-6780753762,S. Bangash,H#292 St-18 Cantt Multan,Bank Alfalah,Foreign Currency,2024-06-04,53798
PK84-7110223907,S. Khattak,مکان 225 گلی 19 Shah Rukn-e-Alam Multan,Meezan Bank,Savings,2020-05-31,46444
PK40-1753881769,N.Bhatti,"House No. 117, Gali 35, F-8/3, Islamabad",Askari Bank,Foreign Currency,2025-07-09,59579
PK37-2941850379,D. Malik,مکان 130 گلی 27 Bahria Phase 4 راولپنڈی,Meezan Bank,Current,2025-10-08,4529290
PK41-7183120950,Danish ملک,مکان 130 گلی 27 Bahria Phase 4 راولپنڈی,MCB,Savings,2020-07-17,2122803
PK89-5747999123,Ubaid Sandhu,"House 225, Street 28, Hayatabad Phase 3, Peshawar",JS Bank,Current,2025-03-16,93713
PK88-3422017386,Saad Lodhi,H#108 St-4 ShahRukn-e-Alam Multan,MCB,Current,2018-02-06,4658120
PK77-6633276327,S. Lodhi,"House 108, Street 4, Shah Rukn-e-Alam, Multan",Meezan Bank,Savings,2018-06-22,2736822
PK69-3785721032,S. Lodhi,H#108 St-4 ShahRukn-e-Alam Multan,Bank Alfalah,Savings,2024-09-26,3691101
PK60-6321699045,Haji Saad Lodhi,مکان 108 گلی 4 Shah Rukn-e-Alam Multan,MCB,Foreign Currency,2018-03-23,3126998
PK15-2587925757,Khadija Saddozai,"House No. 47, Gali 30, Hayatabad Phase 3, Peshawar",Askari Bank,Current,2023-04-01,265899
PK99-7062187153,I.Joiya,H#212 St-17 Gulbahar Peshawar,Bank Alfalah,Current,2024-11-03,4096928
PK73-1059427445,Imran Joiya,H#212 St-17 Gulbahar Peshawar,JS Bank,Savings,2023-04-24,5239509
PK16-8909543850,I.Joiya,"House No. 212, Gali 17, Gulbahar, Peshawar",UBL,Foreign Currency,2024-03-14,1980837
PK68-1935576065,K. Orakzai,"House 202, Street 35, Model Town, Lahore",Askari Bank,Savings,2019-09-12,5540292
PK13-5456137439,Khadija Orakzai,"House 202, Street 35, Model Town, Lahore",JS Bank,Foreign Currency,2022-10-26,1689457
PK12-2088630488,K.Orakzai,"House No. 202, Gali 35, Model Town, Lahore",JS Bank,Current,2022-03-16,5280815
PK75-5326200294,K.Orakzai,"House No. 202, Gali 35, Model Town, Lahore",HBL,Current,2019-10-05,4745782
PK49-2463927009,Rana Yasir Afridi,H#294 St-5 Westridge Rawalpindi,Allied Bank,Foreign Currency,2025-03-24,93308
PK15-2758070002,Javeria Gill,H#377 St-8 ChaklalaScheme3 Rawalpindi,HBL,Current,2019-11-30,364568
PK58-5335949140,L.Saddozai,"House 113, Street 36, Johar Town, Lahore",Meezan Bank,Current,2020-07-23,248498
PK20-9390563871,Adnan Abbasi,"House 91, Street 25, E-11/2, Islamabad",Meezan Bank,Current,2018-01-12,26095
PK40-7006878176,Malik Javeria Rizvi,مکان 104 گلی 19 Hayatabad Phase 3 Peshawar,Bank Alfalah,Savings,2018-01-04,325073
PK65-3921029706,Hafsa Virk,"House No. 351, Gali 23, Gulbahar, Peshawar",Meezan Bank,Savings,2024-09-01,35821
PK93-1341218669,A. Kayani,مکان 94 گلی 26 D Ground Faisalabad,JS Bank,Savings,2024-04-16,2117709
PK60-4154194244,Anas Kayani,"House 94, Street 26, D Ground, Faisalabad",Allied Bank,Savings,2019-07-06,1413454
PK63-8998354716,A.Kayani,مکان 94 گلی 26 D Ground Faisalabad,Allied Bank,Savings,2020-11-01,4011363
PK87-4126665683,T. Warraich,H#43 St-10 WapdaTown Lahore,HBL,Foreign Currency,2022-02-27,117560
PK53-5622595142,Adnan Bukhari,مکان 37 گلی 21 DHA Phase 5 لاہور,Allied Bank,Savings,2022-02-14,1635016
PK26-3925662622,A. Bukhari,مکان 37 گلی 21 DHA Phase 5 لاہور,Allied Bank,Savings,2019-11-20,2546636
PK28-3718753827,A. Bukhari,H#37 St-21 DHAPhase5 Lahore,HBL,Foreign Currency,2024-08-10,3585113
PK42-3295135940,Sardar Usman Sial,"House 172, Street 17, Clifton Block 2, Karachi",Askari Bank,Foreign Currency,2022-10-21,3010515
PK55-5066996980,U.Sial,مکان 172 گلی 17 Clifton Block 2 کراچی,JS Bank,Foreign Currency,2022-12-13,3581825
PK69-8671815054,U.Sial,"House 172, Street 17, Clifton Block 2, Karachi",Bank Alfalah,Savings,2019-06-08,5073058
PK94-5994311338,Syed Usman Sial,"House 172, Street 17, Clifton Block 2, Karachi",UBL,Savings,2022-04-04,5174409
PK37-5171904691,Umar Dar,مکان 115 گلی 35 Cantt Multan,Bank Alfalah,Foreign Currency,2023-05-26,2846055
PK10-9163941670,Sardar Fatima Wazir,مکان 191 گلی 35 B-17 اسلام آباد,MCB,Foreign Currency,2024-05-08,3083286
PK93-1406785072,F. Wazir,مکان 191 گلی 35 B-17 اسلام آباد,MCB,Savings,2019-10-10,4306672
PK24-2825274084,Chaudhary Naveed Mehsud,H#199 St-12 G-10/2 Islamabad,Meezan Bank,Savings,2020-05-23,4346950
PK43-1677963052,N. Mehsud,"House No. 199, Gali 12, G-10/2, Islamabad",Bank Alfalah,Current,2025-03-10,1729411
PK18-2731426398,Naveed Mehsud,"House No. 199, Gali 12, G-10/2, Islamabad",Bank Alfalah,Foreign Currency,2023-11-06,6764543
PK37-3215922048,Rana Naveed Mehsud,مکان 199 گلی 12 G-10/2 اسلام آباد,Bank Alfalah,Current,2018-11-11,4193494
PK27-3701251526,Saqib Naqvi,H#327 St-26 ModelTown Lahore,Askari Bank,Savings,2019-05-12,216869
PK63-3360894606,Rana Noor Awan,"House No. 338, Gali 12, Chaklala Scheme 3, Rawalpindi",Meezan Bank,Current,2018-07-01,24188
PK29-3697532752,Saad Chaudhry,مکان 9 گلی 20 Bahria Phase 4 راولپنڈی,Askari Bank,Savings,2025-02-09,4654695
PK48-6470224385,S.Chaudhry,H#9 St-20 BahriaPhase4 Rawalpindi,JS Bank,Savings,2025-01-10,3025249
PK32-5438019796,Fahad Mirza,H#262 St-37 ShahRukn-e-Alam Multan,MCB,Foreign Currency,2019-01-10,3332777
PK51-2006338222,F. Mirza,"House 262, Street 37, Shah Rukn-e-Alam, Multan",Askari Bank,Savings,2020-10-13,959764
PK52-1581729617,Obaid Bukhari,"House No. 314, Gali 18, D Ground, Faisalabad",UBL,Savings,2025-04-14,130932
PK65-8038814099,F. Saddozai,"House 30, Street 15, Peoples Colony, Faisalabad",JS Bank,Savings,2020-11-20,3890372
PK81-2837497695,F.Saddozai,H#30 St-15 PeoplesColony Faisalabad,HBL,Savings,2019-04-17,3216944
PK39-7118867897,L.Khan,"House No. 179, Gali 13, G-10/2, Islamabad",MCB,Foreign Currency,2021-10-26,2113959
PK64-4889134556,Z. Khan,H#168 St-12 DHAPhase5 Lahore,Meezan Bank,Foreign Currency,2022-02-11,3486570
PK66-9432179171,Zeeshan خان,"House No. 168, Gali 12, DHA Phase 5, Lahore",JS Bank,Current,2022-11-10,2236953
PK11-6047347094,G. Zaidi,"House 214, Street 40, Cantt, Multan",Bank Alfalah,Savings,2023-03-07,2906987
PK68-8120587624,Ghulam Zaidi,مکان 214 گلی 40 Cantt Multan,Askari Bank,Current,2022-11-28,3132406
PK59-2600591727,A. Yousafzai,H#110 St-31 DHAPhase6 Karachi,HBL,Savings,2023-03-02,6100356
PK32-7663897353,Ayesha Yousafzai,H#110 St-31 DHAPhase6 Karachi,JS Bank,Foreign Currency,2020-02-09,7206530
PK51-6584165595,A. Yousafzai,"House 110, Street 31, DHA Phase 6, Karachi",Askari Bank,Current,2024-08-15,1604819
PK35-5613380321,S.Warraich,"House No. 127, Gali 28, Clifton Block 2, Karachi",HBL,Current,2020-04-25,36134
PK21-7871913981,Adnan Wazir,"House No. 103, Gali 15, Peoples Colony, Faisalabad",Meezan Bank,Savings,2020-07-28,2977126
PK27-8230192334,Rida Gondal,مکان 237 گلی 39 Johar Town لاہور,Meezan Bank,Foreign Currency,2018-07-28,1636868
PK77-6853171309,Rida Gondal,"House No. 237, Gali 39, Johar Town, Lahore",Bank Alfalah,Savings,2025-11-05,4425409
PK55-2550107217,R.Gondal,H#237 St-39 JoharTown Lahore,UBL,Savings,2020-03-23,3364961
PK26-2115204589,R. Gondal,مکان 237 گلی 39 Johar Town لاہور,Allied Bank,Savings,2021-09-15,6488702
PK52-9475429212,Nasir Rajput,مکان 49 گلی 3 North Nazimabad کراچی,JS Bank,Foreign Currency,2021-06-16,2209942
PK74-8819580154,Mian Nasir Rajput,"House 49, Street 3, North Nazimabad, Karachi",UBL,Foreign Currency,2018-07-09,6811449
PK66-3478134432,Rana Nasir Rajput,"House No. 49, Gali 3, North Nazimabad, Karachi",Askari Bank,Savings,2023-01-02,7625367
PK61-9449657254,Mian Nasir Rajput,"House 49, Street 3, North Nazimabad, Karachi",Meezan Bank,Current,2023-02-12,4925214
PK50-4741758046,Z.Lodhi,H#319 St-9 SatelliteTown Rawalpindi,MCB,Savings,2018-07-27,319146
PK38-1279666469,J. Siddiqui,H#215 St-38 WapdaTown Lahore,Meezan Bank,Savings,2021-01-19,1348654
PK85-7479762457,Javeria Siddiqui,"House No. 215, Gali 38, Wapda Town, Lahore",Meezan Bank,Current,2022-05-07,1357257
PK83-1292541330,Mian Javeria Siddiqui,"House 215, Street 38, Wapda Town, Lahore",Bank Alfalah,Foreign Currency,2020-03-18,3401711
PK84-1208466566,Madiha Durrani,"House 193, Street 24, Westridge, Rawalpindi",Meezan Bank,Savings,2023-02-20,1519121
PK34-3424742796,Syed Madiha Durrani,H#193 St-24 Westridge Rawalpindi,HBL,Savings,2025-04-21,3651012
PK10-7556198577,Madiha Durrani,"House No. 193, Gali 24, Westridge, Rawalpindi",Bank Alfalah,Savings,2022-03-16,2031712
PK64-8155254105,M. Durrani,H#193 St-24 Westridge Rawalpindi,Meezan Bank,Foreign Currency,2021-01-19,6383889
PK63-7317461089,Naveed Bhatti,H#158 St-40 DHAPhase6 Karachi,MCB,Foreign Currency,2025-01-12,236632
PK98-8145047229,Rana Rashid Tareen,H#217 St-38 MadinaTown Faisalabad,Meezan Bank,Foreign Currency,2020-04-08,6451556
PK74-4160901288,Rashid Tareen,H#217 St-38 MadinaTown Faisalabad,JS Bank,Foreign Currency,2021-01-18,7060770
PK13-7242117833,Haji Nadia Khan,"House No. 235, Gali 20, D Ground, Faisalabad",Askari Bank,Foreign Currency,2024-07-27,7501516
PK38-3110595614,Nadia خان,مکان 235 گلی 20 D Ground Faisalabad,Bank Alfalah,Savings,2025-06-16,6520051
PK12-8783135485,Nadia Khan,"House No. 235, Gali 20, D Ground, Faisalabad",HBL,Savings,2022-11-11,7495388
PK25-5565410089,N. Lodhi,"House 100, Street 39, G-13/1, Islamabad",MCB,Savings,2023-06-10,1411861
PK84-8768330242,Nasir Lodhi,H#100 St-39 G-13/1 Islamabad,Bank Alfalah,Savings,2018-08-23,3761880
PK14-3837678624,U.Naqvi,"House No. 106, Gali 26, Shah Rukn-e-Alam, Multan",UBL,Savings,2025-09-29,38939
PK98-9635819166,K. Rizvi,"House 149, Street 21, I-8/4, Islamabad",Askari Bank,Foreign Currency,2018-07-22,5029683
PK57-5939746838,K.Rizvi,مکان 149 گلی 21 I-8/4 اسلام آباد,HBL,Current,2018-09-12,4992298
PK48-2949775938,A. Bhatti,H#17 St-11 SatelliteTown Rawalpindi,Bank Alfalah,Savings,2022-10-19,215383
PK15-3881542349,S.Shirazi,H#279 St-12 G-10/2 Islamabad,Askari Bank,Foreign Currency,2021-01-06,4144544
PK56-6135915753,S. Shirazi,"House 279, Street 12, G-10/2, Islamabad",MCB,Savings,2019-07-05,3837445
PK54-7289007979,M.Zaidi,"House No. 285, Gali 13, D Ground, Faisalabad",JS Bank,Savings,2024-05-13,6181041
PK45-7779407221,Muhammad Zaidi,"House 285, Street 13, D Ground, Faisalabad",Allied Bank,Savings,2023-12-05,4463710
PK36-2666363237,M.Zaidi,مکان 285 گلی 13 D Ground Faisalabad,JS Bank,Savings,2021-12-15,5222798
PK68-5589552475,Nimra Shirazi,مکان 135 گلی 7 Shah Rukn-e-Alam Multan,MCB,Current,2024-08-03,336380
PK17-9474324528,J. Khan,مکان 109 گلی 3 G-10/2 اسلام آباد,MCB,Foreign Currency,2023-07-03,6469606
PK97-1693557072,Rana Jawad Khan,H#109 St-3 G-10/2 Islamabad,MCB,Savings,2023-02-02,3494649
PK18-8628179408,Jawad Khan,"House 109, Street 3, G-10/2, Islamabad",HBL,Savings,2019-01-25,2539241
PK78-1529236269,Mian Jawad Khan,H#109 St-3 G-10/2 Islamabad,Meezan Bank,Foreign Currency,2020-06-10,2088534
PK52-7743027884,Z.Wazir,"House 222, Street 29, University Town, Peshawar",Askari Bank,Savings,2018-01-19,16530
PK45-6421904499,Zara Siddiqui,مکان 83 گلی 27 Madina Town Faisalabad,MCB,Foreign Currency,2020-08-13,34011
PK59-4990126160,J.Orakzai,"House 119, Street 18, G-10/2, Islamabad",Bank Alfalah,Current,2019-04-12,2104797
PK66-7464905511,Jawad Orakzai,"House 119, Street 18, G-10/2, Islamabad",Bank Alfalah,Foreign Currency,2023-03-13,2655071
PK81-7565373748,Rashid Kakar,"House 166, Street 23, Satellite Town, Rawalpindi",UBL,Current,2023-01-04,313782
PK49-2413807086,B.Mirza,مکان 133 گلی 32 Clifton Block 2 کراچی,Allied Bank,Savings,2020-07-11,3024352
PK82-1199726928,A.Sandhu,H#308 St-28 PeoplesColony Faisalabad,UBL,Savings,2022-12-02,2091280
PK98-1184634338,Malik Madiha Mehsud,"House No. 167, Gali 11, Wapda Town, Lahore",JS Bank,Savings,2024-05-04,2032792
PK91-2439147334,M.Mehsud,H#167 St-11 WapdaTown Lahore,MCB,Savings,2023-10-18,2546995
PK33-2429678040,Syed Madiha Mehsud,"House No. 167, Gali 11, Wapda Town, Lahore",Bank Alfalah,Current,2020-03-09,4794104
PK24-8715904008,I. Cheema,مکان 327 گلی 4 G-13/1 اسلام آباد,HBL,Savings,2024-12-05,2994406
PK75-5857868712,Fahad Khokhar,مکان 298 گلی 20 I-8/4 اسلام آباد,Askari Bank,Savings,2018-12-01,125978
PK40-5244881837,Syed Hussain Cheema,"House 262, Street 35, Westridge, Rawalpindi",HBL,Savings,2022-06-15,895644
PK95-2745669005,H. Cheema,"House 262, Street 35, Westridge, Rawalpindi",JS Bank,Savings,2020-02-24,2370579
PK25-6848643789,T.Chaudhry,"House No. 123, Gali 34, Cantt, Multan",UBL,Foreign Currency,2020-09-28,4907733
PK21-4786658701,M. Ansari,مکان 35 گلی 23 Gulbahar Peshawar,JS Bank,Savings,2025-07-14,244647
PK38-3315172973,T.Bhatti,H#161 St-12 Cantt Multan,JS Bank,Savings,2022-12-24,176502
PK22-5520117216,Atif Durrani,"House 263, Street 4, Westridge, Rawalpindi",MCB,Current,2019-09-03,3965951
PK54-7208108816,Umar Mirza,"House 255, Street 6, Model Town, Lahore",Bank Alfalah,Savings,2024-12-10,6649557
PK82-1593419291,Sardar Umar Mirza,"House No. 255, Gali 6, Model Town, Lahore",Allied Bank,Savings,2019-06-04,5002311
PK16-6931276775,Umar Mirza,"House 255, Street 6, Model Town, Lahore",UBL,Savings,2021-09-08,5926997
PK69-1582276913,O. Gondal,"House 70, Street 38, Westridge, Rawalpindi",JS Bank,Savings,2019-09-20,6164813
PK65-3177692011,O. Gondal,"House 70, Street 38, Westridge, Rawalpindi",Askari Bank,Savings,2025-09-12,7874328
PK12-1823580645,O.Gondal,H#70 St-38 Westridge Rawalpindi,MCB,Current,2021-02-06,2545398
PK61-3885553544,Syed Ehsan Sheikh,"House 295, Street 38, D Ground, Faisalabad",Bank Alfalah,Savings,2020-02-26,2314382
PK79-5624430333,B. Naqvi,H#88 St-19 GulbergIII Lahore,MCB,Savings,2019-01-14,213299
PK94-9346009751,T.Shirazi,H#42 St-30 UniversityTown Peshawar,UBL,Current,2018-12-25,42670
PK17-7497762404,B. Qureshi,"House No. 106, Gali 28, University Town, Peshawar",JS Bank,Savings,2022-01-10,30786
PK55-1694443925,F. Kakar,"House No. 126, Gali 40, G-13/1, Islamabad",Allied Bank,Current,2025-04-30,42627
PK42-2333061142,A. Khan,"House 378, Street 40, Hayatabad Phase 3, Peshawar",JS Bank,Savings,2021-03-30,2389541
PK89-9557531910,J.Bhatti,مکان 217 گلی 38 Westridge راولپنڈی,Bank Alfalah,Savings,2019-01-25,5783426
PK17-8920141400,J.Bhatti,"House 217, Street 38, Westridge, Rawalpindi",Askari Bank,Savings,2022-12-16,1330762
PK80-2800954873,Ayesha Rizvi,مکان 387 گلی 30 Hayatabad Phase 3 Peshawar,Allied Bank,Current,2023-06-17,6646638
PK43-5827543314,A.Rizvi,مکان 387 گلی 30 Hayatabad Phase 3 Peshawar,Allied Bank,Savings,2022-11-02,5369093
PK78-1719244606,Ayesha Rizvi,"House 387, Street 30, Hayatabad Phase 3, Peshawar",JS Bank,Savings,2022-04-27,1320611
PK15-4624813159,Farhan Siddiqui,"House 22, Street 37, Westridge, Rawalpindi",Bank Alfalah,Current,2019-03-14,54985
PK26-1361471663,M. Siddiqui,"House No. 168, Gali 4, I-8/4, Islamabad",Askari Bank,Savings,2018-07-15,4508944
PK80-6724648488,K.Cheema,"House 255, Street 14, Gulgasht, Multan",HBL,Savings,2020-03-05,287233
PK97-5930232245,F.Durrani,H#291 St-16 MadinaTown Faisalabad,Askari Bank,Savings,2021-09-05,58028
PK68-1919207604,S. Cheema,مکان 385 گلی 28 Madina Town Faisalabad,UBL,Current,2018-07-17,1862654
PK49-5561488375,Saba Cheema,مکان 385 گلی 28 Madina Town Faisalabad,HBL,Current,2019-01-21,7329837
PK80-7529939666,S. Cheema,"House No. 385, Gali 28, Madina Town, Faisalabad",Askari Bank,Current,2018-11-07,3442169
PK13-3893571194,Rana Luqman Virk,مکان 291 گلی 12 Westridge راولپنڈی,Askari Bank,Current,2019-01-24,163618
PK85-7742509533,Mansoor Mehsud,"House 338, Street 9, Peoples Colony, Faisalabad",Askari Bank,Savings,2021-12-23,56972
PK80-4068244775,W. Rizvi,"House 393, Street 25, Madina Town, Faisalabad",Askari Bank,Current,2021-06-09,102763
PK60-9788035077,Khalid Kayani,مکان 361 گلی 27 DHA Phase 5 لاہور,Askari Bank,Foreign Currency,2025-06-27,33299
PK58-5316665746,U. Wazir,مکان 1 گلی 9 D Ground Faisalabad,JS Bank,Savings,2021-03-23,181360
PK90-2712400761,Mahnoor Bhatti,"House No. 12, Gali 37, Hayatabad Phase 3, Peshawar",HBL,Current,2025-01-08,909555
PK91-2746710034,Javeria Tareen,H#311 St-1 Gulbahar Peshawar,Meezan Bank,Savings,2021-02-26,2756781
PK13-3334137799,J.Tareen,H#311 St-1 Gulbahar Peshawar,MCB,Savings,2022-05-09,2660031
PK28-4753044071,Mehwish Kazmi,"House 164, Street 23, Gulshan-e-Iqbal, Karachi",Bank Alfalah,Savings,2025-10-18,1336686
PK69-9359038576,M. Kazmi,H#164 St-23 Gulshan-e-Iqbal Karachi,Meezan Bank,Current,2024-06-22,6671047
PK69-7877463813,Chaudhary Mehwish Kazmi,"House No. 164, Gali 23, Gulshan-e-Iqbal, Karachi",HBL,Current,2024-12-15,3083933
PK69-5815979256,Mustafa Siddiqui,"House 101, Street 2, Gulshan-e-Iqbal, Karachi",Allied Bank,Foreign Currency,2020-07-09,26949
PK70-4176772157,Noor Kakar,H#104 St-20 HayatabadPhase3 Peshawar,HBL,Savings,2024-06-15,53199
PK74-6115111495,A.Dar,H#227 St-23 MadinaTown Faisalabad,Askari Bank,Savings,2020-03-05,4421137
PK40-9274906500,Anas Dar,H#227 St-23 MadinaTown Faisalabad,HBL,Current,2021-04-24,2717102
PK46-4700502595,Yousuf Joiya,"House 49, Street 15, I-8/4, Islamabad",Allied Bank,Current,2023-03-15,36591
PK51-5577843035,Junaid Butt,"House No. 336, Gali 11, DHA Phase 5, Lahore",HBL,Savings,2021-12-14,3148383
PK75-4885575893,Junaid بٹ,H#336 St-11 DHAPhase5 Lahore,Meezan Bank,Savings,2021-12-04,4639725
PK57-2433944462,Mian Junaid Butt,H#336 St-11 DHAPhase5 Lahore,Askari Bank,Foreign Currency,2023-07-29,4237773
PK88-2512552331,Rana Naveed Khan,H#34 St-2 GulbergIII Lahore,HBL,Current,2019-11-11,881537
PK77-7807205986,S.Sandhu,مکان 283 گلی 5 Hayatabad Phase 3 Peshawar,Meezan Bank,Savings,2025-06-17,1576147
PK14-6708151633,S. Sandhu,"House 283, Street 5, Hayatabad Phase 3, Peshawar",JS Bank,Current,2020-04-09,6623155
PK81-7864133443,R. Tareen,H#239 St-2 WapdaTown Lahore,Allied Bank,Savings,2022-01-03,6755086
PK98-7921633688,Rana Rashid Tareen,مکان 239 گلی 2 Wapda Town لاہور,Allied Bank,Current,2021-04-24,6028894
PK47-9338673597,Rashid Tareen,"House 239, Street 2, Wapda Town, Lahore",HBL,Savings,2022-10-31,5936630
PK49-6875297505,R.Tareen,"House 239, Street 2, Wapda Town, Lahore",UBL,Savings,2020-05-12,4952674
PK99-1912269941,N. Ansari,مکان 41 گلی 32 Chaklala Scheme 3 راولپنڈی,MCB,Current,2021-06-16,210710
PK40-5152150457,S. Tarar,H#274 St-40 G-10/2 Islamabad,HBL,Savings,2019-04-08,209558
PK98-3561818633,Z. Orakzai,"House 26, Street 31, DHA Phase 6, Karachi",Meezan Bank,Current,2018-10-24,4942539
PK70-1762182710,Z.Orakzai,H#26 St-31 DHAPhase6 Karachi,Bank Alfalah,Savings,2021-04-01,7934356
PK31-1709316409,Z.Orakzai,H#26 St-31 DHAPhase6 Karachi,Allied Bank,Savings,2019-12-20,6483779
PK12-1790621810,Z.Orakzai,"House 26, Street 31, DHA Phase 6, Karachi",HBL,Current,2021-07-19,5445792
PK71-1880185856,A.Kakar,"House 305, Street 22, G-10/2, Islamabad",MCB,Savings,2020-12-19,242597
PK45-8710772720,H. Tarar,H#16 St-1 DGround Faisalabad,UBL,Savings,2019-12-02,71397
PK77-4744148060,Zeeshan Hashmi,"House 171, Street 37, Bahria Phase 4, Rawalpindi",Allied Bank,Savings,2020-01-16,7964287
PK65-8239092673,Z.Hashmi,مکان 171 گلی 37 Bahria Phase 4 راولپنڈی,HBL,Foreign Currency,2024-05-13,2435409
PK65-9118431617,Zeeshan Hashmi,H#171 St-37 BahriaPhase4 Rawalpindi,Meezan Bank,Savings,2024-09-29,7259641
PK14-1880620185,O. Siddiqui,H#292 St-11 CliftonBlock2 Karachi,JS Bank,Savings,2022-02-16,3936406
PK50-3193685284,Syed Pervez Khattak,"House 162, Street 7, Shah Rukn-e-Alam, Multan",UBL,Foreign Currency,2018-11-16,338648
PK54-1891553984,Laiba Niazi,"House No. 13, Gali 9, Gulgasht, Multan",Allied Bank,Savings,2020-01-21,3199864
PK55-3307154328,Laiba Niazi,H#13 St-9 Gulgasht Multan,MCB,Current,2019-08-28,1543297
PK84-3009014166,K.Butt,مکان 55 گلی 37 Satellite Town راولپنڈی,Bank Alfalah,Savings,2021-06-29,40802
PK29-5899663988,N. Tareen,"House No. 376, Gali 39, Shah Rukn-e-Alam, Multan",MCB,Savings,2020-06-28,3257500
PK75-6977025972,Nasir Tareen,"House 376, Street 39, Shah Rukn-e-Alam, Multan",UBL,Foreign Currency,2021-12-13,2935987
PK57-3959030858,N.Malik,مکان 119 گلی 29 D Ground Faisalabad,UBL,Foreign Currency,2020-02-14,252198
PK56-9793997371,Nimra Gilani,مکان 224 گلی 20 Satellite Town راولپنڈی,UBL,Savings,2025-05-27,1377872
PK62-5938760083,Mian Nimra Gilani,H#224 St-20 SatelliteTown Rawalpindi,Bank Alfalah,Savings,2018-10-28,3964867
PK73-6232516478,T. Abbasi,مکان 87 گلی 5 Cantt Multan,Allied Bank,Savings,2022-10-09,24360
PK36-6475740038,A. Gill,مکان 107 گلی 14 DHA Phase 5 لاہور,MCB,Current,2021-10-19,3444293
PK41-2437973464,Ahmed Gill,"House No. 107, Gali 14, DHA Phase 5, Lahore",UBL,Foreign Currency,2018-11-10,3122047
PK75-9229139079,A.Janjua,H#104 St-30 Westridge Rawalpindi,Askari Bank,Savings,2025-04-14,7287961
PK73-7044258722,Adnan Janjua,مکان 104 گلی 30 Westridge راولپنڈی,MCB,Savings,2024-08-16,1718974
PK30-3055586735,Adnan Janjua,"House No. 104, Gali 30, Westridge, Rawalpindi",Allied Bank,Savings,2025-10-02,1710559
PK55-8428228483,Adnan Janjua,"House No. 104, Gali 30, Westridge, Rawalpindi",UBL,Current,2022-07-04,7178023
PK15-1530494859,احمد Rizvi,"House No. 173, Gali 20, Gulbahar, Peshawar",UBL,Savings,2023-09-11,47972
PK60-8940579161,Sardar Yasir Butt,"House No. 306, Gali 38, G-10/2, Islamabad",Askari Bank,Current,2019-05-02,943799
PK49-2560191187,Yasir Butt,مکان 306 گلی 38 G-10/2 اسلام آباد,HBL,Savings,2019-06-02,3016406
PK65-5954527129,Noor Janjua,مکان 50 گلی 34 Clifton Block 2 کراچی,Meezan Bank,Savings,2020-01-25,1367918
PK72-7440578176,Haji Noor Janjua,مکان 50 گلی 34 Clifton Block 2 کراچی,Askari Bank,Current,2018-10-04,5366922
PK71-4542714222,Noor Janjua,مکان 50 گلی 34 Clifton Block 2 کراچی,Allied Bank,Foreign Currency,2025-08-17,5556003
PK61-3330930566,J. Kayani,"House 73, Street 37, Wapda Town, Lahore",Allied Bank,Savings,2018-04-08,3751047
PK85-4156317810,J.Kayani,"House No. 73, Gali 37, Wapda Town, Lahore",MCB,Savings,2023-08-25,3962876
PK84-8900722217,Mian Javeria Kayani,"House No. 73, Gali 37, Wapda Town, Lahore",JS Bank,Current,2020-08-24,5298945
PK59-1474549229,Javeria Kayani,"House 73, Street 37, Wapda Town, Lahore",UBL,Savings,2022-02-22,3291104
PK14-4421966227,Haji Kamran Sandhu,H#391 St-16 ChaklalaScheme3 Rawalpindi,HBL,Foreign Currency,2023-07-18,3164420
PK83-7036589124,K. Sandhu,"House No. 391, Gali 16, Chaklala Scheme 3, Rawalpindi",Meezan Bank,Foreign Currency,2020-03-10,2382921
PK74-7393656468,Zeeshan Sheikh,H#137 St-2 PeoplesColony Faisalabad,JS Bank,Foreign Currency,2025-09-11,1860085
PK35-4123961180,Z. Sheikh,"House 137, Street 2, Peoples Colony, Faisalabad",Askari Bank,Foreign Currency,2024-01-19,2023622
PK18-3871327766,Syed Ayesha Chaudhry,مکان 353 گلی 21 Gulshan-e-Iqbal کراچی,UBL,Foreign Currency,2019-02-25,2607058
PK34-7609865335,عائشہ چوہدری,"House No. 353, Gali 21, Gulshan-e-Iqbal, Karachi",Askari Bank,Savings,2025-03-05,3631067
PK96-1497868556,Ayesha Chaudhry,"House No. 353, Gali 21, Gulshan-e-Iqbal, Karachi",Meezan Bank,Current,2024-10-31,3629232
PK67-6789575526,Chaudhary Owais Mughal,مکان 233 گلی 2 Chaklala Scheme 3 راولپنڈی,Askari Bank,Foreign Currency,2024-12-14,6049998
PK89-2233731661,Owais Mughal,H#233 St-2 ChaklalaScheme3 Rawalpindi,Meezan Bank,Savings,2023-10-15,4456881
PK97-1084109632,O. Mughal,"House 233, Street 2, Chaklala Scheme 3, Rawalpindi",JS Bank,Savings,2024-06-15,1994085
PK29-5348937447,Chaudhary Sadia Orakzai,H#282 St-8 DHAPhase5 Lahore,MCB,Savings,2025-12-07,33051
PK99-6127041424,Obaid Malik,H#66 St-36 G-10/2 Islamabad,Askari Bank,Current,2021-04-13,133998
PK45-2365002357,Sardar Noor Saddozai,"House 66, Street 37, Bahria Phase 4, Rawalpindi",Bank Alfalah,Savings,2019-06-06,216108
PK27-6650033613,Maryam Bangash,مکان 255 گلی 28 DHA Phase 5 لاہور,Askari Bank,Savings,2020-08-24,35376
PK70-3007638890,O. Virk,H#157 St-12 Cantt Multan,UBL,Savings,2018-05-13,30610
PK80-3695447825,L.Malik,"House 46, Street 22, G-13/1, Islamabad",Meezan Bank,Savings,2022-06-01,7430908
PK56-8095484997,Luqman Malik,مکان 46 گلی 22 G-13/1 اسلام آباد,UBL,Foreign Currency,2018-08-04,6463405
PK39-2656386823,Malik Luqman Malik,H#46 St-22 G-13/1 Islamabad,Meezan Bank,Savings,2022-03-03,3665615
PK10-1249283785,R. Niazi,H#133 St-16 DHAPhase6 Karachi,Meezan Bank,Savings,2018-06-11,2365320
PK70-7643963972,Maryam Mughal,"House 388, Street 7, Chaklala Scheme 3, Rawalpindi",UBL,Foreign Currency,2023-12-14,4431403
PK44-7679257295,A. Gilani,"House No. 75, Gali 9, Gulshan-e-Iqbal, Karachi",HBL,Current,2019-12-16,220227
PK91-8392807945,N. Tarar,H#281 St-10 ShahRukn-e-Alam Multan,HBL,Savings,2018-05-17,53708
PK31-5801717188,J. Lodhi,"House No. 330, Gali 6, University Town, Peshawar",Allied Bank,Savings,2021-12-13,2720725
PK99-7922521515,Sardar Javeria Lodhi,"House 330, Street 6, University Town, Peshawar",MCB,Current,2019-01-05,4204992
PK49-6038728004,Chaudhary Hina Abbasi,"House No. 2, Gali 28, DHA Phase 6, Karachi",Meezan Bank,Foreign Currency,2022-02-11,1874377
PK21-6229721502,Haji Hina Abbasi,مکان 2 گلی 28 DHA Phase 6 کراچی,Askari Bank,Foreign Currency,2018-04-12,5316498
PK14-9189071222,Hina Abbasi,H#2 St-28 DHAPhase6 Karachi,UBL,Savings,2022-05-08,7990224
PK21-4877652871,Jawad Niazi,"House 43, Street 12, Chaklala Scheme 3, Rawalpindi",UBL,Foreign Currency,2024-12-31,3488598
PK47-3261216688,M.Saddozai,H#3 St-16 MadinaTown Faisalabad,HBL,Foreign Currency,2018-05-23,5238184
PK25-3755985743,Mehwish Saddozai,"House 3, Street 16, Madina Town, Faisalabad",MCB,Current,2019-09-02,6063836
PK61-8302778688,Bilal Sheikh,H#32 St-13 BahriaPhase4 Rawalpindi,MCB,Savings,2021-04-16,56127
PK26-5368409586,T. Khokhar,مکان 169 گلی 24 Gulbahar Peshawar,Bank Alfalah,Savings,2018-03-30,33567
PK99-1876333509,Shoaib Cheema,مکان 362 گلی 8 Peoples Colony Faisalabad,UBL,Savings,2025-02-07,2922266
PK76-4154229871,Shoaib Cheema,H#362 St-8 PeoplesColony Faisalabad,JS Bank,Current,2018-07-03,973761
PK17-3681914033,G.Shirazi,مکان 325 گلی 25 Gulbahar Peshawar,Allied Bank,Savings,2021-10-23,3372656
PK20-1585885227,Ehsan Gondal,"House No. 215, Gali 36, E-11/2, Islamabad",MCB,Savings,2021-01-09,4834088
PK13-8372238325,E.Gondal,"House 215, Street 36, E-11/2, Islamabad",MCB,Savings,2023-06-24,2056223
PK61-5040141673,Noor Bangash,"House No. 181, Gali 30, Madina Town, Faisalabad",Meezan Bank,Savings,2018-08-26,2270631
PK29-9192040440,N. Bangash,"House No. 181, Gali 30, Madina Town, Faisalabad",Meezan Bank,Savings,2023-09-20,3081766
PK64-2403292229,N. Bangash,"House No. 181, Gali 30, Madina Town, Faisalabad",MCB,Foreign Currency,2019-12-28,2021351
PK88-7741512529,N.Bangash,H#181 St-30 MadinaTown Faisalabad,Bank Alfalah,Savings,2022-06-22,3287195
PK19-8674090550,U. Kakar,H#203 St-12 BahriaPhase4 Rawalpindi,HBL,Foreign Currency,2020-06-09,220104
PK87-2794091902,Laiba Wazir,"House 283, Street 23, University Town, Peshawar",JS Bank,Savings,2025-08-29,4267180
PK22-6660407919,L.Wazir,"House No. 283, Gali 23, University Town, Peshawar",Meezan Bank,Savings,2021-11-15,3508699
PK30-2825710475,Sufyan Mehsud,"House 34, Street 28, Shah Rukn-e-Alam, Multan",HBL,Savings,2024-03-23,37703
PK72-5132748903,Kinza Saddozai,"House No. 165, Gali 4, Satellite Town, Rawalpindi",Meezan Bank,Current,2020-10-23,67903
PK96-5657556133,Zafar خان,مکان 187 گلی 3 Bahria Phase 4 راولپنڈی,Allied Bank,Savings,2025-10-16,21539
PK19-7945206181,N. Rizvi,H#296 St-9 HayatabadPhase3 Peshawar,HBL,Current,2020-02-10,97801
PK59-7385685709,Mian Ahmed Niazi,مکان 218 گلی 39 B-17 اسلام آباد,MCB,Foreign Currency,2019-03-08,88319
PK38-7179375108,Jawad Chaudhry,H#369 St-24 NorthNazimabad Karachi,MCB,Current,2020-01-03,2000885
PK45-5381216709,J.Chaudhry,"House No. 369, Gali 24, North Nazimabad, Karachi",Askari Bank,Savings,2025-06-06,7300212
PK36-2448618439,J.Chaudhry,H#369 St-24 NorthNazimabad Karachi,UBL,Current,2025-04-16,2888648
PK45-9522365904,F. Shirazi,"House No. 117, Gali 25, DHA Phase 6, Karachi",HBL,Savings,2024-12-16,1936599
PK11-7687748613,Chaudhary Jawad Kakar,مکان 396 گلی 30 Model Town لاہور,Askari Bank,Savings,2023-12-27,84704
PK67-8526965372,Hassan Khokhar,"House 257, Street 30, Satellite Town, Rawalpindi",JS Bank,Savings,2019-04-25,49591
PK47-8208176320,Maryam Khattak,"House 247, Street 4, Hayatabad Phase 3, Peshawar",Meezan Bank,Savings,2024-10-11,215104
PK10-2883151995,Hina Malik,مکان 227 گلی 19 Hayatabad Phase 3 Peshawar,Allied Bank,Foreign Currency,2021-05-20,2525699
PK51-3724435115,H. Malik,"House No. 227, Gali 19, Hayatabad Phase 3, Peshawar",Meezan Bank,Current,2019-12-09,2448198
PK39-6234268354,H. Malik,مکان 227 گلی 19 Hayatabad Phase 3 Peshawar,MCB,Savings,2025-02-07,3000026
PK88-6786172913,Luqman Sheikh,مکان 171 گلی 17 Bahria Phase 4 راولپنڈی,JS Bank,Savings,2023-05-30,30588
PK94-3031206803,Hafsa Dar,مکان 35 گلی 14 Westridge راولپنڈی,JS Bank,Foreign Currency,2022-05-07,2797970
PK51-2140201430,Hafsa Dar,مکان 35 گلی 14 Westridge راولپنڈی,JS Bank,Savings,2021-03-21,2022747
PK58-4628366983,Ghulam Shirazi,"House No. 271, Gali 28, Bahria Phase 4, Rawalpindi",UBL,Foreign Currency,2021-02-01,21190
PK28-4955936127,Haji Nadeem Naqvi,"House No. 303, Gali 15, Madina Town, Faisalabad",Askari Bank,Foreign Currency,2025-11-10,26456
PK43-2653839952,Rana Muhammad Gill,H#352 St-34 HayatabadPhase3 Peshawar,Bank Alfalah,Savings,2023-01-16,2215680
PK45-9129741004,M. Gill,"House 352, Street 34, Hayatabad Phase 3, Peshawar",UBL,Savings,2025-03-11,4491714
PK12-5194893053,Tariq Bhatti,مکان 220 گلی 17 Madina Town Faisalabad,Meezan Bank,Savings,2019-07-09,3236580
PK52-7908471425,T. Bhatti,H#220 St-17 MadinaTown Faisalabad,UBL,Current,2023-09-15,2800205
PK14-7565202981,Tariq Bhatti,H#220 St-17 MadinaTown Faisalabad,Bank Alfalah,Current,2024-05-08,7939767
PK56-2618043229,Taimoor شیخ,H#257 St-39 ShahRukn-e-Alam Multan,UBL,Savings,2021-08-03,337522
PK99-3761319922,Shahzad Khokhar,"House No. 93, Gali 4, Cantt, Multan",MCB,Savings,2025-05-07,114424
PK40-5227123508,Waqas Yousafzai,"House No. 59, Gali 19, Madina Town, Faisalabad",Allied Bank,Savings,2021-12-07,4062013
PK55-9625630795,Obaid Gilani,H#8 St-7 Gulbahar Peshawar,Meezan Bank,Savings,2018-05-06,3633886
PK72-9107874652,Obaid Gilani,"House No. 8, Gali 7, Gulbahar, Peshawar",Allied Bank,Foreign Currency,2018-11-02,2041575
PK73-9376863031,عمران Sial,"House 37, Street 29, Peoples Colony, Faisalabad",HBL,Savings,2020-05-05,3998002
PK95-8831117170,عمران Sial,مکان 37 گلی 29 Peoples Colony Faisalabad,UBL,Savings,2018-08-24,2882799
PK94-5467454044,T.Kakar,مکان 351 گلی 1 I-8/4 اسلام آباد,Bank Alfalah,Savings,2022-01-24,335136
PK22-9057651422,Talha Kayani,مکان 296 گلی 15 Model Town لاہور,Bank Alfalah,Savings,2024-01-11,336016
PK50-5412863822,R. Janjua,H#277 St-15 PeoplesColony Faisalabad,UBL,Savings,2022-12-01,161162
PK42-9606349504,F.Yousafzai,"House No. 282, Gali 21, Gulgasht, Multan",Allied Bank,Current,2022-01-31,1922057
PK35-8913004826,Farhan Yousafzai,"House 282, Street 21, Gulgasht, Multan",HBL,Savings,2021-10-03,3323706
PK78-9565568520,F. Yousafzai,"House No. 282, Gali 21, Gulgasht, Multan",Allied Bank,Savings,2024-07-31,4266803
PK25-8447365521,M.Kakar,"House 31, Street 9, Madina Town, Faisalabad",Allied Bank,Savings,2025-12-03,2990298
PK65-3459221093,Mubashir Kakar,"House 31, Street 9, Madina Town, Faisalabad",MCB,Savings,2023-08-07,7782070
PK91-7638626947,M.Kakar,"House 31, Street 9, Madina Town, Faisalabad",MCB,Current,2019-01-18,2898371
PK58-4763194082,Haji Ubaid Mughal,"House 156, Street 23, D Ground, Faisalabad",MCB,Foreign Currency,2022-09-15,1678214
PK25-1005786324,Ubaid Mughal,"House No. 156, Gali 23, D Ground, Faisalabad",Bank Alfalah,Foreign Currency,2023-11-13,5530870
PK54-9279597874,U.Mughal,"House 156, Street 23, D Ground, Faisalabad",HBL,Savings,2019-06-27,4847688
PK47-8414215772,علی Joiya,H#259 St-35 Cantt Multan,JS Bank,Savings,2018-12-03,6660389
PK80-6646189741,A.Joiya,مکان 259 گلی 35 Cantt Multan,JS Bank,Savings,2021-04-27,7709922
PK73-8908958924,علی Joiya,"House 259, Street 35, Cantt, Multan",Bank Alfalah,Foreign Currency,2021-04-28,2157096
PK24-5855739649,علی Joiya,"House No. 259, Gali 35, Cantt, Multan",Bank Alfalah,Savings,2019-10-26,5029669
PK59-9360844059,J.Kakar,H#122 St-40 UniversityTown Peshawar,UBL,Savings,2025-07-08,1259747
PK85-5413125681,Jawad Kakar,"House 122, Street 40, University Town, Peshawar",JS Bank,Savings,2018-10-26,865357
PK55-5056677273,Khadija Gondal,"House 179, Street 13, Bahria Phase 4, Rawalpindi",HBL,Savings,2022-02-27,26462
PK36-7591810137,Ehsan Mirza,مکان 116 گلی 26 DHA Phase 5 لاہور,MCB,Current,2024-01-17,46226
PK29-4164843599,Umar Tareen,H#99 St-11 HayatabadPhase3 Peshawar,Meezan Bank,Foreign Currency,2023-08-12,1255481
PK57-8413195083,U.Tareen,H#99 St-11 HayatabadPhase3 Peshawar,Meezan Bank,Savings,2019-02-27,4938397
PK41-8376021083,W.Bukhari,H#400 St-22 E-11/2 Islamabad,MCB,Savings,2022-09-14,2185448
PK85-8393326117,Waqas Bukhari,"House No. 400, Gali 22, E-11/2, Islamabad",Meezan Bank,Current,2021-06-03,7748566
PK15-5525169883,Waqas Bukhari,"House No. 400, Gali 22, E-11/2, Islamabad",Askari Bank,Foreign Currency,2018-09-10,5408954
PK10-9791673328,Waqas Bukhari,مکان 400 گلی 22 E-11/2 اسلام آباد,Meezan Bank,Savings,2019-03-05,2066759
PK28-8182240555,Hamza Abbasi,مکان 206 گلی 13 Westridge راولپنڈی,Askari Bank,Savings,2025-07-15,4255323
PK61-4723266631,Hamza Abbasi,"House 206, Street 13, Westridge, Rawalpindi",UBL,Savings,2021-08-27,2465435
PK20-8352247505,H. Abbasi,مکان 206 گلی 13 Westridge راولپنڈی,UBL,Current,2020-12-06,3454642
PK62-3918940192,K.Khan,مکان 305 گلی 18 DHA Phase 6 کراچی,UBL,Current,2024-02-02,101985
PK62-1496772787,Mahnoor Awan,مکان 229 گلی 5 Westridge راولپنڈی,Bank Alfalah,Current,2023-10-31,203615
PK77-2718393382,S. Sial,"House 243, Street 21, University Town, Peshawar",Meezan Bank,Foreign Currency,2025-01-13,151531
PK46-7971235713,Haji Kinza Malik,"House No. 62, Gali 29, Madina Town, Faisalabad",JS Bank,Savings,2020-12-27,5501106
PK86-1659166273,Kinza ملک,مکان 62 گلی 29 Madina Town Faisalabad,Meezan Bank,Savings,2021-06-25,3286920
PK25-3118670946,Sardar Saqib Awan,H#98 St-11 DHAPhase5 Lahore,JS Bank,Current,2021-07-06,248720
PK28-8327896861,G.Khan,"House 139, Street 14, DHA Phase 5, Lahore",HBL,Foreign Currency,2024-07-12,71506
PK71-3492788837,Sana Joiya,"House No. 327, Gali 9, North Nazimabad, Karachi",UBL,Savings,2024-05-19,2157456
PK61-9845064121,Sana Joiya,"House No. 327, Gali 9, North Nazimabad, Karachi",Meezan Bank,Foreign Currency,2020-01-23,4073464
PK12-7448206360,Sana Joiya,"House No. 327, Gali 9, North Nazimabad, Karachi",Askari Bank,Current,2023-06-18,2242049
PK93-9033389155,S. Joiya,"House No. 327, Gali 9, North Nazimabad, Karachi",JS Bank,Foreign Currency,2019-06-19,1601616
PK54-1575814324,A. Raja,H#121 St-17 DGround Faisalabad,Askari Bank,Foreign Currency,2021-12-15,89099
PK68-1570979003,A. Tareen,مکان 182 گلی 7 Westridge راولپنڈی,Bank Alfalah,Current,2022-01-28,232517
PK84-1528634444,R.Lodhi,H#171 St-33 G-13/1 Islamabad,Meezan Bank,Savings,2022-06-02,41909
PK97-3116081253,Junaid Kakar,H#364 St-31 ModelTown Lahore,HBL,Savings,2018-07-03,4318124
PK68-5907267345,J. Kakar,"House No. 364, Gali 31, Model Town, Lahore",Allied Bank,Savings,2023-06-12,7406873
PK89-9129300190,Junaid Kakar,مکان 364 گلی 31 Model Town لاہور,MCB,Savings,2022-03-18,6818183
PK28-6183056730,Z.Awan,"House 399, Street 11, Gulgasht, Multan",UBL,Current,2024-05-10,40760
PK26-7202935772,Talha Gill,"House 326, Street 26, Gulgasht, Multan",UBL,Savings,2024-07-07,4917182
PK63-2846926284,I.Gilani,مکان 305 گلی 1 Peoples Colony Faisalabad,MCB,Savings,2024-12-19,322023
PK13-8805142313,U. Awan,H#1 St-17 NorthNazimabad Karachi,UBL,Current,2022-07-09,73870
PK36-5958709736,Malik Salman Bukhari,"House No. 3, Gali 3, Westridge, Rawalpindi",JS Bank,Savings,2022-02-11,3873928
PK25-3445584022,I.Dar,"House No. 366, Gali 23, Gulgasht, Multan",MCB,Current,2018-01-13,1564974
PK56-7155639654,Chaudhary Irfan Dar,H#366 St-23 Gulgasht Multan,UBL,Savings,2022-03-20,1702578
PK81-6048451563,S. Sial,مکان 218 گلی 10 E-11/2 اسلام آباد,Bank Alfalah,Current,2020-02-22,20652
PK48-5983187647,Luqman Gill,"House No. 60, Gali 13, Gulberg III, Lahore",JS Bank,Foreign Currency,2023-08-30,3558319
PK63-8664180304,L. Gill,"House 60, Street 13, Gulberg III, Lahore",MCB,Savings,2024-01-20,2702561
PK12-1627567293,L. Gill,"House No. 60, Gali 13, Gulberg III, Lahore",HBL,Current,2021-05-03,6589565
PK63-6370401633,Zafar Tarar,H#217 St-14 HayatabadPhase3 Peshawar,HBL,Savings,2023-06-04,6597133
PK71-5251819134,Z.Tarar,مکان 217 گلی 14 Hayatabad Phase 3 Peshawar,MCB,Savings,2023-10-26,6735868
PK40-1887964814,Z. Tarar,مکان 217 گلی 14 Hayatabad Phase 3 Peshawar,Allied Bank,Savings,2022-01-15,3224447
PK27-6703652798,Z.Tarar,"House No. 217, Gali 14, Hayatabad Phase 3, Peshawar",HBL,Savings,2022-06-21,4093639
PK97-2085814139,Haji Qasim Chaudhry,H#175 St-7 Gulshan-e-Iqbal Karachi,Meezan Bank,Foreign Currency,2021-05-24,62323
PK99-2721097381,Malik Nimra Yousafzai,H#89 St-20 PeoplesColony Faisalabad,Meezan Bank,Savings,2023-10-22,1218118
PK18-4701637254,O.Lodhi,"House No. 40, Gali 32, University Town, Peshawar",Askari Bank,Foreign Currency,2021-11-21,1698846
PK80-9576709658,Owais Lodhi,"House 40, Street 32, University Town, Peshawar",MCB,Current,2024-04-06,2703046
PK35-1125238754,Malik Haris Kazmi,H#294 St-17 UniversityTown Peshawar,UBL,Current,2024-12-12,163384
PK48-6453052439,Maryam Sandhu,"House 194, Street 9, Cantt, Multan",Askari Bank,Savings,2022-09-10,2389565
PK67-2164736799,M. Sandhu,"House 194, Street 9, Cantt, Multan",HBL,Foreign Currency,2024-08-30,4128908
PK43-1958908928,S.Sial,مکان 137 گلی 5 Gulgasht Multan,Bank Alfalah,Current,2021-01-29,4256522
PK58-6014880778,Saba Bhatti,"House 90, Street 6, Gulshan-e-Iqbal, Karachi",UBL,Savings,2023-06-13,39145
PK21-7107775759,Z. Mirza,H#259 St-34 Westridge Rawalpindi,HBL,Foreign Currency,2024-12-08,194358
PK46-6218008340,T.Rizvi,"House 334, Street 23, University Town, Peshawar",Bank Alfalah,Current,2019-05-06,172424
PK97-5794572844,Chaudhary Danish Warraich,"House 189, Street 20, Peoples Colony, Faisalabad",Allied Bank,Foreign Currency,2024-01-19,2291340
PK63-8766329086,D.Warraich,H#189 St-20 PeoplesColony Faisalabad,Bank Alfalah,Current,2022-06-18,6137560
PK34-3626569006,D.Warraich,مکان 189 گلی 20 Peoples Colony Faisalabad,Allied Bank,Foreign Currency,2025-04-15,7511054
PK61-5531330452,I. Abbasi,"House No. 357, Gali 11, North Nazimabad, Karachi",Bank Alfalah,Savings,2019-05-21,70176
PK40-8115650371,H.Cheema,"House 362, Street 16, F-8/3, Islamabad",Askari Bank,Savings,2024-05-30,4491731
PK89-4835860468,Haji Sadia Awan,"House 216, Street 27, Bahria Phase 4, Rawalpindi",UBL,Savings,2025-07-01,5440220
PK10-5582007940,Sadia Awan,"House 216, Street 27, Bahria Phase 4, Rawalpindi",MCB,Current,2024-02-13,5275563
PK24-1091822257,Sardar Sadia Awan,"House 216, Street 27, Bahria Phase 4, Rawalpindi",MCB,Savings,2021-11-24,3869504
PK33-7803768130,فاطمہ Khattak,"House No. 169, Gali 14, Madina Town, Faisalabad",JS Bank,Savings,2022-02-04,3052882
PK92-9820812327,A.Tarar,"House 349, Street 11, Chaklala Scheme 3, Rawalpindi",UBL,Savings,2018-10-12,20105
PK88-3331989076,S. Afridi,مکان 344 گلی 20 DHA Phase 5 لاہور,MCB,Foreign Currency,2023-03-24,1220490
PK31-3065647328,S.Afridi,مکان 344 گلی 20 DHA Phase 5 لاہور,Bank Alfalah,Savings,2022-11-23,4617191
PK43-3136379789,Syed Saqib Afridi,مکان 344 گلی 20 DHA Phase 5 لاہور,Bank Alfalah,Savings,2019-09-02,5524431
PK45-5065309903,Chaudhary Saqib Afridi,H#344 St-20 DHAPhase5 Lahore,UBL,Savings,2021-05-18,2419866
PK59-8952786061,Rana Kamran Warraich,H#296 St-1 HayatabadPhase3 Peshawar,Askari Bank,Savings,2020-09-26,20986
PK64-2454123165,Syed Gul Gilani,"House No. 82, Gali 32, Gulbahar, Peshawar",HBL,Savings,2020-05-03,3341972
PK81-9001090722,Gul Gilani,"House No. 82, Gali 32, Gulbahar, Peshawar",HBL,Savings,2021-02-22,3598412
PK81-7519812726,Gul Gilani,H#82 St-32 Gulbahar Peshawar,HBL,Foreign Currency,2025-06-22,2644121
PK66-8787952432,D.Khokhar,"House No. 378, Gali 1, E-11/2, Islamabad",UBL,Savings,2022-09-16,265355
PK74-6010462350,Mahnoor Mirza,H#106 St-38 SatelliteTown Rawalpindi,UBL,Savings,2018-10-09,50174
PK66-3345199455,Haji Mubashir Mehsud,"House No. 355, Gali 2, Gulgasht, Multan",Bank Alfalah,Current,2020-05-03,6404050
PK43-3782151284,Mubashir Mehsud,"House No. 355, Gali 2, Gulgasht, Multan",UBL,Foreign Currency,2019-08-06,4875607
PK70-8206427459,M. Mehsud,H#355 St-2 Gulgasht Multan,Askari Bank,Current,2023-12-28,2755655
PK54-5932887949,Laiba Naqvi,"House No. 119, Gali 36, Chaklala Scheme 3, Rawalpindi",Bank Alfalah,Current,2019-02-23,5664600
PK66-5378841861,Laiba Naqvi,"House No. 119, Gali 36, Chaklala Scheme 3, Rawalpindi",UBL,Foreign Currency,2023-04-14,1627500
PK45-7650383766,W.Durrani,مکان 213 گلی 31 Peoples Colony Faisalabad,Meezan Bank,Savings,2024-06-25,156420
PK75-4906206490,B. Gondal,"House No. 176, Gali 34, Cantt, Multan",Askari Bank,Foreign Currency,2019-08-03,1830485
PK34-7388856114,Bushra Gondal,"House 176, Street 34, Cantt, Multan",Askari Bank,Savings,2018-12-03,5624094
PK99-5157731580,B.Gondal,مکان 176 گلی 34 Cantt Multan,HBL,Savings,2021-03-02,5029733
PK75-1614892204,Zara Kazmi,مکان 1 گلی 13 I-8/4 اسلام آباد,JS Bank,Savings,2024-08-24,153843
PK74-5244735403,O. Afridi,"House 229, Street 4, DHA Phase 5, Lahore",Askari Bank,Savings,2018-02-19,3442408
PK29-4430516692,Obaid Afridi,"House No. 229, Gali 4, DHA Phase 5, Lahore",Askari Bank,Savings,2019-11-15,4770542
PK37-2275549943,Tooba Chaudhry,H#206 St-10 DHAPhase6 Karachi,MCB,Current,2022-08-16,215196
PK49-8630403886,Mubashir Naqvi,"House No. 339, Gali 2, DHA Phase 5, Lahore",Meezan Bank,Current,2019-08-16,6425207
PK93-5420865219,Mubashir Naqvi,"House 339, Street 2, DHA Phase 5, Lahore",Askari Bank,Savings,2018-08-24,7028177
PK75-8460427736,Haji Uzma Khattak,H#46 St-5 Gulshan-e-Iqbal Karachi,UBL,Savings,2023-08-01,72606
PK85-4006689798,Chaudhary Fahad Durrani,"House No. 57, Gali 11, Madina Town, Faisalabad",Askari Bank,Savings,2025-11-11,61634
PK74-5101479485,H.Awan,"House No. 123, Gali 40, Hayatabad Phase 3, Peshawar",JS Bank,Savings,2022-12-08,32748
PK85-7875864948,Sardar Pervez Baig,H#144 St-18 ShahRukn-e-Alam Multan,Meezan Bank,Foreign Currency,2022-06-27,7795100
PK99-4451150410,P.Baig,"House No. 144, Gali 18, Shah Rukn-e-Alam, Multan",UBL,Foreign Currency,2025-04-12,2082767
PK65-8265952323,Ibrahim Janjua,H#283 St-18 F-8/3 Islamabad,Bank Alfalah,Current,2019-06-14,267596
PK68-9430003555,Z. Tareen,"House No. 68, Gali 19, Clifton Block 2, Karachi",MCB,Savings,2024-04-30,32336
PK75-2548647735,عثمان Gill,H#358 St-28 JoharTown Lahore,MCB,Current,2025-10-06,3279371
PK54-2301873741,Usman Gill,"House No. 358, Gali 28, Johar Town, Lahore",MCB,Savings,2020-01-24,2861530
PK71-4525496854,Malik Khalid Warraich,مکان 310 گلی 40 University Town Peshawar,Askari Bank,Current,2018-06-15,188795
PK82-9034621536,K. Niazi,"House 342, Street 12, Madina Town, Faisalabad",JS Bank,Foreign Currency,2024-09-15,1592745
PK32-5179181838,Sardar Khadija Niazi,"House No. 342, Gali 12, Madina Town, Faisalabad",UBL,Foreign Currency,2021-01-22,3165326
PK83-5079760116,J. Tarar,H#66 St-1 DGround Faisalabad,Meezan Bank,Foreign Currency,2025-07-08,38614
PK48-6532594057,K. Tarar,"House 177, Street 25, Bahria Phase 4, Rawalpindi",Askari Bank,Savings,2022-02-06,59722
PK28-2197406958,Sardar Rida Zaidi,H#165 St-36 BahriaPhase4 Rawalpindi,Allied Bank,Savings,2025-02-06,6919610
PK53-6698873913,Rida Zaidi,مکان 165 گلی 36 Bahria Phase 4 راولپنڈی,Bank Alfalah,Savings,2024-10-26,1485094
PK22-3888590713,R. Zaidi,H#165 St-36 BahriaPhase4 Rawalpindi,Bank Alfalah,Current,2024-02-09,2641076
PK57-4243163327,Jawad Kakar,H#155 St-8 CliftonBlock2 Karachi,Bank Alfalah,Savings,2019-11-15,211194
PK71-7742037593,Ahmed Malik,H#149 St-20 G-10/2 Islamabad,HBL,Savings,2019-12-16,20820
PK77-5033931885,Noman Naqvi,H#254 St-21 Gulbahar Peshawar,JS Bank,Foreign Currency,2024-10-04,303974
PK86-2146608695,Malik Uzma Bhatti,H#197 St-20 Gulbahar Peshawar,Askari Bank,Foreign Currency,2022-12-25,159487
PK10-4939916713,Malik Imran Naqvi,"House No. 173, Gali 15, Bahria Phase 4, Rawalpindi",UBL,Current,2018-08-23,1368042
PK65-1863519800,N. Kayani,"House No. 206, Gali 9, D Ground, Faisalabad",Askari Bank,Savings,2020-07-04,47745
PK88-2051383035,Nasir Rizvi,"House 44, Street 31, Satellite Town, Rawalpindi",Meezan Bank,Savings,2022-08-19,3484196
PK64-2534639119,Mian Nasir Rizvi,H#44 St-31 SatelliteTown Rawalpindi,Askari Bank,Current,2025-02-25,2792377
PK93-9978216686,Syed Hina Sial,مکان 246 گلی 10 Madina Town Faisalabad,JS Bank,Savings,2020-02-28,32803
PK24-4929770014,M. Kayani,"House No. 84, Gali 21, B-17, Islamabad",MCB,Current,2019-04-29,2625280
PK82-7227697550,Sardar Mustafa Kayani,مکان 84 گلی 21 B-17 اسلام آباد,Askari Bank,Savings,2018-08-05,3516415
PK99-4352900250,Mustafa Kayani,مکان 84 گلی 21 B-17 اسلام آباد,Meezan Bank,Savings,2023-01-13,3272053
PK40-3854918156,I.Gondal,H#388 St-37 CliftonBlock2 Karachi,Meezan Bank,Savings,2018-03-25,122902
PK73-8762990005,M.Baig,"House 100, Street 14, Madina Town, Faisalabad",MCB,Foreign Currency,2024-11-11,5457267
PK82-3981993791,Chaudhary Mahnoor Baig,مکان 100 گلی 14 Madina Town Faisalabad,Meezan Bank,Current,2023-03-19,6791524
PK90-6367004407,Sardar Owais Lodhi,"House 147, Street 36, University Town, Peshawar",Bank Alfalah,Savings,2018-08-25,1127308
PK90-7721121200,O.Lodhi,H#147 St-36 UniversityTown Peshawar,Allied Bank,Savings,2022-05-13,3887241
PK75-1733828392,Maryam Tarar,H#397 St-15 HayatabadPhase3 Peshawar,Askari Bank,Current,2018-10-21,49413
PK87-5793591859,Atif Chaudhry,H#37 St-31 Gulbahar Peshawar,MCB,Current,2021-03-01,4763903
PK20-4019224310,A.Chaudhry,"House No. 37, Gali 31, Gulbahar, Peshawar",Meezan Bank,Savings,2023-04-20,2520660
PK41-9274288101,B.Mughal,"House No. 304, Gali 23, Gulbahar, Peshawar",Allied Bank,Current,2020-06-04,148737
PK90-1267137486,Mian Hussain Shirazi,"House 286, Street 23, Hayatabad Phase 3, Peshawar",Askari Bank,Savings,2019-05-12,2573550
PK82-7370716254,Rida Saddozai,مکان 165 گلی 29 Hayatabad Phase 3 Peshawar,Bank Alfalah,Current,2025-01-04,109317
PK11-5156722714,Sardar Madiha Niazi,مکان 61 گلی 35 Gulberg III لاہور,Allied Bank,Savings,2022-06-21,45531
PK99-4183329423,Adnan Ansari,مکان 13 گلی 14 G-13/1 اسلام آباد,Meezan Bank,Savings,2021-05-10,20092
PK62-7587012238,Arsalan Kazmi,مکان 284 گلی 26 Wapda Town لاہور,UBL,Savings,2024-11-07,3806897
PK22-3806898226,Malik Arsalan Kazmi,"House 284, Street 26, Wapda Town, Lahore",MCB,Savings,2024-11-10,3156845
PK19-7482081034,Mansoor Bhatti,مکان 47 گلی 25 Chaklala Scheme 3 راولپنڈی,UBL,Savings,2022-12-20,2011827
PK43-1165825404,M.Bhatti,"House No. 47, Gali 25, Chaklala Scheme 3, Rawalpindi",Meezan Bank,Savings,2019-04-17,3909579
PK36-5278721517,M. Bhatti,مکان 47 گلی 25 Chaklala Scheme 3 راولپنڈی,UBL,Current,2021-11-27,7676086
PK27-2146026625,S.Baig,مکان 310 گلی 30 F-8/3 اسلام آباد,Askari Bank,Savings,2018-07-15,22653
PK60-9537205518,Iqra Orakzai,H#277 St-19 PeoplesColony Faisalabad,Meezan Bank,Savings,2025-08-25,3892248
PK92-2436173131,I.Orakzai,"House No. 277, Gali 19, Peoples Colony, Faisalabad",Allied Bank,Foreign Currency,2025-01-04,6611932
PK20-9181659760,Iqra Orakzai,مکان 277 گلی 19 Peoples Colony Faisalabad,Allied Bank,Foreign Currency,2021-11-06,4620219
PK17-2027427335,Luqman Virk,"House 172, Street 35, G-10/2, Islamabad",Askari Bank,Current,2023-01-30,127591
PK99-3552737188,Nasir Janjua,مکان 58 گلی 39 Satellite Town راولپنڈی,Askari Bank,Savings,2021-08-21,57556
PK14-7547971558,Mian Waqas Abbasi,"House No. 116, Gali 39, I-8/4, Islamabad",Bank Alfalah,Savings,2019-08-30,39187
PK94-8875271958,M.Lodhi,H#372 St-4 ModelTown Lahore,MCB,Foreign Currency,2018-12-25,4007433
PK47-6266041398,Haji Zubair Virk,مکان 317 گلی 37 Cantt Multan,Askari Bank,Savings,2019-02-17,60896
PK59-4663569478,Luqman Tarar,H#93 St-16 Westridge Rawalpindi,Allied Bank,Savings,2021-05-21,94258
PK12-7685903293,Sardar Naveed Saddozai,H#379 St-35 CliftonBlock2 Karachi,Bank Alfalah,Savings,2020-09-05,1659563
PK52-6879617406,Naveed Saddozai,مکان 379 گلی 35 Clifton Block 2 کراچی,Allied Bank,Savings,2023-09-07,3459589
PK23-1269810094,Taimoor Khan,"House 265, Street 26, Westridge, Rawalpindi",JS Bank,Savings,2023-11-11,291788
PK49-1694661586,M.Janjua,"House No. 190, Gali 3, Clifton Block 2, Karachi",Allied Bank,Current,2022-04-18,5130621
PK31-3357205013,Mansoor Janjua,مکان 190 گلی 3 Clifton Block 2 کراچی,UBL,Foreign Currency,2018-08-31,1979213
PK65-3326320487,Mansoor Janjua,مکان 190 گلی 3 Clifton Block 2 کراچی,MCB,Savings,2021-07-30,1343543
PK76-6191887385,Mansoor Janjua,H#190 St-3 CliftonBlock2 Karachi,Allied Bank,Savings,2024-05-23,1415010
PK43-2930026712,N.Rizvi,H#6 St-14 PeoplesColony Faisalabad,Askari Bank,Savings,2024-12-05,147353
PK45-6709683095,Tooba Malik,"House 70, Street 2, Chaklala Scheme 3, Rawalpindi",MCB,Savings,2022-01-05,1759869
PK20-6525295294,Tooba Malik,H#70 St-2 ChaklalaScheme3 Rawalpindi,HBL,Current,2022-04-20,7042549
PK34-5130823475,J. Gilani,مکان 119 گلی 8 Gulshan-e-Iqbal کراچی,HBL,Foreign Currency,2022-05-01,189343
PK26-4914300923,U.Awan,H#179 St-32 UniversityTown Peshawar,Askari Bank,Savings,2018-10-12,53411
PK47-6278460520,N. Butt,"House No. 383, Gali 36, Gulberg III, Lahore",Askari Bank,Current,2018-09-16,104840
PK81-7412307462,H. Zaidi,H#288 St-8 B-17 Islamabad,HBL,Savings,2025-12-05,5517067
PK27-9378600653,Hamza Zaidi,مکان 288 گلی 8 B-17 اسلام آباد,UBL,Savings,2018-07-08,6550963
PK89-6861478772,Syed Hamza Zaidi,مکان 288 گلی 8 B-17 اسلام آباد,JS Bank,Current,2019-05-06,7600357
PK48-5367449487,Irfan Mirza,H#204 St-26 UniversityTown Peshawar,MCB,Current,2024-05-15,357474
PK49-1024658711,G. Chaudhry,"House 187, Street 2, Wapda Town, Lahore",Meezan Bank,Current,2021-05-28,199717
PK36-2917694206,Mian Danish Mehsud,"House 47, Street 28, Gulgasht, Multan",UBL,Current,2021-11-28,264083
PK92-3610519999,A.Sheikh,"House No. 92, Gali 17, Johar Town, Lahore",Allied Bank,Savings,2022-07-15,1409266
PK33-9762248577,Amna شیخ,مکان 92 گلی 17 Johar Town لاہور,JS Bank,Savings,2023-01-27,5270875
PK95-5245278487,A.Sheikh,مکان 92 گلی 17 Johar Town لاہور,Allied Bank,Savings,2022-01-25,5852392
PK21-4024162696,Malik Khadija Sheikh,مکان 64 گلی 37 Model Town لاہور,HBL,Savings,2023-05-13,3746285
PK85-5729093415,K.Sheikh,مکان 64 گلی 37 Model Town لاہور,Allied Bank,Foreign Currency,2018-11-02,4220271
PK70-8571330883,Anas Kayani,H#287 St-30 Gulgasht Multan,HBL,Savings,2019-10-01,7902482
PK58-1204003704,Anas Kayani,مکان 287 گلی 30 Gulgasht Multan,Meezan Bank,Savings,2021-06-22,1364619
PK85-6119593484,A. Kayani,مکان 287 گلی 30 Gulgasht Multan,JS Bank,Current,2023-08-11,4427880
PK94-2884959385,Anas Kayani,مکان 287 گلی 30 Gulgasht Multan,Bank Alfalah,Current,2020-10-11,3005643
PK98-5660689498,Y. Saddozai,مکان 243 گلی 6 Shah Rukn-e-Alam Multan,Meezan Bank,Savings,2021-11-13,22717
PK89-4866129124,J.Bangash,"House 246, Street 14, D Ground, Faisalabad",Bank Alfalah,Current,2020-03-20,148226
PK18-2207025379,Talha Kayani,مکان 243 گلی 16 Westridge راولپنڈی,Askari Bank,Current,2019-06-13,4120131
PK55-2159819289,Zara Abbasi,"House No. 123, Gali 12, F-8/3, Islamabad",Bank Alfalah,Savings,2025-12-02,6948712
PK30-1072265877,Z. Abbasi,"House No. 123, Gali 12, F-8/3, Islamabad",Allied Bank,Savings,2020-12-08,4158937
PK53-1412924837,Z.Abbasi,"House 123, Street 12, F-8/3, Islamabad",Meezan Bank,Current,2023-02-24,7259344
PK63-3546220628,Zara Abbasi,"House 123, Street 12, F-8/3, Islamabad",Bank Alfalah,Savings,2025-04-10,1398418
PK83-7367850843,Q.Yousafzai,مکان 390 گلی 12 Bahria Phase 4 راولپنڈی,JS Bank,Savings,2020-11-19,190922
PK19-6608731760,A.Wazir,H#303 St-34 G-13/1 Islamabad,UBL,Savings,2023-04-21,4402699
PK67-6009711921,Anas Wazir,"House No. 303, Gali 34, G-13/1, Islamabad",Meezan Bank,Savings,2020-02-19,1681046
PK25-7998240125,Haris Zaidi,مکان 16 گلی 1 Satellite Town راولپنڈی,HBL,Current,2022-09-11,7778453
PK49-1640101490,H. Zaidi,"House 16, Street 1, Satellite Town, Rawalpindi",UBL,Savings,2020-10-22,6845194
PK14-6871320317,Haris Zaidi,مکان 16 گلی 1 Satellite Town راولپنڈی,Askari Bank,Savings,2022-09-19,7074250
PK18-6013975210,Haris Zaidi,"House No. 16, Gali 1, Satellite Town, Rawalpindi",Bank Alfalah,Current,2021-09-03,6650320
PK11-3166115887,Malik Saba Durrani,"House 66, Street 32, Hayatabad Phase 3, Peshawar",UBL,Savings,2018-02-24,94557
PK80-2579692222,M. Dar,"House 27, Street 16, Madina Town, Faisalabad",UBL,Savings,2024-03-17,342916
PK80-1345204005,A.Mehsud,"House No. 243, Gali 24, Shah Rukn-e-Alam, Multan",HBL,Foreign Currency,2022-08-12,4226937
PK41-5064213819,A.Mehsud,"House No. 243, Gali 24, Shah Rukn-e-Alam, Multan",MCB,Savings,2025-07-11,942727
PK83-1169766722,Ghulam Afridi,مکان 135 گلی 27 University Town Peshawar,Meezan Bank,Current,2024-05-20,300425
PK46-5467946637,U.Bukhari,"House 268, Street 14, Satellite Town, Rawalpindi",Askari Bank,Savings,2024-04-22,2416599
PK77-5802147276,U. Bukhari,"House 268, Street 14, Satellite Town, Rawalpindi",Allied Bank,Savings,2019-06-09,3169551
PK78-3684462826,L. Lodhi,H#40 St-17 Gulbahar Peshawar,Meezan Bank,Foreign Currency,2024-10-01,3777701
PK45-1394313789,Lubna Lodhi,"House 40, Street 17, Gulbahar, Peshawar",Allied Bank,Foreign Currency,2023-09-12,7078106
PK73-7308698173,L.Lodhi,"House 40, Street 17, Gulbahar, Peshawar",Bank Alfalah,Foreign Currency,2018-09-26,7922909
PK91-7624271260,S. Bukhari,"House No. 52, Gali 9, Model Town, Lahore",UBL,Current,2020-12-21,131829
PK87-5107485348,Ehsan Warraich,"House No. 383, Gali 33, Shah Rukn-e-Alam, Multan",JS Bank,Current,2018-08-10,1292451
PK45-3048732772,Luqman Orakzai,"House No. 103, Gali 17, B-17, Islamabad",MCB,Current,2019-08-28,4659484
PK10-7064017542,I. Rizvi,"House No. 201, Gali 2, University Town, Peshawar",Bank Alfalah,Savings,2018-12-03,4786331
PK37-5380035406,Iqra Rizvi,مکان 201 گلی 2 University Town Peshawar,HBL,Foreign Currency,2025-10-21,4463162
PK97-8815260309,R. Kakar,مکان 99 گلی 35 University Town Peshawar,HBL,Current,2019-09-10,151468
PK73-5270893052,Malik Bilal Rizvi,"House No. 73, Gali 27, G-13/1, Islamabad",Meezan Bank,Savings,2025-03-27,308955
PK77-2665099696,Atif Gill,مکان 351 گلی 33 Model Town لاہور,MCB,Savings,2018-09-24,2904884
PK80-8221436682,A. Gill,"House 351, Street 33, Model Town, Lahore",UBL,Savings,2025-06-04,5358250
PK16-5884763695,Atif Gill,H#351 St-33 ModelTown Lahore,MCB,Savings,2018-05-25,7391419
PK35-9045324083,A. Gill,مکان 351 گلی 33 Model Town لاہور,Allied Bank,Foreign Currency,2021-05-04,4540621
PK90-2262530509,Syed Atif Bhatti,مکان 253 گلی 23 University Town Peshawar,UBL,Savings,2023-12-09,2250674
PK28-9092918494,M. Sheikh,مکان 173 گلی 34 North Nazimabad کراچی,MCB,Current,2019-09-14,3577013
PK81-2852367555,Muhammad Sheikh,"House 173, Street 34, North Nazimabad, Karachi",Askari Bank,Savings,2025-10-08,1999519
PK58-3971561220,M. Sheikh,"House No. 173, Gali 34, North Nazimabad, Karachi",Meezan Bank,Current,2021-05-24,5227225
PK82-9434597622,Malik Mahnoor Yousafzai,مکان 3 گلی 10 Gulshan-e-Iqbal کراچی,Bank Alfalah,Savings,2021-08-31,44096
PK13-9954106841,Syed Rida Sheikh,مکان 377 گلی 35 D Ground Faisalabad,Meezan Bank,Savings,2023-04-18,223861
PK22-9916067993,Farah Bukhari,مکان 395 گلی 28 G-13/1 اسلام آباد,HBL,Foreign Currency,2018-12-11,960631
PK81-7315675500,Malik Mustafa Awan,مکان 173 گلی 10 University Town Peshawar,Bank Alfalah,Current,2022-10-04,180058
PK42-3920348494,Hina Khan,مکان 22 گلی 30 Gulberg III لاہور,JS Bank,Savings,2023-05-01,3496441
PK36-2518131430,Hina Khan,"House No. 22, Gali 30, Gulberg III, Lahore",MCB,Current,2023-11-17,1342079
PK41-4643106129,A.Gilani,H#328 St-15 ModelTown Lahore,JS Bank,Current,2019-09-29,6389836
PK56-6907219533,احمد Gilani,H#328 St-15 ModelTown Lahore,JS Bank,Savings,2024-05-29,2897459
PK96-9878276590,A. Gilani,"House No. 328, Gali 15, Model Town, Lahore",Bank Alfalah,Savings,2021-07-22,4232046
PK92-5798512833,N.Wazir,H#87 St-40 CliftonBlock2 Karachi,UBL,Foreign Currency,2024-11-27,27556
PK43-9844453196,Wajahat Baig,"House 79, Street 3, University Town, Peshawar",Allied Bank,Savings,2021-12-25,3438363
PK57-9620548676,Wajahat Baig,"House No. 79, Gali 3, University Town, Peshawar",Askari Bank,Foreign Currency,2023-07-03,4238859
PK78-5759535638,M.Sial,مکان 313 گلی 24 Gulshan-e-Iqbal کراچی,Bank Alfalah,Savings,2025-01-18,29498
PK57-6585529454,K. Kazmi,"House 55, Street 37, University Town, Peshawar",Meezan Bank,Savings,2025-10-26,27156
PK10-1456852265,Mian Qasim Malik,H#185 St-36 Gulgasht Multan,Askari Bank,Savings,2022-01-24,900423
PK72-4811661161,Qasim ملک,"House No. 185, Gali 36, Gulgasht, Multan",Meezan Bank,Savings,2022-10-19,842386
PK31-4760607808,Rana Zubair Naqvi,"House No. 228, Gali 13, Satellite Town, Rawalpindi",HBL,Savings,2024-06-15,23651
PK61-5616902407,Syed Bushra Khattak,"House No. 191, Gali 6, Cantt, Multan",Bank Alfalah,Savings,2018-05-31,4849287
PK35-8730299789,Haji Rashid Virk,مکان 175 گلی 37 University Town Peshawar,UBL,Savings,2020-06-15,30137
PK38-9011074970,J. Gondal,"House 19, Street 28, Clifton Block 2, Karachi",Askari Bank,Current,2023-05-22,6822854
PK31-4075979344,J.Gondal,مکان 19 گلی 28 Clifton Block 2 کراچی,Meezan Bank,Savings,2024-10-03,2841766
PK34-2430968876,Junaid Gondal,H#19 St-28 CliftonBlock2 Karachi,MCB,Current,2025-04-07,7367941
PK28-6464333708,M.Naqvi,"House No. 277, Gali 40, G-13/1, Islamabad",Askari Bank,Current,2020-03-26,2365555
PK14-7320341929,M.Naqvi,"House No. 277, Gali 40, G-13/1, Islamabad",HBL,Foreign Currency,2023-04-05,1732923
PK70-1509178034,K.Chaudhry,مکان 309 گلی 4 Model Town لاہور,Bank Alfalah,Savings,2018-12-23,4028682
PK85-7814630738,M. Afridi,"House No. 208, Gali 36, DHA Phase 6, Karachi",HBL,Savings,2018-04-18,3776611
PK55-6446387820,N. Naqvi,مکان 9 گلی 31 F-8/3 اسلام آباد,Bank Alfalah,Current,2022-11-01,7810681
PK41-9793164329,N.Naqvi,"House No. 9, Gali 31, F-8/3, Islamabad",MCB,Current,2023-07-22,6616805
PK50-6824605534,Talha Siddiqui,"House No. 309, Gali 2, Gulgasht, Multan",Allied Bank,Foreign Currency,2024-11-30,66634
PK38-2732674652,Nasir Virk,مکان 19 گلی 8 Gulgasht Multan,Allied Bank,Savings,2025-09-12,2970981
PK31-1813530779,M. Zaidi,"House No. 284, Gali 39, Westridge, Rawalpindi",Allied Bank,Foreign Currency,2020-04-23,1873423
PK68-4925193515,M.Zaidi,H#284 St-39 Westridge Rawalpindi,Askari Bank,Current,2022-01-02,2125091
PK16-5539200098,Bushra Niazi,مکان 24 گلی 16 Madina Town Faisalabad,HBL,Savings,2018-05-11,262539
PK24-8073343979,M. Tarar,H#374 St-15 Gulbahar Peshawar,HBL,Foreign Currency,2019-09-19,4420587
PK12-6343139951,H.Kakar,"House 347, Street 3, Model Town, Lahore",Meezan Bank,Current,2022-06-19,1258272
PK58-3910065499,Malik Hafsa Kakar,H#347 St-3 ModelTown Lahore,Askari Bank,Foreign Currency,2020-11-08,1767663
PK79-9465058841,Noman Qureshi,"House 33, Street 20, I-8/4, Islamabad",HBL,Savings,2020-12-20,70480
PK74-3562398675,Atif Sheikh,مکان 275 گلی 29 Westridge راولپنڈی,JS Bank,Savings,2018-09-22,2702934
PK64-9405443401,A. Sheikh,مکان 275 گلی 29 Westridge راولپنڈی,HBL,Savings,2025-05-02,4283593
PK89-4136235810,Atif شیخ,"House 275, Street 29, Westridge, Rawalpindi",Meezan Bank,Savings,2020-11-04,5978185
PK60-3295059597,K.Afridi,"House 317, Street 29, North Nazimabad, Karachi",Askari Bank,Current,2025-02-27,1322780
PK63-6951548659,K. Afridi,"House No. 317, Gali 29, North Nazimabad, Karachi",Meezan Bank,Savings,2021-08-16,7094850
PK26-4011012797,Syed Khadija Afridi,H#317 St-29 NorthNazimabad Karachi,UBL,Current,2020-07-25,5474732
PK38-4693594779,G. Sial,"House No. 135, Gali 27, Madina Town, Faisalabad",Allied Bank,Savings,2019-03-01,39119
PK72-5345570596,Qasim Durrani,"House No. 153, Gali 2, University Town, Peshawar",UBL,Savings,2018-03-21,5260401
PK71-7167371801,Q.Durrani,مکان 153 گلی 2 University Town Peshawar,MCB,Current,2019-03-08,3153227
PK53-2509078424,Qasim Durrani,H#153 St-2 UniversityTown Peshawar,UBL,Foreign Currency,2022-01-23,4903669
PK65-2503082149,Q.Durrani,"House No. 153, Gali 2, University Town, Peshawar",JS Bank,Current,2023-10-31,1310333
PK32-5342205955,Anas Kazmi,"House No. 61, Gali 23, Cantt, Multan",HBL,Current,2020-01-25,4532230
PK94-2377000145,Anas Kazmi,H#61 St-23 Cantt Multan,Bank Alfalah,Current,2023-01-09,5573646
PK64-3049290562,Bushra Joiya,"House No. 261, Gali 26, Satellite Town, Rawalpindi",Bank Alfalah,Savings,2025-05-05,3862420
PK20-5885626253,B. Joiya,مکان 261 گلی 26 Satellite Town راولپنڈی,Bank Alfalah,Foreign Currency,2021-03-01,3145902
PK22-7210881440,Babar Zaidi,H#329 St-11 GulbergIII Lahore,UBL,Savings,2025-09-17,225441
PK52-3987653602,M.Mirza,مکان 242 گلی 17 University Town Peshawar,Meezan Bank,Savings,2018-10-29,3597522
PK53-2974797057,Mian Mubashir Mirza,"House 242, Street 17, University Town, Peshawar",Meezan Bank,Savings,2018-06-11,2037262
PK36-3623759537,Mubashir Mirza,H#242 St-17 UniversityTown Peshawar,Allied Bank,Savings,2023-08-26,5739620
PK21-8557044816,M.Mirza,مکان 242 گلی 17 University Town Peshawar,UBL,Current,2022-04-25,5374525
PK81-4362523977,Chaudhary Zainab Mirza,"House 322, Street 32, Cantt, Multan",Meezan Bank,Savings,2023-10-01,86457
PK26-5992723046,E. Khan,H#40 St-33 BahriaPhase4 Rawalpindi,Meezan Bank,Current,2019-12-11,32780
PK61-9565492709,Sardar Taimoor Mirza,H#66 St-38 B-17 Islamabad,Askari Bank,Foreign Currency,2021-07-31,2048586
PK26-2203168803,Rana Taimoor Mirza,H#66 St-38 B-17 Islamabad,Meezan Bank,Savings,2023-10-06,7023129
PK31-2572598651,Hassan Abbasi,"House No. 384, Gali 2, Gulshan-e-Iqbal, Karachi",Allied Bank,Savings,2023-04-08,22602
PK69-5410988908,Sardar Nadia Baig,H#232 St-30 NorthNazimabad Karachi,MCB,Savings,2018-06-03,3667110
PK32-1752848632,N. Baig,مکان 232 گلی 30 North Nazimabad کراچی,Askari Bank,Foreign Currency,2018-06-04,1345018
PK95-3275751981,Mustafa Gill,مکان 9 گلی 7 D Ground Faisalabad,HBL,Savings,2020-02-29,245535
PK89-3423781020,K.Khokhar,"House 185, Street 28, Model Town, Lahore",Bank Alfalah,Savings,2022-04-03,212254
PK12-1710280789,Salman Niazi,H#14 St-14 PeoplesColony Faisalabad,HBL,Current,2025-06-09,7742438
PK15-8025536851,S. Niazi,مکان 14 گلی 14 Peoples Colony Faisalabad,JS Bank,Foreign Currency,2019-12-20,7797263
PK72-8741820895,Salman Niazi,"House No. 14, Gali 14, Peoples Colony, Faisalabad",Allied Bank,Savings,2022-09-12,6120146
PK95-4368189460,S. Niazi,"House 14, Street 14, Peoples Colony, Faisalabad",MCB,Savings,2024-07-10,5946220
PK92-4960669345,K.Durrani,"House No. 139, Gali 19, Cantt, Multan",Meezan Bank,Current,2023-09-06,165507
PK97-8177883039,Amna Khan,H#387 St-16 ModelTown Lahore,Allied Bank,Savings,2018-03-11,98405
PK46-3498002741,J. Mehsud,H#298 St-13 Gulshan-e-Iqbal Karachi,MCB,Foreign Currency,2020-11-24,244646
PK69-9113819507,H.Naqvi,"House No. 110, Gali 5, Gulshan-e-Iqbal, Karachi",Allied Bank,Current,2019-10-22,7984150
PK16-4516914010,Rana Hina Naqvi,"House No. 110, Gali 5, Gulshan-e-Iqbal, Karachi",Askari Bank,Savings,2019-09-30,5086461
PK53-5958374847,H. Naqvi,"House No. 110, Gali 5, Gulshan-e-Iqbal, Karachi",JS Bank,Current,2021-08-17,7057882
PK98-1316576499,Sardar Hina Naqvi,"House No. 110, Gali 5, Gulshan-e-Iqbal, Karachi",UBL,Current,2023-06-12,3965040
PK67-2869933608,S.Hashmi,مکان 218 گلی 7 Shah Rukn-e-Alam Multan,Meezan Bank,Savings,2020-05-17,2690605
PK72-1670705075,S. Hashmi,"House 218, Street 7, Shah Rukn-e-Alam, Multan",UBL,Current,2023-01-15,1588152
PK42-6876949492,A. Raja,"House No. 118, Gali 28, I-8/4, Islamabad",Bank Alfalah,Savings,2019-11-11,3603563
PK35-8375499682,A.Raja,"House 118, Street 28, I-8/4, Islamabad",JS Bank,Current,2019-03-14,1988471
PK90-6933710514,A.Raja,مکان 118 گلی 28 I-8/4 اسلام آباد,Askari Bank,Savings,2024-08-16,5405979
PK22-4695325295,A.Raja,H#118 St-28 I-8/4 Islamabad,HBL,Savings,2019-07-02,1616248
PK20-3145642280,M. Zaidi,"House No. 234, Gali 7, G-13/1, Islamabad",Meezan Bank,Foreign Currency,2025-09-23,3784726
PK88-9371808151,Sardar Mustafa Zaidi,H#234 St-7 G-13/1 Islamabad,Allied Bank,Savings,2025-03-02,945633
PK40-2790146152,Mubashir Awan,"House No. 28, Gali 27, Model Town, Lahore",Askari Bank,Current,2021-10-19,56449
PK64-4111093291,H.Janjua,"House 37, Street 24, Gulbahar, Peshawar",JS Bank,Foreign Currency,2025-03-29,4132116
PK16-5616416760,H.Janjua,"House No. 37, Gali 24, Gulbahar, Peshawar",Bank Alfalah,Savings,2020-09-04,4116244
PK62-7120171212,T.Baig,"House 258, Street 28, F-8/3, Islamabad",JS Bank,Savings,2025-10-14,156161
PK43-7762270423,Junaid Mirza,"House 50, Street 19, Cantt, Multan",MCB,Savings,2019-05-22,4222356
PK57-2623151797,J. Mirza,"House No. 50, Gali 19, Cantt, Multan",Bank Alfalah,Savings,2024-07-26,802696
PK92-9805532996,S.Chaudhry,مکان 379 گلی 38 Gulberg III لاہور,Meezan Bank,Savings,2020-05-31,34159
PK38-5810429073,Qasim Janjua,H#66 St-9 BahriaPhase4 Rawalpindi,MCB,Foreign Currency,2022-05-09,32458
PK47-9069275900,Mian Usman Chaudhry,مکان 132 گلی 35 F-8/3 اسلام آباد,Allied Bank,Savings,2025-10-08,181909
PK34-4671223605,U. Ansari,"House No. 265, Gali 25, Johar Town, Lahore",HBL,Savings,2021-12-25,4486659
PK78-2782733434,Uzma Ansari,"House 265, Street 25, Johar Town, Lahore",UBL,Savings,2023-04-16,7450251
PK37-3262929999,Uzma Ansari,H#265 St-25 JoharTown Lahore,Askari Bank,Savings,2021-01-23,5870055
PK65-7067728563,Uzma Ansari,"House 265, Street 25, Johar Town, Lahore",Bank Alfalah,Savings,2022-12-07,2866532
PK20-5541771475,M. Joiya,"House No. 89, Gali 17, Clifton Block 2, Karachi",JS Bank,Savings,2018-10-29,132445
PK62-7494483145,بلال Durrani,H#183 St-16 Gulbahar Peshawar,MCB,Current,2018-02-05,31774
PK68-1835319989,Haji Waseem Wazir,مکان 327 گلی 24 D Ground Faisalabad,HBL,Savings,2023-01-07,100608
PK45-1519347972,Babar Orakzai,"House 207, Street 24, Westridge, Rawalpindi",Meezan Bank,Savings,2018-08-22,4593357
PK49-7059959403,Babar Orakzai,"House 207, Street 24, Westridge, Rawalpindi",HBL,Savings,2023-12-11,2902866
PK48-9544196958,Mansoor Sial,"House No. 342, Gali 15, Shah Rukn-e-Alam, Multan",JS Bank,Savings,2023-04-30,62239
PK30-6874286198,Sadia Cheema,"House No. 79, Gali 19, Cantt, Multan",Meezan Bank,Savings,2020-07-28,108119
PK45-6916610808,E. Rajput,"House 329, Street 30, F-8/3, Islamabad",MCB,Current,2024-01-23,216045
PK61-1097273318,Obaid Zaidi,H#384 St-28 WapdaTown Lahore,JS Bank,Savings,2020-03-16,54582
PK35-2652894862,Syed Rida Rizvi,"House No. 290, Gali 31, Chaklala Scheme 3, Rawalpindi",MCB,Savings,2020-04-17,136104
PK57-5170545218,Noman Rajput,H#31 St-31 Westridge Rawalpindi,UBL,Current,2023-09-12,2007772
PK63-7622353180,Z.Zaidi,H#285 St-9 Cantt Multan,Meezan Bank,Foreign Currency,2021-09-16,150707
PK49-5625329886,I.Warraich,"House 304, Street 20, Hayatabad Phase 3, Peshawar",HBL,Savings,2024-10-28,5715922
PK19-9903536552,Irfan Warraich,مکان 304 گلی 20 Hayatabad Phase 3 Peshawar,MCB,Savings,2018-07-02,3409009
PK44-3160359264,Irfan Warraich,"House 304, Street 20, Hayatabad Phase 3, Peshawar",Bank Alfalah,Savings,2022-12-14,3131079
PK77-6763282444,Khadija Afridi,H#360 St-19 Westridge Rawalpindi,UBL,Current,2021-03-02,6478273
PK82-8520681488,K. Afridi,H#360 St-19 Westridge Rawalpindi,Meezan Bank,Foreign Currency,2021-12-14,4959274
PK51-4441814664,Malik Khadija Afridi,مکان 360 گلی 19 Westridge راولپنڈی,Meezan Bank,Current,2024-08-16,4974645
PK34-4961099551,Syed Khadija Afridi,H#360 St-19 Westridge Rawalpindi,JS Bank,Savings,2020-06-27,5725439
PK92-4354385537,F. Siddiqui,"House 360, Street 25, Westridge, Rawalpindi",UBL,Current,2020-08-31,2974947
PK34-7297688032,Haji Farah Siddiqui,"House 360, Street 25, Westridge, Rawalpindi",Askari Bank,Savings,2023-05-09,3541072
PK80-1578903274,F. Siddiqui,"House No. 360, Gali 25, Westridge, Rawalpindi",JS Bank,Foreign Currency,2020-12-12,6752371
PK42-6845749991,Asad Mughal,"House 15, Street 8, Wapda Town, Lahore",UBL,Foreign Currency,2023-09-14,5916851
PK11-7411148758,A.Mughal,"House 15, Street 8, Wapda Town, Lahore",Askari Bank,Savings,2025-03-31,6445763
PK63-8069102007,A.Mughal,مکان 15 گلی 8 Wapda Town لاہور,HBL,Current,2018-02-01,7239397
PK95-7391076896,W.Rizvi,مکان 145 گلی 3 Hayatabad Phase 3 Peshawar,Meezan Bank,Savings,2019-11-02,1684406
PK11-6206494451,Mian Waseem Rizvi,مکان 145 گلی 3 Hayatabad Phase 3 Peshawar,Meezan Bank,Foreign Currency,2020-10-20,4774289
PK95-2821462556,Anas Shirazi,"House No. 38, Gali 17, Satellite Town, Rawalpindi",Askari Bank,Savings,2020-10-23,156469
PK72-3011845396,Hussain Abbasi,H#214 St-27 DGround Faisalabad,HBL,Current,2019-01-29,69955
PK35-7399325266,Laiba Butt,مکان 74 گلی 8 Chaklala Scheme 3 راولپنڈی,JS Bank,Current,2022-08-23,47869
PK20-8682475055,Sadia Kayani,"House 108, Street 21, Satellite Town, Rawalpindi",MCB,Savings,2022-06-08,1381764
PK50-7503592595,Mian Sadia Kayani,مکان 108 گلی 21 Satellite Town راولپنڈی,UBL,Foreign Currency,2020-06-22,6713632
PK50-5813058545,M.Bukhari,"House 279, Street 25, F-8/3, Islamabad",Meezan Bank,Current,2020-02-17,129799
PK39-5837307362,Farah Khan,مکان 149 گلی 6 Satellite Town راولپنڈی,Askari Bank,Savings,2019-09-30,39256
PK64-7744418649,Rana Saqib Awan,"House 396, Street 39, Clifton Block 2, Karachi",JS Bank,Current,2024-03-29,272558
PK32-4312454922,Z. Sial,"House 123, Street 36, Satellite Town, Rawalpindi",Meezan Bank,Current,2020-03-21,4804646
PK40-1891643852,Zubair Sial,"House 123, Street 36, Satellite Town, Rawalpindi",UBL,Savings,2023-09-02,7129909
PK83-9022890130,Syed Tariq Cheema,H#27 St-27 ChaklalaScheme3 Rawalpindi,HBL,Savings,2025-10-14,213166
PK30-8307942851,Syed Farhan Cheema,مکان 90 گلی 32 Chaklala Scheme 3 راولپنڈی,Meezan Bank,Current,2024-05-07,3508231
PK33-2792867471,F. Cheema,"House 90, Street 32, Chaklala Scheme 3, Rawalpindi",Meezan Bank,Savings,2021-04-26,2525594
PK13-4452809737,Sardar Farhan Cheema,"House No. 90, Gali 32, Chaklala Scheme 3, Rawalpindi",Allied Bank,Foreign Currency,2021-10-11,1985134
PK58-5467451493,F. Cheema,H#90 St-32 ChaklalaScheme3 Rawalpindi,Askari Bank,Current,2019-12-10,1801489
PK42-8811157491,N.Chaudhry,H#299 St-35 ShahRukn-e-Alam Multan,Askari Bank,Savings,2019-05-04,3374941
PK45-8165270169,Noor چوہدری,مکان 299 گلی 35 Shah Rukn-e-Alam Multan,Bank Alfalah,Savings,2024-04-08,3752317
PK16-8331816097,R. Joiya,"House 107, Street 24, Model Town, Lahore",Bank Alfalah,Savings,2025-09-01,23564
PK57-4381588944,Haji Taimoor Afridi,H#234 St-10 Cantt Multan,Allied Bank,Savings,2025-08-11,292668
PK50-7589229056,Shoaib Khan,"House 261, Street 27, University Town, Peshawar",Askari Bank,Foreign Currency,2025-05-21,2857807
PK87-7893050172,S. Khan,H#261 St-27 UniversityTown Peshawar,Meezan Bank,Savings,2018-08-07,4517351
PK46-8876967170,M. Khan,"House No. 210, Gali 35, Shah Rukn-e-Alam, Multan",UBL,Foreign Currency,2018-11-01,3286072
PK53-1794714102,Rashid Khan,"House 87, Street 13, North Nazimabad, Karachi",HBL,Foreign Currency,2023-03-29,60186
PK33-8229633494,Yousuf Bhatti,H#270 St-13 HayatabadPhase3 Peshawar,Allied Bank,Savings,2022-01-29,138091
PK48-7409271246,H. Durrani,مکان 138 گلی 29 Gulbahar Peshawar,JS Bank,Savings,2024-01-10,21577
PK15-3234052001,L. Siddiqui,"House 342, Street 2, Chaklala Scheme 3, Rawalpindi",Bank Alfalah,Foreign Currency,2018-09-27,24287
PK58-7937630734,Uzma Naqvi,"House 4, Street 28, Peoples Colony, Faisalabad",HBL,Savings,2025-02-06,1473453
PK16-3847130593,U. Naqvi,H#4 St-28 PeoplesColony Faisalabad,MCB,Savings,2020-05-24,2891904
PK95-3632016798,I.Tareen,"House No. 15, Gali 9, DHA Phase 6, Karachi",MCB,Savings,2022-06-27,22705
PK10-2786971727,Z.Khattak,"House 241, Street 36, Gulberg III, Lahore",JS Bank,Foreign Currency,2024-12-06,21903
PK61-6989947306,Chaudhary Sadia Butt,مکان 329 گلی 33 Satellite Town راولپنڈی,UBL,Current,2019-05-20,267403
PK53-4838016719,Anas Zaidi,"House 13, Street 15, Gulgasht, Multan",Meezan Bank,Foreign Currency,2025-05-19,166655
PK50-1898652245,B.Yousafzai,"House 228, Street 17, Gulgasht, Multan",Askari Bank,Foreign Currency,2019-06-09,50671
PK56-3990847309,A. Gill,H#304 St-37 Gulshan-e-Iqbal Karachi,Bank Alfalah,Savings,2025-06-13,1405466
PK63-1277119486,محمد Tarar,مکان 291 گلی 4 Madina Town Faisalabad,UBL,Savings,2022-05-10,7468780
PK18-6867754311,M.Tarar,H#291 St-4 MadinaTown Faisalabad,Bank Alfalah,Current,2022-05-01,3394253
PK31-9907731279,M.Tarar,مکان 291 گلی 4 Madina Town Faisalabad,Bank Alfalah,Foreign Currency,2025-02-08,4911049
PK34-4904254670,Rana Ahmed Virk,H#25 St-25 B-17 Islamabad,UBL,Savings,2020-07-19,139338
PK90-1180394982,J. Joiya,"House 205, Street 21, G-10/2, Islamabad",UBL,Current,2024-04-29,48905
PK80-4976518197,Bushra Zaidi,"House 301, Street 36, I-8/4, Islamabad",MCB,Current,2023-10-02,3893336
PK90-8427629866,B. Zaidi,H#301 St-36 I-8/4 Islamabad,JS Bank,Savings,2022-06-11,6011486
PK31-1400009231,B. Zaidi,H#301 St-36 I-8/4 Islamabad,MCB,Savings,2018-07-29,6337854
PK18-9653017793,Bushra Zaidi,مکان 301 گلی 36 I-8/4 اسلام آباد,Meezan Bank,Savings,2024-06-29,5301101
PK32-8933119894,Anas Ansari,"House 273, Street 19, DHA Phase 5, Lahore",HBL,Savings,2019-08-25,236920
PK42-6796657539,F.Khan,"House No. 141, Gali 6, Hayatabad Phase 3, Peshawar",Allied Bank,Foreign Currency,2020-07-20,1886196
PK30-9024406758,F. Khan,"House 141, Street 6, Hayatabad Phase 3, Peshawar",MCB,Foreign Currency,2018-01-19,6216147
PK81-8220485564,فاطمہ خان,"House No. 141, Gali 6, Hayatabad Phase 3, Peshawar",Askari Bank,Savings,2024-01-01,7566587
PK29-5202772528,Chaudhary Fatima Khan,"House 141, Street 6, Hayatabad Phase 3, Peshawar",JS Bank,Savings,2022-03-23,4827541
PK54-9821755848,Malik Saad Hashmi,"House No. 8, Gali 11, Madina Town, Faisalabad",Allied Bank,Foreign Currency,2021-03-11,197383
PK40-6832056178,Rana Shoaib Wazir,"House 346, Street 39, Chaklala Scheme 3, Rawalpindi",MCB,Savings,2022-08-11,28771
PK67-3437718947,T.Rizvi,H#269 St-25 HayatabadPhase3 Peshawar,UBL,Foreign Currency,2019-10-20,31800
PK42-1763136890,Waqas Shirazi,مکان 14 گلی 20 Bahria Phase 4 راولپنڈی,MCB,Foreign Currency,2018-03-11,35776
PK37-8626077927,Malik Hamza Gill,H#303 St-12 Cantt Multan,HBL,Current,2020-09-13,15762
PK33-3725820470,Haji Mansoor Gondal,H#385 St-3 ChaklalaScheme3 Rawalpindi,HBL,Foreign Currency,2019-07-24,83358
PK76-6349416236,M. Rizvi,مکان 4 گلی 12 University Town Peshawar,UBL,Current,2023-06-26,2241218
PK27-6108163637,Mubashir Rizvi,H#4 St-12 UniversityTown Peshawar,Askari Bank,Savings,2024-04-11,4522942
PK22-2153380003,A.Janjua,"House 109, Street 24, Cantt, Multan",Askari Bank,Savings,2021-08-21,1673420
PK10-4380229480,Amna Janjua,مکان 109 گلی 24 Cantt Multan,Allied Bank,Savings,2020-02-02,4856223
PK36-8389919905,عمران خان,مکان 12 گلی 12 B-17 اسلام آباد,Meezan Bank,Foreign Currency,2023-12-27,140489
PK61-5670101261,M.Durrani,"House No. 117, Gali 1, DHA Phase 6, Karachi",Allied Bank,Foreign Currency,2020-05-15,2718202
PK62-2806124473,محمد Durrani,"House No. 117, Gali 1, DHA Phase 6, Karachi",MCB,Current,2025-08-05,4591479
PK48-1563879224,محمد Durrani,H#117 St-1 DHAPhase6 Karachi,UBL,Foreign Currency,2018-09-20,5352687
PK32-6114580123,Muhammad Durrani,H#117 St-1 DHAPhase6 Karachi,UBL,Foreign Currency,2025-03-24,2745248
PK11-3563634640,Sardar Zara Afridi,"House 274, Street 5, North Nazimabad, Karachi",Allied Bank,Current,2023-03-12,870178
PK79-9142829740,Yasir Joiya,"House 61, Street 40, B-17, Islamabad",Askari Bank,Foreign Currency,2018-07-22,5733941
PK26-3347238220,Y.Joiya,"House No. 61, Gali 40, B-17, Islamabad",Bank Alfalah,Savings,2025-09-16,2856608
PK78-3988005622,Tariq Wazir,"House 220, Street 27, North Nazimabad, Karachi",MCB,Current,2020-04-09,347813
PK39-6055885318,Haji Uzma Tareen,"House 65, Street 2, Clifton Block 2, Karachi",Allied Bank,Savings,2025-02-04,1256943
PK82-6490493122,U.Tareen,H#65 St-2 CliftonBlock2 Karachi,Meezan Bank,Savings,2023-08-24,2063622
PK26-1466794645,U.Tareen,"House No. 65, Gali 2, Clifton Block 2, Karachi",JS Bank,Savings,2024-09-13,7432433
PK51-7930220676,O. Wazir,مکان 320 گلی 4 B-17 اسلام آباد,Askari Bank,Savings,2020-06-21,7094584
PK97-6830652272,Obaid Wazir,"House No. 320, Gali 4, B-17, Islamabad",HBL,Savings,2018-12-04,4663081
PK22-5635803904,Syed Obaid Wazir,"House No. 320, Gali 4, B-17, Islamabad",MCB,Savings,2023-09-14,7504380
PK77-7526553492,Syed Obaid Wazir,مکان 320 گلی 4 B-17 اسلام آباد,Meezan Bank,Current,2020-03-11,3075552
PK77-1814201629,S. Zaidi,"House No. 13, Gali 25, Shah Rukn-e-Alam, Multan",JS Bank,Savings,2023-01-29,136719
PK39-8697752579,H. Mehsud,H#277 St-23 CliftonBlock2 Karachi,Meezan Bank,Savings,2021-09-16,164078
PK43-6472381954,Uzma Kazmi,مکان 113 گلی 32 Model Town لاہور,HBL,Current,2025-09-15,3929508
PK57-6847137143,Uzma Kazmi,"House No. 113, Gali 32, Model Town, Lahore",Allied Bank,Foreign Currency,2023-05-21,1885308
PK60-8937635665,U.Malik,مکان 233 گلی 22 Cantt Multan,Allied Bank,Foreign Currency,2019-01-19,1500608
PK47-8846731481,Usman Malik,H#233 St-22 Cantt Multan,Askari Bank,Savings,2022-04-29,5629421
PK46-1883561594,Usman Malik,مکان 233 گلی 22 Cantt Multan,Askari Bank,Foreign Currency,2020-07-06,3537654
PK62-7329680744,Rashid Kayani,"House No. 307, Gali 33, Gulshan-e-Iqbal, Karachi",Bank Alfalah,Savings,2022-02-14,53443
PK16-6664126743,Chaudhary Madiha Kayani,H#338 St-36 E-11/2 Islamabad,Meezan Bank,Savings,2023-10-20,2670494
PK84-8330893271,M.Kayani,مکان 338 گلی 36 E-11/2 اسلام آباد,JS Bank,Foreign Currency,2021-10-05,1376119
PK94-8118626303,N. Naqvi,H#49 St-7 SatelliteTown Rawalpindi,Allied Bank,Current,2021-05-19,316399
PK84-9954563289,Mansoor Mirza,"House No. 228, Gali 15, Westridge, Rawalpindi",HBL,Savings,2025-02-23,214165
PK98-4398147089,S.Gill,"House No. 251, Gali 24, Bahria Phase 4, Rawalpindi",Bank Alfalah,Current,2022-09-17,4250482
PK55-3326017152,S. Gill,"House No. 251, Gali 24, Bahria Phase 4, Rawalpindi",JS Bank,Savings,2025-11-24,3889976
PK64-9523343561,Moiz Judge,مکان 12 گلی 4 F-8/3 اسلام آباد,Bank Alfalah,Foreign Currency,2021-03-26,7632601
PK43-4424376035,Rana Moiz Judge,"House 12, Street 4, F-8/3, Islamabad",HBL,Savings,2019-01-28,3032822
PK52-9066325506,Moiz Judge,مکان 12 گلی 4 F-8/3 اسلام آباد,HBL,Savings,2021-12-10,6870248
PK78-5061116256,Moiz Judge,مکان 12 گلی 4 F-8/3 اسلام آباد,JS Bank,Savings,2023-10-17,2072960
PK25-1600291628,عائشہ احمد,مکان 12 گلی 4 F-8/3 اسلام آباد,Askari Bank,Current,2023-04-18,6295733
PK96-7163737011,A.Ahmed,مکان 12 گلی 4 F-8/3 اسلام آباد,Bank Alfalah,Current,2025-02-13,5136992
PK32-6387741735,عائشہ احمد,"House 12, Street 4, F-8/3, Islamabad",MCB,Foreign Currency,2018-07-02,5362638
PK71-8658786735,Ayesha Ahmed,H#12 St-4 F-8/3 Islamabad,UBL,Current,2025-05-06,5788597
PK36-9944040229,s. haseeb,H#12 St-4 F-8/3 Islamabad,JS Bank,Foreign Currency,2024-04-05,5633088
PK19-9564303287,syed haseeb,"House 12, Street 4, F-8/3, Islamabad",Askari Bank,Savings,2020-08-02,5608015
PK93-7945860305,syed haseeb,H#12 St-4 F-8/3 Islamabad,Meezan Bank,Savings,2020-08-30,6916913
PK36-6253229435,Chaudhary sajid Ahmed,مکان 12 گلی 4 F-8/3 اسلام آباد,JS Bank,Savings,2024-01-02,7805416
PK39-5876179900,sajid Ahmed,H#12 St-4 F-8/3 Islamabad,Allied Bank,Savings,2019-11-18,4658941
PK96-2923710807,M. Siddiqui,"House No. 141, Gali 16, B-17, Islamabad",Meezan Bank,Current,2023-11-11,1300692
PK56-2721730368,M.Siddiqui,مکان 141 گلی 16 B-17 اسلام آباد,Meezan Bank,Savings,2022-03-17,5382851
PK47-1240790940,Pervez Mirza,"House No. 80, Gali 13, North Nazimabad, Karachi",UBL,Current,2024-07-25,4685581
PK76-3945702709,P. Mirza,"House No. 80, Gali 13, North Nazimabad, Karachi",UBL,Savings,2018-02-27,7469601
PK38-5425718878,Pervez Mirza,"House No. 80, Gali 13, North Nazimabad, Karachi",Askari Bank,Foreign Currency,2019-12-13,1797217
PK12-4621332361,I. Dar,مکان 161 گلی 16 Gulgasht Multan,Meezan Bank,Foreign Currency,2021-01-28,6696818
PK62-3728965868,Syed Iqra Dar,"House No. 161, Gali 16, Gulgasht, Multan",MCB,Savings,2024-02-13,7158178
PK89-1468547537,Malik Rehan Sandhu,H#225 St-35 JoharTown Lahore,HBL,Savings,2022-01-03,2024134
PK99-6802817251,R.Sandhu,H#225 St-35 JoharTown Lahore,Bank Alfalah,Savings,2022-10-22,4743994
PK16-3607901100,R.Sandhu,مکان 225 گلی 35 Johar Town لاہور,MCB,Foreign Currency,2023-04-17,3588806
PK36-9408578963,R. Sandhu,H#225 St-35 JoharTown Lahore,UBL,Foreign Currency,2020-04-23,4363135
PK65-5411121400,Malik Fahad Qureshi,مکان 60 گلی 7 Chaklala Scheme 3 راولپنڈی,Allied Bank,Savings,2019-01-13,7225825
PK16-6647937903,Sardar Fahad Qureshi,H#60 St-7 ChaklalaScheme3 Rawalpindi,Bank Alfalah,Savings,2024-07-04,6201614
PK32-7959326873,Malik Haris Gill,"House No. 342, Gali 7, Bahria Phase 4, Rawalpindi",HBL,Savings,2025-03-06,5894058
PK10-5493416263,Mian Haris Gill,H#342 St-7 BahriaPhase4 Rawalpindi,Allied Bank,Foreign Currency,2022-06-03,3822615
PK35-5432706323,Farhan Bukhari,مکان 292 گلی 40 Gulshan-e-Iqbal کراچی,Allied Bank,Current,2020-11-28,6078033
PK42-9758020983,F.Bukhari,"House 292, Street 40, Gulshan-e-Iqbal, Karachi",JS Bank,Current,2020-10-26,2026893
PK96-2957976733,F.Bukhari,H#292 St-40 Gulshan-e-Iqbal Karachi,JS Bank,Savings,2021-12-05,2292718
PK43-8227090744,F. Bukhari,"House 292, Street 40, Gulshan-e-Iqbal, Karachi",Askari Bank,Foreign Currency,2020-05-30,2319196
PK21-5643227544,Haji Sana Warraich,مکان 277 گلی 32 Wapda Town لاہور,Allied Bank,Current,2025-08-02,3845881
PK41-8360814629,Chaudhary Sana Warraich,"House 277, Street 32, Wapda Town, Lahore",Askari Bank,Savings,2021-08-25,1272730
PK81-3794516881,S. Warraich,H#277 St-32 WapdaTown Lahore,Askari Bank,Current,2023-07-12,4153442
PK30-1384069343,Rana Sana Warraich,H#277 St-32 WapdaTown Lahore,Allied Bank,Savings,2025-07-25,5093057
PK59-5535095939,Zara Yousafzai,مکان 333 گلی 6 Shah Rukn-e-Alam Multan,Allied Bank,Foreign Currency,2020-02-11,4693961
PK12-9183792622,Z. Yousafzai,"House 333, Street 6, Shah Rukn-e-Alam, Multan",JS Bank,Savings,2018-07-12,5671232
PK87-5838474714,Z.Yousafzai,H#333 St-6 ShahRukn-e-Alam Multan,Bank Alfalah,Savings,2020-10-17,1688363
PK81-7026088817,N.Naqvi,"House No. 88, Gali 12, DHA Phase 6, Karachi",MCB,Savings,2024-06-06,7205815
PK74-4600467310,N. Naqvi,H#88 St-12 DHAPhase6 Karachi,Askari Bank,Savings,2020-09-13,5919128
PK57-3032395662,Haji Nadia Naqvi,مکان 88 گلی 12 DHA Phase 6 کراچی,Askari Bank,Savings,2022-08-22,2415747
PK25-4848186663,Kamran Qureshi,"House 366, Street 6, University Town, Peshawar",Allied Bank,Foreign Currency,2025-10-08,5904258
PK80-7568060460,K.Qureshi,"House No. 366, Gali 6, University Town, Peshawar",JS Bank,Current,2023-11-14,6655749
PK51-6800464213,M.Shirazi,H#159 St-36 Cantt Multan,MCB,Current,2024-06-11,4756196
PK62-9464413132,Mansoor Shirazi,مکان 159 گلی 36 Cantt Multan,UBL,Savings,2021-09-06,4694592
PK57-1978965356,M.Shirazi,H#159 St-36 Cantt Multan,MCB,Current,2024-04-25,2271394
PK29-6035313455,M. Shirazi,مکان 159 گلی 36 Cantt Multan,JS Bank,Foreign Currency,2023-12-25,3450885
PK70-4257830905,Sana Gondal,"House No. 40, Gali 19, Bahria Phase 4, Rawalpindi",UBL,Foreign Currency,2018-04-04,3213586
PK77-1030942134,S. Gondal,"House No. 40, Gali 19, Bahria Phase 4, Rawalpindi",Askari Bank,Current,2025-03-10,7440908
PK94-3040144689,Sana Gondal,مکان 40 گلی 19 Bahria Phase 4 راولپنڈی,Allied Bank,Savings,2020-08-21,1785443
PK16-4336607149,Sana Gondal,H#40 St-19 BahriaPhase4 Rawalpindi,Meezan Bank,Savings,2023-12-06,2118792
PK85-9642220959,Naveed Janjua,"House 192, Street 15, Clifton Block 2, Karachi",Meezan Bank,Current,2021-08-07,4802693
PK78-8688684077,Naveed Janjua,مکان 192 گلی 15 Clifton Block 2 کراچی,Askari Bank,Current,2023-12-22,7956253
PK94-1802936943,Sajid Abbasi,H#1 St-40 ModelTown Lahore,JS Bank,Current,2025-11-07,5851532
PK15-1271421932,Mian Sajid Abbasi,H#1 St-40 ModelTown Lahore,JS Bank,Current,2024-10-12,1990927
PK69-5739635863,Sajid Abbasi,"House 1, Street 40, Model Town, Lahore",HBL,Savings,2020-11-01,3993889
PK91-5458029776,Sajid Abbasi,مکان 1 گلی 40 Model Town لاہور,HBL,Savings,2019-07-31,1307060
PK16-6477334098,Rehan Naqvi,مکان 260 گلی 36 D Ground Faisalabad,MCB,Savings,2019-10-10,5709751
PK68-7292147860,R.Naqvi,H#260 St-36 DGround Faisalabad,Allied Bank,Savings,2018-09-23,5921171
PK38-8986895113,Malik Rehan Naqvi,"House 260, Street 36, D Ground, Faisalabad",Bank Alfalah,Foreign Currency,2025-01-24,3665428
PK94-4212894442,Tooba Qureshi,"House No. 301, Gali 16, D Ground, Faisalabad",JS Bank,Current,2018-07-05,1929975
PK11-1197359635,Tooba قریشی,"House No. 301, Gali 16, D Ground, Faisalabad",Askari Bank,Savings,2021-05-06,3730377
PK58-3273087441,Mian Tooba Qureshi,"House 301, Street 16, D Ground, Faisalabad",Askari Bank,Current,2022-02-25,2033452
PK67-7302177283,T. Qureshi,"House 301, Street 16, D Ground, Faisalabad",UBL,Savings,2023-07-17,4299410
PK38-4637520780,I.Kayani,H#8 St-22 Cantt Multan,UBL,Savings,2019-11-28,7087625
PK80-1072790552,I. Kayani,مکان 8 گلی 22 Cantt Multan,Meezan Bank,Foreign Currency,2019-03-23,2950937
PK74-5334868587,I. Kayani,"House 8, Street 22, Cantt, Multan",Allied Bank,Savings,2025-01-23,7825651
PK18-4834586267,Rana Pervez Yousafzai,H#69 St-31 BahriaPhase4 Rawalpindi,Bank Alfalah,Foreign Currency,2019-06-07,6339295
PK92-3907905201,Pervez Yousafzai,مکان 69 گلی 31 Bahria Phase 4 راولپنڈی,UBL,Savings,2024-05-21,3445013
PK51-1631184224,Syed Pervez Yousafzai,مکان 69 گلی 31 Bahria Phase 4 راولپنڈی,Allied Bank,Savings,2024-07-02,5778361
PK67-4650540698,Sardar Nimra Durrani,"House No. 192, Gali 25, Shah Rukn-e-Alam, Multan",Allied Bank,Current,2019-09-18,1274541
PK13-1985854355,Malik Nimra Durrani,مکان 192 گلی 25 Shah Rukn-e-Alam Multan,Bank Alfalah,Current,2018-06-02,5013266
PK23-9899721104,Zara Naqvi,مکان 154 گلی 18 Westridge راولپنڈی,JS Bank,Current,2018-09-29,1925421
PK29-3585629590,Z.Naqvi,"House 154, Street 18, Westridge, Rawalpindi",Askari Bank,Savings,2019-06-26,3661457
PK13-5356032847,Z. Naqvi,"House 154, Street 18, Westridge, Rawalpindi",Meezan Bank,Foreign Currency,2024-06-11,3812585
PK77-8237478077,Zara Naqvi,مکان 154 گلی 18 Westridge راولپنڈی,Askari Bank,Foreign Currency,2021-01-03,3445812
PK70-7866631220,F.Janjua,مکان 170 گلی 6 Johar Town لاہور,Askari Bank,Savings,2023-07-03,6288086
PK35-7876651925,F. Janjua,مکان 170 گلی 6 Johar Town لاہور,Askari Bank,Foreign Currency,2018-04-15,6351522
PK21-9694268447,F.Janjua,"House 170, Street 6, Johar Town, Lahore",HBL,Savings,2023-08-31,3181083
PK75-5578320514,Sardar Fahad Janjua,مکان 170 گلی 6 Johar Town لاہور,MCB,Foreign Currency,2021-05-09,4713550
PK46-9868507709,بلال Tarar,"House 185, Street 35, Peoples Colony, Faisalabad",HBL,Savings,2025-01-13,7043990
PK55-6493390913,B.Tarar,مکان 185 گلی 35 Peoples Colony Faisalabad,Meezan Bank,Savings,2021-06-13,2297673
PK33-7448133854,Haji Kashif Warraich,"House No. 296, Gali 18, DHA Phase 6, Karachi",Bank Alfalah,Current,2022-11-03,6643234
PK98-4239529754,Kashif Warraich,H#296 St-18 DHAPhase6 Karachi,HBL,Savings,2020-01-30,1203831
PK47-1839988574,Kashif Warraich,"House No. 296, Gali 18, DHA Phase 6, Karachi",Askari Bank,Savings,2020-01-19,7030369
PK26-2191959520,Syed Kamran Shirazi,"House 338, Street 20, DHA Phase 5, Lahore",JS Bank,Savings,2021-12-19,4100287
PK25-9561446693,Syed Kamran Shirazi,"House 338, Street 20, DHA Phase 5, Lahore",UBL,Savings,2024-04-07,4578497
PK47-4825223781,K. Shirazi,مکان 338 گلی 20 DHA Phase 5 لاہور,Bank Alfalah,Foreign Currency,2025-09-28,1452362
PK26-4371517782,Malik Hafsa Siddiqui,"House No. 172, Gali 28, Hayatabad Phase 3, Peshawar",JS Bank,Savings,2021-11-02,6535434
PK31-3139432500,Mian Hafsa Siddiqui,مکان 172 گلی 28 Hayatabad Phase 3 Peshawar,UBL,Savings,2023-01-18,3515607
PK42-3061577217,F.Niazi,مکان 272 گلی 16 F-8/3 اسلام آباد,JS Bank,Savings,2022-11-30,5575073
PK45-6263923933,Chaudhary Fatima Niazi,"House No. 272, Gali 16, F-8/3, Islamabad",JS Bank,Current,2020-07-08,1498573
PK10-6440471081,Fatima Niazi,مکان 272 گلی 16 F-8/3 اسلام آباد,UBL,Current,2023-02-23,4168562
PK83-1346293173,فاطمہ Niazi,"House No. 272, Gali 16, F-8/3, Islamabad",Meezan Bank,Savings,2018-12-16,1305757
PK17-4918514687,A.Naqvi,"House 235, Street 6, Gulshan-e-Iqbal, Karachi",MCB,Savings,2020-01-14,4062417
PK65-5608617033,Chaudhary Ayesha Naqvi,"House No. 235, Gali 6, Gulshan-e-Iqbal, Karachi",MCB,Current,2021-12-02,6349778
PK79-9392502018,عائشہ Naqvi,"House No. 235, Gali 6, Gulshan-e-Iqbal, Karachi",MCB,Savings,2025-08-20,5035324
PK90-9434613594,Nasir Yousafzai,H#175 St-12 BahriaPhase4 Rawalpindi,Askari Bank,Savings,2021-01-16,5176039
PK77-3961363655,Syed Nasir Yousafzai,مکان 175 گلی 12 Bahria Phase 4 راولپنڈی,HBL,Foreign Currency,2024-06-17,7548399
PK14-4015364497,N. Yousafzai,H#175 St-12 BahriaPhase4 Rawalpindi,JS Bank,Current,2018-11-06,4661414
PK76-2029941579,Nasir Yousafzai,مکان 175 گلی 12 Bahria Phase 4 راولپنڈی,UBL,Current,2025-01-26,6185897
PK37-2835599313,M.Sial,"House 250, Street 21, Gulbahar, Peshawar",Bank Alfalah,Current,2020-09-02,3681913
PK54-6866413169,Mustafa Sial,"House 250, Street 21, Gulbahar, Peshawar",Meezan Bank,Current,2025-03-06,2372792
PK49-4728618947,Mustafa Sial,"House 250, Street 21, Gulbahar, Peshawar",HBL,Current,2018-08-09,4687905
PK29-7881075496,Laiba Malik,"House 54, Street 5, Gulberg III, Lahore",Allied Bank,Savings,2020-11-11,5986954
PK88-8453551521,Syed Laiba Malik,مکان 54 گلی 5 Gulberg III لاہور,Meezan Bank,Savings,2018-01-30,3067565
PK80-7077455583,Laiba ملک,"House No. 54, Gali 5, Gulberg III, Lahore",UBL,Foreign Currency,2025-11-13,4644126
PK98-1272824640,Laiba Khattak,"House 20, Street 12, North Nazimabad, Karachi",JS Bank,Savings,2020-02-19,7468663
PK93-9930254982,L. Khattak,"House No. 20, Gali 12, North Nazimabad, Karachi",Allied Bank,Foreign Currency,2019-11-28,7392201
PK31-4410906219,Sardar Laiba Khattak,"House 20, Street 12, North Nazimabad, Karachi",Meezan Bank,Savings,2021-02-07,5043751
PK41-8873588732,Laiba Khattak,H#20 St-12 NorthNazimabad Karachi,Askari Bank,Savings,2024-12-19,6989637
PK21-3273365703,A. Orakzai,مکان 121 گلی 1 Gulshan-e-Iqbal کراچی,UBL,Current,2018-06-03,1301742
PK69-4737580050,Asad Orakzai,مکان 121 گلی 1 Gulshan-e-Iqbal کراچی,MCB,Savings,2020-04-30,6830013
PK49-9993678736,Malik Tariq Cheema,"House No. 24, Gali 38, E-11/2, Islamabad",JS Bank,Current,2025-08-29,7546115
PK42-8360785721,Tariq Cheema,"House 24, Street 38, E-11/2, Islamabad",MCB,Current,2022-02-15,3996224
PK18-2364990763,Sardar Khadija Orakzai,"House 365, Street 36, Madina Town, Faisalabad",Meezan Bank,Savings,2021-08-27,1297690
PK45-7312275269,Khadija Orakzai,"House 365, Street 36, Madina Town, Faisalabad",JS Bank,Savings,2018-09-12,3747567
PK45-9908810364,K.Orakzai,"House No. 365, Gali 36, Madina Town, Faisalabad",Allied Bank,Savings,2018-08-12,4550835
PK90-1972498880,Rana Yousuf Tareen,مکان 184 گلی 29 Peoples Colony Faisalabad,Allied Bank,Foreign Currency,2024-05-29,6591441
PK30-7451439807,Mian Yousuf Tareen,"House No. 184, Gali 29, Peoples Colony, Faisalabad",Askari Bank,Savings,2025-10-19,4833138
PK56-8337702348,Y.Tareen,"House No. 184, Gali 29, Peoples Colony, Faisalabad",Allied Bank,Current,2023-11-30,6269877
PK45-3968155357,K. Mughal,مکان 70 گلی 26 Peoples Colony Faisalabad,JS Bank,Foreign Currency,2018-05-09,6564549
PK57-8127776437,Kashif Mughal,"House No. 70, Gali 26, Peoples Colony, Faisalabad",UBL,Current,2025-05-31,2688345
PK33-8562033556,K.Mughal,مکان 70 گلی 26 Peoples Colony Faisalabad,MCB,Foreign Currency,2025-09-04,2112642
PK24-1727370040,Atif چوہدری,"House 102, Street 38, DHA Phase 5, Lahore",UBL,Foreign Currency,2019-09-17,5932321
PK45-7078217409,Atif Chaudhry,H#102 St-38 DHAPhase5 Lahore,JS Bank,Current,2021-01-05,1849503
PK41-5432094874,Atif Chaudhry,"House No. 102, Gali 38, DHA Phase 5, Lahore",UBL,Foreign Currency,2023-08-30,6853337
PK69-2955904332,Arsalan Yousafzai,مکان 163 گلی 32 F-8/3 اسلام آباد,UBL,Savings,2019-12-04,7914796
PK76-4243440131,A. Yousafzai,"House 163, Street 32, F-8/3, Islamabad",Meezan Bank,Foreign Currency,2021-11-30,2669248
PK20-8551937229,Arsalan Yousafzai,H#163 St-32 F-8/3 Islamabad,UBL,Savings,2020-06-25,5037435
PK90-8367109543,L. Khokhar,"House No. 397, Gali 20, Gulshan-e-Iqbal, Karachi",JS Bank,Current,2019-05-17,6458326
PK30-1713986052,L.Khokhar,H#397 St-20 Gulshan-e-Iqbal Karachi,Bank Alfalah,Savings,2024-05-29,4071252
PK26-5528680571,Luqman Khokhar,"House No. 397, Gali 20, Gulshan-e-Iqbal, Karachi",Meezan Bank,Foreign Currency,2025-04-17,3791591
PK29-3638085248,U.Mughal,"House No. 12, Gali 16, Shah Rukn-e-Alam, Multan",Allied Bank,Current,2020-09-28,4474115
PK94-8003520028,U.Mughal,"House No. 12, Gali 16, Shah Rukn-e-Alam, Multan",HBL,Savings,2020-11-24,5013949
PK52-3097059943,M. Mughal,مکان 265 گلی 26 Johar Town لاہور,JS Bank,Foreign Currency,2024-10-26,6874037
PK60-3905165406,M. Mughal,"House No. 265, Gali 26, Johar Town, Lahore",Allied Bank,Savings,2018-01-24,5968150
PK89-8454614727,Mustafa Mughal,"House 265, Street 26, Johar Town, Lahore",Allied Bank,Foreign Currency,2019-09-07,5337721
PK32-2141481710,Fatima Malik,مکان 77 گلی 39 Westridge راولپنڈی,HBL,Savings,2018-04-16,6324848
PK84-6862900125,F.Malik,"House 77, Street 39, Westridge, Rawalpindi",HBL,Foreign Currency,2021-11-27,6692558
PK54-4632921163,F.Malik,مکان 77 گلی 39 Westridge راولپنڈی,Meezan Bank,Foreign Currency,2023-03-15,2780349
PK12-2108602437,Mian Luqman Raja,"House 279, Street 27, Wapda Town, Lahore",JS Bank,Savings,2021-09-07,7237283
PK12-6405894826,Luqman راجہ,"House No. 279, Gali 27, Wapda Town, Lahore",Allied Bank,Foreign Currency,2019-03-28,6012473
PK75-2509297213,Luqman راجہ,H#279 St-27 WapdaTown Lahore,Bank Alfalah,Current,2024-11-19,4537594
PK87-4833558590,Tooba Rajput,مکان 46 گلی 5 Madina Town Faisalabad,Askari Bank,Current,2024-11-04,4906656
PK53-2504624727,Tooba Rajput,مکان 46 گلی 5 Madina Town Faisalabad,Allied Bank,Current,2024-12-04,3763522
PK38-8306956578,Tooba Rajput,H#46 St-5 MadinaTown Faisalabad,UBL,Foreign Currency,2019-02-03,7221652
PK11-3091796213,S.Siddiqui,H#236 St-21 Gulgasht Multan,Allied Bank,Savings,2025-02-13,2078646
PK26-1677883609,Sana Siddiqui,"House No. 236, Gali 21, Gulgasht, Multan",UBL,Foreign Currency,2019-04-01,6029923
PK19-7076173899,Sardar Sana Siddiqui,مکان 236 گلی 21 Gulgasht Multan,JS Bank,Current,2021-03-25,1877486
PK41-5330005762,Sana Siddiqui,"House 236, Street 21, Gulgasht, Multan",Bank Alfalah,Savings,2018-12-12,1448123
PK77-2395022978,Zainab Raja,"House No. 238, Gali 10, Gulshan-e-Iqbal, Karachi",Allied Bank,Foreign Currency,2018-06-04,5018054
PK36-3835969337,Z. Raja,H#238 St-10 Gulshan-e-Iqbal Karachi,JS Bank,Savings,2024-06-16,2483223
PK40-3324714370,Noor Awan,"House No. 327, Gali 30, DHA Phase 5, Lahore",UBL,Savings,2025-03-03,1540206
PK93-1845528776,Noor Awan,"House 327, Street 30, DHA Phase 5, Lahore",JS Bank,Savings,2025-10-04,2986181
PK42-5077010335,Noor Awan,مکان 327 گلی 30 DHA Phase 5 لاہور,JS Bank,Foreign Currency,2018-04-27,7288733
PK49-8083775973,Noor Awan,مکان 327 گلی 30 DHA Phase 5 لاہور,Allied Bank,Savings,2024-10-01,1261663
PK53-7036718565,Mian Fahad Yousafzai,H#127 St-16 Gulgasht Multan,Askari Bank,Savings,2020-01-01,6334439
PK18-9032906355,Fahad Yousafzai,مکان 127 گلی 16 Gulgasht Multan,HBL,Savings,2020-09-23,6442234
PK67-1891807369,J. Wazir,مکان 188 گلی 23 North Nazimabad کراچی,UBL,Savings,2020-09-18,7380321
PK76-9113145274,J. Wazir,H#188 St-23 NorthNazimabad Karachi,Askari Bank,Savings,2022-05-28,7259284
PK79-9886647500,Syed Javeria Wazir,"House No. 188, Gali 23, North Nazimabad, Karachi",Askari Bank,Savings,2023-06-17,6377403
PK54-4465496192,L.Gill,"House 320, Street 10, Madina Town, Faisalabad",UBL,Savings,2020-12-26,6696892
PK51-4144962981,L. Gill,"House No. 320, Gali 10, Madina Town, Faisalabad",Bank Alfalah,Current,2024-02-27,5193420
PK41-5440990338,Laiba Gill,H#320 St-10 MadinaTown Faisalabad,JS Bank,Savings,2020-03-20,5567287
PK83-3330621485,Sardar Laiba Gill,مکان 320 گلی 10 Madina Town Faisalabad,Allied Bank,Savings,2021-01-10,6285855
PK11-6410545689,Bilal Butt,مکان 171 گلی 32 Chaklala Scheme 3 راولپنڈی,UBL,Savings,2022-04-10,3712584
PK49-1808753425,بلال بٹ,"House No. 171, Gali 32, Chaklala Scheme 3, Rawalpindi",UBL,Savings,2018-09-04,4924155
PK63-6238842995,بلال بٹ,"House No. 171, Gali 32, Chaklala Scheme 3, Rawalpindi",JS Bank,Savings,2022-04-08,7778443
PK53-3297155154,Zubair Saddozai,H#369 St-21 UniversityTown Peshawar,Meezan Bank,Current,2023-01-22,6591709
PK94-2357718918,Syed Zubair Saddozai,"House 369, Street 21, University Town, Peshawar",Allied Bank,Foreign Currency,2024-11-25,3833385
PK73-5332354695,Z. Saddozai,مکان 369 گلی 21 University Town Peshawar,UBL,Current,2023-07-20,6496167
PK82-6913745516,Zubair Saddozai,"House No. 369, Gali 21, University Town, Peshawar",JS Bank,Foreign Currency,2021-05-13,5008195
PK17-6109484257,Javeria Chaudhry,H#16 St-22 ChaklalaScheme3 Rawalpindi,UBL,Savings,2022-02-10,1244737
PK75-4991129246,Javeria چوہدری,مکان 16 گلی 22 Chaklala Scheme 3 راولپنڈی,UBL,Current,2019-03-22,6123536
PK53-4676692250,Khalid Mehsud,H#350 St-3 WapdaTown Lahore,HBL,Current,2023-01-19,2601934
PK99-4439788340,Khalid Mehsud,H#350 St-3 WapdaTown Lahore,Meezan Bank,Foreign Currency,2022-04-25,1281924
PK25-2358373963,Chaudhary Khalid Mehsud,مکان 350 گلی 3 Wapda Town لاہور,HBL,Savings,2022-11-24,1385527
PK87-4316343972,Haji Ubaid Shirazi,H#307 St-8 Cantt Multan,HBL,Current,2022-10-24,2949251
PK54-4905682428,U. Shirazi,"House No. 307, Gali 8, Cantt, Multan",Allied Bank,Savings,2018-04-29,3114196
PK98-9286724287,I. Khattak,"House 317, Street 3, E-11/2, Islamabad",Allied Bank,Current,2024-02-16,7645029
PK83-8867690911,Mian Irfan Khattak,"House 317, Street 3, E-11/2, Islamabad",Bank Alfalah,Current,2019-05-02,1700383
PK43-1950258872,Irfan Khattak,"House 317, Street 3, E-11/2, Islamabad",Bank Alfalah,Foreign Currency,2025-05-02,1757502
PK82-4451219063,Irfan Khattak,H#317 St-3 E-11/2 Islamabad,HBL,Savings,2020-05-30,5082544
PK85-3381594196,Chaudhary Irfan Janjua,H#304 St-38 ShahRukn-e-Alam Multan,UBL,Savings,2025-08-28,1744454
PK14-3813033836,Irfan Janjua,H#304 St-38 ShahRukn-e-Alam Multan,Bank Alfalah,Savings,2023-03-01,7424493
PK90-6587675663,Rana Irfan Janjua,مکان 304 گلی 38 Shah Rukn-e-Alam Multan,Askari Bank,Current,2024-01-12,6184184
PK75-9487839698,S.Hashmi,H#382 St-24 G-13/1 Islamabad,JS Bank,Current,2025-09-17,1377609
PK83-7651780149,Salman Hashmi,"House No. 382, Gali 24, G-13/1, Islamabad",Bank Alfalah,Current,2019-11-30,7854245
PK80-2194832885,Salman Hashmi,"House 382, Street 24, G-13/1, Islamabad",Bank Alfalah,Savings,2021-02-11,7796165
PK70-1641758785,S. Hashmi,مکان 382 گلی 24 G-13/1 اسلام آباد,Meezan Bank,Current,2018-11-14,3730877
PK37-1457723482,Ibrahim Mehsud,مکان 196 گلی 39 F-8/3 اسلام آباد,Meezan Bank,Savings,2019-06-21,1685365
PK26-3821573761,I. Mehsud,"House No. 196, Gali 39, F-8/3, Islamabad",Allied Bank,Foreign Currency,2021-04-22,5329779
PK93-2037353045,F.Warraich,"House No. 264, Gali 30, Wapda Town, Lahore",Allied Bank,Savings,2019-01-26,5457621
PK19-8788144892,Fahad Warraich,مکان 264 گلی 30 Wapda Town لاہور,HBL,Savings,2018-02-01,4937558
PK38-1524066298,Kinza Sandhu,"House 47, Street 26, Gulgasht, Multan",UBL,Foreign Currency,2023-03-06,4221880
PK74-2305357418,Kinza Sandhu,"House No. 47, Gali 26, Gulgasht, Multan",Bank Alfalah,Savings,2018-11-11,5568233
PK61-3843060597,Kinza Sandhu,"House 47, Street 26, Gulgasht, Multan",Meezan Bank,Current,2023-07-19,7651978
PK52-5999802686,Kinza Sandhu,"House 47, Street 26, Gulgasht, Multan",Bank Alfalah,Current,2022-01-12,5468025
PK11-4065338453,Hassan Khattak,H#379 St-4 PeoplesColony Faisalabad,Askari Bank,Savings,2024-04-13,3631336
PK13-8054403927,Hassan Khattak,مکان 379 گلی 4 Peoples Colony Faisalabad,UBL,Foreign Currency,2018-11-25,5146410
PK32-1437794910,Chaudhary Hassan Khattak,H#379 St-4 PeoplesColony Faisalabad,MCB,Current,2024-01-16,7126029
PK61-7490463364,حسن Khattak,H#379 St-4 PeoplesColony Faisalabad,Meezan Bank,Savings,2024-04-07,5674568
PK87-9096629738,A.Durrani,H#378 St-21 Gulbahar Peshawar,MCB,Current,2020-02-03,2301342
PK94-2681756746,Amna Durrani,"House No. 378, Gali 21, Gulbahar, Peshawar",Meezan Bank,Foreign Currency,2021-11-10,5194813
PK66-3978145866,S. Chaudhry,"House No. 243, Gali 8, Model Town, Lahore",MCB,Current,2018-10-13,4876624
PK19-3932895528,S.Chaudhry,"House 243, Street 8, Model Town, Lahore",Bank Alfalah,Foreign Currency,2018-11-03,1327459
PK76-7475561817,Mian Mustafa Dar,"House No. 342, Gali 31, DHA Phase 5, Lahore",MCB,Current,2020-06-16,1262081
PK95-9689867419,Mustafa Dar,مکان 342 گلی 31 DHA Phase 5 لاہور,Bank Alfalah,Savings,2023-02-12,7351917
PK39-3905904605,M. Dar,"House No. 342, Gali 31, DHA Phase 5, Lahore",Meezan Bank,Savings,2019-02-23,7757731
PK94-5674465049,Nasir Niazi,"House No. 286, Gali 4, Bahria Phase 4, Rawalpindi",Meezan Bank,Foreign Currency,2018-03-11,7156009
PK12-2231257671,N.Niazi,مکان 286 گلی 4 Bahria Phase 4 راولپنڈی,Bank Alfalah,Savings,2021-07-11,2027063
PK12-8566420921,Nasir Niazi,مکان 286 گلی 4 Bahria Phase 4 راولپنڈی,UBL,Savings,2019-07-12,7918084
PK22-7829744547,Malik Lubna Sandhu,H#363 St-29 ChaklalaScheme3 Rawalpindi,MCB,Foreign Currency,2018-09-18,7386957
PK94-3189320383,L. Sandhu,مکان 363 گلی 29 Chaklala Scheme 3 راولپنڈی,UBL,Current,2024-01-16,3467665
PK10-7763006948,Lubna Sandhu,"House 363, Street 29, Chaklala Scheme 3, Rawalpindi",Askari Bank,Current,2021-05-06,6670156
PK22-2153299373,Chaudhary Lubna Sandhu,"House No. 363, Gali 29, Chaklala Scheme 3, Rawalpindi",HBL,Current,2024-12-02,1807683
PK77-7365845194,Adnan بٹ,"House 377, Street 18, Shah Rukn-e-Alam, Multan",MCB,Foreign Currency,2019-09-08,5918218
PK43-3835054381,A.Butt,مکان 377 گلی 18 Shah Rukn-e-Alam Multan,Meezan Bank,Current,2020-12-26,7586985
PK81-6897165879,Adnan بٹ,"House 377, Street 18, Shah Rukn-e-Alam, Multan",Bank Alfalah,Foreign Currency,2021-03-28,5149622
PK25-9426374799,I. Cheema,"House 171, Street 34, Hayatabad Phase 3, Peshawar",Allied Bank,Current,2021-01-09,7009715
PK54-6868696590,Ibrahim Cheema,مکان 171 گلی 34 Hayatabad Phase 3 Peshawar,Meezan Bank,Savings,2023-05-13,1438244
PK20-6297927814,Chaudhary Babar Qureshi,"House 287, Street 4, Cantt, Multan",JS Bank,Savings,2025-06-24,5434474
PK16-7881997750,B.Qureshi,H#287 St-4 Cantt Multan,JS Bank,Current,2023-03-01,6596701
PK81-3493657419,Shahzad Wazir,"House No. 233, Gali 25, Peoples Colony, Faisalabad",Askari Bank,Savings,2019-02-14,6620777
PK91-1747171966,Haji Shahzad Wazir,"House 233, Street 25, Peoples Colony, Faisalabad",UBL,Foreign Currency,2022-02-22,2766935
PK72-8357785619,M.Awan,H#256 St-23 DHAPhase5 Lahore,HBL,Savings,2021-07-28,6573735
PK99-2829864200,Sardar Mansoor Awan,"House No. 256, Gali 23, DHA Phase 5, Lahore",HBL,Foreign Currency,2023-07-01,3480345
PK87-1003522194,M.Awan,مکان 256 گلی 23 DHA Phase 5 لاہور,UBL,Savings,2025-06-01,6065257
PK46-7701688471,Chaudhary Mahnoor Hashmi,H#27 St-10 F-8/3 Islamabad,JS Bank,Savings,2021-12-09,2116226
PK80-3939776686,Mahnoor Hashmi,"House No. 27, Gali 10, F-8/3, Islamabad",UBL,Current,2019-08-29,5489563
PK63-8100251673,Mahnoor Hashmi,"House 27, Street 10, F-8/3, Islamabad",MCB,Savings,2022-04-09,2254708
PK46-2000042441,M. Hashmi,H#27 St-10 F-8/3 Islamabad,Bank Alfalah,Savings,2024-01-29,2689476
PK17-3847328500,Rana Rashid Cheema,"House No. 101, Gali 10, Westridge, Rawalpindi",Bank Alfalah,Foreign Currency,2019-06-24,6186124
PK57-8605276353,Rashid Cheema,H#101 St-10 Westridge Rawalpindi,Askari Bank,Savings,2025-11-30,2446227
PK27-9463267823,Sardar Rashid Cheema,"House No. 101, Gali 10, Westridge, Rawalpindi",JS Bank,Foreign Currency,2023-04-14,5091759
PK65-2733404423,I. Bukhari,مکان 7 گلی 8 Cantt Multan,MCB,Savings,2023-09-16,6481927
PK30-1229041868,Haji Imran Bukhari,"House 7, Street 8, Cantt, Multan",Meezan Bank,Savings,2020-08-15,6498016
PK32-4993208225,عمران Bukhari,مکان 7 گلی 8 Cantt Multan,Allied Bank,Foreign Currency,2019-03-18,3257257
PK70-9389317713,Madiha Cheema,"House No. 295, Gali 39, Hayatabad Phase 3, Peshawar",JS Bank,Savings,2018-12-26,1985240
PK90-6512480608,M. Cheema,"House No. 295, Gali 39, Hayatabad Phase 3, Peshawar",Meezan Bank,Current,2018-09-02,1469902
PK87-4027041167,حسین Awan,"House 150, Street 10, North Nazimabad, Karachi",Askari Bank,Savings,2021-08-09,3195544
PK24-8708286862,حسین Awan,مکان 150 گلی 10 North Nazimabad کراچی,Askari Bank,Foreign Currency,2022-07-08,6875828
PK51-2021446840,Hussain Awan,"House No. 150, Gali 10, North Nazimabad, Karachi",Askari Bank,Current,2021-05-07,3905302
PK99-8215235763,Mian Hussain Awan,مکان 150 گلی 10 North Nazimabad کراچی,JS Bank,Savings,2020-07-18,6603094
PK24-2427579847,Chaudhary Sufyan Lodhi,"House 49, Street 38, Gulgasht, Multan",Meezan Bank,Current,2020-07-03,3432812
PK97-6202052503,Sufyan Lodhi,"House 49, Street 38, Gulgasht, Multan",Meezan Bank,Current,2024-01-26,7887289
PK46-1153236888,H.Virk,"House No. 127, Gali 5, G-13/1, Islamabad",UBL,Foreign Currency,2023-10-13,2133078
PK98-9223071725,Hina Virk,H#127 St-5 G-13/1 Islamabad,JS Bank,Foreign Currency,2018-03-22,4082401
PK39-4145036450,Sardar Hina Virk,H#127 St-5 G-13/1 Islamabad,UBL,Current,2018-03-03,3725656
PK33-3539678738,H.Virk,"House 127, Street 5, G-13/1, Islamabad",Meezan Bank,Savings,2022-03-03,1968914
PK10-9493967142,Malik Iqra Afridi,"House No. 374, Gali 16, G-10/2, Islamabad",Meezan Bank,Savings,2024-03-10,6476297
PK16-7199627373,Iqra Afridi,مکان 374 گلی 16 G-10/2 اسلام آباد,UBL,Current,2019-09-13,2440349
PK12-5967181916,I. Afridi,مکان 374 گلی 16 G-10/2 اسلام آباد,Askari Bank,Savings,2025-07-06,1933742
PK23-9052521302,Mian Nadeem Yousafzai,"House 27, Street 25, Satellite Town, Rawalpindi",HBL,Savings,2019-11-15,6693152
PK68-2160145200,Nadeem Yousafzai,مکان 27 گلی 25 Satellite Town راولپنڈی,Askari Bank,Savings,2018-12-03,6425017
PK39-3590597749,Pervez Tarar,H#25 St-12 ChaklalaScheme3 Rawalpindi,Allied Bank,Savings,2019-09-22,7660557
PK95-3031710135,Pervez Tarar,H#25 St-12 ChaklalaScheme3 Rawalpindi,MCB,Savings,2025-07-21,1750214
PK43-2771290222,Pervez Tarar,مکان 25 گلی 12 Chaklala Scheme 3 راولپنڈی,Meezan Bank,Savings,2023-03-08,7535023
PK68-9827047368,T.Sandhu,مکان 108 گلی 38 Chaklala Scheme 3 راولپنڈی,JS Bank,Current,2018-12-21,1531911
PK47-3114014869,T.Sandhu,H#108 St-38 ChaklalaScheme3 Rawalpindi,HBL,Savings,2019-03-21,7239712
PK40-2304563652,Tariq Sandhu,مکان 108 گلی 38 Chaklala Scheme 3 راولپنڈی,MCB,Foreign Currency,2024-12-01,6575052
PK70-1520725270,Amna Bukhari,مکان 99 گلی 29 Cantt Multan,JS Bank,Savings,2021-09-26,4209780
PK20-2769994246,A.Bukhari,"House 99, Street 29, Cantt, Multan",Meezan Bank,Savings,2023-01-31,5083304
PK21-7842665395,S. Gill,"House 329, Street 35, North Nazimabad, Karachi",UBL,Savings,2019-06-11,3117642
PK17-5914321387,S.Gill,"House No. 329, Gali 35, North Nazimabad, Karachi",Meezan Bank,Foreign Currency,2018-11-19,5320359
PK50-2515047386,Mian Salman Gill,H#329 St-35 NorthNazimabad Karachi,Allied Bank,Current,2024-12-06,4585418
PK16-9668738438,Rana Salman Gill,مکان 329 گلی 35 North Nazimabad کراچی,Meezan Bank,Current,2019-05-05,1858412
PK15-9909958626,M.Sial,H#28 St-14 DHAPhase6 Karachi,MCB,Current,2023-12-10,2564760
PK39-3529518295,M. Sial,"House 28, Street 14, DHA Phase 6, Karachi",HBL,Savings,2018-01-01,6379927
PK62-7096104860,عائشہ Mughal,"House 182, Street 37, Shah Rukn-e-Alam, Multan",Allied Bank,Savings,2025-06-18,4788816
PK27-8659172269,A.Mughal,H#182 St-37 ShahRukn-e-Alam Multan,Bank Alfalah,Savings,2025-03-16,5125402
PK70-1616631352,Ayesha Mughal,"House 182, Street 37, Shah Rukn-e-Alam, Multan",Askari Bank,Current,2022-04-24,4542836
PK84-2174107923,Ayesha Mughal,مکان 182 گلی 37 Shah Rukn-e-Alam Multan,Bank Alfalah,Savings,2025-05-08,4637886
PK76-7078914221,Owais Bhatti,"House No. 48, Gali 2, Satellite Town, Rawalpindi",HBL,Savings,2023-01-08,5298648
PK20-6807710202,Rana Owais Bhatti,مکان 48 گلی 2 Satellite Town راولپنڈی,Allied Bank,Savings,2019-04-29,4913679
PK10-7239683957,حسن Siddiqui,مکان 39 گلی 17 I-8/4 اسلام آباد,Bank Alfalah,Foreign Currency,2021-11-30,7226667
PK85-1699054329,Hassan Siddiqui,"House No. 39, Gali 17, I-8/4, Islamabad",JS Bank,Savings,2023-12-26,2168748
PK81-2645440565,حسن Siddiqui,H#39 St-17 I-8/4 Islamabad,Allied Bank,Savings,2024-04-19,2264362
PK22-7496111551,H. Siddiqui,H#39 St-17 I-8/4 Islamabad,Meezan Bank,Savings,2024-04-02,6472859
PK77-2763247686,Z.Wazir,"House No. 165, Gali 31, Gulshan-e-Iqbal, Karachi",MCB,Current,2019-03-14,3438389
PK28-5994226072,Zeeshan Wazir,"House No. 165, Gali 31, Gulshan-e-Iqbal, Karachi",UBL,Savings,2025-01-11,3690561
PK16-5373698287,H. Rizvi,"House 130, Street 24, Model Town, Lahore",Meezan Bank,Savings,2021-06-28,6912583
PK47-9379056142,Hina Rizvi,مکان 130 گلی 24 Model Town لاہور,MCB,Savings,2024-04-11,6369207
PK21-7058206070,Hina Rizvi,"House No. 130, Gali 24, Model Town, Lahore",Bank Alfalah,Savings,2025-11-19,5728877
PK72-9845221881,Mian Hina Rizvi,"House No. 130, Gali 24, Model Town, Lahore",HBL,Foreign Currency,2021-04-15,5235812
PK57-7927198515,Mian Hina Mehsud,"House No. 270, Gali 12, Madina Town, Faisalabad",Bank Alfalah,Savings,2018-03-07,3588148
PK61-8664613223,H. Mehsud,"House No. 270, Gali 12, Madina Town, Faisalabad",Askari Bank,Savings,2019-02-14,4006843
PK26-1683211373,N.Gondal,مکان 80 گلی 20 Gulgasht Multan,Askari Bank,Savings,2021-03-30,7364916
PK32-7366206655,N.Gondal,"House No. 80, Gali 20, Gulgasht, Multan",HBL,Savings,2025-02-05,5751574
PK65-9426307885,Nasir Gondal,"House 80, Street 20, Gulgasht, Multan",Bank Alfalah,Foreign Currency,2020-05-28,6417543
PK22-1621084947,R. Baig,H#149 St-19 NorthNazimabad Karachi,HBL,Current,2025-07-07,4203651
PK21-7903108846,Rauf Baig,"House 149, Street 19, North Nazimabad, Karachi",Meezan Bank,Foreign Currency,2022-04-10,6820215
PK90-5070844941,Rauf Baig,مکان 149 گلی 19 North Nazimabad کراچی,Askari Bank,Savings,2025-05-20,3848380
PK90-3073832654,R. Baig,مکان 149 گلی 19 North Nazimabad کراچی,Askari Bank,Foreign Currency,2019-06-20,7089863
PK78-8313723401,Haji Mansoor Chaudhry,"House No. 279, Gali 14, I-8/4, Islamabad",MCB,Savings,2024-01-10,3212491
PK16-7951265211,Sardar Mansoor Chaudhry,H#279 St-14 I-8/4 Islamabad,Meezan Bank,Savings,2019-11-30,5002068
PK73-1565330711,Mansoor چوہدری,مکان 279 گلی 14 I-8/4 اسلام آباد,JS Bank,Savings,2022-07-07,1966733
PK35-6220120059,Mansoor چوہدری,"House 279, Street 14, I-8/4, Islamabad",HBL,Current,2021-01-11,5829047
PK19-5583381850,Uzma Kazmi,H#105 St-21 F-8/3 Islamabad,JS Bank,Savings,2024-08-02,4615940
PK70-6813075464,Uzma Kazmi,مکان 105 گلی 21 F-8/3 اسلام آباد,Askari Bank,Savings,2023-12-17,6792475
PK52-6325856077,U.Kazmi,"House No. 105, Gali 21, F-8/3, Islamabad",Allied Bank,Savings,2023-10-12,4536859
PK21-4464724800,Malik Uzma Kazmi,"House No. 105, Gali 21, F-8/3, Islamabad",Allied Bank,Current,2025-03-25,5233691
PK34-9343897627,K. Malik,مکان 185 گلی 22 Wapda Town لاہور,JS Bank,Foreign Currency,2021-08-29,4818135
PK80-6611580481,Syed Khadija Malik,مکان 185 گلی 22 Wapda Town لاہور,Meezan Bank,Current,2024-04-13,7609670
PK36-1356888884,E. Tareen,H#241 St-7 DGround Faisalabad,Askari Bank,Foreign Currency,2023-12-26,2505617
PK24-6197049360,Ehsan Tareen,"House No. 241, Gali 7, D Ground, Faisalabad",HBL,Savings,2018-07-04,6650685
PK71-9998012633,Ehsan Tareen,"House 241, Street 7, D Ground, Faisalabad",Meezan Bank,Savings,2025-06-22,4038995
PK57-4886869983,Syed Atif Bukhari,"House No. 56, Gali 3, D Ground, Faisalabad",Bank Alfalah,Foreign Currency,2022-01-25,6261903
PK48-3438984790,Atif Bukhari,"House 56, Street 3, D Ground, Faisalabad",Bank Alfalah,Foreign Currency,2021-07-11,4770989
PK88-6009789645,A. Bukhari,H#56 St-3 DGround Faisalabad,JS Bank,Foreign Currency,2023-07-04,3173566
PK42-7629863810,U. Sandhu,"House No. 233, Gali 25, Gulgasht, Multan",Allied Bank,Foreign Currency,2020-05-22,6831489
PK98-5352407908,Sardar Umar Sandhu,"House No. 233, Gali 25, Gulgasht, Multan",UBL,Current,2022-10-07,6641481
PK43-5442031846,Umar Sandhu,"House No. 233, Gali 25, Gulgasht, Multan",Askari Bank,Current,2018-10-20,4468036
PK28-3798663684,F. Kayani,"House 324, Street 38, Madina Town, Faisalabad",Askari Bank,Foreign Currency,2019-07-07,5998656
PK18-9286879876,Faisal Kayani,مکان 324 گلی 38 Madina Town Faisalabad,Bank Alfalah,Foreign Currency,2024-01-09,5214245
PK10-2599327392,F.Kayani,مکان 324 گلی 38 Madina Town Faisalabad,HBL,Savings,2021-06-28,3327086
PK73-4105571794,S.Abbasi,"House No. 43, Gali 7, Gulbahar, Peshawar",Allied Bank,Foreign Currency,2018-09-09,4150069
PK39-9053716169,Rana Sadia Abbasi,مکان 43 گلی 7 Gulbahar Peshawar,MCB,Current,2024-06-15,6456372
PK37-9460651102,S.Abbasi,"House No. 43, Gali 7, Gulbahar, Peshawar",MCB,Foreign Currency,2019-09-22,4571608
PK23-5043722326,Malik Sadia Abbasi,مکان 43 گلی 7 Gulbahar Peshawar,HBL,Current,2018-04-29,1504341
PK40-9173290600,Mansoor Durrani,"House 320, Street 26, Gulberg III, Lahore",Allied Bank,Savings,2021-08-16,2249395
PK22-9222098406,Mansoor Durrani,"House 320, Street 26, Gulberg III, Lahore",Askari Bank,Savings,2023-05-01,5328303
PK39-8308579422,Mansoor Durrani,مکان 320 گلی 26 Gulberg III لاہور,JS Bank,Foreign Currency,2020-04-07,3654989
PK65-9608757528,Uzma Khan,H#18 St-18 MadinaTown Faisalabad,Askari Bank,Current,2018-06-25,4415908
PK53-4301508211,Syed Uzma Khan,"House 18, Street 18, Madina Town, Faisalabad",Askari Bank,Current,2019-06-06,6729562
PK76-3571963210,Z. Malik,مکان 242 گلی 39 Gulbahar Peshawar,MCB,Current,2020-03-11,7372140
PK93-7516777230,Syed Zara Malik,H#242 St-39 Gulbahar Peshawar,HBL,Foreign Currency,2021-08-15,7505570
PK85-4854634977,Zara Malik,H#242 St-39 Gulbahar Peshawar,Allied Bank,Current,2019-06-09,3914666
PK70-5095142916,Zara Malik,مکان 242 گلی 39 Gulbahar Peshawar,Bank Alfalah,Savings,2024-04-18,4726119
PK77-6817874406,Iqra Khokhar,مکان 47 گلی 12 G-10/2 اسلام آباد,HBL,Foreign Currency,2019-04-10,5941858
PK69-7892457190,I.Khokhar,"House No. 47, Gali 12, G-10/2, Islamabad",JS Bank,Current,2023-01-12,3548686
PK19-5360013309,I.Khokhar,"House No. 47, Gali 12, G-10/2, Islamabad",UBL,Current,2025-10-29,6187481
PK60-4296742496,Iqra Khokhar,"House 47, Street 12, G-10/2, Islamabad",MCB,Savings,2018-02-01,4775333
PK93-3936613540,T.Shirazi,H#189 St-24 BahriaPhase4 Rawalpindi,JS Bank,Savings,2023-05-31,7464915
PK33-2502197656,T. Shirazi,"House No. 189, Gali 24, Bahria Phase 4, Rawalpindi",MCB,Foreign Currency,2024-04-03,2880654
PK62-3722406054,Rana Rashid Khattak,مکان 222 گلی 8 Cantt Multan,Meezan Bank,Foreign Currency,2021-02-05,2935254
PK99-3319294709,Rashid Khattak,مکان 222 گلی 8 Cantt Multan,Allied Bank,Foreign Currency,2023-11-10,3902294
PK44-6202887674,R. Khattak,H#222 St-8 Cantt Multan,Meezan Bank,Current,2018-02-28,2861141
PK73-7588884205,Rashid Khattak,"House 222, Street 8, Cantt, Multan",Bank Alfalah,Foreign Currency,2024-06-11,7111021
PK85-2973516262,Sardar Adnan Warraich,H#140 St-1 ChaklalaScheme3 Rawalpindi,JS Bank,Savings,2021-10-08,2812996
PK41-5679026835,Adnan Warraich,"House 140, Street 1, Chaklala Scheme 3, Rawalpindi",Meezan Bank,Foreign Currency,2021-01-10,7664485
PK54-8673890032,Waseem Mirza,"House No. 172, Gali 30, G-13/1, Islamabad",UBL,Savings,2023-05-28,5913504
PK52-6523211255,W. Mirza,مکان 172 گلی 30 G-13/1 اسلام آباد,Meezan Bank,Foreign Currency,2019-10-03,6770813
PK32-8458374890,Mian Waseem Mirza,H#172 St-30 G-13/1 Islamabad,JS Bank,Savings,2021-05-26,6847272
PK12-9091691117,Waseem Mirza,H#172 St-30 G-13/1 Islamabad,MCB,Savings,2019-01-26,7051893
PK14-1712452586,T. Awan,"House No. 16, Gali 14, DHA Phase 5, Lahore",Meezan Bank,Savings,2023-08-29,4403339
PK78-7271953037,T. Awan,"House 16, Street 14, DHA Phase 5, Lahore",Bank Alfalah,Savings,2022-03-24,3281450
PK97-9158375738,Syed Talha Awan,مکان 16 گلی 14 DHA Phase 5 لاہور,JS Bank,Savings,2024-04-07,7550298
PK96-2013758669,Junaid Niazi,مکان 133 گلی 24 Satellite Town راولپنڈی,Meezan Bank,Foreign Currency,2020-03-08,3052096
PK30-8940106660,J. Niazi,H#133 St-24 SatelliteTown Rawalpindi,JS Bank,Savings,2019-09-08,6968170
PK73-4012555687,J. Niazi,مکان 133 گلی 24 Satellite Town راولپنڈی,HBL,Current,2025-09-26,2981771
PK42-5372588483,Chaudhary Junaid Niazi,H#133 St-24 SatelliteTown Rawalpindi,UBL,Foreign Currency,2021-10-03,7193122
PK70-9891731738,Naveed Joiya,"House No. 127, Gali 16, D Ground, Faisalabad",Askari Bank,Savings,2023-08-20,6878837
PK37-1149055992,Mian Naveed Joiya,"House 127, Street 16, D Ground, Faisalabad",Allied Bank,Foreign Currency,2021-03-18,3354487
PK20-6288290624,K.Yousafzai,"House 166, Street 11, Bahria Phase 4, Rawalpindi",Meezan Bank,Savings,2019-08-17,5431376
PK63-2575948501,Kinza Yousafzai,"House No. 166, Gali 11, Bahria Phase 4, Rawalpindi",JS Bank,Current,2020-12-23,4368188
PK39-4290435978,Kinza Yousafzai,H#166 St-11 BahriaPhase4 Rawalpindi,Allied Bank,Current,2018-01-31,2009919
PK59-6143098390,K.Yousafzai,"House No. 166, Gali 11, Bahria Phase 4, Rawalpindi",Askari Bank,Foreign Currency,2024-10-09,7166951
PK46-1645809844,T.Tarar,"House 234, Street 18, Johar Town, Lahore",UBL,Savings,2018-04-05,7060988
PK13-1567246690,Sardar Tooba Tarar,H#234 St-18 JoharTown Lahore,Bank Alfalah,Savings,2024-03-02,6158058
PK22-3203108334,B. Kazmi,"House No. 265, Gali 8, D Ground, Faisalabad",Bank Alfalah,Savings,2021-01-07,2309973
PK83-5797315608,Bushra Kazmi,"House No. 265, Gali 8, D Ground, Faisalabad",Bank Alfalah,Current,2021-12-31,5959020
PK91-1020399874,B. Kazmi,H#265 St-8 DGround Faisalabad,JS Bank,Foreign Currency,2024-10-02,7173299
PK40-2974956799,B. Qureshi,"House No. 391, Gali 34, Shah Rukn-e-Alam, Multan",MCB,Savings,2023-05-08,7161606
PK22-8819848116,بلال قریشی,"House 391, Street 34, Shah Rukn-e-Alam, Multan",Meezan Bank,Foreign Currency,2021-01-27,4792448
PK45-1352416261,بلال قریشی,"House No. 391, Gali 34, Shah Rukn-e-Alam, Multan",JS Bank,Savings,2023-12-28,7892513
PK24-4894535585,Mubashir Kazmi,H#262 St-13 Westridge Rawalpindi,JS Bank,Current,2024-01-25,7816428
PK50-4078579828,M.Kazmi,مکان 262 گلی 13 Westridge راولپنڈی,Meezan Bank,Savings,2024-01-21,1652474
PK46-9033614316,M. Kazmi,H#262 St-13 Westridge Rawalpindi,Bank Alfalah,Savings,2018-06-20,5434810
PK60-7353470491,Malik Mubashir Kazmi,"House 262, Street 13, Westridge, Rawalpindi",Askari Bank,Foreign Currency,2018-01-08,2746462
PK85-4005521436,Kamran Warraich,"House No. 379, Gali 38, B-17, Islamabad",HBL,Foreign Currency,2018-09-19,4341868
PK31-3326123182,Kamran Warraich,"House 379, Street 38, B-17, Islamabad",HBL,Foreign Currency,2019-07-29,7707664
PK66-9250426699,Kamran Warraich,"House 379, Street 38, B-17, Islamabad",Askari Bank,Foreign Currency,2024-02-04,6162054
PK40-1467040297,فاطمہ Kayani,"House 7, Street 7, DHA Phase 5, Lahore",UBL,Current,2023-10-26,7670766
PK98-5569281656,Chaudhary Fatima Kayani,H#7 St-7 DHAPhase5 Lahore,HBL,Foreign Currency,2021-11-23,2860114
PK31-8870133041,F.Kayani,H#7 St-7 DHAPhase5 Lahore,Bank Alfalah,Savings,2018-01-06,2990558
PK81-7517536792,F. Kayani,"House 7, Street 7, DHA Phase 5, Lahore",Allied Bank,Savings,2023-01-08,6918841
PK43-3466404456,Mansoor Naqvi,H#102 St-32 Westridge Rawalpindi,Allied Bank,Savings,2018-12-22,6982763
PK68-7746718261,Mansoor Naqvi,"House No. 102, Gali 32, Westridge, Rawalpindi",Meezan Bank,Savings,2023-05-02,7437718
PK90-5134175327,Bushra Siddiqui,"House No. 97, Gali 12, Cantt, Multan",MCB,Foreign Currency,2023-08-22,6482995
PK53-3650505552,B.Siddiqui,"House No. 97, Gali 12, Cantt, Multan",Allied Bank,Savings,2020-01-09,7430464
PK59-3829915861,Malik Bushra Siddiqui,"House No. 97, Gali 12, Cantt, Multan",UBL,Current,2022-04-16,4033562
PK13-8108853750,Bushra Siddiqui,H#97 St-12 Cantt Multan,Allied Bank,Current,2023-11-18,2051876
PK73-2710519910,F.Mehsud,"House 34, Street 37, D Ground, Faisalabad",HBL,Current,2018-01-20,4235748
PK52-8925812247,F.Mehsud,H#34 St-37 DGround Faisalabad,MCB,Foreign Currency,2022-04-23,7839288
PK11-3789079704,Zara Zaidi,"House 170, Street 13, Wapda Town, Lahore",Meezan Bank,Current,2023-10-13,6880256
PK79-1268839056,Sardar Zara Zaidi,H#170 St-13 WapdaTown Lahore,MCB,Foreign Currency,2019-07-25,3244562
PK29-8785871834,Z. Zaidi,مکان 170 گلی 13 Wapda Town لاہور,UBL,Savings,2024-06-01,7457745
PK15-2854086057,Iqra Shirazi,"House No. 331, Gali 13, Peoples Colony, Faisalabad",Allied Bank,Current,2022-04-11,6755114
PK34-7276975103,Iqra Shirazi,مکان 331 گلی 13 Peoples Colony Faisalabad,JS Bank,Savings,2024-12-06,5388610
PK16-1384593598,N.Joiya,"House No. 56, Gali 18, University Town, Peshawar",Meezan Bank,Savings,2021-09-21,3355079
PK13-8232465361,Noor Joiya,"House No. 56, Gali 18, University Town, Peshawar",JS Bank,Foreign Currency,2023-03-14,1648339
PK28-5588069500,Noor Joiya,"House 56, Street 18, University Town, Peshawar",Bank Alfalah,Foreign Currency,2018-08-04,2202472
PK65-5513599193,S.Tarar,"House 253, Street 26, DHA Phase 5, Lahore",UBL,Savings,2024-10-15,7042595
PK60-2940618591,Saad Tarar,H#253 St-26 DHAPhase5 Lahore,Askari Bank,Foreign Currency,2018-03-06,1201357
PK15-6976729872,Saad Tarar,مکان 253 گلی 26 DHA Phase 5 لاہور,MCB,Savings,2021-10-24,3403906
PK24-3536381065,A.Sandhu,"House No. 204, Gali 14, Peoples Colony, Faisalabad",Bank Alfalah,Current,2024-05-31,5844785
PK75-1973147156,A.Sandhu,مکان 204 گلی 14 Peoples Colony Faisalabad,Bank Alfalah,Savings,2022-11-03,3189250
PK58-7862090272,A. Sandhu,"House 204, Street 14, Peoples Colony, Faisalabad",Meezan Bank,Savings,2023-06-07,6380048
PK77-8441697537,Sardar Ahmed Sandhu,مکان 204 گلی 14 Peoples Colony Faisalabad,Bank Alfalah,Savings,2024-01-18,6155484
PK54-8289518601,L. Virk,"House 381, Street 14, Hayatabad Phase 3, Peshawar",Meezan Bank,Foreign Currency,2021-03-25,7474893
PK93-8928606059,Laiba Virk,H#381 St-14 HayatabadPhase3 Peshawar,Allied Bank,Savings,2024-02-11,2125632
PK39-7674191405,D.Ansari,H#106 St-32 UniversityTown Peshawar,HBL,Savings,2018-05-23,3808918
PK27-2396391299,Danish Ansari,"House 106, Street 32, University Town, Peshawar",MCB,Savings,2023-10-15,5538498
PK36-5408752602,Nadia Kazmi,"House No. 267, Gali 7, Peoples Colony, Faisalabad",HBL,Foreign Currency,2024-09-21,2283460
PK80-4001455334,Nadia Kazmi,H#267 St-7 PeoplesColony Faisalabad,Askari Bank,Current,2022-06-18,4646400
PK15-6535996058,Malik Farhan Bangash,H#251 St-8 UniversityTown Peshawar,HBL,Savings,2020-05-03,6128102
PK77-7099345261,F.Bangash,H#251 St-8 UniversityTown Peshawar,MCB,Savings,2021-04-08,2103364
PK58-9350027125,Farhan Bangash,"House 251, Street 8, University Town, Peshawar",JS Bank,Savings,2019-03-13,7907524
PK39-2367601809,Mian Farhan Bangash,مکان 251 گلی 8 University Town Peshawar,Allied Bank,Current,2019-03-08,2164989
PK60-6030214525,Kinza Butt,H#244 St-17 CliftonBlock2 Karachi,HBL,Savings,2019-02-13,6772612
PK91-6922912549,K. Butt,H#244 St-17 CliftonBlock2 Karachi,MCB,Current,2025-07-18,1894097
PK90-2050246460,Kinza بٹ,"House No. 244, Gali 17, Clifton Block 2, Karachi",Bank Alfalah,Savings,2022-04-03,6636605
PK25-5682254624,N.Rizvi,مکان 324 گلی 5 D Ground Faisalabad,Askari Bank,Savings,2018-09-10,5630612
PK89-4126587764,Haji Noman Rizvi,مکان 324 گلی 5 D Ground Faisalabad,MCB,Foreign Currency,2020-01-30,6105526
PK96-1595806464,Noman Rizvi,"House No. 324, Gali 5, D Ground, Faisalabad",Meezan Bank,Current,2024-04-14,3105859
PK31-5315761500,N. Rizvi,H#324 St-5 DGround Faisalabad,MCB,Savings,2023-08-08,6268498
PK20-8398945884,T.Cheema,"House No. 333, Gali 37, Bahria Phase 4, Rawalpindi",MCB,Savings,2022-04-15,4729290
PK45-7053711710,Rana Tariq Cheema,"House 333, Street 37, Bahria Phase 4, Rawalpindi",Bank Alfalah,Foreign Currency,2021-07-08,5322627
PK75-8243403580,Sardar Tariq Cheema,مکان 333 گلی 37 Bahria Phase 4 راولپنڈی,HBL,Current,2025-04-29,6570658
PK58-1213265189,Tariq Cheema,"House 333, Street 37, Bahria Phase 4, Rawalpindi",Allied Bank,Savings,2023-11-07,2545640
PK89-8066140626,J. Lodhi,"House No. 357, Gali 23, E-11/2, Islamabad",HBL,Savings,2021-10-16,7258649
PK44-8193429592,J. Lodhi,"House 357, Street 23, E-11/2, Islamabad",UBL,Current,2025-02-09,3464867
PK48-2997606119,R. Khattak,H#134 St-11 GulbergIII Lahore,MCB,Foreign Currency,2019-09-21,3667189
PK31-7848440516,R. Khattak,"House 134, Street 11, Gulberg III, Lahore",MCB,Foreign Currency,2020-09-07,7268829
PK72-7315739050,R.Khattak,H#134 St-11 GulbergIII Lahore,UBL,Current,2020-07-01,6891254
PK59-2602607382,H.Durrani,"House No. 313, Gali 4, Westridge, Rawalpindi",Bank Alfalah,Savings,2023-07-17,5804800
PK14-4524873327,H.Durrani,"House 313, Street 4, Westridge, Rawalpindi",MCB,Savings,2025-01-05,5876416
PK89-9147794194,H.Durrani,مکان 313 گلی 4 Westridge راولپنڈی,MCB,Savings,2025-05-08,4455257
PK83-8182578418,Chaudhary Tariq Malik,"House No. 388, Gali 27, Peoples Colony, Faisalabad",Allied Bank,Savings,2023-10-09,2393329
PK80-9702636354,Mian Tariq Malik,"House No. 388, Gali 27, Peoples Colony, Faisalabad",JS Bank,Foreign Currency,2023-12-04,7367304
PK78-4790556076,Tariq Malik,H#388 St-27 PeoplesColony Faisalabad,Askari Bank,Foreign Currency,2025-07-15,4047079
PK46-7803362397,Rana Tariq Mughal,H#393 St-40 NorthNazimabad Karachi,Meezan Bank,Current,2024-07-15,4711970
PK86-2674257132,Tariq Mughal,"House No. 393, Gali 40, North Nazimabad, Karachi",Askari Bank,Foreign Currency,2020-06-21,6303137
PK66-8127672064,Tariq Mughal,"House 393, Street 40, North Nazimabad, Karachi",Askari Bank,Savings,2020-10-12,7436219
PK85-5397512908,Tariq Mughal,مکان 393 گلی 40 North Nazimabad کراچی,Allied Bank,Current,2022-11-14,5087636
PK24-6966280645,Hafsa Kakar,"House 207, Street 37, Westridge, Rawalpindi",Askari Bank,Savings,2025-05-31,1816321
PK82-9854735149,Hafsa Kakar,مکان 207 گلی 37 Westridge راولپنڈی,Meezan Bank,Savings,2018-05-11,3945545
PK43-8466861497,T.Shirazi,مکان 344 گلی 39 Chaklala Scheme 3 راولپنڈی,Allied Bank,Savings,2019-07-14,1871193
PK97-1360714596,T. Shirazi,H#344 St-39 ChaklalaScheme3 Rawalpindi,UBL,Savings,2022-07-05,2573631
PK16-1917057642,Mian Talha Shirazi,"House No. 344, Gali 39, Chaklala Scheme 3, Rawalpindi",JS Bank,Foreign Currency,2025-06-18,1706487
PK44-9255897178,Talha Shirazi,H#344 St-39 ChaklalaScheme3 Rawalpindi,Allied Bank,Savings,2018-04-03,2775075
PK27-2276671969,Sufyan Tarar,مکان 111 گلی 1 Cantt Multan,JS Bank,Savings,2023-02-11,4483274
PK41-5317687517,Sufyan Tarar,"House 111, Street 1, Cantt, Multan",Askari Bank,Savings,2020-06-07,2290540
PK10-1235063106,Mian Qasim Siddiqui,H#230 St-5 BahriaPhase4 Rawalpindi,Allied Bank,Current,2022-06-29,2726442
PK95-8225154392,Syed Qasim Siddiqui,مکان 230 گلی 5 Bahria Phase 4 راولپنڈی,UBL,Foreign Currency,2020-06-19,5586409
PK55-4500853566,Mian Qasim Siddiqui,"House No. 230, Gali 5, Bahria Phase 4, Rawalpindi",Meezan Bank,Savings,2020-11-02,6604477
PK19-2668521396,Qasim Malik,مکان 294 گلی 29 Johar Town لاہور,UBL,Foreign Currency,2020-06-05,6938224
PK14-4907067145,Q. Malik,H#294 St-29 JoharTown Lahore,JS Bank,Savings,2018-06-02,6461157
PK76-4950508062,Qasim ملک,"House No. 294, Gali 29, Johar Town, Lahore",HBL,Savings,2018-06-27,4491022
PK91-4756034911,Q.Malik,"House 294, Street 29, Johar Town, Lahore",JS Bank,Savings,2021-08-01,7024144
PK70-2155909500,Zara Rizvi,H#338 St-11 SatelliteTown Rawalpindi,Allied Bank,Savings,2022-03-21,2434669
PK37-4909946117,Z. Rizvi,"House No. 338, Gali 11, Satellite Town, Rawalpindi",Bank Alfalah,Savings,2020-05-02,6884181
PK34-6286031028,Malik Zara Rizvi,"House 338, Street 11, Satellite Town, Rawalpindi",Askari Bank,Foreign Currency,2023-07-24,1544249
PK74-2467852748,Malik Danish Rizvi,مکان 1 گلی 26 Wapda Town لاہور,Askari Bank,Current,2024-08-07,4153607
PK41-6352662405,D. Rizvi,مکان 1 گلی 26 Wapda Town لاہور,MCB,Current,2019-09-09,2626509
PK90-2515073214,D. Rizvi,"House 1, Street 26, Wapda Town, Lahore",MCB,Savings,2024-04-23,4613298
PK66-8553524352,Danish Rizvi,"House 1, Street 26, Wapda Town, Lahore",Meezan Bank,Foreign Currency,2023-06-29,6534173
PK46-9264204717,Arsalan Sandhu,H#196 St-40 UniversityTown Peshawar,JS Bank,Current,2019-01-24,6676296
PK14-3145471675,Arsalan Sandhu,"House 196, Street 40, University Town, Peshawar",Allied Bank,Foreign Currency,2023-06-07,3750095
PK25-6175603835,A. Sandhu,H#196 St-40 UniversityTown Peshawar,JS Bank,Current,2022-07-23,4706261
PK71-3915215966,Anas Awan,"House 262, Street 22, Gulshan-e-Iqbal, Karachi",Meezan Bank,Foreign Currency,2023-07-16,5990811
PK95-5630754553,Anas Awan,مکان 262 گلی 22 Gulshan-e-Iqbal کراچی,UBL,Savings,2019-11-21,6490086
PK90-2031534912,Anas Awan,"House No. 262, Gali 22, Gulshan-e-Iqbal, Karachi",Askari Bank,Savings,2021-06-24,3020339
PK43-8579788236,A.Awan,"House No. 262, Gali 22, Gulshan-e-Iqbal, Karachi",Askari Bank,Savings,2019-06-05,7362127
PK75-9067630209,Rana Gul Zaidi,H#321 St-34 ShahRukn-e-Alam Multan,Meezan Bank,Savings,2020-12-23,5324969
PK91-1600378370,Chaudhary Gul Zaidi,H#321 St-34 ShahRukn-e-Alam Multan,JS Bank,Foreign Currency,2020-05-03,7768711
PK73-7787583342,G. Zaidi,"House No. 321, Gali 34, Shah Rukn-e-Alam, Multan",Askari Bank,Savings,2022-07-20,5571070
PK40-2521721454,D. Sheikh,"House No. 342, Gali 30, North Nazimabad, Karachi",MCB,Foreign Currency,2021-03-05,1664805
PK10-7631473939,D. Sheikh,مکان 342 گلی 30 North Nazimabad کراچی,Askari Bank,Savings,2020-09-18,7691708
PK74-4994489642,Farhan Niazi,"House No. 83, Gali 8, Peoples Colony, Faisalabad",HBL,Savings,2019-12-04,6747458
PK94-3254287491,F.Niazi,مکان 83 گلی 8 Peoples Colony Faisalabad,Askari Bank,Foreign Currency,2019-11-19,6708297
PK42-8068391401,Farhan Niazi,"House No. 83, Gali 8, Peoples Colony, Faisalabad",HBL,Foreign Currency,2022-01-22,7615728
PK59-9956699948,F. Niazi,"House 83, Street 8, Peoples Colony, Faisalabad",Bank Alfalah,Foreign Currency,2022-05-14,7589495
PK83-3518003659,Sardar Laiba Rajput,"House 93, Street 13, Cantt, Multan",MCB,Foreign Currency,2024-01-30,2229834
PK90-3217381436,Malik Laiba Rajput,"House No. 93, Gali 13, Cantt, Multan",Bank Alfalah,Current,2018-04-23,1240254
PK90-6732589213,Syed Laiba Rajput,H#93 St-13 Cantt Multan,Meezan Bank,Savings,2018-03-27,1836815
PK25-7411421632,Gul Bukhari,H#341 St-4 ShahRukn-e-Alam Multan,HBL,Foreign Currency,2021-10-24,2200819
PK41-5106475408,Gul Bukhari,"House No. 341, Gali 4, Shah Rukn-e-Alam, Multan",Bank Alfalah,Savings,2022-11-10,5681678
PK16-2397556823,Yasir Awan,مکان 294 گلی 15 G-13/1 اسلام آباد,Askari Bank,Savings,2020-09-06,5392415
PK78-3293096396,Yasir Awan,"House 294, Street 15, G-13/1, Islamabad",Allied Bank,Current,2018-06-28,3654329
PK50-3755713019,Yasir Awan,مکان 294 گلی 15 G-13/1 اسلام آباد,UBL,Current,2018-01-17,1881431
PK25-7803936883,Y.Awan,مکان 294 گلی 15 G-13/1 اسلام آباد,Bank Alfalah,Current,2024-06-30,5573536
PK30-4329923921,Sardar Wajahat Bhatti,H#202 St-25 PeoplesColony Faisalabad,HBL,Current,2023-03-05,6586900
PK64-8223547288,W.Bhatti,"House No. 202, Gali 25, Peoples Colony, Faisalabad",MCB,Savings,2021-10-13,3995673
PK70-7039760167,Wajahat Bhatti,"House 202, Street 25, Peoples Colony, Faisalabad",HBL,Savings,2023-11-18,1547695
PK80-2435356288,حسن Ansari,مکان 78 گلی 19 F-8/3 اسلام آباد,Allied Bank,Savings,2018-08-04,2387045
PK87-2390025224,H.Ansari,"House No. 78, Gali 19, F-8/3, Islamabad",MCB,Savings,2021-08-27,6785943
PK71-2840125704,Mehwish Sandhu,"House 148, Street 4, Clifton Block 2, Karachi",Allied Bank,Current,2022-07-14,4628800
PK81-2882231468,M.Sandhu,"House 148, Street 4, Clifton Block 2, Karachi",JS Bank,Savings,2025-04-20,6949510
PK23-9771918838,G. Bangash,"House 4, Street 12, Gulbahar, Peshawar",MCB,Foreign Currency,2022-03-08,5283742
PK78-6073879795,Gul Bangash,"House No. 4, Gali 12, Gulbahar, Peshawar",HBL,Current,2023-09-26,4002561
PK52-2716865989,K. Kazmi,H#275 St-24 DHAPhase6 Karachi,Bank Alfalah,Current,2021-02-12,1984196
PK16-8672603281,K. Kazmi,مکان 275 گلی 24 DHA Phase 6 کراچی,HBL,Savings,2018-04-30,4071586
PK42-3272763669,Khadija Kazmi,H#275 St-24 DHAPhase6 Karachi,JS Bank,Foreign Currency,2022-10-29,5392386
PK42-9296613459,Sardar Waqas Kakar,"House 110, Street 4, Gulberg III, Lahore",Askari Bank,Savings,2018-11-13,1789385
PK77-7635514837,Malik Waqas Kakar,"House 110, Street 4, Gulberg III, Lahore",Bank Alfalah,Foreign Currency,2023-03-08,1478681
PK95-7899400036,W. Kakar,H#110 St-4 GulbergIII Lahore,HBL,Current,2019-06-16,2401034
PK48-5173479077,Bilal Gill,"House No. 114, Gali 36, Gulgasht, Multan",Allied Bank,Savings,2022-08-15,4512753
PK34-9325014800,Bilal Gill,مکان 114 گلی 36 Gulgasht Multan,UBL,Current,2025-01-01,5619582
PK77-6279917540,بلال Gill,H#114 St-36 Gulgasht Multan,JS Bank,Foreign Currency,2021-11-06,6240786
PK12-3165083487,Rana Zeeshan Sheikh,"House No. 71, Gali 2, Clifton Block 2, Karachi",MCB,Foreign Currency,2023-03-24,2058353
PK42-9149870918,Zeeshan شیخ,"House No. 71, Gali 2, Clifton Block 2, Karachi",UBL,Foreign Currency,2018-06-01,1343608
PK33-7678288548,Mian Atif Malik,مکان 130 گلی 27 Bahria Phase 4 راولپنڈی,Allied Bank,Foreign Currency,2021-05-12,5387608
PK40-5368314972,Syed Atif Malik,"House No. 130, Gali 27, Bahria Phase 4, Rawalpindi",HBL,Savings,2022-02-24,5952330
PK14-1268954280,A. Malik,"House No. 130, Gali 27, Bahria Phase 4, Rawalpindi",Meezan Bank,Savings,2018-10-14,1579211
PK92-8036876239,H.Joiya,"House 212, Street 17, Gulbahar, Peshawar",Askari Bank,Foreign Currency,2023-09-29,2622306
PK45-9434785501,H.Joiya,H#212 St-17 Gulbahar Peshawar,Bank Alfalah,Current,2023-02-07,1305543
PK98-9522071438,M. Orakzai,"House 202, Street 35, Model Town, Lahore",HBL,Savings,2023-09-22,1921193
PK14-9214537074,Mian Muhammad Orakzai,مکان 202 گلی 35 Model Town لاہور,HBL,Savings,2023-05-15,6350344
PK47-6276420263,H. Sial,H#172 St-17 CliftonBlock2 Karachi,JS Bank,Current,2023-05-12,3610475
PK17-8967423086,Haris Sial,H#172 St-17 CliftonBlock2 Karachi,Meezan Bank,Current,2025-09-15,4696750
PK70-7852916146,Haris Sial,"House No. 172, Gali 17, Clifton Block 2, Karachi",Meezan Bank,Savings,2022-07-27,5971499
PK97-4052831128,Mian Haris Sial,"House 172, Street 17, Clifton Block 2, Karachi",UBL,Savings,2018-01-05,6307962
PK96-7126774538,Saad Mehsud,"House No. 199, Gali 12, G-10/2, Islamabad",Allied Bank,Savings,2018-04-09,5286153
PK91-8198557567,Saad Mehsud,مکان 199 گلی 12 G-10/2 اسلام آباد,HBL,Current,2019-09-13,2469741
PK55-7763137209,Saad Mehsud,"House 199, Street 12, G-10/2, Islamabad",JS Bank,Current,2019-06-26,7567246
PK22-7514654922,A. Saddozai,مکان 30 گلی 15 Peoples Colony Faisalabad,MCB,Current,2022-06-15,2062507
PK89-6956269063,A. Saddozai,"House 30, Street 15, Peoples Colony, Faisalabad",UBL,Savings,2023-08-11,2702282
PK93-2370108011,A.Saddozai,مکان 30 گلی 15 Peoples Colony Faisalabad,JS Bank,Savings,2023-08-29,6236305
PK47-6967992358,A. Saddozai,"House 30, Street 15, Peoples Colony, Faisalabad",UBL,Savings,2021-08-20,6582421
PK53-1505674859,Farhan Gondal,مکان 237 گلی 39 Johar Town لاہور,HBL,Savings,2023-09-05,6346188
PK33-7024939178,F.Gondal,مکان 237 گلی 39 Johar Town لاہور,HBL,Savings,2025-06-02,2998797
PK78-3985889522,Syed Farhan Gondal,"House 237, Street 39, Johar Town, Lahore",HBL,Foreign Currency,2022-09-29,2220979
PK19-5843754746,Mansoor Rajput,مکان 49 گلی 3 North Nazimabad کراچی,Allied Bank,Current,2021-11-02,6608455
PK38-5984177108,Haji Mansoor Rajput,"House 49, Street 3, North Nazimabad, Karachi",HBL,Current,2021-11-17,7964328
PK83-3245812184,M.Rajput,H#49 St-3 NorthNazimabad Karachi,JS Bank,Current,2020-10-31,5413105
PK69-4952479931,M. Rajput,"House 49, Street 3, North Nazimabad, Karachi",Bank Alfalah,Savings,2024-06-10,4723566
PK92-7181922407,Noor Siddiqui,"House No. 215, Gali 38, Wapda Town, Lahore",Allied Bank,Foreign Currency,2021-06-17,4334613
PK55-1301515332,Noor Siddiqui,مکان 215 گلی 38 Wapda Town لاہور,Meezan Bank,Savings,2019-03-11,2619417
PK20-7496466471,Noor Siddiqui,"House No. 215, Gali 38, Wapda Town, Lahore",Bank Alfalah,Current,2019-05-14,5589789
PK76-6755646994,Noor Siddiqui,"House 215, Street 38, Wapda Town, Lahore",MCB,Foreign Currency,2019-06-11,5345785
PK28-6183827591,Rana Kamran Khan,"House 235, Street 20, D Ground, Faisalabad",JS Bank,Foreign Currency,2023-01-25,3659723
PK99-9329572597,K. Khan,"House No. 235, Gali 20, D Ground, Faisalabad",Askari Bank,Savings,2019-11-21,2250073
PK69-6722484956,Kamran Khan,مکان 235 گلی 20 D Ground Faisalabad,Askari Bank,Savings,2020-03-28,7803047
PK93-9996293351,Chaudhary Faisal Zaidi,H#285 St-13 DGround Faisalabad,Meezan Bank,Savings,2022-03-30,2261198
PK90-2898943823,F.Zaidi,"House No. 285, Gali 13, D Ground, Faisalabad",Askari Bank,Current,2020-01-26,3959066
PK63-8440979237,Faisal Zaidi,"House No. 285, Gali 13, D Ground, Faisalabad",Bank Alfalah,Current,2019-05-20,1440779
PK49-6078333428,Faisal Zaidi,"House 285, Street 13, D Ground, Faisalabad",MCB,Savings,2020-09-21,5376797
PK62-9210786897,B. Khan,مکان 109 گلی 3 G-10/2 اسلام آباد,UBL,Savings,2018-11-22,3084990
PK76-7102191040,Sardar Bilal Khan,"House No. 109, Gali 3, G-10/2, Islamabad",MCB,Savings,2021-02-04,1510693
PK54-9046992093,Malik Bilal Khan,مکان 109 گلی 3 G-10/2 اسلام آباد,Meezan Bank,Current,2025-07-27,7238928
PK83-1225919686,Bilal Khan,H#109 St-3 G-10/2 Islamabad,Meezan Bank,Savings,2018-03-24,3001829
PK39-3111609722,Imran Orakzai,مکان 119 گلی 18 G-10/2 اسلام آباد,Bank Alfalah,Current,2022-12-24,2608573
PK52-5169023326,عمران Orakzai,مکان 119 گلی 18 G-10/2 اسلام آباد,Allied Bank,Savings,2021-10-27,2706234
PK72-3272271742,Sardar Imran Orakzai,مکان 119 گلی 18 G-10/2 اسلام آباد,HBL,Savings,2024-09-16,5226521
PK41-2747678338,Z.Mehsud,مکان 167 گلی 11 Wapda Town لاہور,Askari Bank,Current,2025-11-07,2337088
PK91-6410359871,Malik Zeeshan Mehsud,مکان 167 گلی 11 Wapda Town لاہور,JS Bank,Current,2024-06-26,1500077
PK76-1309642603,Z.Mehsud,H#167 St-11 WapdaTown Lahore,MCB,Savings,2021-06-03,1545630
PK49-5925085408,Sadia Gondal,مکان 70 گلی 38 Westridge راولپنڈی,Allied Bank,Foreign Currency,2025-08-26,7704402
PK31-7231542405,Sardar Sadia Gondal,"House 70, Street 38, Westridge, Rawalpindi",JS Bank,Current,2022-06-16,1786707
PK48-6159856466,Sadia Gondal,"House No. 70, Gali 38, Westridge, Rawalpindi",Allied Bank,Current,2024-12-02,4703480
PK71-6326217247,Tooba Bhatti,مکان 217 گلی 38 Westridge راولپنڈی,UBL,Current,2021-07-10,5064922
PK38-1861660817,Tooba Bhatti,"House 217, Street 38, Westridge, Rawalpindi",Askari Bank,Savings,2023-09-15,5297198
PK21-9462698096,Tooba Bhatti,"House 217, Street 38, Westridge, Rawalpindi",Bank Alfalah,Foreign Currency,2024-12-02,2929383
PK67-5923396943,Haji Tooba Bhatti,"House 217, Street 38, Westridge, Rawalpindi",Allied Bank,Savings,2018-02-02,4262744
PK51-5230765192,R.Rizvi,H#387 St-30 HayatabadPhase3 Peshawar,HBL,Current,2024-07-18,6309640
PK12-5230902991,Rabia Rizvi,H#387 St-30 HayatabadPhase3 Peshawar,HBL,Savings,2025-01-07,5112684
PK52-9690048340,Ahmed Cheema,H#385 St-28 MadinaTown Faisalabad,Meezan Bank,Current,2019-12-22,2087251
PK67-8251005686,A.Cheema,مکان 385 گلی 28 Madina Town Faisalabad,Meezan Bank,Savings,2025-05-02,3969298
PK11-7846541267,Ahmed Cheema,"House 385, Street 28, Madina Town, Faisalabad",JS Bank,Current,2021-08-29,4389359
PK99-4543129287,Rana Ahmed Cheema,H#385 St-28 MadinaTown Faisalabad,Bank Alfalah,Foreign Currency,2021-11-19,2362092
PK74-4376682490,Zafar Kazmi,H#164 St-23 Gulshan-e-Iqbal Karachi,Askari Bank,Savings,2025-12-10,2377594
PK44-7270056445,Zafar Kazmi,"House No. 164, Gali 23, Gulshan-e-Iqbal, Karachi",MCB,Foreign Currency,2020-01-25,3928171
PK92-4657342518,Malik Zafar Kazmi,H#164 St-23 Gulshan-e-Iqbal Karachi,Meezan Bank,Current,2023-08-21,6737813
PK39-9406402635,Zafar Kazmi,H#164 St-23 Gulshan-e-Iqbal Karachi,UBL,Current,2020-05-24,4171799
PK60-4084970778,Tariq بٹ,"House No. 336, Gali 11, DHA Phase 5, Lahore",JS Bank,Foreign Currency,2022-07-09,6131260
PK12-4399135507,T.Butt,"House No. 336, Gali 11, DHA Phase 5, Lahore",JS Bank,Savings,2023-01-04,5841194
PK51-9770912325,T.Butt,"House 336, Street 11, DHA Phase 5, Lahore",HBL,Savings,2020-12-11,3571065
PK73-4866461717,R.Tareen,مکان 239 گلی 2 Wapda Town لاہور,MCB,Current,2022-09-25,4005891
PK37-9776299377,Rauf Tareen,"House No. 239, Gali 2, Wapda Town, Lahore",MCB,Current,2021-12-29,7026887
PK57-6845314254,Rauf Tareen,مکان 239 گلی 2 Wapda Town لاہور,UBL,Current,2022-03-22,7856025
PK79-2339376639,T.Janjua,مکان 104 گلی 30 Westridge راولپنڈی,UBL,Savings,2021-12-06,6832870
PK58-2940479362,Talha Janjua,مکان 104 گلی 30 Westridge راولپنڈی,Meezan Bank,Current,2024-02-04,4013926
PK65-1774476076,T.Janjua,"House 104, Street 30, Westridge, Rawalpindi",Askari Bank,Foreign Currency,2022-05-27,5156122
PK81-3974946758,Talha Janjua,H#104 St-30 Westridge Rawalpindi,MCB,Savings,2019-03-23,2379327
PK78-5909962257,Fahad Janjua,مکان 50 گلی 34 Clifton Block 2 کراچی,MCB,Current,2020-09-23,5547226
PK68-7754018779,F. Janjua,"House 50, Street 34, Clifton Block 2, Karachi",Allied Bank,Current,2020-10-14,1549972
PK62-4322723377,Nadeem Kayani,H#73 St-37 WapdaTown Lahore,JS Bank,Foreign Currency,2020-07-27,5932863
PK98-4903270522,Syed Nadeem Kayani,H#73 St-37 WapdaTown Lahore,Askari Bank,Savings,2019-03-12,4461687
PK15-5463661545,L.Mughal,"House No. 233, Gali 2, Chaklala Scheme 3, Rawalpindi",JS Bank,Savings,2025-10-24,6563538
PK77-6145627546,L. Mughal,"House No. 233, Gali 2, Chaklala Scheme 3, Rawalpindi",UBL,Foreign Currency,2025-05-15,7707004
PK14-9183685836,Haji Tariq Malik,H#46 St-22 G-13/1 Islamabad,HBL,Savings,2022-11-09,3262816
PK96-3755543143,Tariq ملک,"House 46, Street 22, G-13/1, Islamabad",Allied Bank,Savings,2022-07-15,6321645
PK60-3238201773,Haji Gul Saddozai,"House 3, Street 16, Madina Town, Faisalabad",UBL,Current,2025-06-02,6311163
PK91-2817712261,Haji Gul Saddozai,"House 3, Street 16, Madina Town, Faisalabad",UBL,Foreign Currency,2022-10-29,1421919
PK27-2134234446,Gul Saddozai,"House No. 3, Gali 16, Madina Town, Faisalabad",Askari Bank,Savings,2022-02-10,5987484
PK15-4905108861,G. Saddozai,مکان 3 گلی 16 Madina Town Faisalabad,Bank Alfalah,Savings,2019-06-23,7360063
PK16-7396436929,Ghulam چوہدری,"House 369, Street 24, North Nazimabad, Karachi",Meezan Bank,Current,2024-10-09,2208603
PK13-1447119096,G.Chaudhry,H#369 St-24 NorthNazimabad Karachi,HBL,Savings,2018-09-19,5997763
PK79-6083451706,G.Chaudhry,H#369 St-24 NorthNazimabad Karachi,Bank Alfalah,Current,2022-10-08,7214284
PK68-2824016531,K. Malik,"House No. 227, Gali 19, Hayatabad Phase 3, Peshawar",Allied Bank,Foreign Currency,2024-03-09,2387639
PK43-1993008381,K. Malik,مکان 227 گلی 19 Hayatabad Phase 3 Peshawar,Bank Alfalah,Savings,2018-09-06,3638775
PK98-9906147236,Khalid Malik,"House No. 227, Gali 19, Hayatabad Phase 3, Peshawar",Bank Alfalah,Current,2023-04-04,2289737
PK81-4971157121,K. Malik,"House 227, Street 19, Hayatabad Phase 3, Peshawar",UBL,Savings,2024-10-16,5451588
PK45-5837096615,Anas Bhatti,H#220 St-17 MadinaTown Faisalabad,Meezan Bank,Savings,2024-11-25,6788021
PK66-6987566942,A. Bhatti,H#220 St-17 MadinaTown Faisalabad,Allied Bank,Foreign Currency,2021-01-12,1969789
PK29-7862572814,Anas Bhatti,مکان 220 گلی 17 Madina Town Faisalabad,HBL,Current,2021-12-14,3374860
PK38-8534714701,Anas Bhatti,"House No. 220, Gali 17, Madina Town, Faisalabad",MCB,Foreign Currency,2021-12-08,6747004
PK23-7853009725,Sardar Irfan Mughal,"House 156, Street 23, D Ground, Faisalabad",HBL,Savings,2024-07-21,5502747
PK54-5381986636,I. Mughal,"House No. 156, Gali 23, D Ground, Faisalabad",Meezan Bank,Savings,2018-04-27,5983467
PK70-9675119133,I.Mughal,H#156 St-23 DGround Faisalabad,UBL,Foreign Currency,2024-06-19,5823778
PK26-5862265213,Irfan Mughal,H#156 St-23 DGround Faisalabad,Bank Alfalah,Foreign Currency,2018-04-16,7293039
PK35-3720530215,K. Abbasi,H#206 St-13 Westridge Rawalpindi,Askari Bank,Savings,2021-06-12,2620122
PK96-9964518766,K.Abbasi,"House No. 206, Gali 13, Westridge, Rawalpindi",MCB,Savings,2018-02-04,1739648
PK28-4082188934,Qasim Joiya,H#327 St-9 NorthNazimabad Karachi,Bank Alfalah,Foreign Currency,2021-03-16,3451186
PK32-1356332335,Rana Qasim Joiya,H#327 St-9 NorthNazimabad Karachi,Allied Bank,Savings,2018-12-25,7221940
PK68-5354451525,Mian Qasim Joiya,H#327 St-9 NorthNazimabad Karachi,Bank Alfalah,Current,2020-10-17,1608971
PK78-2422267212,Ubaid Gill,H#60 St-13 GulbergIII Lahore,Askari Bank,Savings,2023-01-06,1999655
PK91-6329964475,U. Gill,H#60 St-13 GulbergIII Lahore,JS Bank,Foreign Currency,2020-01-04,7847277
PK35-6245512779,T. Sandhu,مکان 194 گلی 9 Cantt Multan,Askari Bank,Savings,2021-08-05,5254644
PK70-3147250512,T. Sandhu,مکان 194 گلی 9 Cantt Multan,Bank Alfalah,Foreign Currency,2019-01-26,6987385
PK37-9546547520,T.Sandhu,"House 194, Street 9, Cantt, Multan",HBL,Current,2021-10-01,7568237
PK76-9142378855,Rana Talha Sandhu,مکان 194 گلی 9 Cantt Multan,MCB,Savings,2025-10-26,3628235
PK99-6049118038,Sardar Pervez Gilani,"House No. 82, Gali 32, Gulbahar, Peshawar",JS Bank,Savings,2023-12-23,5355705
PK28-1012854142,Pervez Gilani,"House 82, Street 32, Gulbahar, Peshawar",Askari Bank,Savings,2020-06-07,6731104
PK42-4903297426,Pervez Gilani,H#82 St-32 Gulbahar Peshawar,HBL,Savings,2024-03-17,7581353
PK79-9703752770,Khalid Mehsud,مکان 355 گلی 2 Gulgasht Multan,Bank Alfalah,Savings,2018-03-21,5119152
PK73-7909490712,K.Mehsud,H#355 St-2 Gulgasht Multan,UBL,Current,2022-06-24,1706773
PK14-5667801329,K. Mehsud,H#355 St-2 Gulgasht Multan,Bank Alfalah,Savings,2018-04-11,2896352
PK44-5229912476,Haji Khalid Mehsud,"House No. 355, Gali 2, Gulgasht, Multan",JS Bank,Current,2023-01-07,1292913
PK56-3681858357,Ali Gondal,مکان 176 گلی 34 Cantt Multan,MCB,Foreign Currency,2021-09-19,4395641
PK56-8461716290,Ali Gondal,H#176 St-34 Cantt Multan,Meezan Bank,Savings,2020-09-12,6357077
PK78-5948669483,Ali Gondal,"House No. 176, Gali 34, Cantt, Multan",Meezan Bank,Foreign Currency,2019-11-14,4619295
PK26-4394133697,Zainab Naqvi,"House 339, Street 2, DHA Phase 5, Lahore",Bank Alfalah,Savings,2023-07-25,3795895
PK14-9248196131,Z. Naqvi,"House 339, Street 2, DHA Phase 5, Lahore",MCB,Savings,2022-09-30,3527903
PK72-2679364388,Z. Naqvi,"House 339, Street 2, DHA Phase 5, Lahore",Meezan Bank,Foreign Currency,2021-07-25,1208350
PK55-5755666463,Zainab Naqvi,"House No. 339, Gali 2, DHA Phase 5, Lahore",Bank Alfalah,Savings,2023-01-22,2249300
PK85-2849984215,Farhan Zaidi,"House No. 165, Gali 36, Bahria Phase 4, Rawalpindi",Bank Alfalah,Current,2019-11-16,6250410
PK52-3476902106,F.Zaidi,مکان 165 گلی 36 Bahria Phase 4 راولپنڈی,JS Bank,Savings,2022-10-09,3221268
PK74-5250615565,F. Zaidi,H#165 St-36 BahriaPhase4 Rawalpindi,UBL,Savings,2022-09-11,3257156
PK97-7523112745,عمران Bhatti,مکان 47 گلی 25 Chaklala Scheme 3 راولپنڈی,Bank Alfalah,Savings,2024-04-22,5368385
PK53-9880474815,Malik Imran Bhatti,مکان 47 گلی 25 Chaklala Scheme 3 راولپنڈی,UBL,Current,2022-01-09,5025911
PK94-3478706083,I. Bhatti,"House 47, Street 25, Chaklala Scheme 3, Rawalpindi",Allied Bank,Savings,2025-03-04,6993593
PK33-8745833518,N.Orakzai,مکان 277 گلی 19 Peoples Colony Faisalabad,Meezan Bank,Foreign Currency,2020-02-26,1265454
PK73-4377953474,N. Orakzai,مکان 277 گلی 19 Peoples Colony Faisalabad,MCB,Savings,2023-06-30,7239520
PK57-4912153457,Nadeem Orakzai,"House No. 277, Gali 19, Peoples Colony, Faisalabad",HBL,Savings,2019-03-06,7805162
PK13-5733780233,N.Orakzai,"House No. 277, Gali 19, Peoples Colony, Faisalabad",JS Bank,Foreign Currency,2020-12-19,4240463
PK83-3392677743,Z.Janjua,"House 190, Street 3, Clifton Block 2, Karachi",Meezan Bank,Savings,2024-06-29,6683343
PK72-3023252777,Syed Zainab Janjua,"House 190, Street 3, Clifton Block 2, Karachi",Bank Alfalah,Savings,2024-10-20,1298346
PK90-9189658230,زینب Janjua,"House 190, Street 3, Clifton Block 2, Karachi",JS Bank,Savings,2023-07-17,7663564
PK93-9396700298,Chaudhary Zainab Janjua,مکان 190 گلی 3 Clifton Block 2 کراچی,HBL,Current,2021-06-30,4822793
PK23-3686131840,Zafar ملک,"House No. 70, Gali 2, Chaklala Scheme 3, Rawalpindi",JS Bank,Savings,2018-02-03,2820580
PK35-3615339395,Haji Zafar Malik,مکان 70 گلی 2 Chaklala Scheme 3 راولپنڈی,UBL,Current,2022-06-03,2187770
PK61-3151555577,Haji Zafar Malik,"House No. 70, Gali 2, Chaklala Scheme 3, Rawalpindi",MCB,Savings,2024-12-28,1503842
PK91-7699020309,Zafar ملک,مکان 70 گلی 2 Chaklala Scheme 3 راولپنڈی,Meezan Bank,Savings,2021-07-29,4681373
PK84-4091544187,F. Zaidi,H#288 St-8 B-17 Islamabad,Meezan Bank,Savings,2023-03-04,6046845
PK86-2342006331,F. Zaidi,مکان 288 گلی 8 B-17 اسلام آباد,Bank Alfalah,Foreign Currency,2023-07-23,3497752
PK85-7688550101,Fahad Zaidi,H#288 St-8 B-17 Islamabad,JS Bank,Foreign Currency,2019-09-14,1773657
PK53-4210509568,Zafar شیخ,"House No. 92, Gali 17, Johar Town, Lahore",Askari Bank,Savings,2019-03-21,1552426
PK25-6942610998,Z.Sheikh,"House 92, Street 17, Johar Town, Lahore",MCB,Foreign Currency,2023-03-27,5928491
PK79-3677055374,Zafar Sheikh,"House 92, Street 17, Johar Town, Lahore",HBL,Current,2022-10-02,4762841
PK75-7322173690,Amna Lodhi,"House 40, Street 17, Gulbahar, Peshawar",JS Bank,Current,2024-06-28,3339597
PK80-8433188198,Rana Amna Lodhi,"House No. 40, Gali 17, Gulbahar, Peshawar",Meezan Bank,Savings,2020-02-24,5507956
PK75-2986716691,A. Lodhi,"House No. 40, Gali 17, Gulbahar, Peshawar",HBL,Savings,2022-04-25,3343033
PK45-3969473360,Syed Amna Lodhi,مکان 40 گلی 17 Gulbahar Peshawar,HBL,Savings,2023-11-20,4453869
PK35-5255886913,N. Sheikh,"House 173, Street 34, North Nazimabad, Karachi",Meezan Bank,Savings,2022-06-01,7427487
PK34-7778601658,Chaudhary Naveed Sheikh,"House 173, Street 34, North Nazimabad, Karachi",MCB,Savings,2025-04-09,4802681
PK47-5397849534,O.Gilani,"House No. 328, Gali 15, Model Town, Lahore",JS Bank,Savings,2025-07-06,1370094
PK29-4850554912,Obaid Gilani,H#328 St-15 ModelTown Lahore,Allied Bank,Savings,2024-05-27,3171824
PK21-3940903374,A. Afridi,"House 317, Street 29, North Nazimabad, Karachi",JS Bank,Foreign Currency,2021-09-02,1672086
PK39-3523915017,Syed Ahmed Afridi,H#317 St-29 NorthNazimabad Karachi,Askari Bank,Foreign Currency,2019-06-29,2426927
PK47-6962170984,Ahmed Afridi,"House 317, Street 29, North Nazimabad, Karachi",Bank Alfalah,Current,2020-04-25,3066350
PK30-8760807594,Sardar Ahmed Afridi,"House 317, Street 29, North Nazimabad, Karachi",Askari Bank,Savings,2018-01-14,1361894
PK11-7683071865,Yasir Niazi,"House 14, Street 14, Peoples Colony, Faisalabad",UBL,Savings,2024-12-02,5260775
PK20-2156880143,Yasir Niazi,"House 14, Street 14, Peoples Colony, Faisalabad",Allied Bank,Foreign Currency,2022-02-14,5831702
PK63-5940901313,Y. Niazi,"House No. 14, Gali 14, Peoples Colony, Faisalabad",JS Bank,Savings,2019-05-22,6169668
PK90-4605764455,Haji Wajahat Naqvi,مکان 110 گلی 5 Gulshan-e-Iqbal کراچی,Meezan Bank,Current,2020-09-26,5480734
PK59-6607459982,Wajahat Naqvi,H#110 St-5 Gulshan-e-Iqbal Karachi,Allied Bank,Foreign Currency,2023-05-08,2047595
PK53-7934389105,Iqra Warraich,H#304 St-20 HayatabadPhase3 Peshawar,Bank Alfalah,Current,2024-03-31,1749642
PK84-4887686760,Iqra Warraich,"House 304, Street 20, Hayatabad Phase 3, Peshawar",UBL,Current,2022-12-08,7825939
PK42-7896100658,Chaudhary Nadia Afridi,H#360 St-19 Westridge Rawalpindi,UBL,Savings,2023-01-14,5984667
PK38-9641991672,N. Afridi,"House 360, Street 19, Westridge, Rawalpindi",Allied Bank,Savings,2024-07-14,3993940
PK99-6697624703,N.Afridi,مکان 360 گلی 19 Westridge راولپنڈی,Allied Bank,Current,2022-02-02,5061612
PK15-5711837494,J.Mughal,مکان 15 گلی 8 Wapda Town لاہور,Bank Alfalah,Savings,2021-09-29,5941477
PK86-4465050319,Javeria Mughal,"House No. 15, Gali 8, Wapda Town, Lahore",Allied Bank,Current,2023-05-07,2463841
PK79-1208595620,J.Mughal,H#15 St-8 WapdaTown Lahore,Allied Bank,Savings,2021-08-23,7137870
PK48-6583785866,Noman Cheema,"House 90, Street 32, Chaklala Scheme 3, Rawalpindi",Bank Alfalah,Current,2025-11-06,5487602
PK32-4518487205,N. Cheema,H#90 St-32 ChaklalaScheme3 Rawalpindi,MCB,Foreign Currency,2022-12-29,2176154
PK38-2425296856,Hafsa Zaidi,مکان 301 گلی 36 I-8/4 اسلام آباد,Allied Bank,Savings,2018-01-16,4132407
PK61-8359051267,Hafsa Zaidi,H#301 St-36 I-8/4 Islamabad,UBL,Savings,2018-05-24,7686135
PK16-8288915576,H. Zaidi,"House 301, Street 36, I-8/4, Islamabad",Askari Bank,Savings,2025-05-08,1448885
PK15-4450164817,H. Zaidi,مکان 301 گلی 36 I-8/4 اسلام آباد,HBL,Current,2023-07-17,1826435
PK59-4585811391,Hamza Durrani,"House 117, Street 1, DHA Phase 6, Karachi",Meezan Bank,Current,2021-07-09,2342850
PK77-1334653348,Chaudhary Hamza Durrani,مکان 117 گلی 1 DHA Phase 6 کراچی,MCB,Savings,2019-05-02,3583232
PK76-5972703720,Hamza Durrani,"House 117, Street 1, DHA Phase 6, Karachi",Askari Bank,Current,2020-01-16,6385692
PK98-5713806130,H. Durrani,"House 117, Street 1, DHA Phase 6, Karachi",MCB,Foreign Currency,2023-01-18,7217123
PK45-7272228231,Khadija Tareen,مکان 65 گلی 2 Clifton Block 2 کراچی,MCB,Savings,2024-12-03,5956750
PK35-3111545453,K. Tareen,مکان 65 گلی 2 Clifton Block 2 کراچی,MCB,Savings,2025-06-20,3334652
PK71-3079547947,Mian Yousuf Kazmi,"House No. 113, Gali 32, Model Town, Lahore",Meezan Bank,Foreign Currency,2024-10-27,5601147
PK77-9552099280,Yousuf Kazmi,"House 113, Street 32, Model Town, Lahore",Allied Bank,Current,2020-09-21,1297424
PK31-5676640921,Sana ملک,"House No. 233, Gali 22, Cantt, Multan",Allied Bank,Savings,2025-04-11,6969543
PK89-4638434035,S. Malik,"House 233, Street 22, Cantt, Multan",Askari Bank,Savings,2020-03-17,4969533
PK60-8369951411,S. Malik,"House 233, Street 22, Cantt, Multan",HBL,Savings,2024-03-02,1446440
PK88-5314367687,Haji Sana Malik,"House No. 233, Gali 22, Cantt, Multan",Askari Bank,Current,2021-06-22,7337666
