trip_id,passenger_name,passenger_address,destination,departure_date,trip_class,est_trip_cost_pkr
TRP-5928043,Tooba Siddiqui,H#141 St-16 B-17 Islamabad,Jeddah,2024-11-08,Business,483662
TRP-3864474,Chaudhary Tooba Siddiqui,H#141 St-16 B-17 Islamabad,Jeddah,2026-04-10,Business,424713
TRP-4100890,T. Siddiqui,مکان 141 گلی 16 B-17 اسلام آباد,London,2024-01-15,Business,1286562
TRP-3980886,Asad راجہ,"House No. 184, Gali 23, Clifton Block 2, Karachi",Baku,2025-02-23,Business,294306
TRP-9680402,Asad راجہ,H#184 St-23 CliftonBlock2 Karachi,Istanbul,2024-09-20,Business,462886
TRP-9838407,A.Raja,مکان 184 گلی 23 Clifton Block 2 کراچی,Dubai,2024-09-17,Business,413008
TRP-5831336,A. Raja,"House No. 184, Gali 23, Clifton Block 2, Karachi",Istanbul,2024-09-12,Business,439766
TRP-9060352,Haji Farah Lodhi,مکان 332 گلی 5 Gulgasht Multan,Lahore,2024-01-01,Economy,50968
TRP-2275594,Sardar Noor Durrani,مکان 391 گلی 12 Wapda Town لاہور,Dubai,2025-10-29,Business,311012
TRP-1976246,Noor Durrani,"House 391, Street 12, Wapda Town, Lahore",Kuala Lumpur,2025-08-07,First,598503
TRP-7251201,N.Durrani,"House No. 391, Gali 12, Wapda Town, Lahore",Baku,2026-01-13,Business,302222
TRP-9640441,Malik Waseem Khokhar,مکان 227 گلی 36 Satellite Town راولپنڈی,Karachi,2024-10-29,Economy,54536
TRP-7399812,U. Mirza,"House 80, Street 13, North Nazimabad, Karachi",Kuala Lumpur,2025-06-25,Business,567192
TRP-2448717,Ubaid Mirza,"House 80, Street 13, North Nazimabad, Karachi",Baku,2024-12-19,Business,282134
TRP-6900463,U.Mirza,H#80 St-13 NorthNazimabad Karachi,Jeddah,2026-02-17,Business,459163
TRP-1824706,U. Mirza,H#80 St-13 NorthNazimabad Karachi,Baku,2024-05-29,Business,264092
TRP-8772927,Syed Ubaid Mirza,"House No. 80, Gali 13, North Nazimabad, Karachi",Jeddah,2025-09-22,First,504548
TRP-9657185,I.Sheikh,"House 258, Street 34, Madina Town, Faisalabad",Karachi,2026-04-05,Economy,65824
TRP-6523544,Haji Iqra Chaudhry,H#207 St-8 Cantt Multan,Lahore,2024-08-13,Economy,47385
TRP-4915104,Haji Nadeem Dar,H#161 St-16 Gulgasht Multan,Istanbul,2025-07-28,Business,493016
TRP-7859186,N.Dar,H#161 St-16 Gulgasht Multan,Dubai,2025-10-16,Business,484066
TRP-1700187,F.Khan,"House No. 38, Gali 35, Clifton Block 2, Karachi",Karachi,2025-03-13,Economy,71871
TRP-6490864,Yasir Sandhu,H#225 St-35 JoharTown Lahore,Dubai,2024-06-25,First,330392
TRP-5710444,Yasir Sandhu,H#225 St-35 JoharTown Lahore,Kuala Lumpur,2024-11-08,Business,522782
TRP-9903930,Haji Bushra Qureshi,مکان 60 گلی 7 Chaklala Scheme 3 راولپنڈی,Jeddah,2025-11-30,Business,521345
TRP-1714268,B. Qureshi,"House 60, Street 7, Chaklala Scheme 3, Rawalpindi",Istanbul,2024-12-31,First,527890
TRP-4649178,Bushra قریشی,"House 60, Street 7, Chaklala Scheme 3, Rawalpindi",Jeddah,2025-11-20,First,435135
TRP-1314439,Mian Noman Mehsud,"House No. 259, Gali 32, Shah Rukn-e-Alam, Multan",Baku,2026-01-12,First,381485
TRP-6860272,Syed Usman Gill,"House No. 342, Gali 7, Bahria Phase 4, Rawalpindi",Kuala Lumpur,2024-02-12,Business,528549
TRP-7255608,U.Gill,"House 342, Street 7, Bahria Phase 4, Rawalpindi",Istanbul,2024-05-05,First,346603
TRP-2835015,Babar ملک,"House No. 92, Gali 38, I-8/4, Islamabad",Dubai,2024-03-28,Business,384415
TRP-4147074,Babar ملک,"House No. 92, Gali 38, I-8/4, Islamabad",Baku,2024-05-27,Business,295185
TRP-2682205,Babar ملک,مکان 92 گلی 38 I-8/4 اسلام آباد,Jeddah,2026-03-10,Business,455653
TRP-4870352,Saqib Sial,مکان 60 گلی 25 D Ground Faisalabad,Istanbul,2024-09-13,Business,590966
TRP-9162832,Saqib Sial,H#60 St-25 DGround Faisalabad,Jeddah,2024-11-01,Business,406064
TRP-7892172,Atif Warraich,"House 284, Street 9, Shah Rukn-e-Alam, Multan",Istanbul,2025-08-09,First,359165
TRP-7408675,Atif Warraich,"House No. 284, Gali 9, Shah Rukn-e-Alam, Multan",Istanbul,2024-04-05,First,405876
TRP-2764731,Nasir Zaidi,"House 156, Street 19, Hayatabad Phase 3, Peshawar",Dubai,2025-05-10,First,386726
TRP-7074314,Rana Nasir Zaidi,"House No. 156, Gali 19, Hayatabad Phase 3, Peshawar",Baku,2025-03-04,First,344960
TRP-8649014,N. Zaidi,H#156 St-19 HayatabadPhase3 Peshawar,Kuala Lumpur,2025-01-31,Business,469092
TRP-5502386,Nasir Zaidi,H#156 St-19 HayatabadPhase3 Peshawar,Istanbul,2025-08-16,Business,498302
TRP-1925668,R.Kazmi,H#338 St-6 DHAPhase6 Karachi,Karachi,2025-01-01,Economy,55804
TRP-3052579,U. Tarar,"House 100, Street 25, Gulgasht, Multan",London,2025-05-07,Business,1292649
TRP-6469850,Ubaid Tarar,مکان 100 گلی 25 Gulgasht Multan,Dubai,2025-08-29,Business,420337
TRP-9799372,U.Tarar,H#100 St-25 Gulgasht Multan,Baku,2025-06-15,First,294581
TRP-1060841,Qasim Gondal,مکان 26 گلی 36 Westridge راولپنڈی,Karachi,2025-01-10,Economy,87937
TRP-9278067,H. Zaidi,H#387 St-29 MadinaTown Faisalabad,Kuala Lumpur,2025-12-06,Business,498884
TRP-1175585,H.Zaidi,"House 387, Street 29, Madina Town, Faisalabad",Jeddah,2026-03-25,Business,536513
TRP-8473146,Hina Zaidi,H#387 St-29 MadinaTown Faisalabad,Istanbul,2025-02-14,First,359624
TRP-8442905,Yousuf Joiya,"House No. 327, Gali 18, Johar Town, Lahore",London,2025-09-07,Business,1334553
TRP-6607731,Y.Joiya,"House No. 327, Gali 18, Johar Town, Lahore",Baku,2025-12-13,Business,449009
TRP-4078929,Syed Yousuf Joiya,مکان 327 گلی 18 Johar Town لاہور,Istanbul,2025-08-19,First,381197
TRP-6802014,Yousuf Joiya,H#327 St-18 JoharTown Lahore,London,2025-12-10,Business,869023
TRP-7643810,Chaudhary Pervez Rizvi,"House No. 280, Gali 39, Gulgasht, Multan",London,2025-05-18,First,1011345
TRP-1193365,Pervez Rizvi,"House No. 280, Gali 39, Gulgasht, Multan",Dubai,2024-05-08,Business,346964
TRP-2702398,R. Khokhar,H#390 St-25 GulbergIII Lahore,Istanbul,2024-10-27,First,582685
TRP-7279849,R. Khokhar,مکان 390 گلی 25 Gulberg III لاہور,Dubai,2024-09-04,Business,376406
TRP-2218410,R.Khokhar,"House 390, Street 25, Gulberg III, Lahore",Istanbul,2024-05-08,Business,553589
TRP-2607887,Rehan Khokhar,مکان 390 گلی 25 Gulberg III لاہور,Istanbul,2025-01-09,First,424309
TRP-3018711,A.Janjua,H#343 St-8 Westridge Rawalpindi,Lahore,2026-05-15,Economy,56153
TRP-5743218,Amna Mehsud,مکان 367 گلی 13 North Nazimabad کراچی,Baku,2026-01-14,Business,442088
TRP-1834110,A.Mehsud,مکان 367 گلی 13 North Nazimabad کراچی,London,2025-06-16,First,825395
TRP-6816315,Syed Amna Mehsud,H#367 St-13 NorthNazimabad Karachi,Istanbul,2025-02-25,First,571841
TRP-7501644,A.Mehsud,"House No. 367, Gali 13, North Nazimabad, Karachi",Istanbul,2025-07-31,Business,585393
TRP-6739511,Syed Asad Sial,"House 363, Street 10, Model Town, Lahore",Karachi,2025-06-03,Economy,89747
TRP-9152287,Wajahat Gilani,مکان 195 گلی 22 D Ground Faisalabad,Istanbul,2025-03-02,Business,424860
TRP-7558348,Wajahat Gilani,"House No. 195, Gali 22, D Ground, Faisalabad",Baku,2024-11-06,First,285282
TRP-3685540,Rana Wajahat Gilani,H#195 St-22 DGround Faisalabad,London,2024-09-14,First,876964
TRP-8620212,Nadeem Cheema,"House 360, Street 18, Wapda Town, Lahore",Lahore,2026-04-30,Economy,36650
TRP-8925498,Babar Gill,"House 139, Street 20, Shah Rukn-e-Alam, Multan",Lahore,2025-04-10,Economy,52866
TRP-1612597,Syed Sadia Mirza,"House 327, Street 32, Cantt, Multan",Dubai,2024-06-23,Business,358481
TRP-2445038,Mian Sadia Mirza,مکان 327 گلی 32 Cantt Multan,Istanbul,2024-08-20,Business,400656
TRP-9707087,Rana Sadia Mirza,مکان 327 گلی 32 Cantt Multan,Jeddah,2024-12-16,First,555210
TRP-2827004,S.Mirza,"House 327, Street 32, Cantt, Multan",London,2026-04-18,Business,1190232
TRP-8759588,Talha شیخ,"House 59, Street 5, Model Town, Lahore",Istanbul,2025-02-01,Business,428140
TRP-4153748,Sardar Talha Sheikh,"House No. 59, Gali 5, Model Town, Lahore",Baku,2025-02-06,First,333125
TRP-9977736,Talha شیخ,"House 59, Street 5, Model Town, Lahore",Kuala Lumpur,2024-10-30,First,487981
TRP-2863712,Adnan Gilani,"House 128, Street 8, DHA Phase 5, Lahore",Karachi,2026-04-17,Economy,63741
TRP-9501735,M. Bukhari,"House No. 292, Gali 40, Gulshan-e-Iqbal, Karachi",Baku,2025-10-02,Business,335696
TRP-8290462,Chaudhary Mubashir Bukhari,H#292 St-40 Gulshan-e-Iqbal Karachi,Baku,2024-05-30,Business,407402
TRP-2136149,Mubashir Bukhari,H#292 St-40 Gulshan-e-Iqbal Karachi,Jeddah,2024-12-17,Business,517733
TRP-3996034,L.Mirza,مکان 37 گلی 15 Shah Rukn-e-Alam Multan,Lahore,2024-08-09,Economy,37789
TRP-3687135,K.Warraich,مکان 277 گلی 32 Wapda Town لاہور,Baku,2024-08-02,First,318618
TRP-6490139,Mian Kinza Warraich,"House 277, Street 32, Wapda Town, Lahore",London,2025-12-01,Business,775717
TRP-1505595,حسن راجہ,مکان 392 گلی 18 Satellite Town راولپنڈی,Kuala Lumpur,2024-08-14,Business,505942
TRP-7467733,حسن راجہ,"House No. 392, Gali 18, Satellite Town, Rawalpindi",Baku,2024-01-10,Business,295236
TRP-8900187,Fahad Kakar,مکان 337 گلی 35 Clifton Block 2 کراچی,Jeddah,2026-05-19,First,527223
TRP-3124764,H.Malik,"House 123, Street 11, Gulgasht, Multan",Kuala Lumpur,2025-10-10,First,586060
TRP-4696468,H. Malik,مکان 123 گلی 11 Gulgasht Multan,Dubai,2025-06-15,First,498272
TRP-9612818,Rana Hamza Malik,مکان 123 گلی 11 Gulgasht Multan,London,2024-04-17,First,1218926
TRP-8841865,H.Malik,H#123 St-11 Gulgasht Multan,Kuala Lumpur,2024-02-22,Business,571177
TRP-7586532,Malik Ehsan Kazmi,H#145 St-20 DHAPhase5 Lahore,Jeddah,2025-04-14,Business,400449
TRP-6553502,Ehsan Kazmi,"House No. 145, Gali 20, DHA Phase 5, Lahore",Jeddah,2025-09-30,First,361501
TRP-3384327,Z.Joiya,"House 234, Street 1, G-13/1, Islamabad",Jeddah,2024-07-07,Business,359967
TRP-8451141,Mian Zeeshan Joiya,"House 234, Street 1, G-13/1, Islamabad",Kuala Lumpur,2025-02-14,Business,516439
TRP-1622874,Z.Joiya,مکان 234 گلی 1 G-13/1 اسلام آباد,Kuala Lumpur,2026-01-08,Business,662184
TRP-2808824,Z. Joiya,"House 234, Street 1, G-13/1, Islamabad",Jeddah,2024-02-27,Business,467252
TRP-1889459,Mian Ehsan Yousafzai,مکان 333 گلی 6 Shah Rukn-e-Alam Multan,Kuala Lumpur,2025-01-09,First,422676
TRP-9238780,E.Yousafzai,"House 333, Street 6, Shah Rukn-e-Alam, Multan",Istanbul,2026-05-14,First,552803
TRP-8156941,Haji Ehsan Yousafzai,H#333 St-6 ShahRukn-e-Alam Multan,Dubai,2025-12-12,First,506075
TRP-3967621,Haji Ehsan Yousafzai,H#333 St-6 ShahRukn-e-Alam Multan,Istanbul,2025-04-08,First,520667
TRP-9301669,Ehsan Yousafzai,"House No. 333, Gali 6, Shah Rukn-e-Alam, Multan",Baku,2024-01-15,First,255702
TRP-1859692,Y.Naqvi,"House 88, Street 12, DHA Phase 6, Karachi",Dubai,2026-04-14,Business,410422
TRP-7075376,Yasir Naqvi,H#88 St-12 DHAPhase6 Karachi,Jeddah,2024-01-13,First,334872
TRP-5849620,Yasir Naqvi,H#88 St-12 DHAPhase6 Karachi,Istanbul,2025-12-21,Business,348520
TRP-3888174,Yasir Naqvi,مکان 88 گلی 12 DHA Phase 6 کراچی,Dubai,2025-10-01,First,358704
TRP-6599609,Y. Naqvi,مکان 88 گلی 12 DHA Phase 6 کراچی,Baku,2026-02-05,First,400892
TRP-3801766,Malik Yasir Naqvi,مکان 88 گلی 12 DHA Phase 6 کراچی,Istanbul,2025-11-27,First,513926
TRP-9740342,Syed Danish Khokhar,مکان 236 گلی 17 Shah Rukn-e-Alam Multan,Istanbul,2024-03-21,First,410946
TRP-6625197,Hina Kazmi,"House 132, Street 31, Johar Town, Lahore",Lahore,2024-11-19,Economy,59162
TRP-7529675,U. Sandhu,مکان 345 گلی 17 Gulgasht Multan,Kuala Lumpur,2025-12-20,First,436949
TRP-9878239,U.Sandhu,مکان 345 گلی 17 Gulgasht Multan,London,2026-01-09,Business,852482
TRP-9105360,U.Sandhu,H#345 St-17 Gulgasht Multan,Kuala Lumpur,2026-05-01,First,510507
TRP-1121687,U.Sandhu,H#345 St-17 Gulgasht Multan,Dubai,2025-11-12,Business,484932
TRP-6821001,Haji Ubaid Sandhu,H#345 St-17 Gulgasht Multan,Istanbul,2024-12-16,First,385105
TRP-1283679,Mubashir Hashmi,"House No. 121, Gali 35, G-10/2, Islamabad",Jeddah,2026-04-18,Business,374056
TRP-4317311,Haji Mubashir Hashmi,مکان 121 گلی 35 G-10/2 اسلام آباد,Istanbul,2025-10-13,First,467660
TRP-8731063,Mubashir Hashmi,"House No. 121, Gali 35, G-10/2, Islamabad",Kuala Lumpur,2025-01-25,First,560384
TRP-7175540,M.Hashmi,"House No. 121, Gali 35, G-10/2, Islamabad",Jeddah,2024-12-27,First,407134
TRP-7221890,Chaudhary Mubashir Hashmi,"House No. 121, Gali 35, G-10/2, Islamabad",Istanbul,2024-11-27,Business,518965
TRP-3248209,Mubashir Hashmi,"House 121, Street 35, G-10/2, Islamabad",Baku,2025-03-29,Business,313570
TRP-7079661,R. Joiya,H#186 St-7 DHAPhase6 Karachi,Skardu,2026-01-10,Economy,116733
TRP-3665701,Ahmed Gill,H#302 St-21 HayatabadPhase3 Peshawar,Karachi,2024-10-05,Economy,88154
TRP-4153501,Hina Siddiqui,H#244 St-29 Cantt Multan,Dubai,2024-03-02,First,388258
TRP-1381009,Hina Siddiqui,"House No. 244, Gali 29, Cantt, Multan",Baku,2025-08-31,First,333505
TRP-7658917,H.Siddiqui,H#244 St-29 Cantt Multan,Kuala Lumpur,2026-01-02,Business,671143
TRP-4660789,H.Siddiqui,"House 244, Street 29, Cantt, Multan",London,2024-01-30,First,828235
TRP-5523361,R.Joiya,"House No. 174, Gali 30, Westridge, Rawalpindi",Jeddah,2024-09-21,Business,506155
TRP-5140593,R.Joiya,"House No. 174, Gali 30, Westridge, Rawalpindi",Kuala Lumpur,2026-05-19,Business,528700
TRP-5478131,Rauf Joiya,H#174 St-30 Westridge Rawalpindi,Dubai,2024-10-24,First,441253
TRP-5355728,Kashif Sandhu,H#35 St-6 Westridge Rawalpindi,Baku,2024-10-08,First,364584
TRP-8950071,K.Sandhu,"House 35, Street 6, Westridge, Rawalpindi",London,2024-01-16,First,866041
TRP-6548553,Kashif Sandhu,"House 35, Street 6, Westridge, Rawalpindi",Baku,2024-11-08,Business,370813
TRP-9314402,M.Mehsud,"House 14, Street 39, Gulgasht, Multan",Jeddah,2024-02-27,First,461398
TRP-3466780,Malik Mehwish Mehsud,H#14 St-39 Gulgasht Multan,Dubai,2024-12-08,Business,333177
TRP-1516641,Mehwish Mehsud,H#14 St-39 Gulgasht Multan,Jeddah,2025-02-19,First,464222
TRP-2013391,Mehwish Mehsud,مکان 14 گلی 39 Gulgasht Multan,Kuala Lumpur,2024-01-20,Business,540784
TRP-4410278,Mehwish Mehsud,"House No. 14, Gali 39, Gulgasht, Multan",Istanbul,2025-04-15,Business,446565
TRP-9885323,M. Mehsud,"House 14, Street 39, Gulgasht, Multan",Baku,2026-02-25,Business,416676
TRP-8339416,F. Khan,مکان 290 گلی 26 Bahria Phase 4 راولپنڈی,London,2024-08-19,Business,891773
TRP-7525330,Mian Farhan Khan,H#290 St-26 BahriaPhase4 Rawalpindi,Jeddah,2025-01-15,First,378002
TRP-4676232,F.Gill,"House 146, Street 38, Clifton Block 2, Karachi",Lahore,2025-08-29,Economy,47617
TRP-1384288,A.Mughal,H#236 St-24 Gulbahar Peshawar,Baku,2026-05-29,Business,335603
TRP-8504013,Atif Mughal,H#236 St-24 Gulbahar Peshawar,Istanbul,2025-11-11,First,473665
TRP-7091258,Chaudhary Atif Mughal,مکان 236 گلی 24 Gulbahar Peshawar,Kuala Lumpur,2026-03-25,Business,612665
TRP-1389380,Atif Mughal,"House 236, Street 24, Gulbahar, Peshawar",Kuala Lumpur,2025-02-28,First,650222
TRP-6425250,Hina Raja,H#382 St-22 Gulshan-e-Iqbal Karachi,Jeddah,2024-09-02,Business,449341
TRP-7542015,Haji Hina Raja,H#382 St-22 Gulshan-e-Iqbal Karachi,Kuala Lumpur,2024-09-28,Business,469714
TRP-8089455,Hussain Sheikh,H#40 St-6 GulbergIII Lahore,Kuala Lumpur,2025-08-28,Business,443204
TRP-7793903,Sardar Taimoor Qureshi,"House 366, Street 6, University Town, Peshawar",Dubai,2025-12-06,Business,355096
TRP-7829497,Taimoor Qureshi,"House 366, Street 6, University Town, Peshawar",Jeddah,2025-12-09,First,547038
TRP-1639900,Taimoor قریشی,"House No. 366, Gali 6, University Town, Peshawar",Istanbul,2025-03-11,First,408539
TRP-6912239,Taimoor Qureshi,مکان 366 گلی 6 University Town Peshawar,Kuala Lumpur,2025-11-27,First,624875
TRP-1582698,T.Qureshi,H#366 St-6 UniversityTown Peshawar,Kuala Lumpur,2025-12-09,First,459215
TRP-8251085,Taimoor قریشی,"House No. 366, Gali 6, University Town, Peshawar",Baku,2025-08-08,Business,349986
TRP-7555631,Haji Ibrahim Sandhu,H#210 St-22 ModelTown Lahore,Karachi,2025-06-21,Economy,89235
TRP-3506902,S. Shirazi,"House 159, Street 36, Cantt, Multan",London,2024-01-07,Business,1281667
TRP-5544401,Rana Shahzad Shirazi,H#159 St-36 Cantt Multan,Kuala Lumpur,2026-01-12,Business,614402
TRP-2260050,Sardar Shahzad Shirazi,"House 159, Street 36, Cantt, Multan",Istanbul,2026-04-06,First,473118
TRP-2598563,Umar Gondal,مکان 40 گلی 19 Bahria Phase 4 راولپنڈی,London,2025-12-29,Business,915300
TRP-4688768,Umar Gondal,"House 40, Street 19, Bahria Phase 4, Rawalpindi",Istanbul,2024-01-16,First,361221
TRP-6963830,U. Gondal,مکان 40 گلی 19 Bahria Phase 4 راولپنڈی,Istanbul,2024-12-26,First,421091
TRP-4582498,Umar Gondal,مکان 40 گلی 19 Bahria Phase 4 راولپنڈی,London,2024-05-05,First,897667
TRP-5641038,Umar Gondal,H#40 St-19 BahriaPhase4 Rawalpindi,London,2025-09-29,First,1257570
TRP-6608829,Syed Jawad Janjua,"House 192, Street 15, Clifton Block 2, Karachi",Dubai,2024-11-11,First,339230
TRP-7923925,Haji Jawad Janjua,H#192 St-15 CliftonBlock2 Karachi,London,2026-02-15,Business,918005
TRP-1214182,Jawad Janjua,"House 192, Street 15, Clifton Block 2, Karachi",Kuala Lumpur,2026-01-13,First,410945
TRP-5195801,J.Janjua,"House 192, Street 15, Clifton Block 2, Karachi",Baku,2024-11-15,Business,321812
TRP-4760977,Jawad Janjua,"House 192, Street 15, Clifton Block 2, Karachi",Baku,2025-01-25,First,374553
TRP-7390274,J.Janjua,H#192 St-15 CliftonBlock2 Karachi,Kuala Lumpur,2025-01-31,First,435590
TRP-8113716,Adnan Zaidi,مکان 271 گلی 28 Gulgasht Multan,Skardu,2024-02-05,Economy,116250
TRP-7371564,Rana Pervez Afridi,"House 235, Street 5, Gulbahar, Peshawar",Kuala Lumpur,2025-12-14,First,619841
TRP-8964456,P. Afridi,مکان 235 گلی 5 Gulbahar Peshawar,Dubai,2026-04-02,First,317374
TRP-7481438,P. Afridi,H#235 St-5 Gulbahar Peshawar,Dubai,2026-04-10,First,488243
TRP-2734089,Pervez Afridi,H#235 St-5 Gulbahar Peshawar,Istanbul,2025-02-21,First,474296
TRP-8582557,Pervez Afridi,H#235 St-5 Gulbahar Peshawar,Kuala Lumpur,2024-10-25,First,519179
TRP-4529481,Chaudhary Madiha Abbasi,"House No. 1, Gali 40, Model Town, Lahore",Kuala Lumpur,2025-11-15,Business,502394
TRP-8840700,Madiha Abbasi,مکان 1 گلی 40 Model Town لاہور,London,2025-04-26,First,1018137
TRP-2014393,M.Abbasi,"House 1, Street 40, Model Town, Lahore",Baku,2025-10-13,Business,438580
TRP-4059047,M. Abbasi,مکان 1 گلی 40 Model Town لاہور,Kuala Lumpur,2024-08-11,Business,419757
TRP-8746388,Mian Madiha Abbasi,"House No. 1, Gali 40, Model Town, Lahore",Baku,2025-11-19,Business,391477
TRP-7542448,Malik Kamran Naqvi,"House 260, Street 36, D Ground, Faisalabad",London,2025-03-14,First,1200360
TRP-9431822,Mian Kamran Naqvi,"House No. 260, Gali 36, D Ground, Faisalabad",Istanbul,2024-02-12,First,599094
TRP-4617370,Kamran Naqvi,H#260 St-36 DGround Faisalabad,Kuala Lumpur,2024-07-09,Business,517391
TRP-8310064,Kamran Naqvi,"House No. 260, Gali 36, D Ground, Faisalabad",Istanbul,2024-06-07,First,501021
TRP-3083695,Malik Kamran Naqvi,H#260 St-36 DGround Faisalabad,Dubai,2026-05-03,Business,502007
TRP-7747887,K.Naqvi,H#260 St-36 DGround Faisalabad,Kuala Lumpur,2024-08-12,Business,663122
TRP-9930441,Jawad Sandhu,"House No. 294, Gali 9, Clifton Block 2, Karachi",Kuala Lumpur,2024-10-17,First,534521
TRP-8596820,J.Sandhu,مکان 294 گلی 9 Clifton Block 2 کراچی,Baku,2024-10-06,Business,399133
TRP-3042377,حسن Saddozai,H#266 St-25 Westridge Rawalpindi,Dubai,2025-08-13,Business,352780
TRP-3288452,Haji Hassan Saddozai,مکان 266 گلی 25 Westridge راولپنڈی,Jeddah,2024-02-23,Business,438524
TRP-9153230,حسن Saddozai,"House 266, Street 25, Westridge, Rawalpindi",London,2025-01-31,Business,884195
TRP-9253380,Rana Hassan Saddozai,"House No. 266, Gali 25, Westridge, Rawalpindi",Baku,2025-05-22,Business,265034
TRP-6531488,Syed Hassan Saddozai,مکان 266 گلی 25 Westridge راولپنڈی,Istanbul,2024-11-29,First,512274
TRP-7238439,H.Saddozai,مکان 266 گلی 25 Westridge راولپنڈی,Jeddah,2024-01-03,Business,542013
TRP-9479318,Farah Gill,مکان 282 گلی 35 Cantt Multan,Dubai,2025-01-07,Business,326371
TRP-9870866,Mian Farah Gill,مکان 282 گلی 35 Cantt Multan,Dubai,2025-11-01,First,429536
TRP-7070827,Farah Gill,"House No. 282, Gali 35, Cantt, Multan",Baku,2026-05-17,Business,347250
TRP-4023092,Syed Farah Gill,مکان 282 گلی 35 Cantt Multan,Jeddah,2024-04-25,First,376245
TRP-4250427,Farah Gill,"House No. 282, Gali 35, Cantt, Multan",Kuala Lumpur,2024-01-07,First,522646
TRP-8936786,Ibrahim Kazmi,H#103 St-9 SatelliteTown Rawalpindi,Baku,2025-04-10,First,276983
TRP-6976827,I.Kazmi,مکان 103 گلی 9 Satellite Town راولپنڈی,Dubai,2025-08-15,Business,370119
TRP-3005179,F.Awan,"House No. 231, Gali 30, DHA Phase 5, Lahore",Istanbul,2024-08-26,First,581559
TRP-3461593,Faisal Awan,مکان 231 گلی 30 DHA Phase 5 لاہور,Dubai,2026-02-03,First,397790
TRP-4085936,Rana Faisal Awan,H#231 St-30 DHAPhase5 Lahore,Dubai,2025-07-19,Business,493743
TRP-8897047,Faisal Awan,مکان 231 گلی 30 DHA Phase 5 لاہور,Jeddah,2026-05-17,First,417028
TRP-8617079,F.Awan,مکان 231 گلی 30 DHA Phase 5 لاہور,Dubai,2024-12-29,Business,409789
TRP-4972084,Faisal Awan,"House 231, Street 30, DHA Phase 5, Lahore",Jeddah,2024-02-28,First,501113
TRP-1753024,Yasir Mehsud,مکان 233 گلی 5 Gulshan-e-Iqbal کراچی,Istanbul,2025-03-10,First,534221
TRP-9807052,Y.Mehsud,مکان 233 گلی 5 Gulshan-e-Iqbal کراچی,Jeddah,2025-07-08,Business,459096
TRP-6561358,E. Shirazi,مکان 368 گلی 21 Chaklala Scheme 3 راولپنڈی,Istanbul,2024-02-24,Business,495537
TRP-9236936,Haji Ehsan Shirazi,"House 368, Street 21, Chaklala Scheme 3, Rawalpindi",Istanbul,2024-04-26,Business,485217
TRP-3845703,A. Niazi,H#47 St-26 CliftonBlock2 Karachi,Baku,2025-08-06,First,255773
TRP-8462902,A. Niazi,"House No. 47, Gali 26, Clifton Block 2, Karachi",Dubai,2024-08-22,First,385069
TRP-6712992,Haji Anas Niazi,"House 47, Street 26, Clifton Block 2, Karachi",Dubai,2026-01-08,Business,392394
TRP-9816250,Anas Niazi,"House 47, Street 26, Clifton Block 2, Karachi",London,2025-03-28,First,828388
TRP-7261430,I.Hashmi,H#345 St-31 DGround Faisalabad,Jeddah,2025-08-02,Business,496860
TRP-4130926,Rida Sandhu,مکان 188 گلی 3 University Town Peshawar,Baku,2025-11-15,First,440137
TRP-7985065,Mian Rida Sandhu,"House 188, Street 3, University Town, Peshawar",Dubai,2024-11-16,Business,478566
TRP-3475502,Haji Luqman Kazmi,H#320 St-40 Gulshan-e-Iqbal Karachi,Karachi,2025-02-06,Economy,69587
TRP-5854314,Madiha Cheema,مکان 266 گلی 30 University Town Peshawar,Lahore,2025-11-13,Economy,59708
TRP-8844678,Waqas Warraich,"House No. 154, Gali 38, D Ground, Faisalabad",Istanbul,2024-01-08,First,595685
TRP-1055306,W.Warraich,مکان 154 گلی 38 D Ground Faisalabad,Jeddah,2026-01-10,First,462886
TRP-3388446,H. Shirazi,H#336 St-38 Gulshan-e-Iqbal Karachi,Baku,2024-09-24,Business,336862
TRP-9168229,حسن Shirazi,مکان 336 گلی 38 Gulshan-e-Iqbal کراچی,Jeddah,2024-02-10,Business,541229
TRP-6609114,Pervez Abbasi,"House 211, Street 33, DHA Phase 6, Karachi",Lahore,2024-01-28,Economy,40106
TRP-6730804,Shoaib Niazi,"House 361, Street 14, University Town, Peshawar",Istanbul,2025-10-22,First,555357
TRP-5706837,Shoaib Niazi,"House 361, Street 14, University Town, Peshawar",London,2025-05-25,First,1220632
TRP-1671929,S. Niazi,"House 361, Street 14, University Town, Peshawar",Jeddah,2024-12-22,First,521799
TRP-8771943,Naveed Qureshi,"House No. 301, Gali 16, D Ground, Faisalabad",Istanbul,2025-11-06,First,398273
TRP-8777595,N. Qureshi,H#301 St-16 DGround Faisalabad,Dubai,2024-11-11,First,447515
TRP-9101459,Syed Naveed Qureshi,"House 301, Street 16, D Ground, Faisalabad",Kuala Lumpur,2026-02-11,Business,569433
TRP-2115038,Obaid Cheema,"House 52, Street 9, Shah Rukn-e-Alam, Multan",Jeddah,2025-10-17,Business,329858
TRP-9200706,Obaid Cheema,H#52 St-9 ShahRukn-e-Alam Multan,Dubai,2026-01-24,First,445287
TRP-9530883,Zafar Khattak,مکان 165 گلی 19 Chaklala Scheme 3 راولپنڈی,Baku,2025-01-04,First,408730
TRP-3206368,Malik Zafar Khattak,"House No. 165, Gali 19, Chaklala Scheme 3, Rawalpindi",Istanbul,2025-12-21,First,468008
TRP-6899477,Rana Saad Tarar,مکان 19 گلی 26 Hayatabad Phase 3 Peshawar,Skardu,2024-04-13,Economy,75265
TRP-1952471,B. Mirza,H#69 St-33 NorthNazimabad Karachi,Lahore,2025-01-15,Economy,35526
TRP-1266895,Chaudhary Uzma Kayani,H#8 St-22 Cantt Multan,Dubai,2025-12-25,Business,418506
TRP-3716822,Uzma Kayani,مکان 8 گلی 22 Cantt Multan,Kuala Lumpur,2024-10-25,First,554391
TRP-1866900,N. Virk,مکان 386 گلی 18 Westridge راولپنڈی,Istanbul,2025-01-17,Business,476626
TRP-1311004,Nadeem Virk,"House 386, Street 18, Westridge, Rawalpindi",Baku,2025-04-28,Business,288700
TRP-9012615,Nadeem Virk,H#386 St-18 Westridge Rawalpindi,Kuala Lumpur,2026-02-10,Business,535315
TRP-6824539,N. Virk,H#386 St-18 Westridge Rawalpindi,Istanbul,2025-09-02,First,488261
TRP-3204608,N. Virk,H#386 St-18 Westridge Rawalpindi,Dubai,2024-03-18,First,481932
TRP-9658626,N.Virk,"House No. 386, Gali 18, Westridge, Rawalpindi",Kuala Lumpur,2024-04-27,First,488027
TRP-8327521,J.Yousafzai,H#69 St-31 BahriaPhase4 Rawalpindi,Jeddah,2025-03-15,First,557555
TRP-8509469,Jawad Yousafzai,مکان 69 گلی 31 Bahria Phase 4 راولپنڈی,Kuala Lumpur,2024-11-20,Business,515445
TRP-2216000,J. Yousafzai,"House No. 69, Gali 31, Bahria Phase 4, Rawalpindi",Dubai,2025-08-11,Business,497430
TRP-8233666,Mian Jawad Yousafzai,H#69 St-31 BahriaPhase4 Rawalpindi,Dubai,2024-09-21,Business,521943
TRP-1244778,Haji Jawad Yousafzai,"House 69, Street 31, Bahria Phase 4, Rawalpindi",Baku,2024-10-26,Business,349082
TRP-4571154,M.Wazir,"House 391, Street 16, Hayatabad Phase 3, Peshawar",Kuala Lumpur,2025-12-15,Business,391516
TRP-2227669,M. Wazir,مکان 391 گلی 16 Hayatabad Phase 3 Peshawar,Istanbul,2024-07-12,Business,492959
TRP-8275992,Maryam Wazir,مکان 391 گلی 16 Hayatabad Phase 3 Peshawar,Istanbul,2026-04-01,First,552255
TRP-9360674,Maryam Wazir,مکان 391 گلی 16 Hayatabad Phase 3 Peshawar,Dubai,2025-05-25,First,511040
TRP-8044912,F.Mehsud,مکان 47 گلی 33 Westridge راولپنڈی,Istanbul,2026-04-29,First,368720
TRP-7373169,F.Mehsud,"House 47, Street 33, Westridge, Rawalpindi",Baku,2024-10-30,First,336449
TRP-4870054,Fahad Mehsud,"House 47, Street 33, Westridge, Rawalpindi",Kuala Lumpur,2025-02-15,First,490895
TRP-5146853,Rabia Sheikh,H#345 St-20 MadinaTown Faisalabad,Istanbul,2024-04-01,Business,599954
TRP-5056973,Rabia Sheikh,"House 345, Street 20, Madina Town, Faisalabad",London,2024-04-21,Business,1233568
TRP-8123072,عثمان Sial,مکان 278 گلی 4 DHA Phase 5 لاہور,Istanbul,2024-06-21,Business,442266
TRP-5764012,U. Sial,مکان 278 گلی 4 DHA Phase 5 لاہور,Jeddah,2025-01-05,Business,442855
TRP-6257463,Uzma Durrani,"House No. 192, Gali 25, Shah Rukn-e-Alam, Multan",Istanbul,2024-03-08,First,572431
TRP-3367992,Syed Uzma Durrani,"House No. 192, Gali 25, Shah Rukn-e-Alam, Multan",Dubai,2024-07-13,First,308708
TRP-7192010,Uzma Durrani,H#192 St-25 ShahRukn-e-Alam Multan,Istanbul,2026-01-25,Business,584831
TRP-1907781,Uzma Durrani,مکان 192 گلی 25 Shah Rukn-e-Alam Multan,Kuala Lumpur,2024-09-28,First,383643
TRP-2443494,Uzma Durrani,"House 192, Street 25, Shah Rukn-e-Alam, Multan",London,2025-04-24,First,821272
TRP-1662570,Taimoor Shirazi,"House 25, Street 16, Gulgasht, Multan",London,2025-08-25,Business,1291214
TRP-8096688,T. Shirazi,H#25 St-16 Gulgasht Multan,Jeddah,2024-12-16,First,482411
TRP-8481705,Mian Taimoor Shirazi,مکان 25 گلی 16 Gulgasht Multan,Baku,2025-02-27,Business,348489
TRP-2458765,Syed Bushra Naqvi,مکان 154 گلی 18 Westridge راولپنڈی,Dubai,2025-07-24,First,303318
TRP-6509997,B. Naqvi,"House 154, Street 18, Westridge, Rawalpindi",Baku,2025-07-12,First,360006
TRP-5933474,B.Naqvi,مکان 154 گلی 18 Westridge راولپنڈی,London,2025-09-30,Business,794424
TRP-9485578,B. Naqvi,"House No. 154, Gali 18, Westridge, Rawalpindi",Baku,2024-11-06,First,339033
TRP-6435975,M.Rajput,"House 154, Street 10, Bahria Phase 4, Rawalpindi",Kuala Lumpur,2024-08-23,First,462373
TRP-4822824,M. Rajput,"House 154, Street 10, Bahria Phase 4, Rawalpindi",Kuala Lumpur,2025-07-11,Business,541753
TRP-7627705,Maryam Rajput,"House No. 154, Gali 10, Bahria Phase 4, Rawalpindi",Dubai,2025-04-25,First,430727
TRP-4414013,M.Rajput,مکان 154 گلی 10 Bahria Phase 4 راولپنڈی,London,2026-03-14,Business,1134508
TRP-2764943,Luqman Janjua,"House 170, Street 6, Johar Town, Lahore",Jeddah,2025-04-19,First,537598
TRP-3921984,Sardar Luqman Janjua,"House No. 170, Gali 6, Johar Town, Lahore",London,2025-06-26,Business,915449
TRP-2656383,M.Khan,مکان 380 گلی 8 Bahria Phase 4 راولپنڈی,Karachi,2026-01-12,Economy,62315
TRP-9210573,A.Kakar,"House 239, Street 35, Model Town, Lahore",Baku,2024-08-26,First,353320
TRP-8584715,Atif Kakar,"House 239, Street 35, Model Town, Lahore",Baku,2025-07-26,Business,449256
TRP-8541460,A.Kakar,"House No. 239, Gali 35, Model Town, Lahore",Jeddah,2025-11-06,First,528202
TRP-1939699,R.Malik,"House 300, Street 38, Wapda Town, Lahore",Lahore,2024-11-11,Economy,50502
TRP-3495920,Naveed Durrani,"House No. 95, Gali 35, Madina Town, Faisalabad",Karachi,2025-10-13,Economy,73934
TRP-6595038,B. Tareen,H#71 St-15 E-11/2 Islamabad,London,2026-05-27,First,1288548
TRP-3651430,Bilal Tareen,"House 71, Street 15, E-11/2, Islamabad",Baku,2025-02-24,First,292914
TRP-1991544,Bilal Tareen,"House No. 71, Gali 15, E-11/2, Islamabad",Istanbul,2025-12-08,Business,363885
TRP-4292447,Rana Bilal Tareen,"House No. 71, Gali 15, E-11/2, Islamabad",Baku,2024-06-30,First,296297
TRP-9407200,I.Yousafzai,H#316 St-31 Gulgasht Multan,Kuala Lumpur,2024-09-16,First,595568
TRP-4597163,عمران Yousafzai,مکان 316 گلی 31 Gulgasht Multan,Istanbul,2025-10-22,Business,433634
TRP-4548029,Mian Hina Butt,مکان 355 گلی 37 Bahria Phase 4 راولپنڈی,Baku,2025-02-06,Business,431817
TRP-2373845,H. Butt,"House 355, Street 37, Bahria Phase 4, Rawalpindi",Istanbul,2024-02-28,Business,470106
TRP-7533381,H. Butt,H#355 St-37 BahriaPhase4 Rawalpindi,London,2025-01-23,First,1255499
TRP-2741191,Hina بٹ,H#355 St-37 BahriaPhase4 Rawalpindi,Istanbul,2026-05-25,First,429760
TRP-2021485,Hina بٹ,H#355 St-37 BahriaPhase4 Rawalpindi,Istanbul,2024-11-25,First,437110
TRP-3642035,Rana Hina Butt,H#355 St-37 BahriaPhase4 Rawalpindi,Istanbul,2025-04-26,First,538584
TRP-5745746,S. Bhatti,مکان 301 گلی 10 F-8/3 اسلام آباد,London,2024-11-23,First,1285031
TRP-8780891,F.Cheema,H#305 St-26 DGround Faisalabad,Baku,2026-05-23,First,321703
TRP-7332982,Mian Faisal Cheema,"House No. 305, Gali 26, D Ground, Faisalabad",Baku,2024-11-01,First,375408
TRP-4490119,Syed Faisal Cheema,"House 305, Street 26, D Ground, Faisalabad",Dubai,2025-09-20,First,480847
TRP-5196288,F. Cheema,"House No. 305, Gali 26, D Ground, Faisalabad",Jeddah,2026-03-01,Business,349646
TRP-2127758,Sadia Virk,مکان 349 گلی 38 DHA Phase 6 کراچی,Kuala Lumpur,2024-10-27,First,509023
TRP-3422288,S. Virk,"House 349, Street 38, DHA Phase 6, Karachi",Istanbul,2024-01-31,First,358863
TRP-3850029,Sardar Sadia Virk,H#349 St-38 DHAPhase6 Karachi,Istanbul,2026-05-24,First,468833
TRP-6540402,Haji Sadia Virk,"House 349, Street 38, DHA Phase 6, Karachi",Istanbul,2026-03-17,Business,470547
TRP-5018375,S.Sandhu,H#53 St-9 UniversityTown Peshawar,Dubai,2025-02-01,First,390168
TRP-6731686,Sufyan Sandhu,"House No. 53, Gali 9, University Town, Peshawar",Dubai,2024-05-02,First,324019
TRP-4675611,S. Sandhu,"House No. 53, Gali 9, University Town, Peshawar",Dubai,2025-03-01,Business,340125
TRP-9738199,Sardar Sajid Niazi,"House 75, Street 5, Model Town, Lahore",Skardu,2024-01-02,Economy,109561
TRP-9637783,I. Kayani,"House 305, Street 40, Westridge, Rawalpindi",Skardu,2024-09-05,Economy,111409
TRP-5900791,Ibrahim Siddiqui,"House No. 304, Gali 35, Peoples Colony, Faisalabad",Kuala Lumpur,2024-06-12,Business,530995
TRP-1066735,Ibrahim Siddiqui,"House No. 304, Gali 35, Peoples Colony, Faisalabad",London,2024-05-03,First,1108454
TRP-9332433,I.Siddiqui,"House No. 304, Gali 35, Peoples Colony, Faisalabad",Baku,2025-08-11,Business,302987
TRP-1697733,B.Abbasi,H#194 St-5 ShahRukn-e-Alam Multan,Kuala Lumpur,2024-01-01,Business,391002
TRP-4601466,Bushra Abbasi,"House 194, Street 5, Shah Rukn-e-Alam, Multan",London,2024-03-09,Business,771672
TRP-8162586,B.Abbasi,مکان 194 گلی 5 Shah Rukn-e-Alam Multan,Kuala Lumpur,2024-08-13,First,430438
TRP-4344388,B.Abbasi,H#194 St-5 ShahRukn-e-Alam Multan,Dubai,2024-10-29,First,411997
TRP-3049340,Syed Javeria Tarar,مکان 185 گلی 35 Peoples Colony Faisalabad,Baku,2024-01-14,Business,259987
TRP-1932739,Javeria Tarar,مکان 185 گلی 35 Peoples Colony Faisalabad,Kuala Lumpur,2025-06-02,First,457857
TRP-4888833,Rana Javeria Tarar,مکان 185 گلی 35 Peoples Colony Faisalabad,Baku,2026-05-14,First,401881
TRP-1544132,Javeria Tarar,"House 185, Street 35, Peoples Colony, Faisalabad",London,2024-08-03,Business,1101010
TRP-5142337,Uzma Yousafzai,مکان 331 گلی 26 G-13/1 اسلام آباد,Karachi,2025-04-24,Economy,66178
TRP-2303237,F.Saddozai,مکان 298 گلی 37 D Ground Faisalabad,Dubai,2025-03-24,First,389863
TRP-9276082,Fatima Saddozai,H#298 St-37 DGround Faisalabad,Baku,2025-12-22,Business,403831
TRP-2847199,Asad Mehsud,مکان 380 گلی 16 Hayatabad Phase 3 Peshawar,Baku,2026-01-02,First,368101
TRP-6079546,Danish Warraich,مکان 96 گلی 28 Cantt Multan,Istanbul,2026-02-12,First,433675
TRP-8157702,Danish Warraich,مکان 96 گلی 28 Cantt Multan,Dubai,2024-04-04,Business,331115
TRP-7151970,Danish Warraich,مکان 96 گلی 28 Cantt Multan,Jeddah,2025-07-06,First,547084
TRP-3645723,L.Dar,H#386 St-5 ChaklalaScheme3 Rawalpindi,Lahore,2025-06-10,Economy,54006
TRP-1428396,Rana Talha Sandhu,"House 262, Street 25, Cantt, Multan",Skardu,2026-05-10,Economy,90133
TRP-3782239,Sardar Mustafa Afridi,H#331 St-12 DGround Faisalabad,Skardu,2024-06-09,Economy,68300
TRP-1793107,T. Yousafzai,مکان 5 گلی 32 I-8/4 اسلام آباد,Istanbul,2024-12-29,First,394726
TRP-5463027,T. Yousafzai,"House No. 5, Gali 32, I-8/4, Islamabad",Kuala Lumpur,2026-01-25,Business,438390
TRP-9770069,T.Yousafzai,"House No. 5, Gali 32, I-8/4, Islamabad",Dubai,2026-04-20,Business,362902
TRP-1872176,O.Mehsud,"House No. 364, Gali 29, North Nazimabad, Karachi",Skardu,2024-10-22,Economy,81372
TRP-5145090,Chaudhary Zubair Butt,مکان 276 گلی 19 Johar Town لاہور,Kuala Lumpur,2025-02-09,First,523821
TRP-7265745,Z. Butt,مکان 276 گلی 19 Johar Town لاہور,Baku,2024-10-23,Business,297320
TRP-8039372,R.Gill,"House 306, Street 35, Madina Town, Faisalabad",Baku,2024-05-28,First,318899
TRP-3681217,Rabia Gill,H#306 St-35 MadinaTown Faisalabad,Baku,2026-05-11,Business,287418
TRP-9959503,Rabia Gill,H#306 St-35 MadinaTown Faisalabad,Baku,2024-09-21,Business,376781
TRP-6539664,Malik Gul Qureshi,مکان 31 گلی 18 Westridge راولپنڈی,Kuala Lumpur,2026-01-30,First,458147
TRP-9144052,Gul قریشی,H#31 St-18 Westridge Rawalpindi,Kuala Lumpur,2025-01-18,Business,615611
TRP-9060455,G. Qureshi,مکان 31 گلی 18 Westridge راولپنڈی,Jeddah,2026-04-23,First,567971
TRP-7144239,Gul قریشی,مکان 31 گلی 18 Westridge راولپنڈی,Baku,2025-12-20,Business,441176
TRP-2122845,Gul Qureshi,"House No. 31, Gali 18, Westridge, Rawalpindi",Baku,2024-07-11,Business,324148
TRP-1925152,G.Qureshi,مکان 31 گلی 18 Westridge راولپنڈی,Jeddah,2025-07-25,First,371174
TRP-9560995,Haji Gul Warraich,"House No. 296, Gali 18, DHA Phase 6, Karachi",Istanbul,2025-05-09,Business,427220
TRP-5743921,G.Warraich,مکان 296 گلی 18 DHA Phase 6 کراچی,Dubai,2025-06-08,Business,520696
TRP-8098614,U. Qureshi,"House 9, Street 8, Shah Rukn-e-Alam, Multan",Lahore,2024-07-21,Economy,58385
TRP-4759638,Uzma Mehsud,"House No. 272, Gali 37, Satellite Town, Rawalpindi",Karachi,2026-02-01,Economy,67876
TRP-3919524,R.Virk,"House No. 162, Gali 9, Model Town, Lahore",Dubai,2024-08-24,First,325429
TRP-6777863,Rana Rida Virk,مکان 162 گلی 9 Model Town لاہور,London,2026-04-20,Business,859184
TRP-6444247,N. Shirazi,H#338 St-20 DHAPhase5 Lahore,London,2025-09-22,Business,843350
TRP-7041197,N.Shirazi,مکان 338 گلی 20 DHA Phase 5 لاہور,London,2024-07-04,First,1031869
TRP-8480982,Chaudhary Noor Shirazi,H#338 St-20 DHAPhase5 Lahore,Istanbul,2024-04-19,First,388542
TRP-9465946,A.Kayani,مکان 31 گلی 26 Satellite Town راولپنڈی,London,2025-02-08,Business,952046
TRP-9194708,Syed Ahmed Kayani,"House No. 31, Gali 26, Satellite Town, Rawalpindi",Istanbul,2024-04-20,First,565430
TRP-7669589,A.Kayani,"House 31, Street 26, Satellite Town, Rawalpindi",Dubai,2025-10-09,Business,448514
TRP-9926023,T.Afridi,"House No. 316, Gali 10, D Ground, Faisalabad",Istanbul,2024-02-19,Business,513060
TRP-6025723,Tariq Afridi,"House 316, Street 10, D Ground, Faisalabad",Dubai,2024-09-19,Business,404496
TRP-2258496,T. Afridi,"House 316, Street 10, D Ground, Faisalabad",Baku,2026-03-18,First,271641
TRP-1591068,T.Afridi,"House No. 316, Gali 10, D Ground, Faisalabad",Jeddah,2025-02-07,First,542185
TRP-7116762,Syed Rida Siddiqui,H#172 St-28 HayatabadPhase3 Peshawar,Jeddah,2024-06-07,Business,494102
TRP-3175100,Rida Siddiqui,مکان 172 گلی 28 Hayatabad Phase 3 Peshawar,Istanbul,2025-03-23,Business,341492
TRP-3539422,R. Siddiqui,H#172 St-28 HayatabadPhase3 Peshawar,Jeddah,2025-09-14,Business,519952
TRP-3411214,Rida Siddiqui,مکان 172 گلی 28 Hayatabad Phase 3 Peshawar,Istanbul,2026-01-13,Business,431194
TRP-7877664,Haji Rida Siddiqui,H#172 St-28 HayatabadPhase3 Peshawar,Kuala Lumpur,2025-02-24,First,631269
TRP-1824058,Anas Khokhar,مکان 29 گلی 32 Madina Town Faisalabad,Skardu,2026-04-18,Economy,116648
TRP-4042014,L. Abbasi,مکان 284 گلی 27 Satellite Town راولپنڈی,Karachi,2025-07-16,Economy,85556
TRP-4971929,R. Niazi,"House No. 125, Gali 30, Gulgasht, Multan",Istanbul,2026-03-21,Business,567963
TRP-8923957,Sardar Rabia Niazi,"House 125, Street 30, Gulgasht, Multan",Istanbul,2025-08-07,First,599358
TRP-9451843,R. Niazi,"House 125, Street 30, Gulgasht, Multan",London,2025-08-31,First,1300992
TRP-9222291,Rabia Niazi,"House No. 125, Gali 30, Gulgasht, Multan",Kuala Lumpur,2025-10-10,First,529992
TRP-3454509,R.Niazi,H#125 St-30 Gulgasht Multan,Kuala Lumpur,2025-04-21,First,454908
TRP-7857619,Rida Niazi,H#272 St-16 F-8/3 Islamabad,Dubai,2024-03-07,Business,419150
TRP-7511684,Rida Niazi,مکان 272 گلی 16 F-8/3 اسلام آباد,Istanbul,2026-04-27,Business,465711
TRP-6596864,R. Niazi,مکان 272 گلی 16 F-8/3 اسلام آباد,Kuala Lumpur,2026-04-13,Business,415154
TRP-6458188,Danish Naqvi,H#235 St-6 Gulshan-e-Iqbal Karachi,Istanbul,2024-12-16,First,471001
TRP-8929430,D. Naqvi,"House 235, Street 6, Gulshan-e-Iqbal, Karachi",Istanbul,2025-06-23,Business,379758
TRP-1275417,Chaudhary Danish Naqvi,"House No. 235, Gali 6, Gulshan-e-Iqbal, Karachi",Dubai,2024-03-01,First,464744
TRP-5105303,Danish Naqvi,مکان 235 گلی 6 Gulshan-e-Iqbal کراچی,Istanbul,2025-06-19,Business,451311
TRP-2922342,Danish Naqvi,"House No. 235, Gali 6, Gulshan-e-Iqbal, Karachi",Jeddah,2025-10-12,First,478532
TRP-2498750,D. Naqvi,"House No. 235, Gali 6, Gulshan-e-Iqbal, Karachi",Baku,2024-01-18,First,340887
TRP-9482758,Rashid راجہ,"House 183, Street 26, Cantt, Multan",Skardu,2025-04-22,Economy,114994
TRP-5795036,Mian Hassan Warraich,"House 285, Street 36, University Town, Peshawar",Lahore,2025-11-06,Economy,51502
TRP-6898403,Malik Hamza Khan,"House No. 67, Gali 13, F-8/3, Islamabad",Kuala Lumpur,2026-03-02,Business,635884
TRP-1111203,Haji Hamza Khan,"House 67, Street 13, F-8/3, Islamabad",Istanbul,2025-06-06,First,508280
TRP-4376481,N.Warraich,مکان 196 گلی 28 Clifton Block 2 کراچی,Karachi,2025-05-21,Economy,57122
TRP-2581206,Haji Adnan Butt,H#316 St-16 DGround Faisalabad,Kuala Lumpur,2024-09-23,Business,634124
TRP-2416999,Adnan Butt,مکان 316 گلی 16 D Ground Faisalabad,Kuala Lumpur,2024-01-13,First,629964
TRP-7376280,Chaudhary Adnan Butt,"House No. 316, Gali 16, D Ground, Faisalabad",London,2025-02-10,Business,1321086
TRP-3929121,A. Butt,"House No. 316, Gali 16, D Ground, Faisalabad",Baku,2025-05-21,Business,283198
TRP-7505169,Malik Zainab Niazi,مکان 20 گلی 6 Westridge راولپنڈی,Dubai,2024-08-20,Business,324110
TRP-5912955,Zainab Niazi,H#20 St-6 Westridge Rawalpindi,Dubai,2024-07-13,Business,299274
TRP-7949344,Rana Babar Yousafzai,مکان 175 گلی 12 Bahria Phase 4 راولپنڈی,Baku,2024-10-28,Business,443538
TRP-8478464,B.Yousafzai,مکان 175 گلی 12 Bahria Phase 4 راولپنڈی,Istanbul,2025-11-11,First,490793
TRP-5100194,Haji Rida Sial,مکان 250 گلی 21 Gulbahar Peshawar,Dubai,2026-05-08,First,356542
TRP-2067892,Rida Sial,"House No. 250, Gali 21, Gulbahar, Peshawar",Dubai,2024-10-24,Business,475210
TRP-1960508,R.Sial,H#250 St-21 Gulbahar Peshawar,Jeddah,2026-05-22,First,341554
TRP-2283510,F.Kayani,"House No. 369, Gali 1, Hayatabad Phase 3, Peshawar",London,2024-02-19,First,1340341
TRP-4594798,F.Kayani,"House 369, Street 1, Hayatabad Phase 3, Peshawar",Kuala Lumpur,2024-03-25,Business,534114
TRP-7674448,Farhan Kayani,مکان 369 گلی 1 Hayatabad Phase 3 Peshawar,Kuala Lumpur,2024-01-19,First,431976
TRP-3341165,Obaid Hashmi,H#280 St-25 Gulshan-e-Iqbal Karachi,Kuala Lumpur,2024-08-02,Business,662004
TRP-6525134,O.Hashmi,مکان 280 گلی 25 Gulshan-e-Iqbal کراچی,London,2024-12-20,Business,1247369
TRP-4593504,Obaid Hashmi,مکان 280 گلی 25 Gulshan-e-Iqbal کراچی,Jeddah,2024-06-28,First,495728
TRP-2670087,Z.Malik,"House 54, Street 5, Gulberg III, Lahore",Jeddah,2024-05-10,Business,344011
TRP-2739273,Zubair Malik,"House 54, Street 5, Gulberg III, Lahore",Istanbul,2024-09-02,Business,353188
TRP-8976291,Malik Zubair Malik,"House No. 54, Gali 5, Gulberg III, Lahore",Dubai,2026-02-22,Business,338022
TRP-7794867,Zubair ملک,"House No. 54, Gali 5, Gulberg III, Lahore",Istanbul,2025-12-29,Business,384337
TRP-3115640,Z. Malik,H#54 St-5 GulbergIII Lahore,London,2026-05-26,Business,1295214
TRP-9121780,Z. Malik,"House No. 54, Gali 5, Gulberg III, Lahore",Kuala Lumpur,2025-12-21,First,399826
TRP-9147778,Salman Khattak,H#95 St-24 MadinaTown Faisalabad,Karachi,2024-01-29,Economy,67152
TRP-2656180,Mahnoor Gondal,مکان 199 گلی 34 Peoples Colony Faisalabad,Skardu,2026-03-30,Economy,116751
TRP-6857170,Saad Mughal,مکان 65 گلی 3 Bahria Phase 4 راولپنڈی,Karachi,2024-03-14,Economy,83873
TRP-5152442,Sana Khokhar,مکان 359 گلی 40 Hayatabad Phase 3 Peshawar,London,2024-02-29,Business,976899
TRP-2671685,S.Khokhar,"House No. 359, Gali 40, Hayatabad Phase 3, Peshawar",Baku,2024-10-26,First,329046
TRP-8507798,Syed Luqman Khattak,"House 20, Street 12, North Nazimabad, Karachi",Baku,2024-01-27,First,419914
TRP-4566116,Luqman Khattak,مکان 20 گلی 12 North Nazimabad کراچی,Baku,2025-11-08,First,421865
TRP-9010589,L.Khattak,"House 20, Street 12, North Nazimabad, Karachi",Baku,2024-10-05,Business,324310
TRP-8852917,Luqman Khattak,H#20 St-12 NorthNazimabad Karachi,Baku,2025-01-08,Business,390956
TRP-1442661,حسین Warraich,H#26 St-31 JoharTown Lahore,Lahore,2026-03-10,Economy,34256
TRP-2781252,O.Lodhi,"House No. 357, Gali 7, University Town, Peshawar",Baku,2025-07-31,Business,369351
TRP-4238752,O.Lodhi,"House No. 357, Gali 7, University Town, Peshawar",Baku,2024-01-23,First,411549
TRP-3951648,Chaudhary Owais Lodhi,"House 357, Street 7, University Town, Peshawar",Istanbul,2025-02-01,Business,430657
TRP-2333118,Shoaib Khattak,"House 138, Street 27, Bahria Phase 4, Rawalpindi",Karachi,2026-01-06,Economy,63608
TRP-2390924,Rana Ubaid Kayani,H#155 St-34 Westridge Rawalpindi,Dubai,2024-03-12,Business,427669
TRP-7819007,Ubaid Kayani,H#155 St-34 Westridge Rawalpindi,Istanbul,2025-05-08,First,496110
TRP-5597462,U.Kayani,مکان 155 گلی 34 Westridge راولپنڈی,London,2025-03-03,Business,1260697
TRP-7038913,Nasir Wazir,H#370 St-2 JoharTown Lahore,Baku,2025-09-02,First,331329
TRP-2757791,Nasir Wazir,"House No. 370, Gali 2, Johar Town, Lahore",Jeddah,2024-09-14,Business,536789
TRP-4901650,Syed Junaid Wazir,"House 151, Street 7, Peoples Colony, Faisalabad",Karachi,2024-09-22,Economy,59006
TRP-1097573,Haji Hamza Mehsud,"House 212, Street 4, Gulshan-e-Iqbal, Karachi",Dubai,2024-08-18,First,487813
TRP-7947256,Hamza Mehsud,مکان 212 گلی 4 Gulshan-e-Iqbal کراچی,Jeddah,2025-01-28,First,462612
TRP-1940967,Ubaid Abbasi,H#399 St-6 JoharTown Lahore,Istanbul,2024-12-03,Business,405751
TRP-2541340,U.Abbasi,مکان 399 گلی 6 Johar Town لاہور,Dubai,2026-03-04,First,300561
TRP-3048243,U. Abbasi,"House 399, Street 6, Johar Town, Lahore",Istanbul,2025-06-27,First,362826
TRP-7020608,Ubaid Abbasi,"House No. 399, Gali 6, Johar Town, Lahore",Dubai,2024-04-14,Business,302519
TRP-8225598,Malik Waseem Dar,مکان 296 گلی 11 Hayatabad Phase 3 Peshawar,London,2025-12-10,Business,814162
TRP-6286790,Waseem Dar,"House No. 296, Gali 11, Hayatabad Phase 3, Peshawar",Istanbul,2025-01-16,First,483500
TRP-7176698,Waseem Dar,"House No. 296, Gali 11, Hayatabad Phase 3, Peshawar",Dubai,2024-04-21,First,384285
TRP-5113083,Nasir Sial,مکان 3 گلی 3 North Nazimabad کراچی,Lahore,2024-11-06,Economy,46149
TRP-8542815,Mahnoor Niazi,"House No. 24, Gali 20, Satellite Town, Rawalpindi",Jeddah,2024-04-13,First,568370
TRP-9822878,Rehan Durrani,"House No. 259, Gali 11, G-13/1, Islamabad",Lahore,2024-03-23,Economy,42674
TRP-7479277,M. Yousafzai,"House 25, Street 7, G-13/1, Islamabad",Baku,2025-09-06,First,354644
TRP-8171161,Rana Maryam Yousafzai,H#25 St-7 G-13/1 Islamabad,Istanbul,2024-11-19,First,512637
TRP-3511364,Mian Maryam Yousafzai,مکان 25 گلی 7 G-13/1 اسلام آباد,Istanbul,2024-06-27,Business,488863
TRP-7046547,S.Kayani,"House No. 106, Gali 1, DHA Phase 6, Karachi",London,2025-05-24,First,1140233
TRP-2266160,Syed Laiba Orakzai,"House 54, Street 33, Westridge, Rawalpindi",Lahore,2025-08-03,Economy,57583
TRP-4875401,Noman Orakzai,H#121 St-1 Gulshan-e-Iqbal Karachi,Istanbul,2025-10-04,Business,496804
TRP-8683706,Mian Noman Orakzai,"House No. 121, Gali 1, Gulshan-e-Iqbal, Karachi",Baku,2024-08-20,Business,406262
TRP-6185544,Rana Noman Orakzai,مکان 121 گلی 1 Gulshan-e-Iqbal کراچی,London,2025-05-25,First,1278720
TRP-5948188,N.Orakzai,مکان 121 گلی 1 Gulshan-e-Iqbal کراچی,Dubai,2025-10-13,First,461157
TRP-9066931,N. Orakzai,H#121 St-1 Gulshan-e-Iqbal Karachi,Kuala Lumpur,2025-11-08,First,412561
TRP-5906655,F. Chaudhry,"House No. 52, Gali 17, Gulgasht, Multan",Kuala Lumpur,2025-04-05,First,633138
TRP-1344768,F.Chaudhry,H#52 St-17 Gulgasht Multan,Kuala Lumpur,2025-12-08,Business,428143
TRP-2230176,Fatima Chaudhry,"House 52, Street 17, Gulgasht, Multan",London,2024-07-05,First,945511
TRP-6262297,F. Warraich,مکان 140 گلی 25 North Nazimabad کراچی,Skardu,2025-04-02,Economy,112317
TRP-6322728,W. Qureshi,"House 292, Street 29, North Nazimabad, Karachi",Baku,2024-03-19,First,286886
TRP-4462916,Waqas قریشی,"House 292, Street 29, North Nazimabad, Karachi",Istanbul,2025-03-31,First,455977
TRP-2627821,Sardar Waqas Qureshi,"House No. 292, Gali 29, North Nazimabad, Karachi",London,2024-09-14,First,1238389
TRP-7301661,Mian Waqas Qureshi,مکان 292 گلی 29 North Nazimabad کراچی,Dubai,2024-09-26,Business,423276
TRP-3367380,W.Qureshi,مکان 292 گلی 29 North Nazimabad کراچی,Dubai,2024-03-17,First,399981
TRP-7946251,Waqas قریشی,مکان 292 گلی 29 North Nazimabad کراچی,London,2025-11-21,Business,1288984
TRP-6211317,Z.Hashmi,"House 226, Street 3, E-11/2, Islamabad",Dubai,2025-03-04,Business,488075
TRP-4696043,Z.Hashmi,H#226 St-3 E-11/2 Islamabad,Istanbul,2026-05-06,Business,423714
TRP-3766822,Zafar Hashmi,مکان 226 گلی 3 E-11/2 اسلام آباد,Istanbul,2024-03-12,First,378722
TRP-3552021,Nadia Kakar,"House 243, Street 24, D Ground, Faisalabad",Lahore,2025-02-23,Economy,57102
TRP-4560994,Syed Ghulam Afridi,H#281 St-34 UniversityTown Peshawar,London,2024-05-28,First,1302816
TRP-8943593,Ghulam Afridi,"House No. 281, Gali 34, University Town, Peshawar",Baku,2025-08-14,First,420815
TRP-8090795,Ghulam Afridi,"House No. 281, Gali 34, University Town, Peshawar",London,2026-01-29,First,919392
TRP-5668388,Syed Ghulam Afridi,H#281 St-34 UniversityTown Peshawar,Jeddah,2024-04-03,Business,452079
TRP-5909113,Noor Tarar,مکان 313 گلی 13 I-8/4 اسلام آباد,Kuala Lumpur,2025-07-08,Business,534422
TRP-7128954,Syed Noor Tarar,مکان 313 گلی 13 I-8/4 اسلام آباد,London,2025-08-13,Business,1272365
TRP-8927894,Madiha Cheema,"House 24, Street 38, E-11/2, Islamabad",Kuala Lumpur,2026-04-08,First,455090
TRP-2262586,M. Cheema,H#24 St-38 E-11/2 Islamabad,London,2025-11-01,Business,1340904
TRP-7548922,Haji Madiha Cheema,"House No. 24, Gali 38, E-11/2, Islamabad",Kuala Lumpur,2026-05-15,Business,604644
TRP-7525014,Sardar Madiha Cheema,"House No. 24, Gali 38, E-11/2, Islamabad",Baku,2024-12-06,Business,285913
TRP-7433210,M. Cheema,H#24 St-38 E-11/2 Islamabad,Istanbul,2024-06-05,Business,480829
TRP-1960694,M. Orakzai,H#365 St-36 MadinaTown Faisalabad,London,2024-04-19,Business,807217
TRP-2901306,M.Orakzai,"House 365, Street 36, Madina Town, Faisalabad",Kuala Lumpur,2024-11-11,Business,588200
TRP-4963122,G.Awan,"House 92, Street 33, Gulgasht, Multan",Dubai,2025-04-21,First,329992
TRP-3629316,Gul Awan,"House No. 92, Gali 33, Gulgasht, Multan",Baku,2025-01-08,Business,390741
TRP-1120806,G.Awan,H#92 St-33 Gulgasht Multan,Kuala Lumpur,2025-12-07,First,449391
TRP-7080395,Gul Awan,"House 92, Street 33, Gulgasht, Multan",London,2025-02-15,Business,1011409
TRP-7071733,A.Wazir,"House No. 346, Gali 35, Shah Rukn-e-Alam, Multan",Skardu,2024-07-24,Economy,79506
TRP-5955221,Noman Tareen,"House No. 184, Gali 29, Peoples Colony, Faisalabad",Baku,2024-10-25,Business,395903
TRP-8868771,Noman Tareen,مکان 184 گلی 29 Peoples Colony Faisalabad,Jeddah,2024-12-11,Business,338913
TRP-7095631,Noman Tareen,"House 184, Street 29, Peoples Colony, Faisalabad",Istanbul,2025-07-27,Business,352932
TRP-1309782,N.Tareen,"House No. 184, Gali 29, Peoples Colony, Faisalabad",Jeddah,2024-11-08,First,371362
TRP-8125708,Malik Noman Tareen,مکان 184 گلی 29 Peoples Colony Faisalabad,Istanbul,2025-08-30,First,392813
TRP-5660314,F.Orakzai,مکان 196 گلی 25 DHA Phase 5 لاہور,Baku,2025-04-19,First,329570
TRP-1800903,فاطمہ Orakzai,"House No. 196, Gali 25, DHA Phase 5, Lahore",Istanbul,2024-02-29,Business,508680
TRP-5157617,فاطمہ Orakzai,H#196 St-25 DHAPhase5 Lahore,Istanbul,2024-12-30,First,569524
TRP-3862726,فاطمہ Orakzai,"House 196, Street 25, DHA Phase 5, Lahore",Kuala Lumpur,2024-05-27,First,566378
TRP-2322824,Taimoor Ansari,"House 96, Street 12, Cantt, Multan",London,2024-11-30,First,1002217
TRP-6003187,Bushra Cheema,مکان 151 گلی 14 Gulberg III لاہور,Karachi,2024-04-16,Economy,66779
TRP-9007383,A. Siddiqui,مکان 229 گلی 16 Shah Rukn-e-Alam Multan,London,2024-04-08,Business,1278506
TRP-8970246,A. Siddiqui,H#229 St-16 ShahRukn-e-Alam Multan,Jeddah,2025-10-12,First,523028
TRP-2732500,احمد Siddiqui,"House No. 229, Gali 16, Shah Rukn-e-Alam, Multan",Kuala Lumpur,2024-07-31,Business,489275
TRP-9974617,A. Siddiqui,"House 229, Street 16, Shah Rukn-e-Alam, Multan",Kuala Lumpur,2024-06-28,Business,441028
TRP-2064676,A.Siddiqui,"House 229, Street 16, Shah Rukn-e-Alam, Multan",Baku,2025-10-29,Business,302648
TRP-2219203,A.Siddiqui,مکان 229 گلی 16 Shah Rukn-e-Alam Multan,Istanbul,2024-06-07,First,420540
TRP-6518619,Fahad Virk,"House 371, Street 19, Wapda Town, Lahore",Skardu,2026-03-06,Economy,96920
TRP-8142539,Mustafa Butt,مکان 165 گلی 33 Johar Town لاہور,Kuala Lumpur,2026-04-02,Business,615845
TRP-7832145,Mustafa Butt,مکان 165 گلی 33 Johar Town لاہور,Baku,2024-07-11,First,379921
TRP-5029531,M.Butt,"House 165, Street 33, Johar Town, Lahore",Jeddah,2025-03-12,First,513833
TRP-2249114,M.Butt,"House No. 165, Gali 33, Johar Town, Lahore",Istanbul,2025-10-21,Business,589091
TRP-9607710,K. Dar,مکان 397 گلی 14 Gulgasht Multan,Skardu,2025-07-08,Economy,113561
TRP-6357689,K.Zaidi,"House No. 117, Gali 17, G-13/1, Islamabad",Istanbul,2025-06-17,First,395168
TRP-2195239,Kashif Zaidi,مکان 117 گلی 17 G-13/1 اسلام آباد,London,2026-02-11,Business,1223766
TRP-1995202,Mian Kashif Zaidi,مکان 117 گلی 17 G-13/1 اسلام آباد,Baku,2026-01-04,First,277580
TRP-8640876,Y.Mughal,مکان 70 گلی 26 Peoples Colony Faisalabad,Baku,2025-09-12,First,411885
TRP-4384417,Y. Mughal,H#70 St-26 PeoplesColony Faisalabad,Jeddah,2024-10-04,First,441421
TRP-2334881,Yousuf Mughal,"House No. 70, Gali 26, Peoples Colony, Faisalabad",Baku,2024-12-02,First,368611
TRP-3217627,Yousuf Mughal,"House No. 70, Gali 26, Peoples Colony, Faisalabad",Dubai,2024-12-08,First,449928
TRP-5661219,Malik Yousuf Mughal,H#70 St-26 PeoplesColony Faisalabad,London,2025-01-21,First,1001154
TRP-3824277,احمد Zaidi,"House 73, Street 8, Gulbahar, Peshawar",Kuala Lumpur,2024-08-21,First,503567
TRP-2931889,Ahmed Zaidi,"House No. 73, Gali 8, Gulbahar, Peshawar",Kuala Lumpur,2025-07-01,First,522990
TRP-8880122,Chaudhary Ahmed Zaidi,"House 73, Street 8, Gulbahar, Peshawar",Dubai,2024-07-14,Business,488153
TRP-3908207,Haji Ahmed Zaidi,مکان 73 گلی 8 Gulbahar Peshawar,Kuala Lumpur,2025-05-04,First,608660
TRP-9652230,O.Dar,"House No. 372, Gali 23, Gulgasht, Multan",Skardu,2024-01-28,Economy,99722
TRP-8025729,Mehwish Kayani,"House 93, Street 37, Satellite Town, Rawalpindi",Kuala Lumpur,2025-09-07,Business,638892
TRP-2501125,Malik Mehwish Kayani,"House No. 93, Gali 37, Satellite Town, Rawalpindi",London,2024-01-15,First,1287019
TRP-6255642,M.Kayani,"House No. 93, Gali 37, Satellite Town, Rawalpindi",Dubai,2025-06-10,First,455655
TRP-8753918,M.Kayani,مکان 93 گلی 37 Satellite Town راولپنڈی,London,2024-04-05,Business,1046019
TRP-4557108,Sardar Farah Chaudhry,"House No. 102, Gali 38, DHA Phase 5, Lahore",Istanbul,2026-04-25,Business,429141
TRP-8210450,F. Chaudhry,مکان 102 گلی 38 DHA Phase 5 لاہور,Jeddah,2025-10-24,Business,445637
TRP-2420318,F. Chaudhry,"House No. 102, Gali 38, DHA Phase 5, Lahore",Kuala Lumpur,2025-12-29,First,615063
TRP-4509270,I. Yousafzai,H#163 St-32 F-8/3 Islamabad,Istanbul,2025-02-01,Business,346528
TRP-7112026,Rana Irfan Yousafzai,"House No. 163, Gali 32, F-8/3, Islamabad",Istanbul,2026-01-12,First,552928
TRP-6058890,Irfan Yousafzai,مکان 163 گلی 32 F-8/3 اسلام آباد,Kuala Lumpur,2026-01-20,First,542311
TRP-5823945,Z. Khokhar,"House 397, Street 20, Gulshan-e-Iqbal, Karachi",Baku,2025-10-09,First,416047
TRP-5217720,Z.Khokhar,مکان 397 گلی 20 Gulshan-e-Iqbal کراچی,Kuala Lumpur,2024-06-20,Business,426095
TRP-5393806,D.Chaudhry,"House No. 120, Gali 3, Gulberg III, Lahore",Istanbul,2024-07-26,First,549285
TRP-2499215,D.Chaudhry,H#120 St-3 GulbergIII Lahore,Jeddah,2025-06-25,Business,407350
TRP-8903834,D. Chaudhry,H#120 St-3 GulbergIII Lahore,Dubai,2024-02-23,Business,489211
TRP-1110229,U.Butt,مکان 53 گلی 34 Shah Rukn-e-Alam Multan,Baku,2025-03-19,First,336740
TRP-6152896,Usman Butt,"House No. 53, Gali 34, Shah Rukn-e-Alam, Multan",Jeddah,2025-04-29,Business,409429
TRP-4963732,Syed Laiba Bangash,مکان 339 گلی 15 Hayatabad Phase 3 Peshawar,Kuala Lumpur,2026-01-06,Business,553232
TRP-2748990,L.Bangash,H#339 St-15 HayatabadPhase3 Peshawar,Istanbul,2025-07-27,Business,484686
TRP-5442827,Laiba Bangash,مکان 339 گلی 15 Hayatabad Phase 3 Peshawar,Istanbul,2025-05-03,Business,398043
TRP-6664306,Laiba Bangash,مکان 339 گلی 15 Hayatabad Phase 3 Peshawar,London,2025-02-16,Business,920582
TRP-2749626,Laiba Bangash,"House No. 339, Gali 15, Hayatabad Phase 3, Peshawar",Istanbul,2024-09-24,First,450584
TRP-2832300,Mahnoor Mughal,"House 12, Street 16, Shah Rukn-e-Alam, Multan",Jeddah,2024-10-26,First,536498
TRP-2333769,M. Mughal,H#12 St-16 ShahRukn-e-Alam Multan,Kuala Lumpur,2026-04-04,First,534534
TRP-1137475,Mahnoor Mughal,H#12 St-16 ShahRukn-e-Alam Multan,Istanbul,2025-04-14,First,359106
TRP-9218114,Mahnoor Mughal,"House No. 12, Gali 16, Shah Rukn-e-Alam, Multan",Baku,2025-01-29,First,292953
TRP-1075409,Mahnoor Mughal,مکان 12 گلی 16 Shah Rukn-e-Alam Multan,Kuala Lumpur,2025-05-14,First,386597
TRP-1033414,M. Mughal,"House 12, Street 16, Shah Rukn-e-Alam, Multan",Kuala Lumpur,2026-03-23,Business,431222
TRP-3128835,I.Mughal,H#265 St-26 JoharTown Lahore,Jeddah,2025-09-26,Business,528459
TRP-6171636,I. Mughal,مکان 265 گلی 26 Johar Town لاہور,Jeddah,2025-07-04,Business,398668
TRP-8074418,Asad ملک,"House No. 77, Gali 39, Westridge, Rawalpindi",Jeddah,2025-03-10,Business,323354
TRP-2865954,A. Malik,H#77 St-39 Westridge Rawalpindi,Istanbul,2025-01-24,Business,411031
TRP-5922388,Asad ملک,"House No. 77, Gali 39, Westridge, Rawalpindi",London,2026-03-14,First,1161854
TRP-3271965,Chaudhary Asad Malik,"House 77, Street 39, Westridge, Rawalpindi",Dubai,2025-02-06,First,503193
TRP-2284412,Danish راجہ,مکان 279 گلی 27 Wapda Town لاہور,Istanbul,2025-04-18,Business,361054
TRP-2811009,D.Raja,مکان 279 گلی 27 Wapda Town لاہور,Dubai,2025-04-16,First,511539
TRP-7358879,Danish Raja,"House No. 279, Gali 27, Wapda Town, Lahore",London,2025-07-12,Business,1271649
TRP-4250009,Sana Khan,H#353 St-21 DHAPhase6 Karachi,Istanbul,2025-03-05,Business,436332
TRP-9662613,Obaid Zaidi,H#248 St-12 Gulbahar Peshawar,Lahore,2024-10-22,Economy,43035
TRP-9310085,Rehan Kazmi,H#282 St-40 Gulshan-e-Iqbal Karachi,Skardu,2024-12-04,Economy,75838
TRP-5024205,Rashid Rajput,"House 46, Street 5, Madina Town, Faisalabad",Baku,2025-06-22,Business,363526
TRP-8361170,Syed Rashid Rajput,مکان 46 گلی 5 Madina Town Faisalabad,London,2024-02-13,Business,1276424
TRP-7032627,R.Rajput,H#46 St-5 MadinaTown Faisalabad,Jeddah,2026-04-25,Business,547137
TRP-8731770,Rashid Rajput,H#46 St-5 MadinaTown Faisalabad,Dubai,2025-02-19,First,297720
TRP-5824536,Mian Zara Khan,H#142 St-26 SatelliteTown Rawalpindi,Karachi,2024-05-29,Economy,61188
TRP-1004478,U.Warraich,"House 134, Street 12, Peoples Colony, Faisalabad",Karachi,2025-09-03,Economy,53096
TRP-6668205,Ehsan Siddiqui,مکان 132 گلی 35 Gulbahar Peshawar,London,2025-11-28,Business,1216275
TRP-5886670,Ehsan Siddiqui,"House 132, Street 35, Gulbahar, Peshawar",Jeddah,2024-10-11,First,341379
TRP-8069428,Gul Orakzai,مکان 212 گلی 23 Chaklala Scheme 3 راولپنڈی,Karachi,2024-11-06,Economy,70615
TRP-8954564,Ubaid Siddiqui,H#236 St-21 Gulgasht Multan,Baku,2024-03-07,First,406795
TRP-7514281,Ubaid Siddiqui,"House 236, Street 21, Gulgasht, Multan",Kuala Lumpur,2024-12-08,Business,416863
TRP-8288460,U. Siddiqui,مکان 236 گلی 21 Gulgasht Multan,Jeddah,2024-09-19,Business,508596
TRP-9473649,Noman Tarar,H#187 St-26 ShahRukn-e-Alam Multan,Skardu,2026-05-04,Economy,105380
TRP-3751054,Mansoor Qureshi,"House 31, Street 14, Cantt, Multan",Jeddah,2025-04-01,Business,468638
TRP-2965200,M. Qureshi,مکان 31 گلی 14 Cantt Multan,Istanbul,2025-02-14,Business,569219
TRP-8020843,Mansoor قریشی,"House 31, Street 14, Cantt, Multan",Kuala Lumpur,2024-03-30,Business,544742
TRP-5015938,Mansoor قریشی,H#31 St-14 Cantt Multan,Dubai,2025-11-05,First,386470
TRP-4629807,M.Qureshi,"House 31, Street 14, Cantt, Multan",Baku,2026-03-04,First,299562
TRP-9472602,Ibrahim Zaidi,"House No. 177, Gali 2, Madina Town, Faisalabad",Skardu,2025-01-14,Economy,114339
TRP-6687320,A. Gilani,"House 276, Street 12, Gulgasht, Multan",Baku,2024-12-06,First,324111
TRP-3219164,A. Gilani,"House No. 276, Gali 12, Gulgasht, Multan",Jeddah,2024-02-23,Business,526340
TRP-8239828,Taimoor Raja,"House 238, Street 10, Gulshan-e-Iqbal, Karachi",London,2024-12-14,First,1221605
TRP-3841611,T.Raja,"House 238, Street 10, Gulshan-e-Iqbal, Karachi",Dubai,2026-02-02,Business,416533
TRP-7916730,Rana Taimoor Raja,"House No. 238, Gali 10, Gulshan-e-Iqbal, Karachi",Istanbul,2025-08-21,Business,574737
TRP-9898656,Taimoor راجہ,مکان 238 گلی 10 Gulshan-e-Iqbal کراچی,Jeddah,2025-10-01,Business,532903
TRP-8546203,Mian Taimoor Raja,H#238 St-10 Gulshan-e-Iqbal Karachi,Jeddah,2025-09-13,Business,454463
TRP-9591451,Haji Tariq Mughal,"House No. 161, Gali 21, Johar Town, Lahore",Karachi,2024-08-16,Economy,81338
TRP-4666371,Noman Mughal,"House No. 49, Gali 5, Clifton Block 2, Karachi",Skardu,2025-12-20,Economy,101208
TRP-4789853,T. Qureshi,"House No. 80, Gali 6, Wapda Town, Lahore",Jeddah,2026-04-08,First,340398
TRP-9855241,T. Qureshi,"House No. 80, Gali 6, Wapda Town, Lahore",Kuala Lumpur,2024-12-21,First,602919
TRP-4501997,T. Qureshi,مکان 80 گلی 6 Wapda Town لاہور,Kuala Lumpur,2024-04-20,First,572801
TRP-6160098,T. Qureshi,"House No. 80, Gali 6, Wapda Town, Lahore",Jeddah,2024-01-25,First,521284
TRP-4730809,Tariq قریشی,"House 80, Street 6, Wapda Town, Lahore",Istanbul,2026-04-20,Business,494656
TRP-1999420,Tariq Qureshi,مکان 80 گلی 6 Wapda Town لاہور,Jeddah,2025-04-02,First,537189
TRP-7315388,S.Zaidi,"House No. 358, Gali 35, DHA Phase 6, Karachi",London,2025-02-01,Business,1030751
TRP-6721861,Chaudhary Sajid Zaidi,H#358 St-35 DHAPhase6 Karachi,Istanbul,2026-03-08,First,491878
TRP-5140645,Sajid Zaidi,"House No. 358, Gali 35, DHA Phase 6, Karachi",Kuala Lumpur,2024-12-03,Business,499298
TRP-3843913,S. Zaidi,"House 358, Street 35, DHA Phase 6, Karachi",Istanbul,2026-05-26,First,453888
TRP-5312402,Haji Sajid Zaidi,مکان 358 گلی 35 DHA Phase 6 کراچی,Istanbul,2025-12-26,Business,498686
TRP-1187425,Sajid Zaidi,مکان 358 گلی 35 DHA Phase 6 کراچی,Jeddah,2025-12-08,Business,529200
TRP-2427359,Haji Hina Afridi,"House 159, Street 23, Gulgasht, Multan",Kuala Lumpur,2026-05-09,First,428381
TRP-9200509,H. Afridi,مکان 159 گلی 23 Gulgasht Multan,Jeddah,2026-05-15,Business,380933
TRP-9308847,H. Afridi,"House 159, Street 23, Gulgasht, Multan",Kuala Lumpur,2024-10-25,Business,586869
TRP-2264479,Hina Afridi,"House 159, Street 23, Gulgasht, Multan",London,2025-02-11,First,1008003
TRP-5519548,O. Kayani,"House No. 6, Gali 1, Chaklala Scheme 3, Rawalpindi",Istanbul,2025-05-04,Business,590658
TRP-6279603,Obaid Kayani,H#6 St-1 ChaklalaScheme3 Rawalpindi,Istanbul,2024-03-08,Business,554929
TRP-2413398,O.Kayani,"House 6, Street 1, Chaklala Scheme 3, Rawalpindi",Istanbul,2026-03-11,Business,457246
TRP-1709311,J. Hashmi,"House 154, Street 1, University Town, Peshawar",Baku,2025-12-20,First,255363
TRP-9939891,J. Hashmi,"House No. 154, Gali 1, University Town, Peshawar",Baku,2025-07-19,Business,291389
TRP-5458599,J. Hashmi,"House No. 154, Gali 1, University Town, Peshawar",Dubai,2024-11-09,First,385850
TRP-7644631,J.Hashmi,H#154 St-1 UniversityTown Peshawar,London,2025-03-23,First,902634
TRP-6576297,Talha Awan,H#327 St-30 DHAPhase5 Lahore,Istanbul,2025-08-14,Business,537230
TRP-2807965,Talha Awan,"House 327, Street 30, DHA Phase 5, Lahore",Baku,2025-09-08,Business,300813
TRP-2103332,T.Awan,مکان 327 گلی 30 DHA Phase 5 لاہور,Istanbul,2025-12-17,Business,344697
TRP-6077272,Talha Awan,مکان 327 گلی 30 DHA Phase 5 لاہور,Istanbul,2025-08-06,Business,571361
TRP-1024663,A. Abbasi,"House 12, Street 12, G-13/1, Islamabad",Jeddah,2025-12-11,First,524137
TRP-9348574,A.Abbasi,"House 12, Street 12, G-13/1, Islamabad",Baku,2025-10-01,First,285258
TRP-3267678,K. Butt,"House No. 385, Gali 10, DHA Phase 5, Lahore",Jeddah,2025-06-02,Business,325073
TRP-6658278,Rana Umar Kayani,مکان 7 گلی 8 University Town Peshawar,Baku,2024-09-08,Business,298172
TRP-4223894,U.Kayani,"House No. 7, Gali 8, University Town, Peshawar",Jeddah,2024-04-11,First,382488
TRP-7594813,U. Kayani,H#7 St-8 UniversityTown Peshawar,Istanbul,2026-04-01,Business,534991
TRP-1935880,Malik Umar Kayani,"House 7, Street 8, University Town, Peshawar",Istanbul,2024-12-16,First,341926
TRP-5535332,U. Kayani,"House 7, Street 8, University Town, Peshawar",Jeddah,2025-03-22,Business,421121
TRP-8476135,U.Kayani,H#7 St-8 UniversityTown Peshawar,Istanbul,2024-03-28,Business,522037
TRP-2276248,S.Naqvi,H#247 St-20 I-8/4 Islamabad,Karachi,2025-01-28,Economy,63259
TRP-6072884,Malik Arsalan Afridi,"House 8, Street 11, Gulshan-e-Iqbal, Karachi",Lahore,2024-10-15,Economy,40456
TRP-7196470,Hafsa Yousafzai,H#31 St-23 DHAPhase5 Lahore,Jeddah,2025-10-26,Business,374926
TRP-2438025,Malik Hafsa Yousafzai,H#31 St-23 DHAPhase5 Lahore,Kuala Lumpur,2024-04-24,First,644284
TRP-8831313,Syed Maryam Virk,"House No. 270, Gali 16, Bahria Phase 4, Rawalpindi",Karachi,2025-06-02,Economy,73090
TRP-1846520,M. Shirazi,مکان 162 گلی 36 Gulshan-e-Iqbal کراچی,Dubai,2025-10-26,First,357454
TRP-1746566,Malik Maryam Shirazi,مکان 162 گلی 36 Gulshan-e-Iqbal کراچی,Dubai,2024-02-03,Business,438082
TRP-8690709,Maryam Shirazi,"House No. 162, Gali 36, Gulshan-e-Iqbal, Karachi",Baku,2024-01-11,Business,317670
TRP-4987333,M.Shirazi,H#162 St-36 Gulshan-e-Iqbal Karachi,London,2026-02-10,First,997239
TRP-9569129,A. Awan,H#299 St-16 GulbergIII Lahore,Jeddah,2026-02-09,First,330355
TRP-3916908,Adnan Awan,"House No. 299, Gali 16, Gulberg III, Lahore",Baku,2025-09-18,Business,377971
TRP-7986840,Adnan Awan,"House 299, Street 16, Gulberg III, Lahore",Jeddah,2025-08-26,Business,471150
TRP-2046874,Chaudhary Adnan Awan,H#299 St-16 GulbergIII Lahore,Kuala Lumpur,2024-08-24,First,594029
TRP-2438094,R. Durrani,H#167 St-31 B-17 Islamabad,Kuala Lumpur,2025-11-05,Business,515141
TRP-2991122,Rehan Durrani,"House No. 167, Gali 31, B-17, Islamabad",London,2025-02-13,First,1306959
TRP-7129616,Tariq Kakar,"House No. 179, Gali 28, I-8/4, Islamabad",Kuala Lumpur,2024-01-16,Business,451281
TRP-2696538,Tariq Kakar,"House No. 179, Gali 28, I-8/4, Islamabad",Baku,2024-11-17,Business,398529
TRP-2469295,T. Kakar,"House No. 179, Gali 28, I-8/4, Islamabad",Istanbul,2025-10-27,First,530284
TRP-8006491,Tooba Kakar,"House 28, Street 20, Shah Rukn-e-Alam, Multan",Dubai,2026-02-13,Business,394692
TRP-7193263,Syed Tooba Kakar,H#28 St-20 ShahRukn-e-Alam Multan,London,2024-04-19,First,953512
TRP-8016731,Chaudhary Tooba Kakar,H#28 St-20 ShahRukn-e-Alam Multan,Jeddah,2024-08-10,First,350411
TRP-7950364,T.Kakar,"House No. 28, Gali 20, Shah Rukn-e-Alam, Multan",London,2026-05-19,First,812814
TRP-4276121,Nadia Yousafzai,"House No. 127, Gali 16, Gulgasht, Multan",Istanbul,2026-04-06,Business,450497
TRP-9747187,Nadia Yousafzai,H#127 St-16 Gulgasht Multan,Kuala Lumpur,2025-09-13,First,539899
TRP-2025743,Nadia Yousafzai,مکان 127 گلی 16 Gulgasht Multan,London,2025-06-17,First,955283
TRP-5642499,Nadia Yousafzai,مکان 127 گلی 16 Gulgasht Multan,Jeddah,2025-12-18,First,548356
TRP-2074162,Fahad Wazir,"House No. 188, Gali 23, North Nazimabad, Karachi",Dubai,2025-03-27,First,502904
TRP-3960920,Fahad Wazir,"House No. 188, Gali 23, North Nazimabad, Karachi",Baku,2025-01-14,First,279676
TRP-9456021,F. Wazir,"House 188, Street 23, North Nazimabad, Karachi",Baku,2024-09-15,First,322261
TRP-5915025,Haji Fahad Wazir,"House No. 188, Gali 23, North Nazimabad, Karachi",Jeddah,2024-10-17,Business,526699
TRP-2543875,J.Gill,"House 320, Street 10, Madina Town, Faisalabad",London,2025-03-20,Business,1097851
TRP-2124553,Junaid Gill,مکان 320 گلی 10 Madina Town Faisalabad,London,2025-11-12,Business,1159969
TRP-1457567,Junaid Gill,"House 320, Street 10, Madina Town, Faisalabad",Jeddah,2024-06-06,Business,549845
TRP-5043239,J.Gill,مکان 320 گلی 10 Madina Town Faisalabad,Kuala Lumpur,2026-02-27,Business,615841
TRP-6970645,J.Gill,"House No. 320, Gali 10, Madina Town, Faisalabad",Jeddah,2024-09-02,First,427501
TRP-2070991,Junaid Gill,H#320 St-10 MadinaTown Faisalabad,Istanbul,2024-12-23,First,576576
TRP-6170307,Taimoor Rajput,مکان 108 گلی 35 I-8/4 اسلام آباد,Istanbul,2024-01-05,First,410466
TRP-2759059,Taimoor Rajput,مکان 108 گلی 35 I-8/4 اسلام آباد,Istanbul,2024-07-12,Business,384215
TRP-8584378,T.Rajput,"House No. 108, Gali 35, I-8/4, Islamabad",Jeddah,2025-09-22,Business,356085
TRP-7229054,Saqib Hashmi,"House No. 273, Gali 6, Gulbahar, Peshawar",Kuala Lumpur,2024-04-14,First,424099
TRP-6540504,Saqib Hashmi,H#273 St-6 Gulbahar Peshawar,Baku,2024-01-29,Business,290200
TRP-8675783,A. Butt,"House 171, Street 32, Chaklala Scheme 3, Rawalpindi",Kuala Lumpur,2024-05-05,Business,466485
TRP-8101330,A. Butt,H#171 St-32 ChaklalaScheme3 Rawalpindi,Kuala Lumpur,2025-03-09,Business,547625
TRP-2615625,Ali Butt,"House No. 171, Gali 32, Chaklala Scheme 3, Rawalpindi",Kuala Lumpur,2025-11-16,Business,464936
TRP-7534867,Ali Butt,مکان 171 گلی 32 Chaklala Scheme 3 راولپنڈی,Istanbul,2024-10-02,Business,347279
TRP-1180678,B. Awan,H#196 St-34 B-17 Islamabad,Dubai,2024-12-28,Business,447199
TRP-9402591,G. Raja,H#69 St-33 ShahRukn-e-Alam Multan,Lahore,2024-02-18,Economy,36124
TRP-1031800,Sardar Noman Chaudhry,مکان 316 گلی 32 Westridge راولپنڈی,Kuala Lumpur,2024-10-17,First,458139
TRP-7091887,N.Chaudhry,"House No. 316, Gali 32, Westridge, Rawalpindi",Baku,2025-06-13,Business,410651
TRP-6338532,N. Chaudhry,"House No. 316, Gali 32, Westridge, Rawalpindi",Jeddah,2024-05-17,First,396603
TRP-4532673,Sardar Laiba Saddozai,"House 369, Street 21, University Town, Peshawar",Jeddah,2024-07-09,First,440277
TRP-4851745,L.Saddozai,H#369 St-21 UniversityTown Peshawar,London,2024-02-14,First,939050
TRP-9103673,Malik Laiba Saddozai,مکان 369 گلی 21 University Town Peshawar,Dubai,2025-11-21,Business,492216
TRP-3704402,L. Saddozai,مکان 369 گلی 21 University Town Peshawar,London,2024-08-02,Business,1324285
TRP-2626896,Laiba Saddozai,"House No. 369, Gali 21, University Town, Peshawar",London,2025-06-26,Business,1331082
TRP-7135532,Rana Laiba Saddozai,H#369 St-21 UniversityTown Peshawar,Baku,2025-03-01,Business,286027
TRP-1034726,S.Qureshi,"House No. 22, Gali 16, North Nazimabad, Karachi",Skardu,2024-07-13,Economy,78424
TRP-3802068,Haji Sana Tareen,مکان 98 گلی 19 Cantt Multan,Dubai,2024-03-20,Business,330826
TRP-9440969,S. Tareen,مکان 98 گلی 19 Cantt Multan,Dubai,2024-10-14,First,445705
TRP-7474924,Z.Yousafzai,"House No. 265, Gali 10, B-17, Islamabad",London,2025-04-27,First,904905
TRP-8393069,Khadija Orakzai,"House No. 202, Gali 27, Peoples Colony, Faisalabad",London,2024-02-07,First,1222662
TRP-5946278,Khadija Orakzai,H#202 St-27 PeoplesColony Faisalabad,Jeddah,2025-11-23,First,362537
TRP-7680009,Haris Khokhar,H#166 St-11 I-8/4 Islamabad,Dubai,2024-10-24,First,505100
TRP-2159218,Haris Khokhar,مکان 166 گلی 11 I-8/4 اسلام آباد,London,2024-12-22,First,1259834
TRP-7216315,H. Khokhar,"House 166, Street 11, I-8/4, Islamabad",London,2024-04-08,First,928776
TRP-5279326,Haris Khokhar,"House 166, Street 11, I-8/4, Islamabad",London,2024-12-21,Business,1160806
TRP-5590135,Irfan Afridi,مکان 68 گلی 13 Satellite Town راولپنڈی,Baku,2025-07-31,First,268841
TRP-4545485,I.Afridi,مکان 68 گلی 13 Satellite Town راولپنڈی,Dubai,2024-01-15,First,426786
TRP-4726797,I. Afridi,"House No. 68, Gali 13, Satellite Town, Rawalpindi",Jeddah,2024-02-10,Business,560189
TRP-6682985,Z. Khan,مکان 122 گلی 14 Madina Town Faisalabad,Kuala Lumpur,2025-05-26,Business,625083
TRP-8543246,S.Mughal,مکان 313 گلی 39 Shah Rukn-e-Alam Multan,Baku,2025-06-14,Business,289687
TRP-9207349,Saad Mughal,H#313 St-39 ShahRukn-e-Alam Multan,Jeddah,2025-09-21,Business,333842
TRP-8254446,S. Mughal,"House 313, Street 39, Shah Rukn-e-Alam, Multan",Istanbul,2025-12-15,First,448528
TRP-8331536,S. Mughal,مکان 313 گلی 39 Shah Rukn-e-Alam Multan,Baku,2024-06-09,First,439367
TRP-2175582,Saad Mughal,"House No. 313, Gali 39, Shah Rukn-e-Alam, Multan",Istanbul,2026-03-22,First,371982
TRP-5996342,Saad Mughal,"House No. 313, Gali 39, Shah Rukn-e-Alam, Multan",Baku,2026-04-30,First,379400
TRP-3289256,S. Kakar,"House No. 189, Gali 25, Gulberg III, Lahore",London,2026-03-19,First,1188097
TRP-6857075,S.Kakar,مکان 189 گلی 25 Gulberg III لاہور,London,2024-06-14,Business,1217902
TRP-7009422,Javeria Lodhi,مکان 212 گلی 34 Wapda Town لاہور,Dubai,2025-08-13,Business,383124
TRP-9437914,S.Yousafzai,"House 267, Street 32, Madina Town, Faisalabad",Skardu,2024-10-09,Economy,73656
TRP-6677474,M. Siddiqui,"House 175, Street 26, Shah Rukn-e-Alam, Multan",Skardu,2024-02-03,Economy,106794
TRP-5932239,Gul Rajput,"House 331, Street 9, Clifton Block 2, Karachi",Karachi,2024-12-10,Economy,54375
TRP-3880977,G. Chaudhry,"House 16, Street 22, Chaklala Scheme 3, Rawalpindi",Istanbul,2025-03-13,First,443733
TRP-2037381,G.Chaudhry,H#16 St-22 ChaklalaScheme3 Rawalpindi,London,2026-03-29,First,810942
TRP-5881799,Ghulam چوہدری,"House No. 16, Gali 22, Chaklala Scheme 3, Rawalpindi",Jeddah,2024-10-04,First,551164
TRP-1497528,Ghulam Chaudhry,مکان 16 گلی 22 Chaklala Scheme 3 راولپنڈی,London,2026-03-12,First,1241701
TRP-9198215,G.Chaudhry,"House No. 16, Gali 22, Chaklala Scheme 3, Rawalpindi",Baku,2024-05-04,First,430246
TRP-6810442,Ghulam Chaudhry,H#16 St-22 ChaklalaScheme3 Rawalpindi,Jeddah,2024-04-09,First,383387
TRP-2362706,Taimoor Niazi,H#90 St-8 ChaklalaScheme3 Rawalpindi,Baku,2025-07-26,Business,440950
TRP-9017408,Taimoor Niazi,مکان 90 گلی 8 Chaklala Scheme 3 راولپنڈی,Kuala Lumpur,2024-04-09,Business,518616
TRP-7773017,Z.Kazmi,"House No. 175, Gali 31, Bahria Phase 4, Rawalpindi",Karachi,2026-03-23,Economy,80229
TRP-7975770,Rana Hafsa Shirazi,مکان 171 گلی 30 Hayatabad Phase 3 Peshawar,Jeddah,2025-03-15,Business,457741
TRP-5918332,H.Shirazi,مکان 171 گلی 30 Hayatabad Phase 3 Peshawar,Istanbul,2024-11-11,Business,382988
TRP-4998924,Hafsa Shirazi,H#171 St-30 HayatabadPhase3 Peshawar,Jeddah,2024-09-26,Business,329301
TRP-8696133,H. Shirazi,مکان 171 گلی 30 Hayatabad Phase 3 Peshawar,Istanbul,2025-01-26,First,449669
TRP-1715141,H.Shirazi,مکان 171 گلی 30 Hayatabad Phase 3 Peshawar,London,2024-08-29,Business,890190
TRP-8392042,H.Shirazi,مکان 171 گلی 30 Hayatabad Phase 3 Peshawar,Baku,2026-05-17,Business,261526
TRP-7584757,Tooba Dar,"House No. 99, Gali 19, Johar Town, Lahore",Baku,2024-05-29,Business,259070
TRP-7463692,Chaudhary Tooba Dar,H#99 St-19 JoharTown Lahore,London,2024-02-20,First,1300779
TRP-2573407,Tooba Dar,"House No. 99, Gali 19, Johar Town, Lahore",Istanbul,2026-02-12,Business,350227
TRP-7828396,Sardar Tooba Dar,"House 99, Street 19, Johar Town, Lahore",Baku,2026-04-05,Business,297120
TRP-5735079,Tooba Dar,مکان 99 گلی 19 Johar Town لاہور,London,2025-12-30,First,1269785
TRP-1507945,Tooba Dar,H#99 St-19 JoharTown Lahore,Dubai,2026-02-12,First,309725
TRP-5604366,Sufyan شیخ,"House 242, Street 4, Satellite Town, Rawalpindi",Jeddah,2025-09-29,First,495676
TRP-4286973,Farhan Shirazi,مکان 261 گلی 7 Peoples Colony Faisalabad,Jeddah,2024-08-03,First,451934
TRP-3510742,Syed Farhan Shirazi,"House 261, Street 7, Peoples Colony, Faisalabad",Kuala Lumpur,2025-04-03,Business,545506
TRP-8275996,Farhan Shirazi,مکان 261 گلی 7 Peoples Colony Faisalabad,Jeddah,2026-01-30,Business,384620
TRP-7601069,Noman Orakzai,H#223 St-37 MadinaTown Faisalabad,Baku,2024-05-24,First,259180
TRP-7112437,N.Orakzai,H#223 St-37 MadinaTown Faisalabad,London,2024-09-27,First,1000729
TRP-6842499,N.Orakzai,H#223 St-37 MadinaTown Faisalabad,London,2026-04-07,First,1151404
TRP-6415715,Noman Orakzai,"House 223, Street 37, Madina Town, Faisalabad",Kuala Lumpur,2025-04-21,Business,544181
TRP-6017424,N. Orakzai,"House No. 223, Gali 37, Madina Town, Faisalabad",Jeddah,2025-06-21,Business,329673
TRP-9572486,N.Orakzai,مکان 223 گلی 37 Madina Town Faisalabad,Kuala Lumpur,2025-12-17,Business,611857
TRP-9354366,Sardar Khadija Tareen,"House 388, Street 10, Cantt, Multan",Karachi,2024-02-25,Economy,51986
TRP-9898085,H. Dar,"House 154, Street 37, Shah Rukn-e-Alam, Multan",London,2024-10-09,First,842416
TRP-9714816,Haris Dar,مکان 154 گلی 37 Shah Rukn-e-Alam Multan,Baku,2025-08-13,Business,256451
TRP-4138908,Haris Dar,"House No. 154, Gali 37, Shah Rukn-e-Alam, Multan",Jeddah,2024-05-27,Business,447107
TRP-6375731,H.Dar,"House 154, Street 37, Shah Rukn-e-Alam, Multan",Dubai,2025-07-27,Business,466770
TRP-2609728,H. Dar,مکان 154 گلی 37 Shah Rukn-e-Alam Multan,Kuala Lumpur,2025-12-19,First,600205
TRP-8063855,Mian Haris Dar,"House 154, Street 37, Shah Rukn-e-Alam, Multan",Kuala Lumpur,2025-07-15,First,462159
TRP-6173803,A.Sial,"House No. 202, Gali 21, Gulgasht, Multan",Kuala Lumpur,2024-08-19,First,426949
TRP-5083016,Shahzad Awan,"House No. 332, Gali 2, G-10/2, Islamabad",Skardu,2025-01-13,Economy,118868
TRP-6597927,Ubaid Orakzai,"House 320, Street 12, Madina Town, Faisalabad",Skardu,2026-01-02,Economy,86735
TRP-9998108,Ghulam Gondal,"House No. 310, Gali 1, Westridge, Rawalpindi",Baku,2025-11-14,First,300814
TRP-7694861,G. Gondal,مکان 310 گلی 1 Westridge راولپنڈی,Jeddah,2025-05-23,First,430089
TRP-6908856,Ghulam Gondal,H#310 St-1 Westridge Rawalpindi,Kuala Lumpur,2025-11-09,Business,463093
TRP-4908953,Ghulam Gondal,مکان 310 گلی 1 Westridge راولپنڈی,London,2025-01-25,First,1333906
TRP-6723129,زینب Gilani,"House No. 20, Gali 37, DHA Phase 5, Lahore",Kuala Lumpur,2025-11-08,Business,417635
TRP-6269544,Z.Gilani,"House No. 20, Gali 37, DHA Phase 5, Lahore",Jeddah,2024-01-16,First,398938
TRP-1463222,Z.Gilani,H#20 St-37 DHAPhase5 Lahore,Istanbul,2025-09-16,First,379385
TRP-9621340,T.Abbasi,H#270 St-18 Gulgasht Multan,Karachi,2024-11-14,Economy,72338
TRP-5206737,Chaudhary Zubair Mughal,H#306 St-20 B-17 Islamabad,Istanbul,2024-01-23,Business,438191
TRP-5390867,Rana Zubair Mughal,"House 306, Street 20, B-17, Islamabad",Dubai,2025-11-21,Business,413894
TRP-9043135,Z. Mughal,H#306 St-20 B-17 Islamabad,Kuala Lumpur,2024-02-24,Business,434374
TRP-7335331,Z. Mughal,H#306 St-20 B-17 Islamabad,Jeddah,2026-04-07,First,368285
TRP-6279531,Waseem Kayani,H#141 St-17 ChaklalaScheme3 Rawalpindi,Istanbul,2025-06-11,First,598762
TRP-9993771,W. Kayani,مکان 141 گلی 17 Chaklala Scheme 3 راولپنڈی,London,2025-03-09,First,1216898
TRP-4526163,Waseem Kayani,"House 141, Street 17, Chaklala Scheme 3, Rawalpindi",Dubai,2024-03-21,Business,326533
TRP-5116937,W. Kayani,مکان 141 گلی 17 Chaklala Scheme 3 راولپنڈی,Dubai,2024-08-03,First,338121
TRP-5819144,Waseem Kayani,"House No. 141, Gali 17, Chaklala Scheme 3, Rawalpindi",Istanbul,2024-10-22,First,536175
TRP-3141011,Adnan Hashmi,"House No. 395, Gali 25, University Town, Peshawar",Baku,2024-09-27,First,294567
TRP-2785145,Rana Adnan Hashmi,"House 395, Street 25, University Town, Peshawar",Baku,2024-09-30,First,279304
TRP-3711894,B.Khattak,"House 27, Street 11, DHA Phase 5, Lahore",Baku,2024-07-05,Business,319297
TRP-1367441,بلال Khattak,مکان 27 گلی 11 DHA Phase 5 لاہور,Istanbul,2024-03-21,First,343237
TRP-8325380,B.Khattak,مکان 27 گلی 11 DHA Phase 5 لاہور,Jeddah,2025-09-13,Business,487966
TRP-3069162,بلال Khattak,مکان 27 گلی 11 DHA Phase 5 لاہور,Dubai,2024-04-30,Business,350844
TRP-1082123,Khalid Mehsud,"House 350, Street 3, Wapda Town, Lahore",London,2025-07-18,Business,1164045
TRP-2936672,Chaudhary Khalid Mehsud,"House No. 350, Gali 3, Wapda Town, Lahore",Dubai,2026-02-02,Business,363886
TRP-1999651,Khalid Mehsud,"House 350, Street 3, Wapda Town, Lahore",Istanbul,2025-12-21,Business,515370
TRP-5576123,K. Mehsud,مکان 350 گلی 3 Wapda Town لاہور,Baku,2026-03-13,First,304658
TRP-3881643,K.Mehsud,"House No. 350, Gali 3, Wapda Town, Lahore",London,2025-04-08,Business,952357
TRP-3269541,Malik Babar Lodhi,H#131 St-38 DHAPhase5 Lahore,Dubai,2025-05-25,First,297887
TRP-1862881,Rana Babar Lodhi,H#131 St-38 DHAPhase5 Lahore,Baku,2025-04-23,First,434600
TRP-8730250,B. Lodhi,"House No. 131, Gali 38, DHA Phase 5, Lahore",Kuala Lumpur,2024-07-22,First,407776
TRP-1595243,Babar Lodhi,"House No. 131, Gali 38, DHA Phase 5, Lahore",London,2024-08-23,Business,897890
TRP-4350389,B. Lodhi,"House No. 131, Gali 38, DHA Phase 5, Lahore",Dubai,2025-01-26,First,359290
TRP-6748163,S. Cheema,مکان 93 گلی 21 Gulgasht Multan,Lahore,2024-03-31,Economy,39386
TRP-9620504,I.Shirazi,H#307 St-8 Cantt Multan,Baku,2024-01-05,Business,389729
TRP-4701026,I. Shirazi,مکان 307 گلی 8 Cantt Multan,London,2025-07-28,Business,1239893
TRP-1019576,I. Shirazi,مکان 307 گلی 8 Cantt Multan,Baku,2025-05-10,Business,372590
TRP-9861111,Rana Fahad Orakzai,"House No. 151, Gali 30, Chaklala Scheme 3, Rawalpindi",London,2025-12-20,Business,1171124
TRP-3584650,Fahad Orakzai,مکان 151 گلی 30 Chaklala Scheme 3 راولپنڈی,London,2024-07-20,Business,1226797
TRP-7236005,Fahad Orakzai,H#151 St-30 ChaklalaScheme3 Rawalpindi,London,2025-08-13,First,804557
TRP-5010544,R. Yousafzai,مکان 227 گلی 17 Cantt Multan,Istanbul,2026-05-10,Business,488299
TRP-1100213,R. Yousafzai,"House No. 227, Gali 17, Cantt, Multan",Jeddah,2025-10-27,First,511260
TRP-7867903,Rehan Yousafzai,مکان 227 گلی 17 Cantt Multan,Dubai,2025-12-01,First,481527
TRP-5785479,T.Malik,"House 335, Street 1, DHA Phase 6, Karachi",Dubai,2024-05-14,Business,471743
TRP-5194013,Rana Taimoor Malik,مکان 335 گلی 1 DHA Phase 6 کراچی,Istanbul,2025-06-06,Business,365317
TRP-8442808,Amna Khan,"House No. 395, Gali 32, D Ground, Faisalabad",Lahore,2024-03-31,Economy,34328
TRP-6186407,Z.Gondal,مکان 353 گلی 31 E-11/2 اسلام آباد,Lahore,2025-08-25,Economy,41713
TRP-7847889,Uzma Baig,"House No. 197, Gali 13, Satellite Town, Rawalpindi",Dubai,2025-08-21,First,514110
TRP-3643593,U. Baig,"House 197, Street 13, Satellite Town, Rawalpindi",Baku,2025-10-01,Business,267194
TRP-7549298,U.Baig,مکان 197 گلی 13 Satellite Town راولپنڈی,Dubai,2025-03-24,Business,320220
TRP-7090431,Uzma Baig,"House No. 197, Gali 13, Satellite Town, Rawalpindi",Kuala Lumpur,2025-06-09,First,595043
TRP-1855654,Haji Uzma Baig,"House 197, Street 13, Satellite Town, Rawalpindi",Jeddah,2026-03-08,First,494377
TRP-3666472,U.Baig,"House No. 197, Gali 13, Satellite Town, Rawalpindi",Dubai,2025-02-01,First,384882
TRP-3701992,Rehan Khattak,مکان 235 گلی 35 Gulgasht Multan,Karachi,2024-08-10,Economy,56100
TRP-6501038,M. Khattak,مکان 317 گلی 3 E-11/2 اسلام آباد,Istanbul,2025-04-28,Business,434020
TRP-8926809,Mian Mustafa Khattak,"House 317, Street 3, E-11/2, Islamabad",Kuala Lumpur,2024-11-25,First,430188
TRP-9963640,Mustafa Khattak,مکان 317 گلی 3 E-11/2 اسلام آباد,Istanbul,2025-08-28,First,564625
TRP-2054290,Kamran Baig,"House No. 378, Gali 26, Gulshan-e-Iqbal, Karachi",Karachi,2024-10-30,Economy,88374
TRP-4000996,عثمان Bukhari,"House 33, Street 8, Chaklala Scheme 3, Rawalpindi",Istanbul,2024-11-24,Business,459465
TRP-4805538,U.Bukhari,مکان 33 گلی 8 Chaklala Scheme 3 راولپنڈی,Dubai,2024-01-30,First,339527
TRP-4632959,U. Bukhari,"House No. 33, Gali 8, Chaklala Scheme 3, Rawalpindi",Jeddah,2025-06-15,Business,528228
TRP-4815577,U.Bukhari,مکان 33 گلی 8 Chaklala Scheme 3 راولپنڈی,London,2025-03-06,First,1043374
TRP-7306423,U.Bukhari,"House No. 33, Gali 8, Chaklala Scheme 3, Rawalpindi",Istanbul,2024-07-28,Business,412094
TRP-9951891,Haji Hafsa Rajput,"House No. 82, Gali 3, DHA Phase 6, Karachi",Dubai,2026-04-15,First,379379
TRP-7698007,Mehwish Tareen,"House No. 54, Gali 4, Clifton Block 2, Karachi",Baku,2025-04-23,Business,444861
TRP-5813958,F. Janjua,H#304 St-38 ShahRukn-e-Alam Multan,Jeddah,2025-03-12,First,558917
TRP-6193838,F.Janjua,"House No. 304, Gali 38, Shah Rukn-e-Alam, Multan",Kuala Lumpur,2025-10-13,Business,405205
TRP-4504116,F. Janjua,H#304 St-38 ShahRukn-e-Alam Multan,Dubai,2024-08-25,First,482002
TRP-8492547,F.Janjua,مکان 304 گلی 38 Shah Rukn-e-Alam Multan,London,2026-02-03,First,1085569
TRP-3919608,Faisal Janjua,مکان 304 گلی 38 Shah Rukn-e-Alam Multan,Kuala Lumpur,2024-10-11,First,558735
TRP-8039142,Faisal Janjua,"House No. 304, Gali 38, Shah Rukn-e-Alam, Multan",Kuala Lumpur,2024-07-29,Business,649123
TRP-7496207,Mian Fahad Bhatti,مکان 122 گلی 27 Satellite Town راولپنڈی,London,2025-08-08,First,1330344
TRP-5810257,Syed Fahad Bhatti,H#122 St-27 SatelliteTown Rawalpindi,Kuala Lumpur,2025-12-26,Business,618680
TRP-1244324,F. Bhatti,"House No. 122, Gali 27, Satellite Town, Rawalpindi",Kuala Lumpur,2025-07-22,First,529751
TRP-3144606,Bilal Sial,"House No. 313, Gali 30, Bahria Phase 4, Rawalpindi",London,2024-08-29,Business,1203632
TRP-4943263,بلال Sial,مکان 313 گلی 30 Bahria Phase 4 راولپنڈی,Dubai,2024-02-20,Business,363808
TRP-8529594,A. Rajput,H#83 St-30 ShahRukn-e-Alam Multan,Baku,2026-05-11,First,383915
TRP-7846153,عمران Kazmi,مکان 27 گلی 8 Shah Rukn-e-Alam Multan,Skardu,2025-05-01,Economy,84627
TRP-9421226,Saad Khattak,"House 35, Street 36, D Ground, Faisalabad",London,2025-01-30,First,815325
TRP-8581924,Saad Khattak,"House 35, Street 36, D Ground, Faisalabad",Baku,2024-01-07,Business,310475
TRP-3516508,Z.Saddozai,مکان 360 گلی 14 Gulbahar Peshawar,Kuala Lumpur,2024-09-29,First,455567
TRP-8117210,Sardar Waseem Sheikh,مکان 177 گلی 29 I-8/4 اسلام آباد,Kuala Lumpur,2024-11-23,First,525954
TRP-4589333,Waseem شیخ,مکان 177 گلی 29 I-8/4 اسلام آباد,Baku,2026-01-19,First,357273
TRP-5163886,W.Sheikh,H#177 St-29 I-8/4 Islamabad,London,2026-05-07,Business,1096070
TRP-8619031,Irfan Chaudhry,"House No. 142, Gali 8, F-8/3, Islamabad",Istanbul,2025-07-08,First,466877
TRP-8379384,I. Chaudhry,"House No. 142, Gali 8, F-8/3, Islamabad",Dubai,2025-09-16,First,486035
TRP-5019958,Malik Irfan Chaudhry,مکان 142 گلی 8 F-8/3 اسلام آباد,Baku,2026-03-17,Business,444134
TRP-2751027,I.Chaudhry,H#142 St-8 F-8/3 Islamabad,Istanbul,2025-10-08,First,590627
TRP-6462255,D. Naqvi,"House No. 211, Gali 38, Shah Rukn-e-Alam, Multan",London,2026-05-17,Business,802616
TRP-2470216,D.Naqvi,"House No. 211, Gali 38, Shah Rukn-e-Alam, Multan",Kuala Lumpur,2024-08-24,First,458447
TRP-7590653,D.Naqvi,مکان 211 گلی 38 Shah Rukn-e-Alam Multan,Dubai,2025-10-02,First,407938
TRP-2662361,D. Naqvi,"House No. 211, Gali 38, Shah Rukn-e-Alam, Multan",Jeddah,2024-03-07,First,519798
TRP-2439420,Ubaid Niazi,"House 157, Street 11, Peoples Colony, Faisalabad",Lahore,2024-11-02,Economy,50074
TRP-4691473,R. Gill,مکان 86 گلی 40 Model Town لاہور,Skardu,2026-02-03,Economy,108838
TRP-7191540,Chaudhary Ayesha Cheema,مکان 152 گلی 31 Gulgasht Multan,Kuala Lumpur,2026-04-08,First,527024
TRP-3028143,Rana Ayesha Cheema,مکان 152 گلی 31 Gulgasht Multan,Jeddah,2025-03-14,First,366948
TRP-3968493,Javeria Siddiqui,"House 21, Street 9, Shah Rukn-e-Alam, Multan",Istanbul,2025-10-24,First,539499
TRP-6796597,Haji Javeria Siddiqui,"House 21, Street 9, Shah Rukn-e-Alam, Multan",London,2024-08-04,Business,1191907
TRP-5205147,T. Gill,H#29 St-39 I-8/4 Islamabad,Skardu,2025-03-17,Economy,109073
TRP-8148323,عمران Wazir,H#76 St-28 ModelTown Lahore,Skardu,2024-10-02,Economy,107523
TRP-7542924,S.Khan,"House No. 213, Gali 12, Gulshan-e-Iqbal, Karachi",Skardu,2025-07-15,Economy,74239
TRP-2849836,Adnan Kayani,"House 64, Street 19, Model Town, Lahore",Baku,2025-03-28,First,327057
TRP-6470011,Adnan Kayani,"House 64, Street 19, Model Town, Lahore",Dubai,2025-07-07,First,372156
TRP-9368307,Syed Adnan Kayani,"House No. 64, Gali 19, Model Town, Lahore",Jeddah,2024-12-28,First,499060
TRP-4157649,Adnan Kayani,"House No. 64, Gali 19, Model Town, Lahore",London,2026-05-12,First,990351
TRP-6574483,Syed Adnan Kayani,H#64 St-19 ModelTown Lahore,Jeddah,2024-09-18,First,558998
TRP-8445119,W.Hashmi,"House No. 382, Gali 24, G-13/1, Islamabad",Istanbul,2025-05-23,Business,387742
TRP-6003959,Syed Waseem Hashmi,"House No. 382, Gali 24, G-13/1, Islamabad",Istanbul,2026-03-27,First,487726
TRP-2471744,Waseem Hashmi,"House No. 382, Gali 24, G-13/1, Islamabad",Istanbul,2025-08-10,Business,592279
TRP-5991331,J. Kazmi,"House 9, Street 17, Gulgasht, Multan",Lahore,2026-05-13,Economy,40255
TRP-4186191,Rana Ghulam Mughal,"House No. 185, Gali 27, I-8/4, Islamabad",Dubai,2024-05-19,First,506896
TRP-2379635,Ghulam Mughal,H#185 St-27 I-8/4 Islamabad,Dubai,2025-10-23,Business,443928
TRP-1864562,G. Mughal,"House No. 185, Gali 27, I-8/4, Islamabad",Dubai,2025-12-01,Business,307302
TRP-7695058,G.Mughal,"House No. 185, Gali 27, I-8/4, Islamabad",Jeddah,2024-01-18,First,346191
TRP-2403922,Mian Mubashir Lodhi,مکان 353 گلی 24 Gulgasht Multan,Karachi,2026-04-11,Economy,83111
TRP-2732464,Jawad Kakar,مکان 175 گلی 11 North Nazimabad کراچی,Lahore,2024-05-19,Economy,35123
TRP-2924807,Ali Rajput,"House No. 354, Gali 24, Gulberg III, Lahore",Karachi,2025-02-05,Economy,52398
TRP-7631693,I.Mughal,H#3 St-7 Gulbahar Peshawar,Istanbul,2024-03-14,First,583033
TRP-7588016,I. Mughal,مکان 3 گلی 7 Gulbahar Peshawar,Jeddah,2024-06-30,First,379820
TRP-3065733,Mian Irfan Mughal,"House No. 3, Gali 7, Gulbahar, Peshawar",Kuala Lumpur,2025-02-23,First,406860
TRP-8589873,Malik Irfan Mughal,"House 3, Street 7, Gulbahar, Peshawar",Istanbul,2024-03-12,First,407493
TRP-4563969,I. Mughal,"House No. 3, Gali 7, Gulbahar, Peshawar",Jeddah,2024-11-25,First,393127
TRP-2497512,I. Mughal,H#3 St-7 Gulbahar Peshawar,Dubai,2024-05-23,Business,503962
TRP-2242209,Luqman Mirza,"House No. 352, Gali 29, Gulshan-e-Iqbal, Karachi",Karachi,2026-02-11,Economy,78216
TRP-1106493,Kamran Sandhu,مکان 103 گلی 39 Chaklala Scheme 3 راولپنڈی,Istanbul,2025-08-13,First,560246
TRP-6423551,K.Sandhu,H#103 St-39 ChaklalaScheme3 Rawalpindi,Dubai,2024-05-17,Business,510215
TRP-4422886,A. Siddiqui,"House No. 255, Gali 15, Model Town, Lahore",Skardu,2024-03-30,Economy,68523
TRP-7806360,A.Mehsud,H#196 St-39 F-8/3 Islamabad,Baku,2024-01-02,First,406145
TRP-8702631,A. Mehsud,H#196 St-39 F-8/3 Islamabad,London,2026-03-13,Business,1174962
TRP-9778399,A.Mehsud,"House 196, Street 39, F-8/3, Islamabad",Jeddah,2025-06-04,First,555675
TRP-4491103,Sardar Anas Mehsud,"House No. 196, Gali 39, F-8/3, Islamabad",London,2024-12-24,Business,1105568
TRP-1143664,Z.Rizvi,مکان 221 گلی 8 G-10/2 اسلام آباد,Kuala Lumpur,2025-07-19,Business,565565
TRP-6269093,Malik Zainab Rizvi,"House 221, Street 8, G-10/2, Islamabad",Baku,2025-09-16,Business,284100
TRP-3029088,Z. Rizvi,"House 221, Street 8, G-10/2, Islamabad",London,2025-02-12,Business,884806
TRP-4641570,Z. Rizvi,H#221 St-8 G-10/2 Islamabad,Istanbul,2024-08-21,Business,468670
TRP-1875893,Mustafa Tareen,مکان 346 گلی 32 G-13/1 اسلام آباد,Jeddah,2026-05-16,Business,358829
TRP-1875987,M.Tareen,"House 346, Street 32, G-13/1, Islamabad",Dubai,2026-04-30,Business,297947
TRP-9179085,M. Tareen,مکان 346 گلی 32 G-13/1 اسلام آباد,Baku,2025-01-25,First,403288
TRP-7686793,M.Butt,مکان 179 گلی 38 Chaklala Scheme 3 راولپنڈی,Jeddah,2026-05-13,Business,381055
TRP-1654203,F.Cheema,H#276 St-21 SatelliteTown Rawalpindi,Jeddah,2024-02-01,First,557959
TRP-9173069,S. Malik,H#302 St-2 ShahRukn-e-Alam Multan,London,2024-03-11,Business,1175121
TRP-5818172,Sajid Malik,مکان 302 گلی 2 Shah Rukn-e-Alam Multan,London,2024-08-27,Business,1009499
TRP-7130273,Sajid ملک,مکان 302 گلی 2 Shah Rukn-e-Alam Multan,Baku,2024-04-22,First,334441
TRP-9958536,Z.Orakzai,مکان 173 گلی 32 Cantt Multan,Skardu,2025-12-12,Economy,83094
TRP-2383420,Q. Dar,مکان 334 گلی 20 DHA Phase 5 لاہور,London,2026-03-28,Business,978724
TRP-5470969,Pervez Warraich,H#264 St-30 WapdaTown Lahore,London,2025-05-01,First,812017
TRP-7977146,Pervez Warraich,"House No. 264, Gali 30, Wapda Town, Lahore",Baku,2025-06-27,Business,314099
TRP-2706394,Pervez Warraich,مکان 264 گلی 30 Wapda Town لاہور,Jeddah,2026-05-28,Business,460483
TRP-2145623,Pervez Warraich,"House No. 264, Gali 30, Wapda Town, Lahore",Istanbul,2025-09-28,First,431071
TRP-6636767,Pervez Warraich,"House No. 264, Gali 30, Wapda Town, Lahore",Kuala Lumpur,2024-02-10,First,656317
TRP-9512372,Bushra Zaidi,"House No. 370, Gali 32, Satellite Town, Rawalpindi",Kuala Lumpur,2025-12-23,First,439286
TRP-2400837,B.Zaidi,مکان 370 گلی 32 Satellite Town راولپنڈی,London,2026-02-22,First,936623
TRP-7741622,Syed Obaid Sandhu,H#47 St-26 Gulgasht Multan,Baku,2024-06-13,Business,349546
TRP-4533182,Obaid Sandhu,H#47 St-26 Gulgasht Multan,Istanbul,2024-08-20,Business,408489
TRP-3585870,A. Raja,"House 396, Street 21, Satellite Town, Rawalpindi",Dubai,2025-01-05,Business,381316
TRP-6497840,Anas راجہ,H#396 St-21 SatelliteTown Rawalpindi,Baku,2025-05-07,Business,441995
TRP-1500304,R. Qureshi,مکان 141 گلی 29 Bahria Phase 4 راولپنڈی,Jeddah,2024-11-01,Business,416802
TRP-5142159,F.Bhatti,"House 244, Street 16, Madina Town, Faisalabad",Dubai,2026-05-18,First,511904
TRP-3368783,Fahad Bhatti,"House 244, Street 16, Madina Town, Faisalabad",Dubai,2024-02-04,First,390149
TRP-8910919,Malik Fahad Bhatti,"House 244, Street 16, Madina Town, Faisalabad",Baku,2024-02-11,Business,357621
TRP-8241248,Mian Fahad Bhatti,H#244 St-16 MadinaTown Faisalabad,Kuala Lumpur,2024-12-21,First,589475
TRP-9677444,F.Bhatti,H#244 St-16 MadinaTown Faisalabad,Jeddah,2024-07-06,Business,475480
TRP-4953274,A. Khattak,H#379 St-4 PeoplesColony Faisalabad,Baku,2026-05-27,Business,268905
TRP-5305217,A.Khattak,مکان 379 گلی 4 Peoples Colony Faisalabad,Baku,2026-03-08,Business,303548
TRP-6481567,Chaudhary Ali Khattak,"House No. 379, Gali 4, Peoples Colony, Faisalabad",Dubai,2025-12-12,Business,311536
TRP-9744144,L.Durrani,مکان 378 گلی 21 Gulbahar Peshawar,Dubai,2024-03-29,First,423719
TRP-1461596,Laiba Durrani,مکان 378 گلی 21 Gulbahar Peshawar,Kuala Lumpur,2025-05-29,First,626407
TRP-8654288,Laiba Durrani,"House 378, Street 21, Gulbahar, Peshawar",Kuala Lumpur,2026-01-16,Business,640546
TRP-4587017,Laiba Durrani,"House No. 378, Gali 21, Gulbahar, Peshawar",Kuala Lumpur,2026-02-15,First,431838
TRP-4122533,Laiba Durrani,مکان 378 گلی 21 Gulbahar Peshawar,Istanbul,2025-10-16,Business,542292
TRP-9077553,L.Durrani,"House 378, Street 21, Gulbahar, Peshawar",Baku,2024-12-17,First,303120
TRP-2767764,Uzma Awan,مکان 103 گلی 20 E-11/2 اسلام آباد,Skardu,2024-05-09,Economy,85684
TRP-7452298,I. Mehsud,"House No. 232, Gali 31, Gulshan-e-Iqbal, Karachi",Dubai,2024-07-15,First,422244
TRP-4178496,Iqra Mehsud,"House No. 232, Gali 31, Gulshan-e-Iqbal, Karachi",Dubai,2024-12-07,Business,468964
TRP-1139792,I.Mehsud,H#232 St-31 Gulshan-e-Iqbal Karachi,Istanbul,2026-03-10,Business,552797
TRP-9925071,Rana Iqra Mehsud,"House No. 232, Gali 31, Gulshan-e-Iqbal, Karachi",Baku,2025-11-13,First,319205
TRP-1908859,I. Mehsud,H#232 St-31 Gulshan-e-Iqbal Karachi,Istanbul,2024-06-14,First,527141
TRP-5388209,U.Yousafzai,"House 46, Street 30, Cantt, Multan",Baku,2024-07-16,Business,355975
TRP-2856961,U. Yousafzai,مکان 46 گلی 30 Cantt Multan,Baku,2024-12-13,First,426557
TRP-9238767,Malik Uzma Yousafzai,H#46 St-30 Cantt Multan,Jeddah,2024-07-05,Business,532772
TRP-3686983,Uzma Yousafzai,"House 46, Street 30, Cantt, Multan",Jeddah,2026-01-21,First,326015
TRP-3711379,Iqra Kayani,مکان 189 گلی 11 Satellite Town راولپنڈی,Jeddah,2026-05-23,First,466640
TRP-4506276,Iqra Kayani,مکان 189 گلی 11 Satellite Town راولپنڈی,London,2025-03-04,First,899303
TRP-9923659,G. Hashmi,H#366 St-14 F-8/3 Islamabad,Istanbul,2025-12-22,Business,559929
TRP-5976787,Chaudhary Bilal Cheema,H#182 St-39 Westridge Rawalpindi,Dubai,2026-05-04,Business,416676
TRP-9412938,بلال Cheema,H#182 St-39 Westridge Rawalpindi,Istanbul,2025-10-27,First,347787
TRP-1829711,B. Cheema,"House No. 182, Gali 39, Westridge, Rawalpindi",Dubai,2025-04-08,First,348409
TRP-2254349,Mansoor Sandhu,مکان 166 گلی 10 Peoples Colony Faisalabad,Jeddah,2025-09-16,First,486381
TRP-4093525,M. Sandhu,H#166 St-10 PeoplesColony Faisalabad,London,2024-03-06,First,1199810
TRP-3645235,A.Kakar,"House No. 46, Gali 2, University Town, Peshawar",Lahore,2024-10-15,Economy,57287
TRP-1393976,M.Abbasi,H#128 St-34 ChaklalaScheme3 Rawalpindi,Lahore,2025-04-24,Economy,42065
TRP-2678555,Z. Rajput,H#337 St-39 NorthNazimabad Karachi,Baku,2024-09-18,Business,430037
TRP-1789436,Zara Rajput,H#337 St-39 NorthNazimabad Karachi,Jeddah,2024-11-16,Business,445021
TRP-6605531,Zara Rajput,H#337 St-39 NorthNazimabad Karachi,Jeddah,2024-12-17,Business,480843
TRP-3439090,Zara Rajput,"House No. 337, Gali 39, North Nazimabad, Karachi",London,2024-01-14,First,982605
TRP-9191757,Zara Rajput,H#337 St-39 NorthNazimabad Karachi,Jeddah,2024-08-22,First,343024
TRP-1638173,Z. Rajput,مکان 337 گلی 39 North Nazimabad کراچی,Kuala Lumpur,2024-04-23,First,553732
TRP-6915111,Syed Bilal Cheema,"House No. 323, Gali 28, G-10/2, Islamabad",Baku,2025-09-23,Business,306149
TRP-1844102,B. Cheema,H#323 St-28 G-10/2 Islamabad,Kuala Lumpur,2026-01-08,Business,417800
TRP-4162498,فاطمہ Bukhari,مکان 348 گلی 32 Gulgasht Multan,London,2025-06-29,First,1176102
TRP-5345442,Fatima Bukhari,"House 348, Street 32, Gulgasht, Multan",Jeddah,2025-06-08,Business,512577
TRP-5471496,Sadia چوہدری,مکان 243 گلی 8 Model Town لاہور,London,2026-04-04,Business,977849
TRP-6636552,S.Chaudhry,H#243 St-8 ModelTown Lahore,Kuala Lumpur,2026-03-30,Business,599496
TRP-3509104,S.Chaudhry,H#243 St-8 ModelTown Lahore,Istanbul,2026-05-01,First,458185
TRP-9817825,Sadia چوہدری,H#243 St-8 ModelTown Lahore,Dubai,2025-02-23,First,311494
TRP-8233184,Sadia Chaudhry,"House 243, Street 8, Model Town, Lahore",London,2025-02-26,First,1021974
TRP-3389377,Sadia Chaudhry,مکان 243 گلی 8 Model Town لاہور,London,2025-04-03,First,1109980
TRP-6324704,N. Dar,H#342 St-31 DHAPhase5 Lahore,Baku,2024-01-05,First,371462
TRP-9109560,Nimra Dar,مکان 342 گلی 31 DHA Phase 5 لاہور,Baku,2025-06-12,Business,327866
TRP-5393349,Anas Niazi,مکان 286 گلی 4 Bahria Phase 4 راولپنڈی,Istanbul,2026-04-12,First,417991
TRP-1806612,Anas Niazi,"House No. 286, Gali 4, Bahria Phase 4, Rawalpindi",London,2026-05-18,First,1167390
TRP-7926488,A.Niazi,"House No. 286, Gali 4, Bahria Phase 4, Rawalpindi",London,2025-04-27,Business,1058096
TRP-3965448,U.Tareen,H#313 St-40 G-10/2 Islamabad,Skardu,2025-06-07,Economy,116240
TRP-6642939,N. Sandhu,مکان 363 گلی 29 Chaklala Scheme 3 راولپنڈی,Dubai,2026-01-06,First,345790
TRP-4028462,Noman Sandhu,"House 363, Street 29, Chaklala Scheme 3, Rawalpindi",Istanbul,2024-08-23,First,530309
TRP-4406855,N. Sandhu,"House 363, Street 29, Chaklala Scheme 3, Rawalpindi",Baku,2024-02-01,First,431429
TRP-4249747,N. Sandhu,مکان 363 گلی 29 Chaklala Scheme 3 راولپنڈی,Istanbul,2025-10-22,First,505274
TRP-1133552,Sardar Noman Sandhu,H#363 St-29 ChaklalaScheme3 Rawalpindi,Dubai,2024-07-29,Business,509477
TRP-7488421,Syed Noman Sandhu,مکان 363 گلی 29 Chaklala Scheme 3 راولپنڈی,Dubai,2025-12-11,Business,511059
TRP-1935698,H.Baig,مکان 394 گلی 1 North Nazimabad کراچی,Istanbul,2024-09-26,Business,399066
TRP-7440528,H. Baig,"House 394, Street 1, North Nazimabad, Karachi",London,2026-05-24,Business,1235318
TRP-8800329,M.Abbasi,"House 229, Street 14, Shah Rukn-e-Alam, Multan",Lahore,2024-12-19,Economy,37668
TRP-9231347,I. Khokhar,H#365 St-28 F-8/3 Islamabad,Jeddah,2024-09-12,First,361774
TRP-3762900,Ibrahim Khokhar,"House 365, Street 28, F-8/3, Islamabad",Kuala Lumpur,2024-09-09,Business,422934
TRP-7600644,Ibrahim Khokhar,مکان 365 گلی 28 F-8/3 اسلام آباد,Dubai,2025-10-23,First,389455
TRP-7646550,Ibrahim Khokhar,H#365 St-28 F-8/3 Islamabad,Istanbul,2025-04-03,First,579942
TRP-5532570,Y.Dar,مکان 190 گلی 34 Clifton Block 2 کراچی,Lahore,2026-01-20,Economy,41723
TRP-9015156,A.Afridi,مکان 353 گلی 32 North Nazimabad کراچی,Lahore,2025-09-09,Economy,54336
TRP-3160610,Hamza Shirazi,مکان 57 گلی 8 University Town Peshawar,Istanbul,2026-02-07,First,460788
TRP-1656001,Jawad Niazi,"House No. 151, Gali 32, Gulberg III, Lahore",Istanbul,2026-04-27,First,545121
TRP-4154776,I.Dar,"House 2, Street 8, Westridge, Rawalpindi",Jeddah,2026-01-28,Business,401034
TRP-4698023,I. Dar,مکان 2 گلی 8 Westridge راولپنڈی,Kuala Lumpur,2025-10-16,First,465835
TRP-5743599,I.Dar,"House No. 2, Gali 8, Westridge, Rawalpindi",London,2024-08-22,Business,901176
TRP-7569338,Syed Owais Gilani,"House No. 194, Gali 31, Gulshan-e-Iqbal, Karachi",Istanbul,2024-07-19,First,486129
TRP-4797346,Owais Gilani,مکان 194 گلی 31 Gulshan-e-Iqbal کراچی,Istanbul,2024-10-07,Business,554574
TRP-8822472,Owais Gilani,"House No. 194, Gali 31, Gulshan-e-Iqbal, Karachi",Istanbul,2026-01-24,First,391221
TRP-6743245,O.Gilani,مکان 194 گلی 31 Gulshan-e-Iqbal کراچی,Dubai,2025-09-01,First,443823
TRP-7215323,Z.Butt,"House 377, Street 18, Shah Rukn-e-Alam, Multan",Dubai,2025-10-15,First,462292
TRP-1249420,Zainab Butt,H#377 St-18 ShahRukn-e-Alam Multan,Baku,2025-09-25,Business,440647
TRP-5287192,Mian Zainab Butt,"House 377, Street 18, Shah Rukn-e-Alam, Multan",Kuala Lumpur,2026-03-12,First,463136
TRP-9178389,Zainab Butt,"House No. 377, Gali 18, Shah Rukn-e-Alam, Multan",Dubai,2024-02-13,Business,395672
TRP-7598881,Malik Zainab Butt,"House No. 377, Gali 18, Shah Rukn-e-Alam, Multan",Jeddah,2024-07-24,Business,330794
TRP-3086714,Nadia Khattak,مکان 287 گلی 6 B-17 اسلام آباد,London,2024-05-30,Business,788821
TRP-6754000,Nadia Khattak,مکان 287 گلی 6 B-17 اسلام آباد,Baku,2025-09-10,Business,400810
TRP-2611475,N.Khattak,مکان 287 گلی 6 B-17 اسلام آباد,Jeddah,2026-04-15,Business,528429
TRP-7840254,N. Khattak,H#287 St-6 B-17 Islamabad,Baku,2026-02-18,Business,442082
TRP-1568626,Rana Tariq Rizvi,"House 206, Street 38, Madina Town, Faisalabad",Jeddah,2026-01-16,Business,476138
TRP-9978447,T. Rizvi,"House 206, Street 38, Madina Town, Faisalabad",Kuala Lumpur,2025-09-09,Business,461646
TRP-9566187,Tariq Rizvi,مکان 206 گلی 38 Madina Town Faisalabad,Jeddah,2025-04-26,Business,471441
TRP-5078117,Tariq Rizvi,"House No. 206, Gali 38, Madina Town, Faisalabad",Dubai,2024-05-12,Business,317413
TRP-3037536,Shahzad Niazi,"House No. 229, Gali 6, Madina Town, Faisalabad",Jeddah,2024-06-23,Business,373679
TRP-1695400,S. Niazi,"House No. 229, Gali 6, Madina Town, Faisalabad",Istanbul,2026-01-04,First,546144
TRP-1155995,Shahzad Niazi,H#229 St-6 MadinaTown Faisalabad,Dubai,2025-10-10,Business,398447
TRP-5105369,M. Raja,"House No. 72, Gali 36, Clifton Block 2, Karachi",London,2025-03-01,Business,970185
TRP-8020153,Mubashir راجہ,H#72 St-36 CliftonBlock2 Karachi,Dubai,2025-11-03,First,482302
TRP-8234120,Chaudhary Ali Orakzai,مکان 312 گلی 31 Satellite Town راولپنڈی,London,2025-07-07,Business,1222459
TRP-9739917,Lubna Hashmi,"House No. 276, Gali 6, University Town, Peshawar",Istanbul,2025-04-15,First,513611
TRP-7467572,Mian Ghulam Virk,H#184 St-25 Gulbahar Peshawar,Skardu,2025-09-17,Economy,84858
TRP-5374038,S. Khan,مکان 389 گلی 18 Satellite Town راولپنڈی,Jeddah,2025-04-11,First,343025
TRP-7270287,S. Khan,"House No. 389, Gali 18, Satellite Town, Rawalpindi",London,2024-12-25,First,1015388
TRP-9591125,M.Siddiqui,H#292 St-33 UniversityTown Peshawar,Jeddah,2024-10-22,Business,488349
TRP-8481049,M. Siddiqui,H#292 St-33 UniversityTown Peshawar,London,2024-02-10,First,897148
TRP-2670291,M. Siddiqui,مکان 292 گلی 33 University Town Peshawar,Baku,2025-05-28,First,345938
TRP-9344549,Mansoor Siddiqui,"House No. 292, Gali 33, University Town, Peshawar",Kuala Lumpur,2024-08-01,First,648006
TRP-6384438,Mansoor Siddiqui,H#292 St-33 UniversityTown Peshawar,London,2026-04-08,First,954316
TRP-1669818,Mian Gul Khattak,"House No. 222, Gali 27, I-8/4, Islamabad",London,2025-10-14,First,877355
TRP-4725120,G. Khattak,"House 222, Street 27, I-8/4, Islamabad",London,2025-09-06,Business,808185
TRP-2248378,Gul Khattak,"House 222, Street 27, I-8/4, Islamabad",London,2024-04-30,Business,891885
TRP-8906890,G. Khattak,"House 222, Street 27, I-8/4, Islamabad",Baku,2024-02-04,First,399443
TRP-4768800,Tariq Gilani,H#378 St-15 HayatabadPhase3 Peshawar,Karachi,2024-01-12,Economy,55354
TRP-3997684,K.Afridi,"House No. 15, Gali 31, Cantt, Multan",Skardu,2025-09-24,Economy,73361
TRP-7528301,A.Cheema,H#171 St-34 HayatabadPhase3 Peshawar,Dubai,2025-01-17,First,519641
TRP-8924643,Mian Arsalan Cheema,"House 171, Street 34, Hayatabad Phase 3, Peshawar",Baku,2024-04-09,Business,397717
TRP-9409933,Malik Arsalan Cheema,"House 171, Street 34, Hayatabad Phase 3, Peshawar",Istanbul,2025-05-10,Business,598912
TRP-5253048,A. Cheema,"House 171, Street 34, Hayatabad Phase 3, Peshawar",Baku,2025-12-27,First,265718
TRP-5819112,A.Cheema,"House 171, Street 34, Hayatabad Phase 3, Peshawar",Jeddah,2024-07-26,First,441530
TRP-5013965,T. Sheikh,H#161 St-5 E-11/2 Islamabad,Lahore,2024-02-17,Economy,49689
TRP-6514298,K. Qureshi,H#287 St-4 Cantt Multan,Jeddah,2024-11-26,First,465117
TRP-7066590,K.Qureshi,"House 287, Street 4, Cantt, Multan",Istanbul,2024-08-02,Business,462107
TRP-2723364,Kamran Qureshi,"House 287, Street 4, Cantt, Multan",Kuala Lumpur,2026-02-13,Business,625463
TRP-3686753,I. Wazir,H#233 St-25 PeoplesColony Faisalabad,Baku,2025-09-13,First,319474
TRP-7802298,Chaudhary Iqra Wazir,مکان 233 گلی 25 Peoples Colony Faisalabad,Dubai,2024-10-24,Business,421996
TRP-6593573,Sardar Iqra Wazir,"House 233, Street 25, Peoples Colony, Faisalabad",Dubai,2024-01-29,First,462742
TRP-1227408,Iqra Wazir,H#233 St-25 PeoplesColony Faisalabad,Kuala Lumpur,2024-01-20,First,605072
TRP-9381455,Ubaid Naqvi,مکان 99 گلی 7 Wapda Town لاہور,Karachi,2024-03-19,Economy,64006
TRP-6309361,Chaudhary Imran Awan,H#224 St-33 WapdaTown Lahore,Kuala Lumpur,2024-07-15,Business,671413
TRP-5818879,I. Awan,مکان 224 گلی 33 Wapda Town لاہور,London,2025-09-19,First,1108869
TRP-8749253,Imran Awan,H#224 St-33 WapdaTown Lahore,Istanbul,2026-04-12,First,460635
TRP-2783828,I.Awan,"House No. 224, Gali 33, Wapda Town, Lahore",Dubai,2024-12-21,Business,439833
TRP-2019349,بلال Sial,H#103 St-13 JoharTown Lahore,Jeddah,2024-01-05,First,461498
TRP-5368033,بلال Sial,مکان 103 گلی 13 Johar Town لاہور,London,2024-02-22,First,1316742
TRP-8042146,B.Sial,H#103 St-13 JoharTown Lahore,Jeddah,2025-08-20,First,356499
TRP-6035956,W. Shirazi,"House No. 297, Gali 37, Shah Rukn-e-Alam, Multan",Skardu,2024-10-17,Economy,80933
TRP-7186892,Ubaid بٹ,مکان 2 گلی 15 DHA Phase 6 کراچی,Kuala Lumpur,2025-07-18,First,504266
TRP-5333141,Ubaid بٹ,H#2 St-15 DHAPhase6 Karachi,Baku,2024-07-13,Business,409225
TRP-5260876,U. Butt,"House No. 2, Gali 15, DHA Phase 6, Karachi",Baku,2024-01-09,First,334474
TRP-2570183,U.Butt,"House No. 2, Gali 15, DHA Phase 6, Karachi",Baku,2024-05-22,First,325554
TRP-5309477,K. Dar,H#4 St-24 DHAPhase6 Karachi,Istanbul,2025-08-22,First,534230
TRP-1070897,Sardar Khalid Dar,مکان 4 گلی 24 DHA Phase 6 کراچی,Istanbul,2025-12-19,First,414201
TRP-5617760,Atif Janjua,H#144 St-9 B-17 Islamabad,Baku,2026-01-12,First,289175
TRP-3504388,Atif Janjua,"House No. 144, Gali 9, B-17, Islamabad",Jeddah,2025-08-22,First,323637
TRP-2671507,A. Janjua,"House 144, Street 9, B-17, Islamabad",London,2025-01-03,First,1297599
TRP-3032010,B.Yousafzai,H#261 St-25 F-8/3 Islamabad,Jeddah,2026-04-22,Business,484618
TRP-2229072,Sardar Bushra Yousafzai,"House 261, Street 25, F-8/3, Islamabad",Istanbul,2024-03-05,Business,564740
TRP-7852147,Bushra Yousafzai,H#261 St-25 F-8/3 Islamabad,Istanbul,2025-01-23,Business,370736
TRP-8031173,Madiha Sandhu,H#248 St-32 DGround Faisalabad,Lahore,2024-01-10,Economy,42923
TRP-6710372,Zara بٹ,"House 104, Street 29, Bahria Phase 4, Rawalpindi",London,2024-12-12,Business,1045385
TRP-1703167,Zara بٹ,H#104 St-29 BahriaPhase4 Rawalpindi,London,2025-08-02,First,1324096
TRP-7407821,Amna Mughal,"House No. 131, Gali 36, University Town, Peshawar",Jeddah,2024-02-25,Business,460149
TRP-5724395,Haji Amna Mughal,مکان 131 گلی 36 University Town Peshawar,Baku,2025-01-28,First,360878
TRP-5022251,Haji Amna Mughal,H#131 St-36 UniversityTown Peshawar,London,2025-09-24,Business,921860
TRP-2353223,Danish Bukhari,"House No. 263, Gali 40, E-11/2, Islamabad",Kuala Lumpur,2024-04-23,Business,499284
TRP-8472951,D.Bukhari,H#263 St-40 E-11/2 Islamabad,Istanbul,2025-08-15,Business,371034
TRP-5753928,Chaudhary Danish Bukhari,"House 263, Street 40, E-11/2, Islamabad",Kuala Lumpur,2026-03-27,First,513300
TRP-8188303,Z. Baig,H#346 St-22 JoharTown Lahore,Jeddah,2024-07-30,Business,323871
TRP-8389265,Zainab Baig,"House No. 346, Gali 22, Johar Town, Lahore",Dubai,2024-12-30,First,478340
TRP-1340533,احمد Kakar,مکان 178 گلی 26 Gulberg III لاہور,Dubai,2025-11-07,First,308956
TRP-8931314,Ahmed Kakar,H#178 St-26 GulbergIII Lahore,Jeddah,2025-11-27,First,379499
TRP-8013146,Ahmed Kakar,"House 178, Street 26, Gulberg III, Lahore",Istanbul,2024-11-28,First,502746
TRP-5365783,Ahmed Kakar,H#178 St-26 GulbergIII Lahore,London,2025-03-25,Business,796491
TRP-7959316,Amna Awan,مکان 256 گلی 23 DHA Phase 5 لاہور,London,2025-12-13,Business,956846
TRP-3927602,A.Awan,H#256 St-23 DHAPhase5 Lahore,Jeddah,2025-07-03,Business,532836
TRP-2219832,Junaid قریشی,"House 91, Street 3, Gulgasht, Multan",Skardu,2025-12-12,Economy,101694
TRP-8207749,Irfan Dar,H#338 St-34 ChaklalaScheme3 Rawalpindi,Istanbul,2024-03-21,First,486559
TRP-5820779,Irfan Dar,"House 338, Street 34, Chaklala Scheme 3, Rawalpindi",Istanbul,2026-01-08,First,392213
TRP-7982507,Irfan Dar,"House 338, Street 34, Chaklala Scheme 3, Rawalpindi",Baku,2024-08-30,First,441698
TRP-1538882,Rana Shahzad Dar,"House No. 364, Gali 31, Model Town, Lahore",Lahore,2024-11-21,Economy,47920
TRP-9008964,Malik Kinza Gilani,"House 358, Street 3, E-11/2, Islamabad",Dubai,2026-02-12,First,495710
TRP-3542124,K.Gilani,مکان 358 گلی 3 E-11/2 اسلام آباد,London,2025-02-04,First,897032
TRP-3683214,Kashif Siddiqui,H#168 St-30 Cantt Multan,Istanbul,2024-03-23,Business,545506
TRP-9856870,G.Rizvi,"House 357, Street 4, Westridge, Rawalpindi",Lahore,2024-08-28,Economy,39488
TRP-1502716,Iqra خان,"House 393, Street 13, E-11/2, Islamabad",Skardu,2025-06-03,Economy,93067
TRP-7077081,Mubashir Kakar,"House No. 53, Gali 35, Madina Town, Faisalabad",Kuala Lumpur,2024-10-22,Business,509710
TRP-5552185,Mubashir Kakar,"House No. 53, Gali 35, Madina Town, Faisalabad",Jeddah,2025-06-30,First,500816
TRP-9944385,Mubashir Kakar,مکان 53 گلی 35 Madina Town Faisalabad,Dubai,2025-03-26,First,397870
TRP-2732209,K. Kazmi,"House 120, Street 33, Gulgasht, Multan",Jeddah,2025-08-27,First,452851
TRP-3352197,K.Kazmi,مکان 120 گلی 33 Gulgasht Multan,Jeddah,2024-10-03,Business,519462
TRP-8250473,K. Kazmi,"House No. 120, Gali 33, Gulgasht, Multan",Istanbul,2025-04-02,Business,478318
TRP-9869677,K.Kazmi,H#120 St-33 Gulgasht Multan,Jeddah,2024-11-20,First,439711
TRP-8579640,O.Janjua,"House 388, Street 16, Shah Rukn-e-Alam, Multan",Skardu,2024-10-04,Economy,103256
TRP-6329513,Kamran Hashmi,"House 27, Street 10, F-8/3, Islamabad",Dubai,2024-12-03,First,298751
TRP-3518851,Haji Kamran Hashmi,"House 27, Street 10, F-8/3, Islamabad",London,2024-08-24,Business,1139919
TRP-2410572,K. Hashmi,H#27 St-10 F-8/3 Islamabad,Jeddah,2025-04-20,Business,337712
TRP-7252932,Arsalan Kazmi,"House 372, Street 30, E-11/2, Islamabad",Jeddah,2024-01-27,Business,383443
TRP-3652054,Arsalan Kazmi,H#372 St-30 E-11/2 Islamabad,London,2025-08-05,Business,1306914
TRP-5161943,F. Cheema,"House No. 101, Gali 10, Westridge, Rawalpindi",London,2026-03-01,First,1236408
TRP-4315734,Faisal Cheema,مکان 101 گلی 10 Westridge راولپنڈی,Baku,2025-07-15,First,443001
TRP-2943309,Faisal Cheema,"House 101, Street 10, Westridge, Rawalpindi",Baku,2025-12-29,Business,414750
TRP-6782010,Chaudhary Faisal Cheema,"House No. 101, Gali 10, Westridge, Rawalpindi",London,2024-01-15,Business,1000965
TRP-8898927,Rana Luqman Gilani,H#391 St-28 BahriaPhase4 Rawalpindi,Dubai,2026-03-05,First,512056
TRP-5977086,Sardar Luqman Gilani,H#391 St-28 BahriaPhase4 Rawalpindi,Istanbul,2026-02-12,Business,494168
TRP-6371654,Mian Luqman Gilani,"House 391, Street 28, Bahria Phase 4, Rawalpindi",Istanbul,2024-07-05,Business,358813
TRP-4309081,Saba Bangash,H#358 St-10 Cantt Multan,Lahore,2025-06-02,Economy,51428
TRP-4567285,L. Bukhari,مکان 7 گلی 8 Cantt Multan,Baku,2025-06-04,First,277339
TRP-2413199,Laiba Bukhari,مکان 7 گلی 8 Cantt Multan,Dubai,2025-02-22,First,427356
TRP-5342673,K.Niazi,مکان 252 گلی 1 F-8/3 اسلام آباد,Dubai,2025-12-10,First,440535
TRP-5280681,Kinza Niazi,H#252 St-1 F-8/3 Islamabad,Baku,2024-06-10,First,276454
TRP-3133728,K. Niazi,"House No. 252, Gali 1, F-8/3, Islamabad",Jeddah,2025-08-19,First,524173
TRP-8525987,K. Niazi,"House No. 252, Gali 1, F-8/3, Islamabad",Istanbul,2025-12-06,First,494611
TRP-1225710,Rida Sial,مکان 192 گلی 12 Bahria Phase 4 راولپنڈی,London,2025-06-24,First,889552
TRP-3382731,Mian Farah Bukhari,مکان 50 گلی 14 Hayatabad Phase 3 Peshawar,Dubai,2025-12-05,First,497863
TRP-2999730,Farah Bukhari,مکان 50 گلی 14 Hayatabad Phase 3 Peshawar,London,2025-08-21,Business,1044411
TRP-7469859,Farah Bukhari,مکان 50 گلی 14 Hayatabad Phase 3 Peshawar,Dubai,2024-09-27,Business,444093
TRP-4789586,Mian Farah Bukhari,مکان 50 گلی 14 Hayatabad Phase 3 Peshawar,Istanbul,2025-02-20,Business,584459
TRP-8565826,Farah Warraich,"House No. 183, Gali 22, Clifton Block 2, Karachi",Istanbul,2024-09-29,First,542997
TRP-3747684,Farah Warraich,مکان 183 گلی 22 Clifton Block 2 کراچی,Istanbul,2024-06-25,Business,352217
TRP-4306371,H. Shirazi,"House 144, Street 16, G-13/1, Islamabad",Jeddah,2026-01-18,First,376623
TRP-4880701,Haji Hassan Shirazi,"House 144, Street 16, G-13/1, Islamabad",Baku,2025-12-06,First,351604
TRP-5323164,H.Shirazi,"House 144, Street 16, G-13/1, Islamabad",Dubai,2024-12-18,First,354459
TRP-8031100,M.Afridi,مکان 9 گلی 24 University Town Peshawar,Baku,2025-03-12,Business,297689
TRP-2618290,Muhammad Afridi,H#9 St-24 UniversityTown Peshawar,London,2024-10-10,First,1093607
TRP-7005304,Haji Muhammad Afridi,"House No. 9, Gali 24, University Town, Peshawar",Dubai,2024-09-28,Business,421445
TRP-2112766,محمد Afridi,H#9 St-24 UniversityTown Peshawar,Istanbul,2025-12-08,Business,465022
TRP-3367695,محمد Afridi,"House 9, Street 24, University Town, Peshawar",Baku,2025-06-07,Business,433607
TRP-2838810,Muhammad Afridi,"House No. 9, Gali 24, University Town, Peshawar",Baku,2025-08-29,First,257195
TRP-9310797,H.Awan,مکان 155 گلی 36 Clifton Block 2 کراچی,Kuala Lumpur,2025-03-19,First,474880
TRP-7867409,H.Awan,"House 155, Street 36, Clifton Block 2, Karachi",Kuala Lumpur,2024-11-15,First,674765
TRP-5276622,L. Kakar,مکان 369 گلی 17 Johar Town لاہور,Kuala Lumpur,2024-04-15,First,571757
TRP-6879519,L.Kakar,"House 369, Street 17, Johar Town, Lahore",Dubai,2025-12-05,Business,460808
TRP-2356931,Luqman Kakar,"House No. 369, Gali 17, Johar Town, Lahore",Baku,2026-03-26,Business,325087
TRP-3006090,Luqman Kakar,مکان 369 گلی 17 Johar Town لاہور,Kuala Lumpur,2025-09-08,Business,518950
TRP-1956812,Luqman Kakar,"House 369, Street 17, Johar Town, Lahore",Istanbul,2025-08-11,First,463973
TRP-4922805,J.Cheema,H#295 St-39 HayatabadPhase3 Peshawar,London,2024-02-23,Business,1345199
TRP-5850364,J. Cheema,"House 295, Street 39, Hayatabad Phase 3, Peshawar",London,2024-09-14,First,1020727
TRP-3470148,Javeria Cheema,H#295 St-39 HayatabadPhase3 Peshawar,Dubai,2025-05-29,Business,315941
TRP-4391216,Javeria Cheema,مکان 295 گلی 39 Hayatabad Phase 3 Peshawar,Dubai,2025-07-10,First,341201
TRP-2157721,J. Cheema,"House No. 295, Gali 39, Hayatabad Phase 3, Peshawar",Kuala Lumpur,2025-05-31,Business,579523
TRP-9352884,Haji Javeria Cheema,H#295 St-39 HayatabadPhase3 Peshawar,London,2024-10-31,First,1166040
TRP-5521728,Sana Wazir,مکان 114 گلی 7 D Ground Faisalabad,Lahore,2024-05-13,Economy,45140
TRP-5576050,Malik Amna Awan,"House 150, Street 10, North Nazimabad, Karachi",Jeddah,2026-01-12,First,496857
TRP-2341816,Amna Awan,مکان 150 گلی 10 North Nazimabad کراچی,Dubai,2025-05-31,Business,413672
TRP-3070013,Amna Awan,"House 150, Street 10, North Nazimabad, Karachi",Istanbul,2026-05-07,First,346044
TRP-6079832,Amna Awan,H#150 St-10 NorthNazimabad Karachi,Jeddah,2026-04-26,Business,502174
TRP-1999878,Amna Awan,"House 150, Street 10, North Nazimabad, Karachi",Istanbul,2024-06-19,First,542114
TRP-2953431,M.Niazi,"House 89, Street 25, Gulgasht, Multan",Baku,2024-03-04,First,302847
TRP-8824063,Mian Mustafa Niazi,"House 89, Street 25, Gulgasht, Multan",Jeddah,2026-02-03,First,396495
TRP-2668598,Mian Mustafa Niazi,"House No. 89, Gali 25, Gulgasht, Multan",Kuala Lumpur,2024-08-30,First,464607
TRP-3820979,M.Niazi,مکان 89 گلی 25 Gulgasht Multan,Jeddah,2026-02-28,Business,470426
TRP-2606823,Mustafa Niazi,"House 89, Street 25, Gulgasht, Multan",Istanbul,2026-01-01,Business,478908
TRP-4164378,Rana Mustafa Niazi,"House No. 89, Gali 25, Gulgasht, Multan",London,2024-03-22,First,1300854
TRP-6608268,Ahmed Siddiqui,مکان 63 گلی 32 G-10/2 اسلام آباد,Dubai,2024-01-27,Business,482795
TRP-7201396,A. Siddiqui,مکان 63 گلی 32 G-10/2 اسلام آباد,Jeddah,2025-10-15,First,329312
TRP-1185477,Chaudhary Ahmed Siddiqui,"House 63, Street 32, G-10/2, Islamabad",Jeddah,2024-06-26,First,526061
TRP-2747202,A.Siddiqui,مکان 63 گلی 32 G-10/2 اسلام آباد,Baku,2024-07-14,First,366166
TRP-5105239,Z.Lodhi,"House No. 49, Gali 38, Gulgasht, Multan",Baku,2026-03-18,First,411528
TRP-5378315,Zafar Lodhi,H#49 St-38 Gulgasht Multan,Jeddah,2024-05-02,First,349772
TRP-2315738,Z.Lodhi,H#49 St-38 Gulgasht Multan,Dubai,2024-03-21,Business,372567
TRP-2190075,Zafar Lodhi,H#49 St-38 Gulgasht Multan,Baku,2025-12-10,First,337931
TRP-9119302,Z.Lodhi,"House No. 49, Gali 38, Gulgasht, Multan",Dubai,2025-06-03,Business,417124
TRP-5025625,Z.Lodhi,مکان 49 گلی 38 Gulgasht Multan,Kuala Lumpur,2025-03-07,Business,572645
TRP-8326795,Z.Bhatti,H#276 St-12 B-17 Islamabad,Lahore,2024-11-16,Economy,46736
TRP-5197391,Mustafa Chaudhry,"House No. 276, Gali 8, D Ground, Faisalabad",Kuala Lumpur,2024-07-07,Business,571026
TRP-8424384,Syed Mustafa Chaudhry,مکان 276 گلی 8 D Ground Faisalabad,London,2024-11-02,First,1007780
TRP-3677409,Mustafa Chaudhry,H#276 St-8 DGround Faisalabad,Dubai,2024-11-02,First,395913
TRP-2254474,Mian Mustafa Chaudhry,مکان 276 گلی 8 D Ground Faisalabad,Istanbul,2026-01-30,Business,371513
TRP-2851729,A.Niazi,"House 88, Street 28, Wapda Town, Lahore",Lahore,2025-01-29,Economy,59526
TRP-4602737,Zubair Wazir,مکان 72 گلی 37 Madina Town Faisalabad,Kuala Lumpur,2024-03-15,Business,604968
TRP-5116296,Z.Wazir,"House 72, Street 37, Madina Town, Faisalabad",Baku,2025-12-02,First,287772
TRP-7242816,Zubair Wazir,H#72 St-37 MadinaTown Faisalabad,Kuala Lumpur,2024-05-20,First,401475
TRP-6145844,Zubair Wazir,"House No. 72, Gali 37, Madina Town, Faisalabad",London,2024-10-15,First,932118
TRP-6481682,Zubair Wazir,"House 72, Street 37, Madina Town, Faisalabad",Kuala Lumpur,2025-05-02,First,667466
TRP-7052099,J. Qureshi,H#122 St-3 Cantt Multan,Skardu,2025-06-17,Economy,93734
TRP-8186704,Rauf Virk,H#127 St-5 G-13/1 Islamabad,London,2024-07-28,First,1076798
TRP-9140060,Mian Rauf Virk,مکان 127 گلی 5 G-13/1 اسلام آباد,London,2026-05-19,Business,1053161
TRP-2549732,R. Virk,H#127 St-5 G-13/1 Islamabad,Istanbul,2024-03-19,Business,564897
TRP-6534784,R. Virk,"House 127, Street 5, G-13/1, Islamabad",Baku,2024-05-28,First,304192
TRP-7344946,R.Virk,"House No. 127, Gali 5, G-13/1, Islamabad",Baku,2026-05-09,First,261809
TRP-7648995,K. Qureshi,H#90 St-34 HayatabadPhase3 Peshawar,Kuala Lumpur,2024-02-26,Business,629305
TRP-1219391,K.Qureshi,"House No. 90, Gali 34, Hayatabad Phase 3, Peshawar",Jeddah,2026-03-10,Business,372785
TRP-7576978,Khalid قریشی,"House 90, Street 34, Hayatabad Phase 3, Peshawar",London,2025-11-08,First,987395
TRP-4469872,Zafar Bukhari,H#5 St-33 ChaklalaScheme3 Rawalpindi,London,2026-05-16,Business,787941
TRP-2670336,Zafar Bukhari,مکان 5 گلی 33 Chaklala Scheme 3 راولپنڈی,Istanbul,2026-05-21,First,550040
TRP-9089181,Zafar Bukhari,"House No. 5, Gali 33, Chaklala Scheme 3, Rawalpindi",Istanbul,2025-11-21,Business,521906
TRP-8341708,Z.Bukhari,مکان 5 گلی 33 Chaklala Scheme 3 راولپنڈی,Kuala Lumpur,2025-03-12,Business,412498
TRP-2709159,Bilal Durrani,H#363 St-16 ShahRukn-e-Alam Multan,Kuala Lumpur,2025-08-05,First,623418
TRP-9717342,B. Durrani,H#363 St-16 ShahRukn-e-Alam Multan,Kuala Lumpur,2025-11-19,Business,655213
TRP-8977005,Rana Wajahat Kazmi,"House No. 220, Gali 34, Gulberg III, Lahore",Jeddah,2024-04-23,Business,433015
TRP-8164308,Wajahat Kazmi,H#220 St-34 GulbergIII Lahore,Baku,2024-10-14,First,441559
TRP-7302602,Wajahat Kazmi,مکان 220 گلی 34 Gulberg III لاہور,Jeddah,2024-11-05,First,462208
TRP-7167367,Wajahat Kazmi,"House 220, Street 34, Gulberg III, Lahore",Baku,2024-07-06,Business,347261
TRP-1821413,S. Afridi,"House 374, Street 16, G-10/2, Islamabad",Jeddah,2024-10-01,Business,372590
TRP-8778495,Salman Afridi,"House 374, Street 16, G-10/2, Islamabad",Baku,2025-10-14,Business,280383
TRP-7046175,S. Afridi,H#374 St-16 G-10/2 Islamabad,Dubai,2024-09-09,First,311679
TRP-4661217,Nadeem Dar,H#324 St-37 B-17 Islamabad,Baku,2024-07-21,Business,328650
TRP-2771866,Q. Ansari,"House 56, Street 29, Madina Town, Faisalabad",Dubai,2024-07-03,Business,519996
TRP-9758429,Qasim Ansari,"House No. 56, Gali 29, Madina Town, Faisalabad",Istanbul,2024-03-10,Business,588674
TRP-3825285,Q.Ansari,H#56 St-29 MadinaTown Faisalabad,Jeddah,2024-04-02,Business,567701
TRP-5282148,Q.Ansari,"House 56, Street 29, Madina Town, Faisalabad",Istanbul,2025-04-22,Business,527097
TRP-3479117,Chaudhary Waqas Wazir,"House 341, Street 18, Westridge, Rawalpindi",London,2024-04-27,First,866093
TRP-1342050,Waqas Wazir,مکان 341 گلی 18 Westridge راولپنڈی,Kuala Lumpur,2024-02-05,First,453257
TRP-1841816,M. Awan,مکان 257 گلی 25 Model Town لاہور,Karachi,2025-05-19,Economy,54221
TRP-8941429,Ayesha Khan,"House No. 122, Gali 4, Gulbahar, Peshawar",Jeddah,2024-12-05,First,363787
TRP-4203033,Chaudhary Ayesha Khan,H#122 St-4 Gulbahar Peshawar,Dubai,2025-07-13,First,482231
TRP-8783966,A.Khan,مکان 122 گلی 4 Gulbahar Peshawar,Dubai,2025-11-05,Business,445073
TRP-1508916,Mustafa راجہ,"House 127, Street 40, University Town, Peshawar",Karachi,2024-06-27,Economy,75362
TRP-6552769,A. Yousafzai,H#27 St-25 SatelliteTown Rawalpindi,Istanbul,2026-05-09,Business,411339
TRP-4159531,Ali Yousafzai,"House 27, Street 25, Satellite Town, Rawalpindi",London,2024-05-19,Business,1280524
TRP-5732502,A. Yousafzai,مکان 27 گلی 25 Satellite Town راولپنڈی,Jeddah,2026-02-03,First,565756
TRP-1800751,A. Yousafzai,H#27 St-25 SatelliteTown Rawalpindi,Dubai,2025-08-08,First,323922
TRP-9389870,M. Tarar,H#25 St-12 ChaklalaScheme3 Rawalpindi,Baku,2024-08-29,Business,376428
TRP-5895844,M.Tarar,"House 25, Street 12, Chaklala Scheme 3, Rawalpindi",Dubai,2026-05-25,First,385353
TRP-8416066,Chaudhary Madiha Tarar,مکان 25 گلی 12 Chaklala Scheme 3 راولپنڈی,Jeddah,2026-04-12,Business,510234
TRP-2075640,F.Khan,H#395 St-9 Gulgasht Multan,Lahore,2025-02-20,Economy,51264
TRP-3437559,Syed Laiba Sandhu,H#108 St-38 ChaklalaScheme3 Rawalpindi,Dubai,2024-08-08,Business,431915
TRP-4589090,L.Sandhu,مکان 108 گلی 38 Chaklala Scheme 3 راولپنڈی,Jeddah,2024-09-29,Business,352043
TRP-2353725,L. Sandhu,مکان 108 گلی 38 Chaklala Scheme 3 راولپنڈی,Dubai,2024-01-08,Business,462173
TRP-3531422,L.Sandhu,مکان 108 گلی 38 Chaklala Scheme 3 راولپنڈی,Kuala Lumpur,2025-11-05,First,438400
TRP-4570823,L.Sandhu,مکان 108 گلی 38 Chaklala Scheme 3 راولپنڈی,Kuala Lumpur,2025-10-05,First,449275
TRP-8072522,Malik Laiba Sandhu,مکان 108 گلی 38 Chaklala Scheme 3 راولپنڈی,London,2026-02-28,First,1023936
TRP-3468757,U.Bukhari,H#99 St-29 Cantt Multan,London,2024-08-20,First,953589
TRP-5931000,U. Bukhari,H#99 St-29 Cantt Multan,Istanbul,2024-07-08,First,342617
TRP-9082208,عثمان Bukhari,مکان 99 گلی 29 Cantt Multan,London,2024-07-05,First,1266607
TRP-9668353,U. Bukhari,مکان 99 گلی 29 Cantt Multan,Baku,2025-09-01,First,394784
TRP-9108772,Usman Bukhari,H#99 St-29 Cantt Multan,Kuala Lumpur,2024-08-06,Business,520284
TRP-1869396,Chaudhary Iqra Lodhi,"House 149, Street 3, Cantt, Multan",Skardu,2025-06-03,Economy,115629
TRP-2801119,Laiba Lodhi,H#2 St-11 BahriaPhase4 Rawalpindi,Kuala Lumpur,2024-06-20,Business,405223
TRP-9946136,L.Lodhi,H#2 St-11 BahriaPhase4 Rawalpindi,Istanbul,2025-03-01,First,471091
TRP-4161101,Zubair بٹ,مکان 143 گلی 9 Cantt Multan,Jeddah,2025-02-22,Business,504958
TRP-8659945,Zubair بٹ,"House 143, Street 9, Cantt, Multan",Istanbul,2025-08-16,First,371225
TRP-5636382,Z.Gill,مکان 189 گلی 21 Gulgasht Multan,Karachi,2025-03-04,Economy,76916
TRP-4439553,A.Sheikh,H#183 St-15 Cantt Multan,Jeddah,2024-09-14,Business,562898
TRP-3297174,Haji Atif Sheikh,"House No. 183, Gali 15, Cantt, Multan",Istanbul,2026-03-20,Business,508962
TRP-1825987,A.Sheikh,"House No. 183, Gali 15, Cantt, Multan",Istanbul,2024-08-04,Business,556315
TRP-6792550,Chaudhary Atif Sheikh,مکان 183 گلی 15 Cantt Multan,Dubai,2025-01-13,Business,360276
TRP-1394615,N. Bukhari,مکان 80 گلی 29 Shah Rukn-e-Alam Multan,Karachi,2025-06-16,Economy,87598
TRP-2362277,Mian Anas Ansari,H#91 St-13 DHAPhase6 Karachi,Skardu,2026-01-25,Economy,77975
TRP-4228605,Waqas Ansari,H#352 St-39 UniversityTown Peshawar,Istanbul,2026-02-21,Business,575540
TRP-8279594,Waqas Ansari,"House No. 352, Gali 39, University Town, Peshawar",Baku,2025-12-14,Business,429971
TRP-4777088,W.Ansari,مکان 352 گلی 39 University Town Peshawar,Dubai,2025-04-26,Business,314826
TRP-9039184,Waqas Niazi,"House 80, Street 16, Model Town, Lahore",Kuala Lumpur,2024-12-30,First,535443
TRP-5596501,W. Niazi,"House 80, Street 16, Model Town, Lahore",Dubai,2024-02-28,First,390569
TRP-9708390,Waqas Niazi,"House No. 80, Gali 16, Model Town, Lahore",Istanbul,2026-05-18,Business,501755
TRP-7792839,G.Chaudhry,H#61 St-24 MadinaTown Faisalabad,Baku,2025-07-22,Business,294564
TRP-3055463,Ghulam چوہدری,"House No. 61, Gali 24, Madina Town, Faisalabad",Baku,2025-12-01,First,399565
TRP-6183117,Iqra Ansari,"House No. 77, Gali 20, Shah Rukn-e-Alam, Multan",Lahore,2025-07-05,Economy,56202
TRP-1462118,B. Sandhu,"House 2, Street 10, DHA Phase 5, Lahore",Dubai,2025-07-11,First,507373
TRP-8979240,B.Sandhu,"House 2, Street 10, DHA Phase 5, Lahore",Jeddah,2025-11-09,Business,439185
TRP-8951821,Bushra Sandhu,H#2 St-10 DHAPhase5 Lahore,Kuala Lumpur,2024-09-12,Business,640880
TRP-5263959,Pervez Zaidi,"House No. 273, Gali 35, North Nazimabad, Karachi",Jeddah,2024-03-29,Business,335943
TRP-6489509,Malik Pervez Zaidi,"House 273, Street 35, North Nazimabad, Karachi",Istanbul,2025-10-12,Business,391486
TRP-3836092,Pervez Zaidi,"House No. 273, Gali 35, North Nazimabad, Karachi",Kuala Lumpur,2025-05-04,Business,632149
TRP-3205357,P. Zaidi,مکان 273 گلی 35 North Nazimabad کراچی,London,2026-01-13,Business,1314927
TRP-1906311,P.Zaidi,H#273 St-35 NorthNazimabad Karachi,London,2025-10-03,First,803772
TRP-7869578,Malik Pervez Zaidi,"House No. 273, Gali 35, North Nazimabad, Karachi",Jeddah,2026-03-09,First,347945
TRP-5273430,Imran Saddozai,H#357 St-10 SatelliteTown Rawalpindi,Karachi,2026-03-16,Economy,61547
TRP-7541109,O.Durrani,"House No. 331, Gali 1, Model Town, Lahore",Karachi,2025-03-04,Economy,84545
TRP-1335037,Laiba Tareen,"House No. 6, Gali 26, Bahria Phase 4, Rawalpindi",Istanbul,2024-05-28,Business,457128
TRP-2850701,Laiba Tareen,"House 6, Street 26, Bahria Phase 4, Rawalpindi",London,2025-11-05,First,904484
TRP-9205192,D.Sial,مکان 48 گلی 34 Chaklala Scheme 3 راولپنڈی,Baku,2024-06-16,First,435190
TRP-2292516,Danish Sial,"House No. 48, Gali 34, Chaklala Scheme 3, Rawalpindi",Istanbul,2024-08-14,Business,591441
TRP-3511816,D.Sial,"House 48, Street 34, Chaklala Scheme 3, Rawalpindi",Dubai,2026-04-04,First,341489
TRP-7712925,D. Sial,"House 48, Street 34, Chaklala Scheme 3, Rawalpindi",Baku,2025-02-23,Business,351850
TRP-5672999,D.Sial,"House 48, Street 34, Chaklala Scheme 3, Rawalpindi",Istanbul,2026-04-25,First,462350
TRP-1226813,D.Sial,"House 48, Street 34, Chaklala Scheme 3, Rawalpindi",Istanbul,2025-03-18,Business,400548
TRP-3954586,Malik Uzma Sial,H#56 St-7 ChaklalaScheme3 Rawalpindi,Lahore,2025-07-25,Economy,41791
TRP-6111983,Chaudhary Sajid Raja,"House No. 23, Gali 37, D Ground, Faisalabad",Karachi,2026-05-29,Economy,80180
TRP-2168064,K. Mehsud,مکان 209 گلی 33 I-8/4 اسلام آباد,Jeddah,2024-07-05,First,413768
TRP-5736335,Kinza Mehsud,"House 209, Street 33, I-8/4, Islamabad",Kuala Lumpur,2024-09-12,Business,420047
TRP-2960902,K. Mehsud,مکان 209 گلی 33 I-8/4 اسلام آباد,Dubai,2026-02-02,Business,423735
TRP-1507082,K.Mehsud,"House 209, Street 33, I-8/4, Islamabad",Baku,2025-09-22,First,270563
TRP-6399648,K.Mehsud,H#209 St-33 I-8/4 Islamabad,Kuala Lumpur,2026-02-25,First,408451
TRP-3706235,R. Kakar,مکان 257 گلی 34 Cantt Multan,Skardu,2026-02-19,Economy,117028
TRP-2414452,Zubair Sandhu,"House 21, Street 25, Madina Town, Faisalabad",Jeddah,2025-11-25,First,398335
TRP-6720892,Zubair Sandhu,مکان 21 گلی 25 Madina Town Faisalabad,Istanbul,2026-04-27,Business,342522
TRP-1113572,Zubair Sandhu,مکان 21 گلی 25 Madina Town Faisalabad,Jeddah,2025-02-18,First,483953
TRP-3625209,Zubair Sandhu,"House No. 21, Gali 25, Madina Town, Faisalabad",London,2024-05-19,Business,1140443
TRP-4794811,Z. Khan,مکان 281 گلی 6 Chaklala Scheme 3 راولپنڈی,Skardu,2024-10-10,Economy,102389
TRP-1147873,Waqas Chaudhry,مکان 187 گلی 23 Wapda Town لاہور,Skardu,2024-04-07,Economy,92236
TRP-3047042,Yousuf Kayani,"House 333, Street 9, University Town, Peshawar",Skardu,2025-11-18,Economy,83971
TRP-4113226,Adnan Qureshi,H#82 St-37 ModelTown Lahore,Karachi,2024-08-28,Economy,77452
TRP-9978990,S.Gill,"House 329, Street 35, North Nazimabad, Karachi",Jeddah,2025-08-18,Business,452057
TRP-2744174,S.Gill,"House No. 329, Gali 35, North Nazimabad, Karachi",Kuala Lumpur,2024-11-22,First,587770
TRP-1373848,H.Warraich,H#163 St-22 DHAPhase5 Lahore,Kuala Lumpur,2024-09-06,Business,536328
TRP-4937784,H.Warraich,H#163 St-22 DHAPhase5 Lahore,London,2025-02-10,Business,881296
TRP-6549850,H.Warraich,مکان 163 گلی 22 DHA Phase 5 لاہور,Jeddah,2026-03-27,Business,496640
TRP-3795210,H.Warraich,مکان 163 گلی 22 DHA Phase 5 لاہور,Baku,2025-09-09,Business,278822
TRP-4466850,Malik Ibrahim Sial,"House No. 28, Gali 14, DHA Phase 6, Karachi",Jeddah,2025-12-10,First,437495
TRP-7377891,I. Sial,H#28 St-14 DHAPhase6 Karachi,Baku,2025-02-10,First,334537
TRP-1409507,B.Raja,مکان 386 گلی 20 Gulshan-e-Iqbal کراچی,Kuala Lumpur,2024-08-23,First,541771
TRP-7165197,J. Mughal,H#182 St-37 ShahRukn-e-Alam Multan,London,2025-08-14,First,919292
TRP-6180743,Javeria Mughal,H#182 St-37 ShahRukn-e-Alam Multan,Istanbul,2025-05-07,First,464763
TRP-9990857,Javeria Mughal,مکان 182 گلی 37 Shah Rukn-e-Alam Multan,Kuala Lumpur,2024-02-28,Business,479337
TRP-2205226,J. Mughal,"House 182, Street 37, Shah Rukn-e-Alam, Multan",Istanbul,2025-09-24,First,596648
TRP-6714772,Rana Javeria Mughal,مکان 182 گلی 37 Shah Rukn-e-Alam Multan,Istanbul,2026-01-05,Business,342725
TRP-3818753,Atif Wazir,H#381 St-21 Gulbahar Peshawar,London,2025-08-08,First,1046310
TRP-6775792,A. Wazir,H#381 St-21 Gulbahar Peshawar,Jeddah,2024-07-13,First,415666
TRP-8908446,Gul Gilani,مکان 187 گلی 2 I-8/4 اسلام آباد,Jeddah,2024-04-06,Business,473433
TRP-8335610,Gul Gilani,مکان 187 گلی 2 I-8/4 اسلام آباد,Istanbul,2025-09-16,Business,528436
TRP-1288198,O.Tarar,"House No. 278, Gali 28, Gulberg III, Lahore",Kuala Lumpur,2024-05-14,First,506265
TRP-9418573,Obaid Tarar,H#278 St-28 GulbergIII Lahore,London,2025-06-24,Business,770438
TRP-4553518,Sardar Zeeshan Afridi,"House 342, Street 19, Clifton Block 2, Karachi",London,2025-03-20,First,1055249
TRP-6678179,Z. Afridi,مکان 342 گلی 19 Clifton Block 2 کراچی,Baku,2025-09-01,First,392964
TRP-4492184,Rana Zeeshan Afridi,H#342 St-19 CliftonBlock2 Karachi,Baku,2024-04-14,Business,396818
TRP-4426595,Zeeshan Afridi,مکان 342 گلی 19 Clifton Block 2 کراچی,Kuala Lumpur,2025-09-11,Business,641023
TRP-7631585,Sardar Haris Rajput,مکان 238 گلی 27 I-8/4 اسلام آباد,London,2024-04-14,First,1293248
TRP-3179509,Haris Rajput,"House No. 238, Gali 27, I-8/4, Islamabad",Istanbul,2025-08-10,Business,579803
TRP-6592567,Chaudhary Haris Rajput,"House No. 238, Gali 27, I-8/4, Islamabad",Jeddah,2026-05-12,First,503595
TRP-9319851,Malik Haris Rajput,"House No. 238, Gali 27, I-8/4, Islamabad",London,2026-03-25,First,1345882
TRP-8706222,Mehwish Khattak,"House 296, Street 28, Clifton Block 2, Karachi",Karachi,2025-03-20,Economy,76178
TRP-8980895,W. Bhatti,"House No. 48, Gali 2, Satellite Town, Rawalpindi",Istanbul,2025-06-21,Business,546771
TRP-6396305,W.Bhatti,"House No. 48, Gali 2, Satellite Town, Rawalpindi",Istanbul,2025-12-16,First,501679
TRP-4458092,W.Bhatti,"House No. 48, Gali 2, Satellite Town, Rawalpindi",London,2025-08-17,Business,895800
TRP-4137836,W. Bhatti,"House 48, Street 2, Satellite Town, Rawalpindi",Istanbul,2025-05-29,First,369064
TRP-5240972,W.Bhatti,مکان 48 گلی 2 Satellite Town راولپنڈی,Kuala Lumpur,2025-03-18,Business,601986
TRP-7587336,Amna Virk,"House No. 376, Gali 9, B-17, Islamabad",Jeddah,2024-02-09,First,435063
TRP-2413121,Amna Virk,H#376 St-9 B-17 Islamabad,Istanbul,2025-01-24,First,553844
TRP-5144036,Malik Amna Virk,H#376 St-9 B-17 Islamabad,Istanbul,2026-05-12,Business,375070
TRP-7806387,Amna Virk,H#376 St-9 B-17 Islamabad,Baku,2025-12-13,Business,318487
TRP-7810404,Salman چوہدری,H#107 St-26 Gulshan-e-Iqbal Karachi,Skardu,2025-01-17,Economy,117674
TRP-5494912,Rabia Afridi,H#61 St-22 PeoplesColony Faisalabad,Kuala Lumpur,2024-07-26,First,548839
TRP-5080112,Jawad Afridi,مکان 231 گلی 11 Hayatabad Phase 3 Peshawar,Istanbul,2025-11-18,First,455993
TRP-5229604,Jawad Afridi,"House 231, Street 11, Hayatabad Phase 3, Peshawar",Jeddah,2024-04-11,First,437661
TRP-8155908,J.Afridi,"House No. 231, Gali 11, Hayatabad Phase 3, Peshawar",Jeddah,2024-07-14,First,464244
TRP-8444874,Jawad Afridi,H#231 St-11 HayatabadPhase3 Peshawar,Dubai,2024-10-07,Business,422627
TRP-8422546,Sardar Haris Sheikh,"House 256, Street 3, University Town, Peshawar",Kuala Lumpur,2024-12-17,Business,386567
TRP-4221414,H. Sheikh,مکان 256 گلی 3 University Town Peshawar,Jeddah,2024-02-07,Business,395373
TRP-6279022,Mian Hussain Rizvi,H#173 St-2 PeoplesColony Faisalabad,Istanbul,2025-10-12,First,374717
TRP-8347078,Sardar Hussain Rizvi,H#173 St-2 PeoplesColony Faisalabad,Istanbul,2026-03-21,First,503803
TRP-3230151,Hussain Rizvi,"House 173, Street 2, Peoples Colony, Faisalabad",Kuala Lumpur,2024-10-16,Business,673820
TRP-3817213,H. Rizvi,مکان 173 گلی 2 Peoples Colony Faisalabad,Kuala Lumpur,2026-04-30,Business,489896
TRP-7394508,حسین Rizvi,"House No. 173, Gali 2, Peoples Colony, Faisalabad",Kuala Lumpur,2024-01-09,First,504611
TRP-2436971,H.Rizvi,"House No. 173, Gali 2, Peoples Colony, Faisalabad",Dubai,2024-12-10,First,378000
TRP-7571567,U. Siddiqui,مکان 39 گلی 17 I-8/4 اسلام آباد,London,2024-11-30,Business,1011626
TRP-2009257,U. Siddiqui,H#39 St-17 I-8/4 Islamabad,Istanbul,2026-01-08,First,365354
TRP-4977522,Hamza Awan,"House No. 386, Gali 38, Johar Town, Lahore",Kuala Lumpur,2024-01-12,First,485451
TRP-7011151,H.Awan,"House No. 386, Gali 38, Johar Town, Lahore",Baku,2026-01-28,First,373241
TRP-4824739,Syed Zafar Wazir,مکان 165 گلی 31 Gulshan-e-Iqbal کراچی,Istanbul,2025-05-14,First,401422
TRP-9223388,Z.Wazir,H#165 St-31 Gulshan-e-Iqbal Karachi,Dubai,2026-03-02,Business,371507
TRP-8913381,Bushra Khattak,"House No. 356, Gali 5, Cantt, Multan",Skardu,2024-09-03,Economy,104936
TRP-1819580,Rana Wajahat Virk,"House 54, Street 22, Westridge, Rawalpindi",Karachi,2025-02-17,Economy,61410
TRP-3010474,G.Kayani,H#44 St-23 G-13/1 Islamabad,Jeddah,2026-01-29,First,526328
TRP-2299403,Ghulam Kayani,مکان 44 گلی 23 G-13/1 اسلام آباد,Jeddah,2024-05-26,Business,520217
TRP-2101056,Rana Saad Shirazi,H#312 St-32 WapdaTown Lahore,Lahore,2025-02-12,Economy,42021
TRP-2494872,F. Gondal,H#19 St-37 G-10/2 Islamabad,Lahore,2024-10-13,Economy,42932
TRP-5828917,Sardar Farhan Afridi,مکان 148 گلی 1 Wapda Town لاہور,London,2024-01-25,Business,858179
TRP-3028529,F.Afridi,H#148 St-1 WapdaTown Lahore,Baku,2026-05-10,Business,364791
TRP-5838485,Farhan Afridi,H#148 St-1 WapdaTown Lahore,Kuala Lumpur,2025-03-31,Business,570577
TRP-5547709,F. Afridi,"House 148, Street 1, Wapda Town, Lahore",Kuala Lumpur,2024-12-25,Business,416761
TRP-8366644,Iqra Gill,مکان 251 گلی 16 Clifton Block 2 کراچی,Baku,2026-05-17,Business,371516
TRP-6373503,I.Gill,مکان 251 گلی 16 Clifton Block 2 کراچی,Dubai,2026-01-02,Business,363700
TRP-7429180,Iqra Gill,مکان 251 گلی 16 Clifton Block 2 کراچی,Dubai,2024-12-18,First,332682
TRP-4605107,Haji Iqra Gill,"House No. 251, Gali 16, Clifton Block 2, Karachi",Baku,2024-02-09,First,275840
TRP-6286471,Danish Naqvi,"House No. 387, Gali 10, Peoples Colony, Faisalabad",Karachi,2024-01-29,Economy,69000
TRP-2084573,Farhan Rizvi,مکان 130 گلی 24 Model Town لاہور,Dubai,2025-02-23,First,379388
TRP-9326550,F.Rizvi,مکان 130 گلی 24 Model Town لاہور,Baku,2026-02-28,First,361620
TRP-8911356,Farhan Rizvi,H#130 St-24 ModelTown Lahore,Kuala Lumpur,2026-05-24,Business,532372
TRP-9432941,F. Rizvi,مکان 130 گلی 24 Model Town لاہور,Istanbul,2024-02-10,First,522834
TRP-3616962,Saba Mehsud,"House No. 270, Gali 12, Madina Town, Faisalabad",London,2024-05-25,Business,1276694
TRP-9409415,S. Mehsud,"House 270, Street 12, Madina Town, Faisalabad",Jeddah,2024-02-20,First,361084
TRP-7286598,Umar بٹ,"House No. 360, Gali 22, D Ground, Faisalabad",London,2026-02-16,Business,1257899
TRP-4652831,Umar بٹ,"House No. 360, Gali 22, D Ground, Faisalabad",Istanbul,2025-02-21,Business,460877
TRP-1244166,U.Butt,"House 360, Street 22, D Ground, Faisalabad",London,2024-09-10,First,1175829
TRP-9449101,Umar بٹ,مکان 360 گلی 22 D Ground Faisalabad,Kuala Lumpur,2024-08-13,Business,410637
TRP-5846734,I.Siddiqui,"House No. 351, Gali 10, E-11/2, Islamabad",Jeddah,2024-09-23,Business,462279
TRP-4449639,I. Siddiqui,H#351 St-10 E-11/2 Islamabad,Jeddah,2024-01-23,First,553741
TRP-4077734,M. Hashmi,"House No. 151, Gali 1, DHA Phase 5, Lahore",Lahore,2026-04-13,Economy,55809
TRP-5715097,عائشہ Wazir,H#80 St-6 Gulbahar Peshawar,Istanbul,2024-02-26,First,547684
TRP-9299116,عائشہ Wazir,مکان 80 گلی 6 Gulbahar Peshawar,Jeddah,2024-06-09,First,338002
TRP-4188067,A. Wazir,H#80 St-6 Gulbahar Peshawar,Kuala Lumpur,2026-03-18,Business,425917
TRP-4115499,A. Wazir,"House 80, Street 6, Gulbahar, Peshawar",Baku,2024-11-24,Business,408213
TRP-4581948,J.Bhatti,"House 365, Street 23, D Ground, Faisalabad",Jeddah,2024-01-12,Business,397588
TRP-5059551,J. Bhatti,H#365 St-23 DGround Faisalabad,London,2024-05-14,Business,1208764
TRP-1567767,Sardar Javeria Bhatti,"House 365, Street 23, D Ground, Faisalabad",London,2025-05-14,Business,1185345
TRP-4684486,Javeria Bhatti,"House 365, Street 23, D Ground, Faisalabad",Istanbul,2025-05-10,Business,519286
TRP-2212176,Wajahat ملک,H#393 St-27 PeoplesColony Faisalabad,Kuala Lumpur,2025-06-03,Business,560505
TRP-2417319,W.Malik,مکان 393 گلی 27 Peoples Colony Faisalabad,Dubai,2024-03-23,Business,487988
TRP-2940249,W.Malik,"House No. 393, Gali 27, Peoples Colony, Faisalabad",Baku,2025-02-18,First,356156
TRP-5694627,U. Sheikh,"House 139, Street 7, G-10/2, Islamabad",Istanbul,2025-10-10,Business,489496
TRP-9860782,U. Sheikh,مکان 139 گلی 7 G-10/2 اسلام آباد,London,2024-06-05,First,1028770
TRP-3204414,U.Sheikh,H#139 St-7 G-10/2 Islamabad,Kuala Lumpur,2024-07-18,First,392018
TRP-6273104,B. Sheikh,مکان 300 گلی 33 B-17 اسلام آباد,Baku,2024-06-15,First,382773
TRP-8095784,N. Gondal,"House No. 80, Gali 20, Gulgasht, Multan",Dubai,2025-06-10,Business,506540
TRP-9031289,Naveed Gondal,مکان 80 گلی 20 Gulgasht Multan,Baku,2025-05-22,First,350580
TRP-5298178,Naveed Gondal,مکان 80 گلی 20 Gulgasht Multan,Jeddah,2026-04-28,Business,423064
TRP-5584326,Bushra Yousafzai,H#75 St-2 E-11/2 Islamabad,Dubai,2025-02-26,Business,376434
TRP-8846102,Bushra Yousafzai,H#75 St-2 E-11/2 Islamabad,Istanbul,2024-03-11,First,584138
TRP-7277618,B.Yousafzai,H#75 St-2 E-11/2 Islamabad,Baku,2024-09-03,Business,445433
TRP-7042217,Z. Baig,"House No. 149, Gali 19, North Nazimabad, Karachi",Baku,2025-08-27,First,259285
TRP-5532012,Z.Baig,مکان 149 گلی 19 North Nazimabad کراچی,Jeddah,2025-04-25,First,361066
TRP-3329644,Z.Baig,مکان 149 گلی 19 North Nazimabad کراچی,Dubai,2024-03-16,First,297597
TRP-5780097,Z.Baig,"House No. 149, Gali 19, North Nazimabad, Karachi",Dubai,2024-02-23,First,434345
TRP-8959074,Z. Baig,مکان 149 گلی 19 North Nazimabad کراچی,Dubai,2025-06-21,First,399879
TRP-9771457,K.Qureshi,"House No. 218, Gali 10, North Nazimabad, Karachi",Kuala Lumpur,2024-03-05,First,569832
TRP-7844725,Haji Kinza Qureshi,H#218 St-10 NorthNazimabad Karachi,London,2025-08-05,First,1182133
TRP-8436719,K.Niazi,"House No. 334, Gali 40, B-17, Islamabad",Jeddah,2025-02-03,First,372735
TRP-2746236,Ubaid Lodhi,مکان 184 گلی 33 F-8/3 اسلام آباد,Kuala Lumpur,2026-03-09,Business,481404
TRP-6452217,U.Lodhi,"House No. 184, Gali 33, F-8/3, Islamabad",London,2025-06-14,Business,1268667
TRP-4013040,Haji Ubaid Lodhi,"House 184, Street 33, F-8/3, Islamabad",London,2025-10-14,First,1265561
TRP-7915666,M. Warraich,"House No. 248, Gali 25, B-17, Islamabad",Dubai,2024-02-10,First,519984
TRP-4388430,Mubashir Warraich,"House 248, Street 25, B-17, Islamabad",Dubai,2024-12-23,First,339847
TRP-7268676,M. Warraich,H#248 St-25 B-17 Islamabad,Kuala Lumpur,2025-04-08,Business,531015
TRP-4699320,Mubashir Warraich,مکان 248 گلی 25 B-17 اسلام آباد,London,2025-03-04,Business,1114704
TRP-7965219,Mubashir Warraich,مکان 248 گلی 25 B-17 اسلام آباد,Kuala Lumpur,2024-11-11,Business,466502
TRP-8579608,Shahzad Orakzai,"House 298, Street 23, Wapda Town, Lahore",Lahore,2025-07-26,Economy,46850
TRP-2614095,Danish Qureshi,"House No. 256, Gali 31, Cantt, Multan",Lahore,2025-03-03,Economy,47751
TRP-6100976,Sufyan Tareen,"House 324, Street 2, Wapda Town, Lahore",Dubai,2024-06-22,Business,382985
TRP-4728015,Tooba Gilani,"House No. 101, Gali 17, Peoples Colony, Faisalabad",Karachi,2025-08-21,Economy,60061
TRP-8056664,Malik Rauf Naqvi,مکان 45 گلی 38 Hayatabad Phase 3 Peshawar,Karachi,2025-03-28,Economy,84430
TRP-1209211,I. Kakar,"House 175, Street 12, Clifton Block 2, Karachi",Istanbul,2025-08-21,Business,375914
TRP-9509685,I. Kakar,"House No. 175, Gali 12, Clifton Block 2, Karachi",Jeddah,2024-07-25,First,390142
TRP-1212167,A. Gill,H#287 St-9 WapdaTown Lahore,Karachi,2026-03-20,Economy,61834
TRP-7054058,R.Raja,H#52 St-8 ChaklalaScheme3 Rawalpindi,London,2024-05-11,Business,1188984
TRP-3125071,R.Raja,"House 52, Street 8, Chaklala Scheme 3, Rawalpindi",Istanbul,2025-01-03,First,494332
TRP-2153311,Haji Rabia Raja,"House No. 52, Gali 8, Chaklala Scheme 3, Rawalpindi",Kuala Lumpur,2025-06-26,Business,673574
TRP-2297477,Mian Rabia Raja,"House No. 52, Gali 8, Chaklala Scheme 3, Rawalpindi",Dubai,2025-04-15,First,311944
TRP-3440796,S. Mirza,H#200 St-23 UniversityTown Peshawar,London,2025-12-20,Business,1000063
TRP-2511654,S.Mirza,"House No. 200, Gali 23, University Town, Peshawar",Dubai,2024-10-20,Business,386980
TRP-4248663,Sana Yousafzai,مکان 205 گلی 40 Madina Town Faisalabad,Dubai,2025-10-16,First,479117
TRP-5367420,Sana Yousafzai,"House 205, Street 40, Madina Town, Faisalabad",London,2026-02-18,First,1273027
TRP-8194179,Chaudhary Sana Yousafzai,"House No. 205, Gali 40, Madina Town, Faisalabad",Baku,2024-03-03,Business,273868
TRP-4192025,Mehwish راجہ,"House 67, Street 18, Madina Town, Faisalabad",Baku,2024-12-24,Business,323873
TRP-7299455,F.Sial,"House 117, Street 2, Gulshan-e-Iqbal, Karachi",London,2025-05-10,Business,1257506
TRP-8693651,F. Sial,"House 117, Street 2, Gulshan-e-Iqbal, Karachi",London,2024-09-01,First,1125196
TRP-3228518,Talha Mirza,"House No. 180, Gali 39, I-8/4, Islamabad",Skardu,2024-01-27,Economy,75291
TRP-9682775,Bushra چوہدری,"House No. 279, Gali 14, I-8/4, Islamabad",Jeddah,2024-09-29,First,507708
TRP-3953309,B.Chaudhry,"House 279, Street 14, I-8/4, Islamabad",Jeddah,2026-04-27,First,416283
TRP-7122785,B.Chaudhry,مکان 279 گلی 14 I-8/4 اسلام آباد,Istanbul,2025-12-07,First,473944
TRP-1565457,Mustafa Lodhi,"House 71, Street 34, F-8/3, Islamabad",Skardu,2024-04-21,Economy,102907
TRP-5985659,M. Raja,"House 313, Street 25, I-8/4, Islamabad",Kuala Lumpur,2025-11-27,Business,631566
TRP-8458938,Mubashir Raja,"House 313, Street 25, I-8/4, Islamabad",Baku,2025-02-13,Business,412708
TRP-6625183,M. Raja,H#313 St-25 I-8/4 Islamabad,London,2025-09-13,Business,1333764
TRP-7673860,M. Raja,"House 313, Street 25, I-8/4, Islamabad",Kuala Lumpur,2025-07-03,First,568990
TRP-7718121,Asad Zaidi,"House No. 274, Gali 30, Gulshan-e-Iqbal, Karachi",Lahore,2024-06-04,Economy,50214
TRP-3708286,H.Yousafzai,مکان 138 گلی 17 Gulberg III لاہور,Dubai,2025-12-01,First,314247
TRP-5366127,N.Ansari,H#9 St-29 NorthNazimabad Karachi,Dubai,2025-01-04,First,524513
TRP-7167188,Nadeem Ansari,"House No. 9, Gali 29, North Nazimabad, Karachi",Baku,2024-11-02,First,334768
TRP-8140896,Nadeem Ansari,"House No. 9, Gali 29, North Nazimabad, Karachi",Dubai,2026-03-09,First,510087
TRP-2713899,Rehan Tarar,مکان 41 گلی 18 G-13/1 اسلام آباد,Dubai,2025-08-04,First,425119
TRP-4664186,Talha Mehsud,H#297 St-21 MadinaTown Faisalabad,Skardu,2024-05-19,Economy,88657
TRP-3505291,F. Kazmi,"House 105, Street 21, F-8/3, Islamabad",Kuala Lumpur,2024-03-01,Business,511569
TRP-7233301,Fahad Kazmi,"House No. 105, Gali 21, F-8/3, Islamabad",Kuala Lumpur,2025-09-16,Business,580946
TRP-9627825,Fahad Kazmi,H#105 St-21 F-8/3 Islamabad,London,2024-04-30,First,1018666
TRP-8197271,Fahad Kazmi,H#105 St-21 F-8/3 Islamabad,Kuala Lumpur,2025-06-28,Business,459029
TRP-8221633,F. Kazmi,مکان 105 گلی 21 F-8/3 اسلام آباد,Kuala Lumpur,2026-03-15,Business,593484
TRP-6568394,Fahad Kazmi,"House 105, Street 21, F-8/3, Islamabad",Dubai,2025-06-28,First,302398
TRP-1040846,R. Malik,مکان 185 گلی 22 Wapda Town لاہور,Baku,2025-11-28,Business,449384
TRP-6769204,Chaudhary Rashid Malik,"House No. 185, Gali 22, Wapda Town, Lahore",Dubai,2025-02-14,Business,298642
TRP-4386825,Syed Rashid Malik,"House 185, Street 22, Wapda Town, Lahore",Kuala Lumpur,2024-02-29,Business,453397
TRP-6707847,R. Malik,H#185 St-22 WapdaTown Lahore,Istanbul,2024-04-23,First,420578
TRP-3423166,Rashid Malik,مکان 185 گلی 22 Wapda Town لاہور,London,2025-08-19,Business,814660
TRP-8826799,Shoaib Gilani,"House 323, Street 36, D Ground, Faisalabad",Karachi,2026-04-16,Economy,51959
TRP-9606735,Chaudhary Yousuf Wazir,"House No. 226, Gali 21, D Ground, Faisalabad",Karachi,2026-04-09,Economy,89588
TRP-2575193,Sardar Tariq Tarar,"House 295, Street 32, DHA Phase 6, Karachi",Lahore,2024-01-25,Economy,48260
TRP-6638633,Chaudhary Nadeem Tareen,مکان 241 گلی 7 D Ground Faisalabad,London,2025-10-07,First,895200
TRP-6106479,Haji Nadeem Tareen,مکان 241 گلی 7 D Ground Faisalabad,Istanbul,2024-12-19,Business,484265
TRP-7772602,N. Tareen,H#241 St-7 DGround Faisalabad,Jeddah,2025-10-17,First,510013
TRP-4335708,Chaudhary Nadeem Tareen,"House No. 241, Gali 7, D Ground, Faisalabad",London,2024-04-01,Business,839339
TRP-5359640,Nadeem Tareen,"House 241, Street 7, D Ground, Faisalabad",Baku,2025-01-27,Business,336985
TRP-9857352,E. Bukhari,مکان 56 گلی 3 D Ground Faisalabad,Dubai,2026-03-11,Business,383365
TRP-8275392,Ehsan Bukhari,مکان 56 گلی 3 D Ground Faisalabad,Baku,2025-06-19,Business,414787
TRP-2754366,Ehsan Bukhari,مکان 56 گلی 3 D Ground Faisalabad,Istanbul,2024-02-14,First,383810
TRP-9220334,Ehsan Bukhari,H#56 St-3 DGround Faisalabad,Kuala Lumpur,2024-12-01,First,642224
TRP-3591804,Chaudhary Ehsan Bukhari,"House No. 56, Gali 3, D Ground, Faisalabad",Jeddah,2024-10-22,Business,477387
TRP-1714229,Mahnoor Sandhu,"House No. 233, Gali 25, Gulgasht, Multan",Istanbul,2024-11-09,Business,480279
TRP-1939866,Mahnoor Sandhu,مکان 233 گلی 25 Gulgasht Multan,Istanbul,2024-01-09,First,585296
TRP-9712858,Malik Mahnoor Sandhu,مکان 233 گلی 25 Gulgasht Multan,Jeddah,2024-10-10,First,343386
TRP-8187746,Syed Mahnoor Sandhu,مکان 233 گلی 25 Gulgasht Multan,Jeddah,2026-04-10,Business,395126
TRP-5308258,Mahnoor Sandhu,H#233 St-25 Gulgasht Multan,Dubai,2025-07-09,First,313754
TRP-1276117,M.Sandhu,مکان 233 گلی 25 Gulgasht Multan,Baku,2025-11-05,Business,415011
TRP-1155536,Danish Niazi,"House 25, Street 37, Gulshan-e-Iqbal, Karachi",Karachi,2025-06-25,Economy,76503
TRP-9402694,R. Joiya,H#233 St-19 PeoplesColony Faisalabad,Dubai,2025-07-28,First,352977
TRP-2318620,Rida Joiya,H#233 St-19 PeoplesColony Faisalabad,Kuala Lumpur,2026-03-31,First,448251
TRP-8005383,Syed Rida Joiya,H#233 St-19 PeoplesColony Faisalabad,Kuala Lumpur,2025-01-11,First,457981
TRP-9461103,W.Khokhar,H#263 St-5 Gulgasht Multan,Lahore,2024-08-17,Economy,44000
TRP-2247292,Saqib Baig,"House 339, Street 3, Gulbahar, Peshawar",Lahore,2026-04-09,Economy,58002
TRP-5676590,Sana Durrani,H#2 St-28 Cantt Multan,Karachi,2025-04-12,Economy,62086
TRP-4652267,J.Kayani,"House 324, Street 38, Madina Town, Faisalabad",Dubai,2024-08-09,Business,344903
TRP-9470365,J.Kayani,"House No. 324, Gali 38, Madina Town, Faisalabad",London,2025-11-24,First,957037
TRP-3457165,J.Kayani,مکان 324 گلی 38 Madina Town Faisalabad,London,2025-11-06,Business,1329488
TRP-5450864,I.Tarar,"House No. 127, Gali 28, Gulshan-e-Iqbal, Karachi",Kuala Lumpur,2026-02-03,Business,583346
TRP-7223286,I. Tarar,"House No. 127, Gali 28, Gulshan-e-Iqbal, Karachi",Baku,2026-05-13,Business,321487
TRP-3562257,I. Tarar,"House 127, Street 28, Gulshan-e-Iqbal, Karachi",Jeddah,2025-10-31,Business,497361
TRP-1047992,I. Tarar,مکان 127 گلی 28 Gulshan-e-Iqbal کراچی,Baku,2025-12-19,First,406085
TRP-1109351,Syed Obaid Sheikh,"House 134, Street 21, Madina Town, Faisalabad",Skardu,2025-06-25,Economy,72780
TRP-4186153,Sajid Hashmi,"House No. 174, Gali 3, Cantt, Multan",Dubai,2024-01-08,Business,314054
TRP-2776375,Syed Maryam Dar,"House 57, Street 40, Gulbahar, Peshawar",Dubai,2026-02-10,Business,505316
TRP-9341522,Maryam Dar,H#57 St-40 Gulbahar Peshawar,London,2025-02-10,First,1183547
TRP-8990187,M.Dar,"House 57, Street 40, Gulbahar, Peshawar",Istanbul,2026-01-29,Business,433614
TRP-3526996,W.Rizvi,H#149 St-11 DHAPhase6 Karachi,Jeddah,2025-04-14,Business,328788
TRP-8316482,Waqas Rizvi,H#149 St-11 DHAPhase6 Karachi,Dubai,2025-09-15,First,335679
TRP-9788426,Chaudhary Waqas Rizvi,"House No. 149, Gali 11, DHA Phase 6, Karachi",Dubai,2025-06-21,Business,300100
TRP-6403157,A. Butt,H#387 St-34 HayatabadPhase3 Peshawar,Skardu,2026-05-16,Economy,84478
TRP-5191870,T.Chaudhry,H#370 St-27 G-13/1 Islamabad,London,2025-07-24,First,1044925
TRP-2042917,Tariq Chaudhry,"House No. 370, Gali 27, G-13/1, Islamabad",Jeddah,2025-07-10,First,439689
TRP-2660527,Umar Shirazi,H#166 St-28 UniversityTown Peshawar,Istanbul,2024-12-27,First,461496
TRP-8950910,Umar Shirazi,"House 166, Street 28, University Town, Peshawar",Dubai,2024-04-21,First,458829
TRP-9254674,N.Khattak,H#193 St-19 MadinaTown Faisalabad,Istanbul,2024-09-05,First,394378
TRP-8221280,N.Khattak,مکان 193 گلی 19 Madina Town Faisalabad,Jeddah,2025-09-28,First,479259
TRP-1130470,N. Khattak,H#193 St-19 MadinaTown Faisalabad,Istanbul,2025-01-01,Business,409231
TRP-1788007,Nadeem Khattak,"House No. 193, Gali 19, Madina Town, Faisalabad",Kuala Lumpur,2025-12-09,Business,513592
TRP-3929212,Babar Abbasi,"House 43, Street 7, Gulbahar, Peshawar",London,2024-08-17,Business,806779
TRP-3342513,B. Abbasi,H#43 St-7 Gulbahar Peshawar,Dubai,2025-04-14,Business,466182
TRP-1364540,Mian Nasir Yousafzai,"House 268, Street 37, University Town, Peshawar",Kuala Lumpur,2025-11-19,Business,387298
TRP-3850596,N.Yousafzai,H#268 St-37 UniversityTown Peshawar,Jeddah,2025-04-13,Business,525602
TRP-9238757,N. Yousafzai,"House No. 268, Gali 37, University Town, Peshawar",Kuala Lumpur,2024-08-06,Business,586704
TRP-5858344,Malik Nasir Yousafzai,مکان 268 گلی 37 University Town Peshawar,Baku,2024-03-17,Business,329997
TRP-3790958,E.Abbasi,مکان 353 گلی 37 I-8/4 اسلام آباد,Istanbul,2025-10-25,Business,507697
TRP-2907181,E. Abbasi,"House 353, Street 37, I-8/4, Islamabad",Baku,2025-10-09,First,391795
TRP-9889099,Z.Hashmi,"House 165, Street 30, Johar Town, Lahore",London,2024-12-08,Business,1286077
TRP-3508214,Rauf Mirza,مکان 139 گلی 34 Gulgasht Multan,Baku,2025-10-25,Business,356754
TRP-8110052,R. Mirza,H#139 St-34 Gulgasht Multan,Dubai,2025-02-01,Business,481437
TRP-7608771,R. Mirza,"House No. 139, Gali 34, Gulgasht, Multan",London,2024-08-27,First,1153150
TRP-2420216,R.Mirza,H#139 St-34 Gulgasht Multan,Kuala Lumpur,2025-12-20,First,547732
TRP-4110701,O.Orakzai,H#356 St-7 BahriaPhase4 Rawalpindi,Karachi,2024-03-21,Economy,86262
TRP-2030417,K.Durrani,"House No. 320, Gali 26, Gulberg III, Lahore",Baku,2024-11-27,Business,319421
TRP-4025783,K.Durrani,"House No. 320, Gali 26, Gulberg III, Lahore",Istanbul,2025-11-12,Business,498028
TRP-7314884,Khadija Durrani,"House No. 320, Gali 26, Gulberg III, Lahore",Dubai,2024-07-20,First,355809
TRP-2107942,K.Durrani,H#320 St-26 GulbergIII Lahore,London,2024-08-14,Business,1341650
TRP-3534695,Waseem Ansari,"House 53, Street 9, Wapda Town, Lahore",London,2026-02-11,Business,1152531
TRP-1454404,Mehwish Abbasi,مکان 244 گلی 1 Bahria Phase 4 راولپنڈی,Dubai,2024-12-05,First,480724
TRP-7450103,Mehwish Abbasi,H#244 St-1 BahriaPhase4 Rawalpindi,Baku,2024-09-29,Business,363503
TRP-6196886,G.Niazi,"House No. 163, Gali 34, Gulbahar, Peshawar",Lahore,2024-08-08,Economy,35493
TRP-9400727,Ayesha Khan,مکان 18 گلی 18 Madina Town Faisalabad,Dubai,2024-06-13,Business,415590
TRP-6958403,Ayesha Khan,"House No. 18, Gali 18, Madina Town, Faisalabad",Jeddah,2025-10-20,Business,474585
TRP-4436740,Sardar Ayesha Khan,مکان 18 گلی 18 Madina Town Faisalabad,Jeddah,2025-11-30,Business,435312
TRP-9167100,Mian Ayesha Khan,"House No. 18, Gali 18, Madina Town, Faisalabad",Jeddah,2026-03-03,Business,442684
TRP-7093393,A.Khan,مکان 18 گلی 18 Madina Town Faisalabad,Jeddah,2024-10-28,First,445581
TRP-1894778,Ayesha Khan,"House 18, Street 18, Madina Town, Faisalabad",Jeddah,2026-04-09,Business,461333
TRP-3053782,Amna Malik,"House 242, Street 39, Gulbahar, Peshawar",London,2024-08-18,First,1062323
TRP-8981061,A. Malik,"House 242, Street 39, Gulbahar, Peshawar",Istanbul,2026-05-07,First,436443
TRP-3906951,Amna Malik,H#242 St-39 Gulbahar Peshawar,Istanbul,2025-02-21,Business,395596
TRP-1466688,Amna ملک,مکان 242 گلی 39 Gulbahar Peshawar,Jeddah,2025-02-11,Business,554694
TRP-8214865,Amna Malik,H#242 St-39 Gulbahar Peshawar,Baku,2024-10-09,Business,447567
TRP-4831115,H.Sandhu,مکان 366 گلی 10 G-13/1 اسلام آباد,Skardu,2025-06-02,Economy,102039
TRP-8636101,Imran Joiya,H#32 St-21 Gulgasht Multan,London,2026-02-05,First,1133403
TRP-8785500,Chaudhary Imran Joiya,"House 32, Street 21, Gulgasht, Multan",Dubai,2025-08-07,First,401563
TRP-4959607,I. Joiya,"House 32, Street 21, Gulgasht, Multan",Kuala Lumpur,2025-03-15,First,654054
TRP-4525837,Babar Mehsud,مکان 364 گلی 11 University Town Peshawar,Karachi,2024-10-02,Economy,59621
TRP-8776740,Mian Pervez Wazir,"House 34, Street 13, Cantt, Multan",Lahore,2024-04-28,Economy,35965
TRP-1657576,Mian Waseem Shirazi,H#89 St-1 Westridge Rawalpindi,Lahore,2024-01-18,Economy,50126
TRP-4245325,Rabia Khokhar,مکان 47 گلی 12 G-10/2 اسلام آباد,Baku,2025-04-03,Business,303566
TRP-1976032,Rabia Khokhar,"House 47, Street 12, G-10/2, Islamabad",Dubai,2025-09-30,First,508016
TRP-8796312,Rana Rabia Khokhar,"House 47, Street 12, G-10/2, Islamabad",Kuala Lumpur,2024-09-12,Business,414397
TRP-9372926,R. Khokhar,"House 47, Street 12, G-10/2, Islamabad",Dubai,2026-05-07,Business,382970
TRP-9401868,Rabia Khokhar,"House 47, Street 12, G-10/2, Islamabad",Istanbul,2024-01-22,First,345295
TRP-3805479,Rana Rabia Khokhar,مکان 47 گلی 12 G-10/2 اسلام آباد,Baku,2025-04-12,Business,339534
TRP-3885963,Owais شیخ,"House 92, Street 18, Gulshan-e-Iqbal, Karachi",Lahore,2024-06-30,Economy,45401
TRP-2767067,S. Baig,"House No. 133, Gali 29, Chaklala Scheme 3, Rawalpindi",Kuala Lumpur,2025-11-07,First,589089
TRP-9600354,Uzma Naqvi,"House No. 19, Gali 38, DHA Phase 6, Karachi",Istanbul,2025-01-08,Business,431119
TRP-3466349,Chaudhary Uzma Naqvi,"House 19, Street 38, DHA Phase 6, Karachi",Istanbul,2024-01-04,First,507093
TRP-6442429,Chaudhary Uzma Naqvi,H#19 St-38 DHAPhase6 Karachi,Dubai,2024-06-25,Business,363336
TRP-3824153,Rehan Khokhar,"House 60, Street 34, DHA Phase 5, Lahore",London,2024-09-17,Business,1173849
TRP-7723267,Rehan Khokhar,"House No. 60, Gali 34, DHA Phase 5, Lahore",Jeddah,2025-03-05,Business,389126
TRP-3661573,Bushra Bukhari,"House No. 360, Gali 7, I-8/4, Islamabad",Baku,2024-07-13,Business,388098
TRP-7645746,Uzma قریشی,"House 157, Street 11, Chaklala Scheme 3, Rawalpindi",Baku,2024-07-08,First,392903
TRP-2373130,N. Awan,H#28 St-6 ShahRukn-e-Alam Multan,Lahore,2026-02-22,Economy,48560
TRP-2574630,N. Kakar,H#346 St-28 GulbergIII Lahore,Skardu,2026-02-22,Economy,76886
TRP-6569590,Shoaib Shirazi,"House No. 189, Gali 24, Bahria Phase 4, Rawalpindi",London,2025-01-26,First,868445
TRP-3881475,S. Shirazi,"House No. 189, Gali 24, Bahria Phase 4, Rawalpindi",Dubai,2024-08-01,First,483142
TRP-5378920,S. Shirazi,"House 189, Street 24, Bahria Phase 4, Rawalpindi",Dubai,2024-04-06,First,338146
TRP-4900632,S.Shirazi,H#189 St-24 BahriaPhase4 Rawalpindi,Baku,2024-06-01,First,430171
TRP-6944861,S. Shirazi,"House 189, Street 24, Bahria Phase 4, Rawalpindi",Dubai,2024-02-14,First,444701
TRP-1076348,Q. Abbasi,H#199 St-31 GulbergIII Lahore,Karachi,2026-05-10,Economy,68302
TRP-5152286,W.Raja,H#336 St-26 DHAPhase5 Lahore,Jeddah,2024-06-05,Business,536734
TRP-6514115,Wajahat Raja,"House No. 336, Gali 26, DHA Phase 5, Lahore",London,2024-09-07,First,952093
TRP-2566853,W. Raja,H#336 St-26 DHAPhase5 Lahore,London,2024-11-19,First,1068588
TRP-3580953,Wajahat Raja,"House No. 336, Gali 26, DHA Phase 5, Lahore",Istanbul,2024-04-05,First,416831
TRP-7210898,M. Tareen,مکان 77 گلی 1 Clifton Block 2 کراچی,Jeddah,2024-09-18,First,463199
TRP-5789368,Malik Maryam Tareen,H#77 St-1 CliftonBlock2 Karachi,London,2026-02-14,Business,1345836
TRP-4220572,M.Tareen,H#77 St-1 CliftonBlock2 Karachi,Kuala Lumpur,2026-04-27,Business,654330
TRP-6861143,Kashif Sial,"House No. 393, Gali 2, Gulberg III, Lahore",Lahore,2025-09-01,Economy,48333
TRP-9627848,K. Kazmi,H#173 St-20 Cantt Multan,Lahore,2024-09-18,Economy,48902
TRP-7890781,Noor Khattak,"House No. 222, Gali 8, Cantt, Multan",Baku,2024-01-18,First,346681
TRP-8910656,Rana Noor Khattak,H#222 St-8 Cantt Multan,Kuala Lumpur,2026-01-23,Business,621440
TRP-2385726,Noor Khattak,"House 222, Street 8, Cantt, Multan",Jeddah,2025-09-28,First,333082
TRP-9401149,Haji Noor Khattak,"House No. 222, Gali 8, Cantt, Multan",Istanbul,2024-06-25,Business,522638
TRP-8239495,J. Sheikh,"House 243, Street 14, Wapda Town, Lahore",Jeddah,2025-06-05,Business,360730
TRP-8425744,Laiba Warraich,مکان 140 گلی 1 Chaklala Scheme 3 راولپنڈی,Istanbul,2025-01-30,Business,361654
TRP-2332215,L.Warraich,"House No. 140, Gali 1, Chaklala Scheme 3, Rawalpindi",Jeddah,2025-02-02,First,420065
TRP-4636965,L. Warraich,مکان 140 گلی 1 Chaklala Scheme 3 راولپنڈی,Jeddah,2025-11-13,Business,449689
TRP-8383884,Laiba Warraich,مکان 140 گلی 1 Chaklala Scheme 3 راولپنڈی,London,2025-12-15,Business,936266
TRP-6082295,Laiba Warraich,"House 140, Street 1, Chaklala Scheme 3, Rawalpindi",Kuala Lumpur,2025-02-07,First,642250
TRP-4740173,Haji Laiba Warraich,"House No. 140, Gali 1, Chaklala Scheme 3, Rawalpindi",Baku,2024-10-30,First,319364
TRP-8703386,E. Cheema,"House No. 228, Gali 10, Gulberg III, Lahore",Baku,2025-11-23,Business,280504
TRP-6679583,Ehsan Cheema,مکان 228 گلی 10 Gulberg III لاہور,Dubai,2025-06-07,First,342311
TRP-9630941,Pervez Tareen,مکان 285 گلی 32 I-8/4 اسلام آباد,Jeddah,2025-07-06,First,448580
TRP-7511296,Chaudhary Pervez Tareen,"House 285, Street 32, I-8/4, Islamabad",London,2026-05-29,Business,811067
TRP-4504169,Sardar Pervez Tareen,"House No. 285, Gali 32, I-8/4, Islamabad",London,2025-06-09,Business,1019422
TRP-6342076,P. Tareen,مکان 285 گلی 32 I-8/4 اسلام آباد,London,2025-07-17,Business,1327280
TRP-6505904,P. Tareen,"House 285, Street 32, I-8/4, Islamabad",London,2024-05-31,Business,964840
TRP-3813829,N. Mirza,مکان 172 گلی 30 G-13/1 اسلام آباد,Jeddah,2024-08-03,First,408913
TRP-5443347,Nasir Mirza,H#172 St-30 G-13/1 Islamabad,Kuala Lumpur,2025-01-28,First,436182
TRP-2369438,Sardar Nasir Mirza,"House No. 172, Gali 30, G-13/1, Islamabad",Kuala Lumpur,2026-05-26,First,415980
TRP-5940696,N.Mirza,"House No. 172, Gali 30, G-13/1, Islamabad",Kuala Lumpur,2025-11-01,First,456887
TRP-5462842,Umar Afridi,"House 115, Street 9, G-13/1, Islamabad",Istanbul,2025-06-04,First,372852
TRP-8853748,Umar Afridi,مکان 115 گلی 9 G-13/1 اسلام آباد,Kuala Lumpur,2024-05-22,First,455383
TRP-4513809,Umar Afridi,H#115 St-9 G-13/1 Islamabad,London,2024-06-10,First,1008092
TRP-2425897,U. Afridi,مکان 115 گلی 9 G-13/1 اسلام آباد,London,2026-01-13,First,772937
TRP-7186827,Umar Afridi,مکان 115 گلی 9 G-13/1 اسلام آباد,Istanbul,2026-03-02,Business,534107
TRP-8837729,U. Afridi,"House 115, Street 9, G-13/1, Islamabad",Baku,2025-02-18,Business,386218
TRP-5195216,A.Bhatti,"House No. 86, Gali 37, Peoples Colony, Faisalabad",Baku,2026-01-25,First,259535
TRP-2815541,Haji Ali Bhatti,"House No. 86, Gali 37, Peoples Colony, Faisalabad",Kuala Lumpur,2024-10-10,Business,491718
TRP-6560158,A.Awan,مکان 16 گلی 14 DHA Phase 5 لاہور,Kuala Lumpur,2024-10-14,First,464814
TRP-9554815,Atif Awan,H#16 St-14 DHAPhase5 Lahore,Kuala Lumpur,2024-01-05,First,653094
TRP-5717817,A.Awan,مکان 16 گلی 14 DHA Phase 5 لاہور,Dubai,2026-01-06,First,452565
TRP-7887443,Atif Awan,H#16 St-14 DHAPhase5 Lahore,London,2026-04-08,First,1048814
TRP-8908267,Rana Saad Khokhar,H#57 St-39 DGround Faisalabad,Kuala Lumpur,2025-02-19,First,455556
TRP-9336737,Saad Khokhar,"House No. 57, Gali 39, D Ground, Faisalabad",Kuala Lumpur,2024-05-20,First,471421
TRP-8724193,Saad Khokhar,"House 57, Street 39, D Ground, Faisalabad",Dubai,2025-03-01,First,459266
TRP-6585537,Saad Khokhar,H#57 St-39 DGround Faisalabad,Jeddah,2026-05-25,First,376813
TRP-5930912,Sardar Saad Khokhar,"House 57, Street 39, D Ground, Faisalabad",Istanbul,2024-11-29,Business,565343
TRP-4360676,H.Bangash,"House 332, Street 35, Gulbahar, Peshawar",Skardu,2024-07-14,Economy,98138
TRP-9372120,Khadija Tareen,مکان 370 گلی 11 Hayatabad Phase 3 Peshawar,Lahore,2024-10-24,Economy,48885
TRP-8184406,Noman Kayani,مکان 329 گلی 5 I-8/4 اسلام آباد,Lahore,2026-03-14,Economy,55306
TRP-4423549,B. Joiya,"House 291, Street 18, Shah Rukn-e-Alam, Multan",Baku,2026-02-16,Business,313988
TRP-5787187,Babar Joiya,"House No. 291, Gali 18, Shah Rukn-e-Alam, Multan",Kuala Lumpur,2024-07-15,Business,530608
TRP-5142098,B.Joiya,مکان 291 گلی 18 Shah Rukn-e-Alam Multan,Istanbul,2024-10-30,First,563806
TRP-5474107,Shoaib Sandhu,"House No. 366, Gali 19, Madina Town, Faisalabad",Jeddah,2024-03-02,Business,368254
TRP-6843618,S.Sandhu,H#366 St-19 MadinaTown Faisalabad,Kuala Lumpur,2026-02-01,Business,565190
TRP-5773800,S.Sandhu,"House 366, Street 19, Madina Town, Faisalabad",Kuala Lumpur,2026-02-26,Business,425951
TRP-3496342,S. Sandhu,"House No. 366, Gali 19, Madina Town, Faisalabad",Kuala Lumpur,2024-07-16,First,519805
TRP-2742303,Shoaib Sandhu,H#366 St-19 MadinaTown Faisalabad,London,2025-10-09,Business,1089604
TRP-1367326,Adnan Saddozai,H#66 St-10 Gulbahar Peshawar,London,2025-09-25,Business,1307898
TRP-4023283,Adnan Saddozai,"House 66, Street 10, Gulbahar, Peshawar",London,2024-05-21,Business,1268918
TRP-3519884,A. Saddozai,"House No. 66, Gali 10, Gulbahar, Peshawar",Istanbul,2025-12-03,First,567790
TRP-2828493,Adnan Saddozai,H#66 St-10 Gulbahar Peshawar,Baku,2024-12-05,First,449349
TRP-8601497,Adnan Saddozai,"House No. 66, Gali 10, Gulbahar, Peshawar",Baku,2024-02-13,First,314714
TRP-7048854,K.Niazi,H#133 St-24 SatelliteTown Rawalpindi,Dubai,2024-05-10,First,441682
TRP-1983192,Haji Khadija Niazi,H#133 St-24 SatelliteTown Rawalpindi,London,2025-12-02,First,1203549
TRP-3479952,K. Niazi,H#133 St-24 SatelliteTown Rawalpindi,Baku,2025-05-03,Business,368119
TRP-5520383,Malik Khadija Niazi,"House No. 133, Gali 24, Satellite Town, Rawalpindi",Dubai,2024-12-10,Business,318744
TRP-7710347,Imran Joiya,"House 127, Street 16, D Ground, Faisalabad",Kuala Lumpur,2024-07-01,Business,564740
TRP-6035965,Imran Joiya,مکان 127 گلی 16 D Ground Faisalabad,London,2024-10-04,First,1126848
TRP-4234296,Syed Haris Rajput,"House 43, Street 31, E-11/2, Islamabad",Dubai,2025-05-26,Business,493397
TRP-2452598,Chaudhary Haris Rajput,"House No. 43, Gali 31, E-11/2, Islamabad",Baku,2024-06-10,First,409720
TRP-7452337,H. Rajput,"House 43, Street 31, E-11/2, Islamabad",Jeddah,2025-05-15,Business,326667
TRP-7495116,Yousuf Hashmi,H#34 St-28 BahriaPhase4 Rawalpindi,Jeddah,2025-01-04,First,526667
TRP-4305417,Yousuf Hashmi,H#34 St-28 BahriaPhase4 Rawalpindi,Baku,2026-04-13,First,320584
TRP-8027769,Yousuf Hashmi,"House 34, Street 28, Bahria Phase 4, Rawalpindi",Istanbul,2026-05-10,Business,543156
TRP-5942239,Yousuf Hashmi,"House 34, Street 28, Bahria Phase 4, Rawalpindi",Kuala Lumpur,2024-03-14,Business,522563
TRP-7605464,Mian Umar Kakar,"House 110, Street 20, F-8/3, Islamabad",Dubai,2024-12-01,Business,404152
TRP-3446735,U.Kakar,H#110 St-20 F-8/3 Islamabad,Jeddah,2024-08-12,First,336183
TRP-6137574,U. Kakar,"House 110, Street 20, F-8/3, Islamabad",Dubai,2025-05-11,Business,317407
TRP-1882892,Mubashir Yousafzai,H#166 St-11 BahriaPhase4 Rawalpindi,London,2026-03-25,Business,880196
TRP-3354728,Mubashir Yousafzai,"House No. 166, Gali 11, Bahria Phase 4, Rawalpindi",Jeddah,2024-07-30,Business,450943
TRP-4621339,M. Yousafzai,H#166 St-11 BahriaPhase4 Rawalpindi,London,2026-03-11,Business,814393
TRP-2810277,M.Yousafzai,H#166 St-11 BahriaPhase4 Rawalpindi,Baku,2025-02-09,First,323463
TRP-1910965,Mubashir Yousafzai,مکان 166 گلی 11 Bahria Phase 4 راولپنڈی,Baku,2024-05-09,Business,439740
TRP-6077585,M.Yousafzai,"House 166, Street 11, Bahria Phase 4, Rawalpindi",London,2024-11-10,Business,871483
TRP-3526449,عمران Tarar,"House 234, Street 18, Johar Town, Lahore",Baku,2025-02-19,Business,324904
TRP-3529744,Imran Tarar,"House 234, Street 18, Johar Town, Lahore",Jeddah,2024-01-18,Business,381154
TRP-8247574,I.Tarar,"House No. 234, Gali 18, Johar Town, Lahore",Baku,2025-07-03,Business,378666
TRP-9017277,I. Tarar,H#234 St-18 JoharTown Lahore,London,2025-05-16,First,1113279
TRP-9596022,Hassan Bhatti,H#167 St-36 NorthNazimabad Karachi,London,2025-02-10,First,1158561
TRP-1325701,Hassan Bhatti,"House 167, Street 36, North Nazimabad, Karachi",Kuala Lumpur,2026-01-29,Business,645067
TRP-9797465,Hassan Bhatti,"House 167, Street 36, North Nazimabad, Karachi",London,2024-07-02,Business,1325478
TRP-1115757,Y. Lodhi,H#193 St-4 DGround Faisalabad,Baku,2025-02-12,First,309557
TRP-3089606,Haji Yasir Lodhi,"House No. 193, Gali 4, D Ground, Faisalabad",London,2024-09-08,First,1039055
TRP-7216670,Y.Lodhi,"House No. 193, Gali 4, D Ground, Faisalabad",Baku,2025-10-13,Business,285178
TRP-9105049,Irfan Siddiqui,"House 384, Street 5, DHA Phase 6, Karachi",Kuala Lumpur,2025-08-07,First,639165
TRP-5359958,I.Siddiqui,مکان 384 گلی 5 DHA Phase 6 کراچی,Baku,2024-08-09,Business,329662
TRP-8840841,Irfan Siddiqui,مکان 384 گلی 5 DHA Phase 6 کراچی,Jeddah,2026-05-27,First,409708
TRP-5793598,Irfan Siddiqui,H#384 St-5 DHAPhase6 Karachi,Istanbul,2026-03-21,Business,483257
TRP-8293151,I. Siddiqui,"House No. 384, Gali 5, DHA Phase 6, Karachi",London,2025-04-09,First,905946
TRP-7888747,I.Siddiqui,"House 384, Street 5, DHA Phase 6, Karachi",Baku,2024-06-15,First,334870
TRP-2485381,Nadia راجہ,مکان 168 گلی 37 DHA Phase 6 کراچی,Istanbul,2025-04-24,First,551649
TRP-1892183,Nadia راجہ,مکان 168 گلی 37 DHA Phase 6 کراچی,Kuala Lumpur,2025-01-26,First,412950
TRP-3919112,Nadia Raja,"House 168, Street 37, DHA Phase 6, Karachi",Baku,2024-06-19,Business,389667
TRP-6700790,Babar Baig,"House No. 133, Gali 17, Gulgasht, Multan",London,2025-01-18,Business,1095090
TRP-3207473,Babar Baig,مکان 133 گلی 17 Gulgasht Multan,Istanbul,2025-10-21,Business,385164
TRP-7354402,Babar Baig,مکان 133 گلی 17 Gulgasht Multan,London,2026-03-11,Business,1085105
TRP-1774054,Mustafa شیخ,مکان 31 گلی 33 Gulbahar Peshawar,Lahore,2025-11-18,Economy,34151
TRP-6288012,W. Kazmi,H#294 St-30 HayatabadPhase3 Peshawar,Istanbul,2024-11-02,First,445979
TRP-5630812,Waqas Kazmi,"House 294, Street 30, Hayatabad Phase 3, Peshawar",London,2024-08-18,First,1115988
TRP-8267193,Haji Waqas Kazmi,"House No. 294, Gali 30, Hayatabad Phase 3, Peshawar",Kuala Lumpur,2025-06-17,Business,587776
TRP-7018912,W. Kazmi,H#294 St-30 HayatabadPhase3 Peshawar,Jeddah,2025-07-10,Business,397417
TRP-1636840,Syed Wajahat Joiya,H#334 St-22 Cantt Multan,Jeddah,2024-06-26,Business,326560
TRP-7924618,Wajahat Joiya,H#334 St-22 Cantt Multan,Istanbul,2024-04-12,First,520461
TRP-7093061,Haji Wajahat Joiya,"House 334, Street 22, Cantt, Multan",London,2025-03-27,Business,978022
TRP-5859667,Haji Wajahat Joiya,H#334 St-22 Cantt Multan,Kuala Lumpur,2025-11-12,First,411298
TRP-6422439,N.Gondal,مکان 394 گلی 21 D Ground Faisalabad,Skardu,2026-03-19,Economy,87451
TRP-8243621,Adnan Baig,H#106 St-20 HayatabadPhase3 Peshawar,Kuala Lumpur,2024-09-17,First,395074
TRP-5724654,A.Baig,H#106 St-20 HayatabadPhase3 Peshawar,London,2024-12-05,First,1107009
TRP-8162115,Adnan Baig,H#106 St-20 HayatabadPhase3 Peshawar,Kuala Lumpur,2026-05-25,Business,481043
TRP-6605104,Adnan Baig,مکان 106 گلی 20 Hayatabad Phase 3 Peshawar,Jeddah,2025-06-06,Business,380012
TRP-9766802,A. Baig,"House No. 106, Gali 20, Hayatabad Phase 3, Peshawar",Dubai,2024-06-24,Business,498051
TRP-2373862,Adnan Baig,مکان 106 گلی 20 Hayatabad Phase 3 Peshawar,Kuala Lumpur,2025-10-29,First,589375
TRP-2042273,S.Rizvi,"House No. 168, Gali 21, DHA Phase 5, Lahore",Karachi,2026-01-02,Economy,64556
TRP-6089319,D.Dar,H#14 St-9 UniversityTown Peshawar,Dubai,2025-08-19,Business,440957
TRP-6720087,Danish Dar,"House 14, Street 9, University Town, Peshawar",Dubai,2026-02-20,First,329228
TRP-7106293,D. Dar,مکان 14 گلی 9 University Town Peshawar,Istanbul,2024-09-24,Business,542002
TRP-9354517,Danish Dar,"House 14, Street 9, University Town, Peshawar",Istanbul,2026-01-13,Business,446829
TRP-4848642,Saad Kazmi,"House 265, Street 8, D Ground, Faisalabad",London,2025-08-13,First,990835
TRP-9906415,Saad Kazmi,مکان 265 گلی 8 D Ground Faisalabad,Istanbul,2025-01-02,First,491248
TRP-8078445,Saad Kazmi,مکان 265 گلی 8 D Ground Faisalabad,Jeddah,2026-02-14,Business,388732
TRP-6063156,M. Virk,H#205 St-7 UniversityTown Peshawar,Kuala Lumpur,2024-08-03,Business,520328
TRP-7048124,M. Gondal,"House 334, Street 25, Cantt, Multan",Kuala Lumpur,2024-09-09,First,507550
TRP-8540161,M. Gondal,"House 334, Street 25, Cantt, Multan",Baku,2024-09-16,Business,434225
TRP-1872074,Mubashir Gondal,مکان 334 گلی 25 Cantt Multan,Dubai,2025-10-23,First,404422
TRP-4142906,Mubashir Gondal,مکان 334 گلی 25 Cantt Multan,Baku,2026-05-18,First,330112
TRP-3297050,Mubashir Gondal,"House No. 334, Gali 25, Cantt, Multan",Jeddah,2024-10-05,Business,399940
TRP-4870881,M. Gondal,مکان 334 گلی 25 Cantt Multan,Istanbul,2024-06-22,First,496636
TRP-5011797,T.Sandhu,H#16 St-32 F-8/3 Islamabad,Karachi,2026-02-22,Economy,67365
TRP-4306729,Iqra Durrani,مکان 81 گلی 7 Peoples Colony Faisalabad,London,2025-07-10,Business,1181823
TRP-8983925,Fahad Rajput,"House 275, Street 29, North Nazimabad, Karachi",Baku,2025-06-02,First,361943
TRP-7832185,F. Rajput,"House No. 275, Gali 29, North Nazimabad, Karachi",Baku,2025-12-13,First,342758
TRP-4306394,Haji Fahad Rajput,"House 275, Street 29, North Nazimabad, Karachi",London,2025-12-10,First,1064280
TRP-4405003,Rana Yasir Gondal,مکان 374 گلی 20 Johar Town لاہور,London,2026-03-11,Business,1136793
TRP-1153124,Yasir Gondal,"House No. 374, Gali 20, Johar Town, Lahore",Jeddah,2025-05-24,Business,465247
TRP-6880162,Y. Gondal,"House 374, Street 20, Johar Town, Lahore",London,2026-02-02,First,1028099
TRP-3001020,Yasir Gondal,مکان 374 گلی 20 Johar Town لاہور,London,2024-10-26,First,1272246
TRP-9702447,T.Khan,"House 122, Street 11, Satellite Town, Rawalpindi",Kuala Lumpur,2024-01-28,Business,595521
TRP-9473978,T. Khan,H#122 St-11 SatelliteTown Rawalpindi,Baku,2024-11-14,First,371455
TRP-5495873,T.Khan,H#122 St-11 SatelliteTown Rawalpindi,Kuala Lumpur,2024-04-20,First,631643
TRP-6925120,U. Afridi,مکان 208 گلی 29 Gulbahar Peshawar,Kuala Lumpur,2026-03-14,First,585380
TRP-4561861,U.Afridi,"House No. 208, Gali 29, Gulbahar, Peshawar",Baku,2024-05-03,First,372193
TRP-7769305,Rana Umar Afridi,"House 208, Street 29, Gulbahar, Peshawar",Kuala Lumpur,2024-04-28,Business,387398
TRP-3771871,Umar Afridi,"House 208, Street 29, Gulbahar, Peshawar",Jeddah,2024-07-08,Business,329867
TRP-3739873,Waseem Khattak,H#173 St-22 Gulbahar Peshawar,Skardu,2025-12-23,Economy,86466
TRP-8125045,B.Qureshi,مکان 391 گلی 34 Shah Rukn-e-Alam Multan,London,2024-09-29,First,940773
TRP-7927155,B.Qureshi,"House 391, Street 34, Shah Rukn-e-Alam, Multan",Baku,2025-08-21,Business,413008
TRP-3755130,Zeeshan Gondal,"House No. 62, Gali 36, Clifton Block 2, Karachi",London,2026-02-04,First,919255
TRP-1480277,T.Kazmi,مکان 262 گلی 13 Westridge راولپنڈی,London,2026-01-28,First,1029372
TRP-7241919,Tariq Kazmi,H#262 St-13 Westridge Rawalpindi,London,2024-06-06,First,938845
TRP-6793593,Zubair Virk,"House No. 244, Gali 30, Madina Town, Faisalabad",Skardu,2025-11-07,Economy,89317
TRP-5217473,Sardar Naveed Warraich,مکان 379 گلی 38 B-17 اسلام آباد,Istanbul,2024-06-28,Business,458408
TRP-5612444,Naveed Warraich,"House 379, Street 38, B-17, Islamabad",Dubai,2026-04-28,First,356034
TRP-6785556,N.Warraich,"House 379, Street 38, B-17, Islamabad",Jeddah,2025-02-20,Business,446069
TRP-8915269,N. Warraich,مکان 379 گلی 38 B-17 اسلام آباد,London,2024-02-26,Business,1099843
TRP-5618213,A.Afridi,مکان 160 گلی 34 G-13/1 اسلام آباد,Kuala Lumpur,2025-10-04,Business,523874
TRP-8811301,A. Afridi,"House No. 160, Gali 34, G-13/1, Islamabad",Kuala Lumpur,2025-07-17,First,438244
TRP-3478623,A. Afridi,"House 160, Street 34, G-13/1, Islamabad",Jeddah,2026-05-06,First,535146
TRP-4809707,A. Afridi,مکان 160 گلی 34 G-13/1 اسلام آباد,Kuala Lumpur,2025-10-15,Business,501313
TRP-7353766,Arsalan Wazir,"House 216, Street 4, North Nazimabad, Karachi",Jeddah,2024-04-25,Business,473829
TRP-4292497,Arsalan Wazir,H#216 St-4 NorthNazimabad Karachi,Jeddah,2025-08-04,First,361054
TRP-7873088,A.Wazir,"House No. 216, Gali 4, North Nazimabad, Karachi",London,2024-04-08,Business,791753
TRP-7006608,Arsalan Wazir,"House No. 216, Gali 4, North Nazimabad, Karachi",Istanbul,2025-04-10,First,532705
TRP-5440594,A. Wazir,H#216 St-4 NorthNazimabad Karachi,London,2025-03-28,Business,1106654
TRP-9759285,Syed Farah Kayani,H#7 St-7 DHAPhase5 Lahore,Kuala Lumpur,2025-07-13,Business,534018
TRP-7606171,F.Kayani,مکان 7 گلی 7 DHA Phase 5 لاہور,Kuala Lumpur,2024-06-02,First,415306
TRP-1415846,Farah Kayani,"House No. 7, Gali 7, DHA Phase 5, Lahore",Istanbul,2025-03-09,Business,579871
TRP-1927880,Farah Kayani,"House No. 7, Gali 7, DHA Phase 5, Lahore",Kuala Lumpur,2025-10-14,First,555460
TRP-4456062,F. Kayani,H#7 St-7 DHAPhase5 Lahore,Baku,2025-10-18,Business,374394
TRP-2243185,Farah Kayani,"House No. 7, Gali 7, DHA Phase 5, Lahore",Dubai,2025-12-27,Business,418457
TRP-1973582,Sardar Asad Kakar,"House No. 250, Gali 36, Gulbahar, Peshawar",Istanbul,2025-12-10,First,383313
TRP-3203660,Rana Asad Kakar,مکان 250 گلی 36 Gulbahar Peshawar,London,2025-09-24,First,858577
TRP-7063766,Asad Kakar,H#250 St-36 Gulbahar Peshawar,Dubai,2026-03-15,First,404354
TRP-8730738,Mansoor Bangash,"House 178, Street 29, Cantt, Multan",Lahore,2026-02-17,Economy,58576
TRP-3212574,Ubaid Orakzai,"House No. 394, Gali 11, Shah Rukn-e-Alam, Multan",Baku,2025-10-22,First,334776
TRP-2473553,Ubaid Orakzai,"House 394, Street 11, Shah Rukn-e-Alam, Multan",Jeddah,2024-03-18,Business,387301
TRP-6567631,F. Cheema,"House No. 186, Gali 11, University Town, Peshawar",Lahore,2025-02-25,Economy,53228
TRP-5987288,عائشہ Orakzai,"House No. 152, Gali 36, Gulgasht, Multan",Dubai,2024-05-14,Business,467792
TRP-6522968,A. Orakzai,H#152 St-36 Gulgasht Multan,Dubai,2025-05-29,First,300028
TRP-1542641,Malik Ayesha Orakzai,H#152 St-36 Gulgasht Multan,Jeddah,2024-07-10,First,487309
TRP-5628736,عائشہ Orakzai,"House No. 152, Gali 36, Gulgasht, Multan",London,2026-04-23,First,973203
TRP-6182008,Rana Ayesha Orakzai,H#152 St-36 Gulgasht Multan,Baku,2025-02-16,Business,285651
TRP-8545004,Asad Saddozai,"House 315, Street 37, University Town, Peshawar",Lahore,2024-04-14,Economy,57057
TRP-6274766,Sadia Abbasi,"House No. 14, Gali 32, Shah Rukn-e-Alam, Multan",Kuala Lumpur,2025-06-18,First,451526
TRP-9172605,R. Khan,"House No. 11, Gali 40, Johar Town, Lahore",London,2026-03-09,First,1024756
TRP-8339272,R. Khan,"House No. 11, Gali 40, Johar Town, Lahore",Dubai,2025-01-06,First,312996
TRP-1681704,Rashid خان,H#11 St-40 JoharTown Lahore,Kuala Lumpur,2025-10-09,First,429590
TRP-8949265,Rashid خان,H#11 St-40 JoharTown Lahore,Istanbul,2025-01-20,Business,429151
TRP-4456272,Haji Umar Tarar,H#322 St-37 Westridge Rawalpindi,Kuala Lumpur,2024-12-09,First,555195
TRP-6560856,Malik Umar Tarar,"House No. 322, Gali 37, Westridge, Rawalpindi",Baku,2025-09-19,First,345174
TRP-9233287,U. Tarar,H#322 St-37 Westridge Rawalpindi,Dubai,2025-10-09,Business,449576
TRP-9583739,Umar Tarar,"House 322, Street 37, Westridge, Rawalpindi",London,2024-01-20,Business,1092780
TRP-3484191,U. Yousafzai,"House 303, Street 28, North Nazimabad, Karachi",Istanbul,2025-08-26,Business,392248
TRP-4522926,U.Yousafzai,"House No. 303, Gali 28, North Nazimabad, Karachi",Jeddah,2026-04-16,First,394619
TRP-7294233,U.Yousafzai,"House No. 303, Gali 28, North Nazimabad, Karachi",Baku,2026-04-06,First,283441
TRP-9520195,Rana Talha Malik,"House 374, Street 8, Shah Rukn-e-Alam, Multan",Kuala Lumpur,2025-10-13,First,672835
TRP-7752336,Luqman Tarar,مکان 71 گلی 22 North Nazimabad کراچی,Karachi,2024-07-23,Economy,53431
TRP-8243202,K.Hashmi,H#134 St-26 F-8/3 Islamabad,Dubai,2026-05-03,Business,449950
TRP-8609649,Kashif Hashmi,مکان 134 گلی 26 F-8/3 اسلام آباد,London,2026-03-03,First,985719
TRP-6009084,Kashif Hashmi,مکان 134 گلی 26 F-8/3 اسلام آباد,Dubai,2025-07-18,First,415964
TRP-2420659,M. Bhatti,H#15 St-37 Gulshan-e-Iqbal Karachi,Lahore,2024-05-05,Economy,41275
TRP-4371997,Talha Rizvi,مکان 50 گلی 10 Chaklala Scheme 3 راولپنڈی,London,2025-04-08,Business,1127348
TRP-6418273,Mian Talha Rizvi,مکان 50 گلی 10 Chaklala Scheme 3 راولپنڈی,Jeddah,2024-12-29,First,450560
TRP-6502088,Malik Talha Rizvi,مکان 50 گلی 10 Chaklala Scheme 3 راولپنڈی,London,2025-05-11,Business,1280014
TRP-6605094,Chaudhary Talha Rizvi,مکان 50 گلی 10 Chaklala Scheme 3 راولپنڈی,Kuala Lumpur,2025-04-23,First,394342
TRP-3915623,Ayesha Abbasi,مکان 16 گلی 40 University Town Peshawar,Karachi,2025-07-20,Economy,59437
TRP-5407322,H.Mirza,"House No. 207, Gali 28, Shah Rukn-e-Alam, Multan",Dubai,2026-02-12,First,490943
TRP-2345188,Rana Haris Mirza,H#207 St-28 ShahRukn-e-Alam Multan,Dubai,2024-07-29,First,446945
TRP-8464162,Owais Bukhari,"House No. 278, Gali 12, Gulgasht, Multan",Lahore,2024-02-21,Economy,40877
TRP-7161185,Luqman Baig,"House 27, Street 28, Wapda Town, Lahore",Lahore,2025-04-17,Economy,45766
TRP-3503974,Rehan قریشی,مکان 114 گلی 21 DHA Phase 6 کراچی,Baku,2025-03-18,Business,325971
TRP-1030744,R. Qureshi,"House No. 114, Gali 21, DHA Phase 6, Karachi",Dubai,2024-08-04,First,425395
TRP-6494676,R. Qureshi,"House No. 114, Gali 21, DHA Phase 6, Karachi",London,2025-05-28,Business,795614
TRP-8263798,R. Qureshi,"House 114, Street 21, DHA Phase 6, Karachi",Kuala Lumpur,2025-06-22,Business,610995
TRP-4398963,Khalid Lodhi,"House 399, Street 32, Hayatabad Phase 3, Peshawar",Baku,2026-01-08,Business,334167
TRP-2251116,Khalid Lodhi,"House 399, Street 32, Hayatabad Phase 3, Peshawar",Baku,2024-11-16,First,296292
TRP-9711453,Khalid Lodhi,مکان 399 گلی 32 Hayatabad Phase 3 Peshawar,Dubai,2024-09-06,Business,480360
TRP-5891880,Sardar Khalid Lodhi,H#399 St-32 HayatabadPhase3 Peshawar,Jeddah,2026-04-17,Business,502417
TRP-2758529,Khalid Lodhi,مکان 399 گلی 32 Hayatabad Phase 3 Peshawar,London,2025-02-01,First,922175
TRP-4769457,حسین Virk,"House No. 391, Gali 5, Satellite Town, Rawalpindi",Jeddah,2024-08-18,First,436124
TRP-7545106,حسین Virk,"House No. 391, Gali 5, Satellite Town, Rawalpindi",Baku,2026-03-10,First,414747
TRP-7081209,حسین Virk,H#391 St-5 SatelliteTown Rawalpindi,Dubai,2025-05-13,First,434123
TRP-8200072,Hussain Virk,"House 391, Street 5, Satellite Town, Rawalpindi",Kuala Lumpur,2025-01-18,First,423335
TRP-9900638,حسین Virk,"House 391, Street 5, Satellite Town, Rawalpindi",Dubai,2026-04-05,First,377263
TRP-9916532,Saad Gill,مکان 330 گلی 4 DHA Phase 6 کراچی,London,2024-09-22,Business,1134317
TRP-3472806,Saad Gill,H#330 St-4 DHAPhase6 Karachi,London,2025-10-14,Business,1071186
TRP-7023244,Sardar Talha Afridi,"House No. 337, Gali 29, Chaklala Scheme 3, Rawalpindi",London,2025-05-10,First,1313605
TRP-6824400,T.Afridi,"House No. 337, Gali 29, Chaklala Scheme 3, Rawalpindi",Istanbul,2025-05-05,Business,429431
TRP-8667361,Talha Afridi,"House No. 337, Gali 29, Chaklala Scheme 3, Rawalpindi",Kuala Lumpur,2025-05-25,First,522687
TRP-7482577,T. Afridi,"House No. 337, Gali 29, Chaklala Scheme 3, Rawalpindi",Dubai,2026-05-11,First,411146
TRP-8501128,T. Afridi,H#337 St-29 ChaklalaScheme3 Rawalpindi,Kuala Lumpur,2024-03-25,Business,550399
TRP-9915405,Sardar Rashid Zaidi,"House No. 58, Gali 5, DHA Phase 5, Lahore",Baku,2026-01-14,First,436766
TRP-8753777,R.Zaidi,H#58 St-5 DHAPhase5 Lahore,Kuala Lumpur,2024-03-26,Business,532940
TRP-9189697,Syed Rashid Zaidi,"House No. 58, Gali 5, DHA Phase 5, Lahore",Jeddah,2026-01-24,First,540672
TRP-1742086,Rashid Zaidi,"House No. 58, Gali 5, DHA Phase 5, Lahore",London,2026-01-19,Business,901932
TRP-1691324,Jawad Butt,مکان 351 گلی 15 Satellite Town راولپنڈی,Lahore,2025-11-13,Economy,51562
TRP-9481033,R. Siddiqui,مکان 391 گلی 3 Hayatabad Phase 3 Peshawar,London,2025-01-18,First,1207590
TRP-3862991,Syed Rabia Siddiqui,مکان 391 گلی 3 Hayatabad Phase 3 Peshawar,London,2025-06-18,First,773693
TRP-3307949,R. Siddiqui,"House 391, Street 3, Hayatabad Phase 3, Peshawar",Jeddah,2024-05-24,First,520063
TRP-6224294,Rabia Siddiqui,مکان 391 گلی 3 Hayatabad Phase 3 Peshawar,Baku,2025-11-04,First,329405
TRP-5492678,Syed Rabia Siddiqui,"House No. 391, Gali 3, Hayatabad Phase 3, Peshawar",Jeddah,2025-06-02,Business,510155
TRP-8996802,Chaudhary Rabia Siddiqui,H#391 St-3 HayatabadPhase3 Peshawar,Dubai,2025-08-20,Business,454558
TRP-9106854,A.Khattak,مکان 352 گلی 40 Gulshan-e-Iqbal کراچی,Baku,2026-01-19,Business,413692
TRP-1334495,Amna Khattak,"House No. 352, Gali 40, Gulshan-e-Iqbal, Karachi",Kuala Lumpur,2025-12-27,Business,532628
TRP-7263351,Amna Khattak,"House No. 352, Gali 40, Gulshan-e-Iqbal, Karachi",Istanbul,2025-12-06,First,494514
TRP-8984881,Luqman Kayani,H#379 St-2 ChaklalaScheme3 Rawalpindi,Istanbul,2025-02-22,Business,434942
TRP-2156280,Mian Zainab Gondal,"House 321, Street 23, DHA Phase 6, Karachi",Dubai,2025-02-23,First,424442
TRP-5766235,Z.Gondal,"House No. 321, Gali 23, DHA Phase 6, Karachi",Dubai,2026-04-29,First,513266
TRP-6334301,Z. Gondal,مکان 321 گلی 23 DHA Phase 6 کراچی,Istanbul,2025-03-22,First,406186
TRP-6500109,Haji Zainab Gondal,"House 321, Street 23, DHA Phase 6, Karachi",Dubai,2026-03-16,Business,437951
TRP-7904673,Sufyan Virk,مکان 173 گلی 21 Gulshan-e-Iqbal کراچی,Lahore,2025-01-06,Economy,48806
TRP-1402524,Rabia Baig,مکان 338 گلی 40 Gulbahar Peshawar,Kuala Lumpur,2025-02-06,Business,432575
TRP-7865965,R. Baig,مکان 338 گلی 40 Gulbahar Peshawar,Kuala Lumpur,2025-12-25,First,397134
TRP-9951405,Chaudhary Sajid Saddozai,مکان 394 گلی 10 Gulgasht Multan,Baku,2024-06-05,First,315468
TRP-2022266,S.Saddozai,"House No. 394, Gali 10, Gulgasht, Multan",Istanbul,2025-12-15,First,568201
TRP-8884865,Sajid Saddozai,"House 394, Street 10, Gulgasht, Multan",Baku,2024-08-05,Business,396697
TRP-9821609,Syed Sajid Saddozai,"House 394, Street 10, Gulgasht, Multan",Jeddah,2025-08-15,First,538185
TRP-5836503,Zeeshan Zaidi,"House No. 84, Gali 27, Bahria Phase 4, Rawalpindi",Kuala Lumpur,2024-09-11,Business,412468
TRP-7280157,Malik Zeeshan Zaidi,مکان 84 گلی 27 Bahria Phase 4 راولپنڈی,Kuala Lumpur,2024-07-08,First,569566
TRP-4254556,Y. Orakzai,"House 59, Street 10, Johar Town, Lahore",Lahore,2024-11-21,Economy,53069
TRP-5036573,Khalid Rajput,مکان 301 گلی 24 Satellite Town راولپنڈی,Skardu,2026-04-30,Economy,101164
TRP-6245735,B.Khokhar,"House 171, Street 36, Cantt, Multan",Kuala Lumpur,2025-01-24,First,416154
TRP-2887222,K.Baig,"House No. 199, Gali 3, North Nazimabad, Karachi",Skardu,2024-02-07,Economy,81095
TRP-8981140,Farah راجہ,"House No. 164, Gali 33, Gulbahar, Peshawar",Skardu,2024-12-03,Economy,107431
TRP-9800925,J.Chaudhry,"House 399, Street 6, Bahria Phase 4, Rawalpindi",Skardu,2025-10-03,Economy,95605
TRP-7186758,F.Abbasi,"House No. 236, Gali 22, D Ground, Faisalabad",Kuala Lumpur,2025-02-17,First,490147
TRP-9898683,F.Abbasi,H#236 St-22 DGround Faisalabad,Jeddah,2024-03-01,Business,494305
TRP-7371193,F. Abbasi,مکان 236 گلی 22 D Ground Faisalabad,Jeddah,2024-12-10,Business,325975
TRP-5239824,Faisal Abbasi,"House 236, Street 22, D Ground, Faisalabad",Jeddah,2025-02-20,First,459230
TRP-6187757,Faisal Abbasi,مکان 236 گلی 22 D Ground Faisalabad,Jeddah,2025-10-29,Business,343349
TRP-4290942,Faisal Abbasi,H#236 St-22 DGround Faisalabad,Jeddah,2024-04-14,First,383605
TRP-9396749,S.Naqvi,"House 102, Street 32, Westridge, Rawalpindi",Istanbul,2024-09-29,First,373167
TRP-2119957,Syed Saba Naqvi,H#102 St-32 Westridge Rawalpindi,Kuala Lumpur,2024-08-06,First,530067
TRP-6597721,S.Ansari,"House No. 41, Gali 12, Peoples Colony, Faisalabad",Istanbul,2025-09-15,First,512725
TRP-9145126,S.Ansari,مکان 41 گلی 12 Peoples Colony Faisalabad,Kuala Lumpur,2024-11-09,Business,434816
TRP-2809068,Haji Kinza Siddiqui,H#97 St-12 Cantt Multan,London,2026-04-15,Business,1120591
TRP-2713048,K.Siddiqui,مکان 97 گلی 12 Cantt Multan,Istanbul,2025-03-06,First,577212
TRP-1871649,K.Siddiqui,H#97 St-12 Cantt Multan,Dubai,2024-02-01,Business,515831
TRP-3560963,Sardar Kinza Siddiqui,"House No. 97, Gali 12, Cantt, Multan",Jeddah,2026-04-01,First,544200
TRP-8009707,Kinza Mehsud,H#34 St-37 DGround Faisalabad,Dubai,2025-01-12,First,400509
TRP-8353738,Kinza Mehsud,H#34 St-37 DGround Faisalabad,Kuala Lumpur,2025-10-05,First,407288
TRP-5049058,A. Niazi,"House No. 161, Gali 35, University Town, Peshawar",London,2025-01-15,First,1130610
TRP-4095673,Anas Niazi,مکان 161 گلی 35 University Town Peshawar,Jeddah,2024-12-01,Business,351977
TRP-4283419,Mian Anas Niazi,H#161 St-35 UniversityTown Peshawar,London,2025-11-19,First,981606
TRP-2869530,Malik Anas Niazi,H#161 St-35 UniversityTown Peshawar,Kuala Lumpur,2025-05-23,First,645285
TRP-6813673,A.Hashmi,"House 156, Street 36, DHA Phase 6, Karachi",Dubai,2024-12-15,Business,491565
TRP-6240288,Ali Hashmi,"House No. 156, Gali 36, DHA Phase 6, Karachi",Istanbul,2025-05-24,First,586685
TRP-2825529,Ali Hashmi,"House 156, Street 36, DHA Phase 6, Karachi",Jeddah,2024-05-26,First,407112
TRP-9994351,A.Hashmi,مکان 156 گلی 36 DHA Phase 6 کراچی,Baku,2025-07-12,Business,449035
TRP-8277912,Syed Ali Hashmi,"House 156, Street 36, DHA Phase 6, Karachi",Dubai,2024-05-08,First,478734
TRP-4239977,علی Hashmi,مکان 156 گلی 36 DHA Phase 6 کراچی,Kuala Lumpur,2024-12-06,Business,571021
TRP-7365294,Chaudhary Sana Hashmi,H#214 St-32 HayatabadPhase3 Peshawar,Jeddah,2024-08-08,First,483674
TRP-3744607,S.Hashmi,"House No. 214, Gali 32, Hayatabad Phase 3, Peshawar",Jeddah,2025-11-25,Business,454557
TRP-2059110,Haji Mehwish Siddiqui,H#272 St-19 PeoplesColony Faisalabad,Istanbul,2026-04-04,Business,386729
TRP-2900407,Mehwish Siddiqui,"House No. 272, Gali 19, Peoples Colony, Faisalabad",Jeddah,2024-08-07,First,360208
TRP-7524471,M. Siddiqui,"House No. 272, Gali 19, Peoples Colony, Faisalabad",London,2026-01-18,First,1116638
TRP-4546283,M.Siddiqui,H#272 St-19 PeoplesColony Faisalabad,Istanbul,2024-12-19,First,517460
TRP-5552804,Kamran ملک,"House 214, Street 16, Gulshan-e-Iqbal, Karachi",Istanbul,2025-04-27,Business,566202
TRP-1367852,Kamran ملک,"House No. 214, Gali 16, Gulshan-e-Iqbal, Karachi",Dubai,2025-11-24,First,421756
TRP-6840105,Waseem Zaidi,"House No. 170, Gali 13, Wapda Town, Lahore",Baku,2024-08-22,First,419140
TRP-5877494,W.Zaidi,مکان 170 گلی 13 Wapda Town لاہور,Kuala Lumpur,2026-05-08,Business,567697
TRP-8735571,Waseem Zaidi,مکان 170 گلی 13 Wapda Town لاہور,Baku,2024-02-27,Business,407441
TRP-3603200,Waseem Zaidi,"House 170, Street 13, Wapda Town, Lahore",Kuala Lumpur,2024-08-04,Business,395423
TRP-9283598,W. Zaidi,"House No. 170, Gali 13, Wapda Town, Lahore",Jeddah,2025-05-06,First,363872
TRP-2498398,Haji Saqib Shirazi,مکان 331 گلی 13 Peoples Colony Faisalabad,Baku,2025-10-10,Business,445418
TRP-8760665,Mian Saqib Shirazi,"House 331, Street 13, Peoples Colony, Faisalabad",Baku,2024-12-02,First,324923
TRP-4252222,Syed Saqib Shirazi,"House No. 331, Gali 13, Peoples Colony, Faisalabad",Dubai,2024-01-03,Business,387601
TRP-6454866,Mian Saqib Shirazi,"House No. 331, Gali 13, Peoples Colony, Faisalabad",London,2024-09-23,First,1095919
TRP-9917489,Saqib Shirazi,H#331 St-13 PeoplesColony Faisalabad,London,2026-01-28,First,1070447
TRP-3092775,S. Shirazi,"House 331, Street 13, Peoples Colony, Faisalabad",Kuala Lumpur,2024-04-12,First,546338
TRP-5169777,Iqra Joiya,"House No. 56, Gali 18, University Town, Peshawar",Jeddah,2024-05-17,Business,564632
TRP-6434470,I. Joiya,H#56 St-18 UniversityTown Peshawar,London,2024-05-31,Business,1089106
TRP-2533946,I. Joiya,مکان 56 گلی 18 University Town Peshawar,Jeddah,2026-04-16,First,472786
TRP-9047187,U.Mirza,H#388 St-37 WapdaTown Lahore,Dubai,2024-06-08,First,354486
TRP-7691081,U. Mirza,H#388 St-37 WapdaTown Lahore,Istanbul,2024-07-06,First,474941
TRP-5751188,Sardar Uzma Mirza,H#388 St-37 WapdaTown Lahore,Jeddah,2024-01-26,First,325039
TRP-9179274,Syed Uzma Mirza,"House No. 388, Gali 37, Wapda Town, Lahore",Kuala Lumpur,2024-06-03,First,525338
TRP-5574696,Uzma Mirza,"House No. 388, Gali 37, Wapda Town, Lahore",London,2025-08-01,First,1009330
TRP-1724934,U.Mirza,مکان 388 گلی 37 Wapda Town لاہور,Dubai,2025-09-20,Business,323369
TRP-4609018,Tariq Tarar,مکان 253 گلی 26 DHA Phase 5 لاہور,Dubai,2026-01-10,First,496748
TRP-1687731,Tariq Tarar,"House 253, Street 26, DHA Phase 5, Lahore",Baku,2025-09-26,First,355239
TRP-5482129,Chaudhary Tariq Tarar,"House 253, Street 26, DHA Phase 5, Lahore",London,2025-10-05,Business,1211394
TRP-9095139,T. Tarar,"House 253, Street 26, DHA Phase 5, Lahore",Kuala Lumpur,2026-03-20,Business,621032
TRP-2046008,Sardar Tariq Tarar,"House 253, Street 26, DHA Phase 5, Lahore",Dubai,2026-03-15,First,470016
TRP-6213636,T.Tarar,"House 253, Street 26, DHA Phase 5, Lahore",Dubai,2024-01-10,First,506680
TRP-4919852,Bilal Khattak,"House 116, Street 31, Gulbahar, Peshawar",Karachi,2025-02-01,Economy,85595
TRP-8544521,Mian Sadia Chaudhry,"House 302, Street 3, F-8/3, Islamabad",Lahore,2026-05-03,Economy,54804
TRP-5925243,Khadija Sandhu,مکان 204 گلی 14 Peoples Colony Faisalabad,Jeddah,2026-02-14,Business,531706
TRP-3070422,K. Sandhu,"House No. 204, Gali 14, Peoples Colony, Faisalabad",Jeddah,2025-08-23,First,543407
TRP-8587173,Khadija Sandhu,"House No. 204, Gali 14, Peoples Colony, Faisalabad",Baku,2025-02-24,Business,279159
TRP-4206806,Malik Khadija Sandhu,"House 204, Street 14, Peoples Colony, Faisalabad",Kuala Lumpur,2024-03-13,Business,612834
TRP-1783584,Sardar Usman Virk,"House No. 381, Gali 14, Hayatabad Phase 3, Peshawar",Dubai,2025-12-29,Business,369351
TRP-6187879,U. Virk,مکان 381 گلی 14 Hayatabad Phase 3 Peshawar,London,2025-06-02,First,1186806
TRP-9100231,Mian Usman Virk,H#381 St-14 HayatabadPhase3 Peshawar,Baku,2024-01-31,Business,342984
TRP-7075599,R.Ansari,H#106 St-32 UniversityTown Peshawar,Baku,2024-06-09,Business,363054
TRP-2844587,R. Ansari,"House 106, Street 32, University Town, Peshawar",Baku,2024-11-11,Business,258122
TRP-7025807,Ubaid Bukhari,"House No. 140, Gali 18, Gulgasht, Multan",Jeddah,2024-09-11,Business,525518
TRP-3757008,Sardar Ubaid Bukhari,"House No. 140, Gali 18, Gulgasht, Multan",Istanbul,2025-12-12,First,432895
TRP-8917429,U.Bukhari,H#140 St-18 Gulgasht Multan,Istanbul,2024-11-03,Business,494530
TRP-8069458,Ubaid Bukhari,مکان 140 گلی 18 Gulgasht Multan,Kuala Lumpur,2025-06-15,Business,533687
TRP-2044642,Umar Janjua,H#1 St-3 ShahRukn-e-Alam Multan,Jeddah,2025-06-09,Business,408953
TRP-5515323,U.Janjua,"House No. 1, Gali 3, Shah Rukn-e-Alam, Multan",London,2024-01-30,Business,853759
TRP-1400065,U. Janjua,"House 1, Street 3, Shah Rukn-e-Alam, Multan",Jeddah,2025-05-01,Business,496475
TRP-9398199,Rana Umar Janjua,"House No. 1, Gali 3, Shah Rukn-e-Alam, Multan",Dubai,2026-02-03,Business,350522
TRP-6199278,Umar Janjua,H#1 St-3 ShahRukn-e-Alam Multan,Jeddah,2026-02-16,First,554397
TRP-4969110,Umar Janjua,مکان 1 گلی 3 Shah Rukn-e-Alam Multan,Baku,2025-09-18,First,377467
TRP-7014069,Irfan Sandhu,H#189 St-30 G-13/1 Islamabad,Istanbul,2024-11-19,First,406141
TRP-3101592,Sardar Irfan Sandhu,H#189 St-30 G-13/1 Islamabad,Jeddah,2026-01-08,Business,401257
TRP-2568969,I. Sandhu,"House No. 189, Gali 30, G-13/1, Islamabad",Kuala Lumpur,2025-01-12,Business,649830
TRP-7948165,Chaudhary Irfan Sandhu,"House 189, Street 30, G-13/1, Islamabad",Jeddah,2025-07-28,Business,460296
TRP-6889546,Syed Irfan Sandhu,مکان 189 گلی 30 G-13/1 اسلام آباد,Baku,2026-05-13,Business,331563
TRP-5620978,A.Saddozai,"House No. 209, Gali 12, Shah Rukn-e-Alam, Multan",Karachi,2024-07-01,Economy,58237
TRP-2849783,Rashid Mehsud,"House No. 346, Gali 35, University Town, Peshawar",London,2025-01-13,Business,806428
TRP-4923021,Rashid Mehsud,"House 346, Street 35, University Town, Peshawar",Kuala Lumpur,2024-08-20,Business,601230
TRP-3501080,R.Mehsud,"House 346, Street 35, University Town, Peshawar",Istanbul,2024-07-26,First,406476
TRP-9973716,Mian Rashid Mehsud,"House 346, Street 35, University Town, Peshawar",Dubai,2025-12-26,First,345337
TRP-4861644,R. Shirazi,H#324 St-11 WapdaTown Lahore,Skardu,2025-09-25,Economy,111827
TRP-4363654,Malik Fahad Kazmi,"House 267, Street 7, Peoples Colony, Faisalabad",London,2024-11-09,Business,990218
TRP-3136481,Rana Fahad Kazmi,H#267 St-7 PeoplesColony Faisalabad,London,2025-07-31,First,989964
TRP-1239594,F. Kazmi,"House No. 267, Gali 7, Peoples Colony, Faisalabad",Dubai,2024-06-12,First,461888
TRP-2721317,Mian Fahad Kazmi,"House No. 267, Gali 7, Peoples Colony, Faisalabad",Jeddah,2025-04-09,First,524764
TRP-6180673,Hafsa Bangash,"House No. 251, Gali 8, University Town, Peshawar",Dubai,2024-07-09,Business,483077
TRP-4521121,H. Bangash,"House No. 251, Gali 8, University Town, Peshawar",Baku,2025-11-08,Business,278900
TRP-5162466,H. Bangash,"House 251, Street 8, University Town, Peshawar",Baku,2024-08-23,Business,297952
TRP-4252562,H.Bangash,"House 251, Street 8, University Town, Peshawar",Baku,2025-05-22,First,306083
TRP-9439343,H. Bangash,"House No. 251, Gali 8, University Town, Peshawar",Kuala Lumpur,2025-07-09,First,472642
TRP-1548299,Haji Kamran Kayani,H#217 St-23 CliftonBlock2 Karachi,Lahore,2026-05-02,Economy,50407
TRP-3068162,M.Sial,H#245 St-40 DGround Faisalabad,Kuala Lumpur,2025-11-11,Business,494715
TRP-6598105,M.Sial,مکان 245 گلی 40 D Ground Faisalabad,Kuala Lumpur,2025-08-10,First,401006
TRP-7528566,Hassan Kayani,H#197 St-35 ShahRukn-e-Alam Multan,Dubai,2025-10-25,Business,474380
TRP-1749316,Hassan Kayani,H#197 St-35 ShahRukn-e-Alam Multan,Istanbul,2025-06-08,Business,468169
TRP-4827664,Hassan Kayani,"House No. 197, Gali 35, Shah Rukn-e-Alam, Multan",London,2024-02-19,First,1053308
TRP-4028357,Khalid Butt,مکان 244 گلی 17 Clifton Block 2 کراچی,Jeddah,2025-11-26,First,558365
TRP-8498515,Khalid بٹ,H#244 St-17 CliftonBlock2 Karachi,Istanbul,2024-11-01,First,425443
TRP-1123307,Khalid بٹ,مکان 244 گلی 17 Clifton Block 2 کراچی,Istanbul,2024-11-16,First,379382
TRP-6480872,K. Butt,"House No. 244, Gali 17, Clifton Block 2, Karachi",Jeddah,2025-02-08,Business,403318
TRP-6381491,Malik Khalid Butt,"House 244, Street 17, Clifton Block 2, Karachi",Baku,2026-01-27,Business,323850
TRP-2171810,Haji Ubaid Virk,H#124 St-39 ShahRukn-e-Alam Multan,Dubai,2024-12-26,First,468461
TRP-3495572,Ubaid Virk,"House No. 124, Gali 39, Shah Rukn-e-Alam, Multan",Dubai,2026-03-25,Business,299291
TRP-6361252,U. Virk,"House No. 124, Gali 39, Shah Rukn-e-Alam, Multan",Jeddah,2024-03-03,Business,469514
TRP-3931154,Taimoor Dar,"House No. 49, Gali 1, Madina Town, Faisalabad",Jeddah,2024-12-09,Business,339975
TRP-3881047,T. Dar,"House 49, Street 1, Madina Town, Faisalabad",Baku,2024-09-21,First,377875
TRP-7672933,Chaudhary Talha Khokhar,"House No. 199, Gali 35, Wapda Town, Lahore",Baku,2024-05-25,Business,422069
TRP-3834748,T. Mirza,"House No. 21, Gali 19, Hayatabad Phase 3, Peshawar",London,2025-06-08,First,879141
TRP-7135917,T. Mirza,"House 21, Street 19, Hayatabad Phase 3, Peshawar",Dubai,2024-08-02,First,406686
TRP-2590346,T.Mirza,"House 21, Street 19, Hayatabad Phase 3, Peshawar",Istanbul,2024-09-16,First,473996
TRP-1131772,T.Mirza,"House 21, Street 19, Hayatabad Phase 3, Peshawar",Jeddah,2024-09-07,First,405364
TRP-9743377,Mian Taimoor Mirza,مکان 21 گلی 19 Hayatabad Phase 3 Peshawar,Baku,2026-04-12,Business,435147
TRP-5600651,T. Mirza,H#21 St-19 HayatabadPhase3 Peshawar,Kuala Lumpur,2026-01-15,Business,585463
TRP-7398730,H. Rajput,"House 3, Street 25, DHA Phase 6, Karachi",Skardu,2024-07-01,Economy,109397
TRP-5324061,H. Bukhari,"House No. 118, Gali 29, University Town, Peshawar",Lahore,2024-02-13,Economy,37118
TRP-5454311,S.Hashmi,"House No. 11, Gali 34, Model Town, Lahore",Baku,2025-10-18,First,379555
TRP-1662627,S.Hashmi,H#11 St-34 ModelTown Lahore,Kuala Lumpur,2025-11-01,First,627919
TRP-7624158,Sufyan Hashmi,H#11 St-34 ModelTown Lahore,Jeddah,2024-10-24,Business,443697
TRP-5064075,Chaudhary Rauf Zaidi,"House 35, Street 5, Shah Rukn-e-Alam, Multan",Baku,2024-12-04,Business,308978
TRP-3456225,R. Niazi,"House No. 6, Gali 24, Westridge, Rawalpindi",Dubai,2025-07-26,Business,355471
TRP-9522065,Sardar Rashid Niazi,"House No. 6, Gali 24, Westridge, Rawalpindi",Jeddah,2026-01-26,Business,351277
TRP-7114006,Rashid Niazi,مکان 6 گلی 24 Westridge راولپنڈی,Istanbul,2026-03-30,Business,522261
TRP-5321832,Khadija Naqvi,مکان 71 گلی 21 I-8/4 اسلام آباد,Jeddah,2024-12-05,First,450710
TRP-2072692,Khadija Naqvi,H#71 St-21 I-8/4 Islamabad,Baku,2025-06-26,First,316028
TRP-4170373,Khadija Naqvi,H#71 St-21 I-8/4 Islamabad,Dubai,2025-09-10,Business,350898
TRP-8138673,Z.Kazmi,مکان 85 گلی 16 G-13/1 اسلام آباد,Dubai,2025-04-03,First,344935
TRP-2364987,Sardar Rauf Butt,"House 400, Street 26, University Town, Peshawar",Istanbul,2025-08-01,Business,468842
TRP-5713379,Rauf Butt,"House 400, Street 26, University Town, Peshawar",Istanbul,2025-03-07,First,432599
TRP-9687203,Rauf بٹ,"House No. 400, Gali 26, University Town, Peshawar",Istanbul,2025-01-24,Business,586352
TRP-1679140,Mian Shahzad Rajput,H#209 St-11 DGround Faisalabad,Baku,2026-02-09,Business,336747
TRP-3259003,S. Rajput,H#209 St-11 DGround Faisalabad,Jeddah,2026-02-22,Business,332051
TRP-1196404,S. Rajput,"House No. 209, Gali 11, D Ground, Faisalabad",Istanbul,2026-05-13,Business,379104
TRP-5398786,S.Rajput,H#209 St-11 DGround Faisalabad,Kuala Lumpur,2024-02-01,First,450103
TRP-9275694,Malik Wajahat Khattak,"House 156, Street 35, University Town, Peshawar",Baku,2024-06-08,First,417025
TRP-5242179,W. Khattak,H#156 St-35 UniversityTown Peshawar,Jeddah,2024-03-25,First,508040
TRP-9067165,J. Bukhari,"House 350, Street 39, Gulgasht, Multan",Karachi,2025-07-26,Economy,84266
TRP-4428950,Mian Ehsan Rizvi,H#324 St-5 DGround Faisalabad,Kuala Lumpur,2025-04-08,First,644385
TRP-4541336,Ehsan Rizvi,مکان 324 گلی 5 D Ground Faisalabad,Kuala Lumpur,2025-10-10,First,392985
TRP-3181696,E. Rizvi,"House 324, Street 5, D Ground, Faisalabad",Baku,2025-11-15,First,338925
TRP-2801788,E.Rizvi,H#324 St-5 DGround Faisalabad,Istanbul,2024-02-07,Business,369190
TRP-3078695,Sardar Ehsan Rizvi,مکان 324 گلی 5 D Ground Faisalabad,Kuala Lumpur,2024-11-15,Business,391514
TRP-7651807,Ehsan Rizvi,مکان 324 گلی 5 D Ground Faisalabad,Kuala Lumpur,2025-01-06,Business,488198
TRP-7895139,Atif Janjua,"House No. 179, Gali 20, Peoples Colony, Faisalabad",Baku,2024-07-18,First,304633
TRP-5942758,Atif Janjua,"House No. 179, Gali 20, Peoples Colony, Faisalabad",London,2024-10-26,Business,893475
TRP-1096527,Rana Iqra Sial,H#97 St-40 Gulgasht Multan,Baku,2024-04-09,Business,305118
TRP-3188348,Iqra Sial,"House No. 97, Gali 40, Gulgasht, Multan",Dubai,2024-02-26,Business,460906
TRP-3563055,Iqra Sial,"House No. 97, Gali 40, Gulgasht, Multan",Kuala Lumpur,2024-04-04,First,412720
TRP-2327365,Iqra Sial,"House No. 97, Gali 40, Gulgasht, Multan",Jeddah,2024-10-18,Business,363629
TRP-5497090,Talha Khattak,H#192 St-16 UniversityTown Peshawar,Baku,2024-04-23,First,433262
TRP-9794006,Sardar Talha Khattak,مکان 192 گلی 16 University Town Peshawar,Baku,2026-03-12,Business,311775
TRP-4505533,Talha Khattak,"House 192, Street 16, University Town, Peshawar",Baku,2025-06-20,First,315757
TRP-4682104,Anas Khokhar,"House No. 142, Gali 33, D Ground, Faisalabad",Lahore,2025-06-13,Economy,36867
TRP-1762520,N.Butt,"House 31, Street 1, Gulgasht, Multan",Jeddah,2025-12-28,First,340420
TRP-9426180,Noman Butt,"House No. 31, Gali 1, Gulgasht, Multan",Istanbul,2025-03-03,First,458367
TRP-2637305,Noman بٹ,H#31 St-1 Gulgasht Multan,Dubai,2025-05-30,First,344082
TRP-2514140,S. Mughal,"House 105, Street 35, University Town, Peshawar",London,2026-05-09,First,784603
TRP-1728037,S.Mughal,H#105 St-35 UniversityTown Peshawar,Kuala Lumpur,2026-03-13,First,497414
TRP-6650536,Shoaib Mughal,"House 105, Street 35, University Town, Peshawar",Dubai,2024-11-09,First,316177
TRP-4639768,Malik Tariq Tarar,مکان 227 گلی 10 Shah Rukn-e-Alam Multan,Baku,2026-02-12,First,388758
TRP-7967793,Tariq Tarar,مکان 227 گلی 10 Shah Rukn-e-Alam Multan,Baku,2024-07-05,First,446010
TRP-6863188,Tariq Tarar,"House 227, Street 10, Shah Rukn-e-Alam, Multan",Baku,2024-01-21,First,389152
TRP-9820031,T. Tarar,"House No. 227, Gali 10, Shah Rukn-e-Alam, Multan",Istanbul,2024-04-18,First,464329
TRP-1060025,Noman Mehsud,"House 269, Street 22, North Nazimabad, Karachi",Istanbul,2024-07-03,Business,549107
TRP-8996592,N. Mehsud,مکان 269 گلی 22 North Nazimabad کراچی,Baku,2024-03-28,First,268275
TRP-2131522,Laiba Dar,"House 361, Street 5, Johar Town, Lahore",Karachi,2026-01-01,Economy,80195
TRP-2382510,G.Warraich,"House No. 367, Gali 19, Johar Town, Lahore",Jeddah,2025-05-26,Business,510480
TRP-5610696,Ghulam Warraich,مکان 367 گلی 19 Johar Town لاہور,Baku,2025-04-15,Business,432067
TRP-7575434,Ghulam Warraich,"House 367, Street 19, Johar Town, Lahore",Baku,2025-04-15,First,269028
TRP-1250984,G. Warraich,مکان 367 گلی 19 Johar Town لاہور,Baku,2025-11-20,First,380188
TRP-9434610,Uzma Orakzai,"House No. 366, Gali 2, E-11/2, Islamabad",Skardu,2026-01-01,Economy,84022
TRP-1302894,D.Raja,H#294 St-12 PeoplesColony Faisalabad,Karachi,2024-04-30,Economy,75615
TRP-7453730,Ali Baig,"House 40, Street 5, D Ground, Faisalabad",Skardu,2024-09-28,Economy,90907
TRP-5760085,Haji Arsalan Shirazi,H#294 St-18 UniversityTown Peshawar,Baku,2025-08-24,First,287895
TRP-1279393,A.Shirazi,"House 294, Street 18, University Town, Peshawar",Baku,2025-06-14,First,414713
TRP-8425277,Malik Arsalan Shirazi,"House No. 294, Gali 18, University Town, Peshawar",Dubai,2024-03-07,Business,515578
TRP-1293279,Arsalan Shirazi,مکان 294 گلی 18 University Town Peshawar,Kuala Lumpur,2025-03-27,Business,543903
TRP-6341363,Arsalan Shirazi,"House No. 294, Gali 18, University Town, Peshawar",Istanbul,2024-09-01,First,589528
TRP-5976987,Arsalan Shirazi,H#294 St-18 UniversityTown Peshawar,Kuala Lumpur,2026-01-21,First,518746
TRP-1209880,W.Afridi,H#35 St-25 PeoplesColony Faisalabad,Baku,2025-04-25,Business,390395
TRP-5558784,W. Afridi,"House No. 35, Gali 25, Peoples Colony, Faisalabad",Baku,2025-05-28,First,322537
TRP-1354764,W. Afridi,"House 35, Street 25, Peoples Colony, Faisalabad",Dubai,2025-09-07,First,372129
TRP-5044939,G.Tareen,"House 269, Street 30, North Nazimabad, Karachi",Istanbul,2026-04-17,First,383474
TRP-7723624,Gul Tareen,H#269 St-30 NorthNazimabad Karachi,Baku,2025-03-23,Business,331257
TRP-5601307,G. Tareen,H#269 St-30 NorthNazimabad Karachi,Istanbul,2026-04-14,Business,597537
TRP-9755757,Mian Gul Tareen,مکان 269 گلی 30 North Nazimabad کراچی,Baku,2026-02-17,Business,415738
TRP-2371571,Khalid Virk,مکان 13 گلی 21 Gulberg III لاہور,Kuala Lumpur,2024-03-03,Business,472391
TRP-9534705,R.Joiya,مکان 389 گلی 9 Gulbahar Peshawar,Lahore,2025-01-25,Economy,43555
TRP-4948109,S.Kayani,"House 239, Street 30, North Nazimabad, Karachi",Baku,2024-12-31,Business,304969
TRP-6682380,Sufyan Kayani,مکان 239 گلی 30 North Nazimabad کراچی,Baku,2025-10-19,First,367485
TRP-9325125,S.Kayani,"House 239, Street 30, North Nazimabad, Karachi",London,2025-01-29,First,969867
TRP-8299918,Owais Kazmi,"House No. 52, Gali 10, Satellite Town, Rawalpindi",Baku,2024-04-21,Business,272311
TRP-9211770,Malik Owais Kazmi,"House No. 52, Gali 10, Satellite Town, Rawalpindi",London,2025-07-02,First,811512
TRP-9331977,Owais Kazmi,"House No. 52, Gali 10, Satellite Town, Rawalpindi",Baku,2025-12-28,Business,288130
TRP-7151727,Chaudhary Owais Kazmi,"House 52, Street 10, Satellite Town, Rawalpindi",Baku,2025-08-22,First,414402
TRP-7968600,W.Warraich,"House 23, Street 20, Satellite Town, Rawalpindi",Jeddah,2024-09-26,Business,371435
TRP-1445672,Sardar Kamran Gondal,"House 345, Street 32, DHA Phase 6, Karachi",Kuala Lumpur,2026-03-16,Business,428021
TRP-2622328,Kamran Gondal,"House 345, Street 32, DHA Phase 6, Karachi",Dubai,2025-06-29,Business,491790
TRP-1599533,K.Gondal,H#345 St-32 DHAPhase6 Karachi,Istanbul,2025-08-04,First,483802
TRP-4439993,Kamran Gondal,"House 345, Street 32, DHA Phase 6, Karachi",Kuala Lumpur,2024-01-05,Business,641516
TRP-1422579,Rana Kamran Gondal,مکان 345 گلی 32 DHA Phase 6 کراچی,Baku,2025-05-06,Business,415573
TRP-9242560,N.Gilani,H#380 St-22 DGround Faisalabad,Jeddah,2024-06-23,Business,447760
TRP-6110474,Nadeem Gilani,"House No. 380, Gali 22, D Ground, Faisalabad",London,2025-02-27,First,1085182
TRP-5497370,N.Gilani,"House 380, Street 22, D Ground, Faisalabad",Jeddah,2024-07-29,First,484545
TRP-5318282,N. Gilani,مکان 380 گلی 22 D Ground Faisalabad,Baku,2024-05-30,Business,399373
TRP-4641790,Nadeem Gilani,"House 380, Street 22, D Ground, Faisalabad",Baku,2024-11-21,Business,387915
TRP-9032353,I.Kakar,مکان 12 گلی 28 Bahria Phase 4 راولپنڈی,Lahore,2024-02-22,Economy,58980
TRP-2792057,Bilal Bukhari,H#55 St-10 GulbergIII Lahore,London,2024-10-06,Business,894656
TRP-2567113,B. Bukhari,H#55 St-10 GulbergIII Lahore,Jeddah,2024-01-12,Business,429272
TRP-7416921,B. Bukhari,مکان 55 گلی 10 Gulberg III لاہور,Baku,2025-03-12,First,422006
TRP-1474092,B. Bukhari,مکان 55 گلی 10 Gulberg III لاہور,Jeddah,2024-01-01,First,519885
TRP-7505004,Hassan Cheema,H#158 St-16 DHAPhase5 Lahore,Karachi,2026-04-14,Economy,75756
TRP-1927835,Zubair Sandhu,"House 359, Street 23, Gulgasht, Multan",Skardu,2025-12-08,Economy,81242
TRP-5559564,Ehsan Wazir,مکان 232 گلی 23 Westridge راولپنڈی,London,2025-07-29,First,1140928
TRP-2127475,Malik Ehsan Wazir,مکان 232 گلی 23 Westridge راولپنڈی,Baku,2024-02-27,Business,411553
TRP-3325539,E.Wazir,مکان 232 گلی 23 Westridge راولپنڈی,Baku,2025-10-11,First,272129
TRP-5126714,Rana Ehsan Wazir,مکان 232 گلی 23 Westridge راولپنڈی,Jeddah,2024-10-10,First,495882
TRP-4392197,Rauf Tarar,"House No. 343, Gali 36, B-17, Islamabad",Jeddah,2025-12-13,Business,469375
TRP-1630903,Rauf Tarar,H#343 St-36 B-17 Islamabad,London,2024-11-13,Business,1179948
TRP-1556803,R. Tarar,"House No. 343, Gali 36, B-17, Islamabad",Baku,2024-11-11,Business,317807
TRP-7019734,Rauf Tarar,"House 343, Street 36, B-17, Islamabad",Jeddah,2026-04-24,Business,369586
TRP-8373744,Mansoor Baig,H#26 St-3 DHAPhase5 Lahore,Jeddah,2026-03-18,Business,435502
TRP-9788324,Mansoor Baig,مکان 26 گلی 3 DHA Phase 5 لاہور,Dubai,2025-08-23,First,349840
TRP-9884579,Mansoor Baig,"House No. 26, Gali 3, DHA Phase 5, Lahore",Jeddah,2025-11-07,Business,401246
TRP-8564772,M. Baig,H#26 St-3 DHAPhase5 Lahore,Jeddah,2024-12-20,Business,342800
TRP-3156774,Kashif Tarar,مکان 172 گلی 10 E-11/2 اسلام آباد,Dubai,2024-09-05,First,325344
TRP-7373548,K. Tarar,مکان 172 گلی 10 E-11/2 اسلام آباد,London,2025-03-25,Business,1045900
TRP-2724137,Chaudhary Kashif Tarar,"House No. 172, Gali 10, E-11/2, Islamabad",Dubai,2024-01-30,First,306650
TRP-2387903,K.Tarar,مکان 172 گلی 10 E-11/2 اسلام آباد,Istanbul,2024-12-14,Business,510680
TRP-2303332,Kashif Tarar,H#172 St-10 E-11/2 Islamabad,Baku,2025-05-11,First,367891
TRP-9520149,Malik Kashif Tarar,H#172 St-10 E-11/2 Islamabad,Kuala Lumpur,2025-10-02,First,409032
TRP-5538032,Noor Ansari,"House 395, Street 1, Clifton Block 2, Karachi",Karachi,2025-11-22,Economy,72126
TRP-5221294,M. Baig,"House 233, Street 38, Clifton Block 2, Karachi",Karachi,2025-05-08,Economy,56956
TRP-7929035,O. Bukhari,مکان 243 گلی 27 Cantt Multan,Karachi,2025-05-25,Economy,81528
TRP-9707343,T.Kayani,مکان 118 گلی 38 DHA Phase 5 لاہور,Dubai,2025-09-14,Business,464261
TRP-7060143,Taimoor Kayani,"House No. 118, Gali 38, DHA Phase 5, Lahore",Baku,2025-10-08,Business,366817
TRP-9822495,Taimoor Kayani,"House No. 118, Gali 38, DHA Phase 5, Lahore",Jeddah,2024-01-07,First,518833
TRP-2340586,Muhammad Janjua,"House 92, Street 8, I-8/4, Islamabad",Karachi,2024-06-18,Economy,58498
TRP-1841897,Haji Umar Rizvi,"House 318, Street 6, DHA Phase 5, Lahore",Karachi,2026-04-06,Economy,87259
TRP-6762027,Z. Cheema,مکان 162 گلی 30 Clifton Block 2 کراچی,London,2025-03-12,Business,846737
TRP-5553585,M.Awan,"House No. 284, Gali 36, North Nazimabad, Karachi",Lahore,2026-03-29,Economy,43863
TRP-1831035,M. Sial,H#55 St-4 DHAPhase5 Lahore,Lahore,2025-01-29,Economy,46888
TRP-9472455,Madiha Zaidi,"House 280, Street 20, D Ground, Faisalabad",Karachi,2024-02-28,Economy,64025
TRP-3185175,Owais Tarar,"House No. 171, Gali 18, B-17, Islamabad",Lahore,2024-12-29,Economy,50898
TRP-1952553,T.Cheema,H#333 St-37 BahriaPhase4 Rawalpindi,Istanbul,2025-03-24,Business,351676
TRP-8806303,Tariq Cheema,مکان 333 گلی 37 Bahria Phase 4 راولپنڈی,Istanbul,2025-07-16,First,539102
TRP-5778821,T.Cheema,H#333 St-37 BahriaPhase4 Rawalpindi,London,2024-06-16,First,1179527
TRP-5550604,T. Cheema,مکان 333 گلی 37 Bahria Phase 4 راولپنڈی,Istanbul,2024-06-17,Business,555237
TRP-4156868,Tariq Cheema,"House No. 333, Gali 37, Bahria Phase 4, Rawalpindi",Dubai,2024-01-02,Business,442734
TRP-3732121,Tariq Cheema,مکان 333 گلی 37 Bahria Phase 4 راولپنڈی,Dubai,2024-07-12,First,477981
TRP-1585204,Hafsa Kazmi,"House 3, Street 34, Westridge, Rawalpindi",Dubai,2026-01-15,First,386441
TRP-5978177,Hafsa Kazmi,"House 3, Street 34, Westridge, Rawalpindi",Baku,2026-03-15,First,262316
TRP-9280803,Hafsa Kazmi,"House 3, Street 34, Westridge, Rawalpindi",Dubai,2024-04-29,First,446546
TRP-2105458,Rauf Dar,مکان 199 گلی 13 D Ground Faisalabad,London,2024-05-25,Business,906945
TRP-9447036,R. Dar,"House No. 199, Gali 13, D Ground, Faisalabad",Dubai,2026-01-30,First,450052
TRP-5788682,Rauf Dar,مکان 199 گلی 13 D Ground Faisalabad,Dubai,2026-02-25,First,350854
TRP-5543191,Malik Obaid Bukhari,H#128 St-40 GulbergIII Lahore,Baku,2026-01-18,First,273627
TRP-8881708,Sardar Obaid Bukhari,H#128 St-40 GulbergIII Lahore,Istanbul,2024-08-22,Business,417511
TRP-2189719,Obaid Bukhari,H#128 St-40 GulbergIII Lahore,Istanbul,2025-10-14,First,555780
TRP-5693714,Obaid Bukhari,"House No. 128, Gali 40, Gulberg III, Lahore",Dubai,2024-01-29,Business,335514
TRP-5398261,Obaid Bukhari,H#128 St-40 GulbergIII Lahore,Kuala Lumpur,2025-10-20,Business,385048
TRP-9699199,O.Bukhari,H#128 St-40 GulbergIII Lahore,Istanbul,2025-06-22,First,420125
TRP-8094577,Danish Janjua,"House No. 375, Gali 5, Cantt, Multan",Karachi,2026-04-08,Economy,79851
TRP-7745307,M.Khattak,مکان 357 گلی 1 Satellite Town راولپنڈی,Istanbul,2025-02-09,First,526592
TRP-4814513,Muhammad Khattak,H#357 St-1 SatelliteTown Rawalpindi,Baku,2024-03-19,First,383798
TRP-9096465,Tooba Abbasi,مکان 181 گلی 13 Westridge راولپنڈی,Dubai,2024-06-24,First,399075
TRP-4913997,Tooba Abbasi,"House 181, Street 13, Westridge, Rawalpindi",Baku,2024-06-03,Business,256543
TRP-4103976,Tooba Abbasi,"House No. 181, Gali 13, Westridge, Rawalpindi",Istanbul,2024-06-09,First,509216
TRP-2442303,M. Sial,"House No. 32, Gali 4, DHA Phase 6, Karachi",Dubai,2024-03-06,Business,422773
TRP-9878512,R.Mirza,"House 219, Street 1, Johar Town, Lahore",London,2024-03-22,First,997190
TRP-2840191,Chaudhary Rashid Mirza,H#219 St-1 JoharTown Lahore,London,2025-04-20,First,1121281
TRP-2359129,Rashid Mirza,H#219 St-1 JoharTown Lahore,Jeddah,2024-08-06,First,364663
TRP-8542373,U. Gondal,مکان 353 گلی 18 DHA Phase 6 کراچی,Jeddah,2024-06-13,First,513154
TRP-3545973,U. Gondal,H#353 St-18 DHAPhase6 Karachi,Kuala Lumpur,2024-07-16,First,655743
TRP-7674099,Malik Sajid Durrani,H#131 St-7 WapdaTown Lahore,Jeddah,2024-09-25,First,471668
TRP-4369924,S. Durrani,"House No. 131, Gali 7, Wapda Town, Lahore",Dubai,2026-01-20,Business,358562
TRP-7400971,R.Qureshi,H#130 St-16 ChaklalaScheme3 Rawalpindi,Dubai,2026-03-18,Business,414264
TRP-4854653,Chaudhary Rabia Qureshi,H#130 St-16 ChaklalaScheme3 Rawalpindi,Kuala Lumpur,2024-10-31,First,622374
TRP-1846880,Rabia قریشی,مکان 130 گلی 16 Chaklala Scheme 3 راولپنڈی,Baku,2025-11-27,Business,311821
TRP-8941925,Haji Rabia Qureshi,"House No. 130, Gali 16, Chaklala Scheme 3, Rawalpindi",London,2026-02-07,First,977210
TRP-6821042,A.Lodhi,"House 357, Street 23, E-11/2, Islamabad",Jeddah,2024-10-18,Business,532456
TRP-4015395,Amna Lodhi,"House No. 357, Gali 23, E-11/2, Islamabad",Dubai,2025-12-13,First,472245
TRP-9643200,A. Lodhi,مکان 357 گلی 23 E-11/2 اسلام آباد,Istanbul,2025-09-22,Business,412986
TRP-4951605,T. Sial,H#143 St-21 Westridge Rawalpindi,Lahore,2024-01-09,Economy,44420
TRP-4076348,D.Saddozai,"House No. 58, Gali 36, Gulgasht, Multan",Istanbul,2024-03-27,First,591158
TRP-6314222,D. Saddozai,"House 58, Street 36, Gulgasht, Multan",Dubai,2024-02-16,Business,511243
TRP-5644027,Danish Saddozai,H#58 St-36 Gulgasht Multan,Istanbul,2025-02-26,First,448712
TRP-7946710,Haji Danish Saddozai,مکان 58 گلی 36 Gulgasht Multan,Istanbul,2024-07-22,Business,519507
TRP-3708660,D.Awan,مکان 261 گلی 39 Satellite Town راولپنڈی,Baku,2026-05-16,First,295185
TRP-1344644,D.Awan,"House No. 261, Gali 39, Satellite Town, Rawalpindi",Baku,2025-08-09,First,381426
TRP-9099124,D.Awan,"House No. 261, Gali 39, Satellite Town, Rawalpindi",Dubai,2026-01-15,First,447074
TRP-2897472,D. Awan,"House No. 261, Gali 39, Satellite Town, Rawalpindi",Jeddah,2024-05-03,Business,552480
TRP-5409188,Hina Rizvi,"House No. 134, Gali 22, I-8/4, Islamabad",Baku,2024-02-12,First,368549
TRP-1419278,H.Rizvi,H#134 St-22 I-8/4 Islamabad,London,2024-09-09,Business,957148
TRP-3637324,N. Gondal,H#46 St-34 Gulgasht Multan,Istanbul,2025-10-04,First,460059
TRP-4107483,F.Orakzai,"House No. 16, Gali 6, B-17, Islamabad",London,2025-10-04,Business,808626
TRP-3677292,F.Orakzai,"House 16, Street 6, B-17, Islamabad",Baku,2026-04-04,Business,329991
TRP-4320237,Haji Ayesha Khattak,"House 134, Street 11, Gulberg III, Lahore",Baku,2024-02-12,Business,408373
TRP-2579706,A.Khattak,"House 134, Street 11, Gulberg III, Lahore",Dubai,2025-04-07,First,320270
TRP-9549397,A.Khattak,"House 134, Street 11, Gulberg III, Lahore",Baku,2025-10-19,First,362614
TRP-4409913,Ayesha Khattak,"House No. 134, Gali 11, Gulberg III, Lahore",Jeddah,2025-11-05,First,523658
TRP-1831431,Haji Ayesha Khattak,"House No. 134, Gali 11, Gulberg III, Lahore",Dubai,2025-05-14,First,341656
TRP-4961048,Ayesha Khattak,"House 134, Street 11, Gulberg III, Lahore",Istanbul,2026-05-02,First,537436
TRP-5741415,Irfan Hashmi,مکان 78 گلی 12 Peoples Colony Faisalabad,Lahore,2025-12-18,Economy,49353
TRP-4325254,Salman Sandhu,مکان 141 گلی 34 Gulgasht Multan,Karachi,2025-10-17,Economy,72761
TRP-2332415,Rida بٹ,"House 21, Street 31, D Ground, Faisalabad",Istanbul,2025-03-20,Business,364279
TRP-8534012,H.Warraich,مکان 64 گلی 36 Wapda Town لاہور,Dubai,2025-07-14,Business,351649
TRP-7041752,Hamza Warraich,H#64 St-36 WapdaTown Lahore,Istanbul,2024-12-30,Business,386097
TRP-3336203,H. Warraich,"House No. 64, Gali 36, Wapda Town, Lahore",Istanbul,2024-03-22,First,351464
TRP-2043133,Hamza Warraich,مکان 64 گلی 36 Wapda Town لاہور,Kuala Lumpur,2025-04-19,First,400865
TRP-1695703,Sadia Rajput,مکان 265 گلی 13 DHA Phase 6 کراچی,Lahore,2026-04-10,Economy,59238
TRP-9421012,Y. Abbasi,"House 73, Street 26, Cantt, Multan",Istanbul,2025-12-05,First,365184
TRP-3280420,Y. Abbasi,"House 73, Street 26, Cantt, Multan",Jeddah,2025-02-14,Business,549871
TRP-1985271,Y.Abbasi,"House 73, Street 26, Cantt, Multan",Baku,2024-12-21,Business,270233
TRP-8166944,Jawad Tareen,"House No. 96, Gali 26, DHA Phase 5, Lahore",Istanbul,2024-07-30,First,540962
TRP-6039942,Jawad Tareen,"House No. 96, Gali 26, DHA Phase 5, Lahore",London,2024-10-20,Business,1332784
TRP-5853397,Jawad Tareen,"House 96, Street 26, DHA Phase 5, Lahore",Kuala Lumpur,2024-06-05,First,609431
TRP-5811859,Sardar Rida Malik,مکان 241 گلی 25 Cantt Multan,Kuala Lumpur,2024-06-16,First,537111
TRP-3593700,Babar Durrani,"House 313, Street 4, Westridge, Rawalpindi",Istanbul,2026-05-14,First,497576
TRP-2055299,Babar Durrani,H#313 St-4 Westridge Rawalpindi,Baku,2026-02-11,Business,269443
TRP-3764432,B.Durrani,"House No. 313, Gali 4, Westridge, Rawalpindi",Istanbul,2025-06-15,First,519912
TRP-8020718,Chaudhary Babar Durrani,مکان 313 گلی 4 Westridge راولپنڈی,Jeddah,2024-03-22,First,347116
TRP-9511298,Babar Durrani,مکان 313 گلی 4 Westridge راولپنڈی,Dubai,2024-11-09,First,504004
TRP-2711540,Mansoor Durrani,H#53 St-6 BahriaPhase4 Rawalpindi,Istanbul,2025-11-11,Business,462620
TRP-4448861,Mansoor Durrani,مکان 53 گلی 6 Bahria Phase 4 راولپنڈی,Baku,2025-02-13,Business,275163
TRP-9353686,M. Durrani,"House 53, Street 6, Bahria Phase 4, Rawalpindi",London,2025-07-08,First,961789
TRP-6606192,Mian Mansoor Durrani,مکان 53 گلی 6 Bahria Phase 4 راولپنڈی,Kuala Lumpur,2026-02-27,First,487879
TRP-4677297,Luqman قریشی,H#399 St-36 NorthNazimabad Karachi,Lahore,2025-06-15,Economy,44908
TRP-8682800,H.Bukhari,"House 399, Street 27, I-8/4, Islamabad",London,2024-04-03,First,1124255
TRP-5088103,Sardar Hassan Bukhari,H#399 St-27 I-8/4 Islamabad,Istanbul,2026-03-01,Business,468552
TRP-5331542,Ehsan ملک,مکان 388 گلی 27 Peoples Colony Faisalabad,Kuala Lumpur,2024-03-06,First,607174
TRP-1532099,E.Malik,"House No. 388, Gali 27, Peoples Colony, Faisalabad",Dubai,2025-11-24,First,515374
TRP-6927917,Syed Ehsan Malik,"House 388, Street 27, Peoples Colony, Faisalabad",Kuala Lumpur,2025-01-03,First,562398
TRP-2387015,S. Naqvi,H#383 St-3 MadinaTown Faisalabad,Baku,2025-05-19,Business,263742
TRP-9213888,S. Naqvi,مکان 383 گلی 3 Madina Town Faisalabad,London,2026-03-14,First,1136642
TRP-7514809,G. Sheikh,"House 261, Street 36, University Town, Peshawar",Baku,2026-01-09,Business,270218
TRP-7200584,Haji Ghulam Sheikh,"House 261, Street 36, University Town, Peshawar",Kuala Lumpur,2024-11-14,Business,526862
TRP-5974389,Ghulam شیخ,مکان 261 گلی 36 University Town Peshawar,Istanbul,2025-01-13,Business,400239
TRP-9852910,N.Khattak,H#269 St-17 BahriaPhase4 Rawalpindi,Karachi,2025-05-06,Economy,69114
TRP-1646144,H.Joiya,مکان 176 گلی 20 Hayatabad Phase 3 Peshawar,Baku,2025-03-14,First,430488
TRP-4211833,H.Joiya,مکان 176 گلی 20 Hayatabad Phase 3 Peshawar,Baku,2025-07-11,First,342995
TRP-8655267,Hina Joiya,H#176 St-20 HayatabadPhase3 Peshawar,Kuala Lumpur,2024-07-08,Business,560010
TRP-4890933,H. Joiya,مکان 176 گلی 20 Hayatabad Phase 3 Peshawar,London,2025-04-29,Business,859561
TRP-1398176,Danish Khattak,"House 371, Street 8, Wapda Town, Lahore",Baku,2025-01-13,First,277949
TRP-1118011,D.Khattak,H#371 St-8 WapdaTown Lahore,Baku,2025-07-05,First,318447
TRP-1793261,Danish Khattak,H#371 St-8 WapdaTown Lahore,London,2025-03-22,First,1147776
TRP-2559367,D.Khattak,"House No. 371, Gali 8, Wapda Town, Lahore",Jeddah,2024-01-17,First,500405
TRP-9462765,عائشہ Sandhu,"House No. 363, Gali 5, D Ground, Faisalabad",Kuala Lumpur,2024-05-15,First,498971
TRP-8591295,A. Sandhu,"House No. 363, Gali 5, D Ground, Faisalabad",London,2024-09-28,First,1000888
TRP-2587189,Sardar Ayesha Sandhu,H#363 St-5 DGround Faisalabad,Kuala Lumpur,2024-11-17,First,472658
TRP-6383390,Rana Ayesha Sandhu,H#363 St-5 DGround Faisalabad,Istanbul,2026-03-21,First,593885
TRP-4351078,عائشہ Sandhu,مکان 363 گلی 5 D Ground Faisalabad,London,2025-05-05,First,1090088
TRP-1476765,عائشہ Sandhu,"House 363, Street 5, D Ground, Faisalabad",Istanbul,2024-12-29,First,486211
TRP-4409312,Sardar Khadija Mughal,H#393 St-40 NorthNazimabad Karachi,Dubai,2025-04-01,First,388833
TRP-6829331,K.Mughal,"House No. 393, Gali 40, North Nazimabad, Karachi",Kuala Lumpur,2024-09-03,Business,620722
TRP-4978195,Mian Khadija Mughal,مکان 393 گلی 40 North Nazimabad کراچی,Kuala Lumpur,2026-01-26,Business,563819
TRP-8610111,Khadija Mughal,مکان 393 گلی 40 North Nazimabad کراچی,Baku,2024-09-01,Business,307939
TRP-3201127,Khadija Mughal,"House No. 393, Gali 40, North Nazimabad, Karachi",Istanbul,2024-06-23,First,500321
TRP-8621624,K.Mughal,"House No. 393, Gali 40, North Nazimabad, Karachi",London,2025-11-17,First,1122102
TRP-7812866,Zubair Kakar,مکان 207 گلی 37 Westridge راولپنڈی,Jeddah,2024-05-09,Business,480946
TRP-4923816,Zubair Kakar,H#207 St-37 Westridge Rawalpindi,Istanbul,2024-08-14,First,464921
TRP-6083161,S. Shirazi,"House 344, Street 39, Chaklala Scheme 3, Rawalpindi",Baku,2025-12-27,First,427845
TRP-8301221,S.Shirazi,"House No. 344, Gali 39, Chaklala Scheme 3, Rawalpindi",Baku,2025-10-29,First,342504
TRP-2405992,Haji Farhan Tarar,H#111 St-1 Cantt Multan,Jeddah,2024-08-01,Business,568825
TRP-3106109,Farhan Tarar,مکان 111 گلی 1 Cantt Multan,Jeddah,2024-07-23,Business,551192
TRP-7274824,F. Tarar,"House No. 111, Gali 1, Cantt, Multan",Kuala Lumpur,2024-04-17,Business,451418
TRP-5341866,Mian Farhan Tarar,"House No. 111, Gali 1, Cantt, Multan",Jeddah,2024-02-27,Business,388027
TRP-4429700,Farhan Tarar,مکان 111 گلی 1 Cantt Multan,Istanbul,2025-10-29,Business,595298
TRP-7780402,Rana Umar Naqvi,"House 173, Street 8, Wapda Town, Lahore",Jeddah,2024-03-22,Business,420203
TRP-3341544,Umar Naqvi,H#173 St-8 WapdaTown Lahore,Baku,2025-03-28,Business,393380
TRP-7822937,Mehwish Cheema,مکان 25 گلی 5 Hayatabad Phase 3 Peshawar,London,2026-02-24,First,962181
TRP-4366205,Haji Mehwish Cheema,مکان 25 گلی 5 Hayatabad Phase 3 Peshawar,Dubai,2026-01-04,Business,437712
TRP-3109414,S.Shirazi,مکان 165 گلی 4 B-17 اسلام آباد,Baku,2024-01-01,Business,344298
TRP-5989755,Saba Shirazi,"House No. 165, Gali 4, B-17, Islamabad",Kuala Lumpur,2025-01-13,Business,670823
TRP-1246239,S.Shirazi,مکان 165 گلی 4 B-17 اسلام آباد,Dubai,2024-03-29,Business,423535
TRP-7241004,S.Khattak,"House No. 26, Gali 24, DHA Phase 6, Karachi",Karachi,2024-04-24,Economy,74866
TRP-4619692,S.Shirazi,مکان 84 گلی 4 Model Town لاہور,Kuala Lumpur,2025-01-25,First,446964
TRP-7624339,S. Shirazi,مکان 84 گلی 4 Model Town لاہور,Baku,2024-07-18,First,443046
TRP-3373569,Chaudhary Sufyan Shirazi,"House 84, Street 4, Model Town, Lahore",Baku,2025-06-22,Business,325369
TRP-9073425,Farhan Malik,"House No. 382, Gali 32, Peoples Colony, Faisalabad",Kuala Lumpur,2025-05-03,Business,535996
TRP-3052947,A.Khokhar,"House 238, Street 1, Peoples Colony, Faisalabad",Kuala Lumpur,2024-07-17,First,625299
TRP-9209630,Asad Khokhar,"House No. 238, Gali 1, Peoples Colony, Faisalabad",Istanbul,2026-02-19,First,520914
TRP-3791335,Asad Khokhar,مکان 238 گلی 1 Peoples Colony Faisalabad,London,2024-12-16,Business,826573
TRP-4799787,Asad Khokhar,H#238 St-1 PeoplesColony Faisalabad,Kuala Lumpur,2024-07-26,First,412182
TRP-7550557,Malik Fahad Gondal,"House 122, Street 33, University Town, Peshawar",London,2025-12-07,Business,1019760
TRP-3685199,Malik Fahad Gondal,"House No. 122, Gali 33, University Town, Peshawar",Jeddah,2024-07-28,First,428606
TRP-5251480,Fahad Gondal,"House 122, Street 33, University Town, Peshawar",Jeddah,2025-02-16,First,497419
TRP-2283029,Sardar Fahad Gondal,"House No. 122, Gali 33, University Town, Peshawar",Baku,2026-02-25,Business,321600
TRP-3765100,Khalid Siddiqui,H#230 St-5 BahriaPhase4 Rawalpindi,Baku,2024-04-14,First,362142
TRP-6397057,Rana Khalid Siddiqui,H#230 St-5 BahriaPhase4 Rawalpindi,Jeddah,2025-05-04,Business,366399
TRP-6681430,Haji Farah Kazmi,"House 39, Street 1, Bahria Phase 4, Rawalpindi",Jeddah,2025-10-07,First,548010
TRP-8592683,F.Kazmi,"House No. 39, Gali 1, Bahria Phase 4, Rawalpindi",Istanbul,2024-05-21,First,484230
TRP-4517081,S.Gondal,"House 119, Street 35, University Town, Peshawar",Jeddah,2024-05-11,First,520574
TRP-6246561,Sardar Sufyan Gondal,H#119 St-35 UniversityTown Peshawar,Kuala Lumpur,2024-12-25,Business,672384
TRP-3415307,Sufyan Gondal,"House No. 119, Gali 35, University Town, Peshawar",Dubai,2024-10-16,Business,317662
TRP-4446349,O.Malik,H#294 St-29 JoharTown Lahore,Jeddah,2024-07-03,First,340653
TRP-5675900,O.Malik,مکان 294 گلی 29 Johar Town لاہور,Kuala Lumpur,2024-01-11,First,556693
TRP-5015326,O.Malik,"House 294, Street 29, Johar Town, Lahore",Jeddah,2025-12-08,Business,348374
TRP-6323627,O. Malik,"House No. 294, Gali 29, Johar Town, Lahore",London,2024-04-27,Business,1022144
TRP-1443623,O.Malik,H#294 St-29 JoharTown Lahore,Dubai,2025-07-28,Business,471709
TRP-6473865,K.Rizvi,مکان 338 گلی 11 Satellite Town راولپنڈی,Kuala Lumpur,2026-01-23,Business,407150
TRP-5219539,K.Rizvi,"House No. 338, Gali 11, Satellite Town, Rawalpindi",Istanbul,2026-05-28,First,497687
TRP-7703957,Khalid Rizvi,"House No. 338, Gali 11, Satellite Town, Rawalpindi",Baku,2025-05-05,First,302164
TRP-7867975,K. Rizvi,"House No. 338, Gali 11, Satellite Town, Rawalpindi",Baku,2024-02-20,Business,403881
TRP-5696621,Chaudhary Khalid Rizvi,"House 338, Street 11, Satellite Town, Rawalpindi",Kuala Lumpur,2025-05-31,First,621168
TRP-2128445,K. Rizvi,"House No. 338, Gali 11, Satellite Town, Rawalpindi",Kuala Lumpur,2024-09-07,Business,408118
TRP-6979519,R.Chaudhry,"House 395, Street 12, D Ground, Faisalabad",Dubai,2024-04-16,Business,466447
TRP-5280780,R.Chaudhry,مکان 395 گلی 12 D Ground Faisalabad,Kuala Lumpur,2025-06-05,First,484970
TRP-3097542,I. Butt,"House No. 274, Gali 18, D Ground, Faisalabad",Karachi,2025-03-24,Economy,68856
TRP-2595424,Haji Shahzad Butt,"House No. 18, Gali 39, University Town, Peshawar",Baku,2025-02-04,Business,305269
TRP-7584487,S.Butt,"House 18, Street 39, University Town, Peshawar",London,2024-11-17,Business,875166
TRP-3851881,Shahzad Butt,H#18 St-39 UniversityTown Peshawar,Kuala Lumpur,2024-08-13,Business,387133
TRP-9995572,Shahzad بٹ,مکان 18 گلی 39 University Town Peshawar,Kuala Lumpur,2024-12-04,First,473357
TRP-5422076,S. Butt,"House 18, Street 39, University Town, Peshawar",London,2025-10-22,Business,1063263
TRP-4840190,Ayesha Mirza,مکان 153 گلی 39 Cantt Multan,Kuala Lumpur,2025-10-14,Business,566891
TRP-6605192,A.Mirza,"House 153, Street 39, Cantt, Multan",Dubai,2024-09-21,Business,519956
TRP-4557682,عائشہ Mirza,"House No. 153, Gali 39, Cantt, Multan",Dubai,2025-08-31,Business,418306
TRP-9014393,Ayesha Mirza,H#153 St-39 Cantt Multan,Jeddah,2026-02-08,First,396860
TRP-2951777,Rana Ayesha Mirza,H#153 St-39 Cantt Multan,Kuala Lumpur,2025-10-25,First,528429
TRP-6932177,عائشہ Mirza,مکان 153 گلی 39 Cantt Multan,London,2025-05-04,First,871820
TRP-2122285,M. Chaudhry,H#340 St-30 Gulgasht Multan,Karachi,2025-01-16,Economy,88797
TRP-5499661,U.Rizvi,"House 1, Street 26, Wapda Town, Lahore",Kuala Lumpur,2025-01-31,First,412836
TRP-1680687,U.Rizvi,"House No. 1, Gali 26, Wapda Town, Lahore",Dubai,2024-03-19,Business,471679
TRP-2739600,Uzma Rizvi,H#1 St-26 WapdaTown Lahore,Jeddah,2025-08-17,First,466950
TRP-9213097,Uzma Rizvi,مکان 1 گلی 26 Wapda Town لاہور,Jeddah,2024-07-20,First,376617
TRP-7178917,U. Rizvi,H#1 St-26 WapdaTown Lahore,Baku,2024-02-02,Business,396736
TRP-7445470,B. Sandhu,H#196 St-40 UniversityTown Peshawar,Dubai,2024-01-06,Business,400303
TRP-9573640,B.Sandhu,"House 196, Street 40, University Town, Peshawar",Baku,2024-02-14,Business,364170
TRP-3685447,Bushra Sandhu,"House No. 196, Gali 40, University Town, Peshawar",Baku,2026-03-12,Business,367816
TRP-1796901,B.Sandhu,H#196 St-40 UniversityTown Peshawar,Kuala Lumpur,2026-01-13,First,525587
TRP-3977009,B. Sandhu,H#196 St-40 UniversityTown Peshawar,London,2025-10-17,First,833663
TRP-7960908,Bushra Sandhu,H#196 St-40 UniversityTown Peshawar,London,2026-03-12,Business,1275933
TRP-7447539,H. Awan,مکان 151 گلی 12 Wapda Town لاہور,Baku,2025-03-28,Business,312512
TRP-8831279,H.Awan,H#151 St-12 WapdaTown Lahore,Istanbul,2024-03-30,Business,541007
TRP-3493416,M. Gondal,مکان 280 گلی 37 Hayatabad Phase 3 Peshawar,Lahore,2024-04-06,Economy,58943
TRP-1155442,Haji Nasir Bukhari,"House 176, Street 34, Bahria Phase 4, Rawalpindi",Karachi,2024-08-13,Economy,81821
TRP-4005154,Atif Malik,"House 388, Street 32, Madina Town, Faisalabad",Skardu,2024-08-18,Economy,113260
TRP-2573081,K. Janjua,"House 45, Street 24, DHA Phase 5, Lahore",Lahore,2024-10-25,Economy,45414
TRP-2691686,Y. Durrani,H#50 St-16 Gulbahar Peshawar,Skardu,2025-03-15,Economy,79747
TRP-4950060,Sardar Adnan Orakzai,مکان 56 گلی 19 Gulbahar Peshawar,Dubai,2024-12-08,Business,420087
TRP-4694990,A.Orakzai,مکان 56 گلی 19 Gulbahar Peshawar,Istanbul,2024-05-30,Business,406016
TRP-3962194,A.Orakzai,"House 56, Street 19, Gulbahar, Peshawar",Dubai,2024-08-16,Business,485606
TRP-8651247,A.Orakzai,"House No. 56, Gali 19, Gulbahar, Peshawar",Jeddah,2024-02-15,Business,540234
TRP-6876493,Q. Tarar,مکان 396 گلی 38 I-8/4 اسلام آباد,London,2024-01-01,First,915999
TRP-6667647,Q. Tarar,H#396 St-38 I-8/4 Islamabad,Jeddah,2024-12-20,First,529927
TRP-4435954,Qasim Tarar,"House 396, Street 38, I-8/4, Islamabad",Baku,2026-04-21,First,370094
TRP-2427466,J. Awan,"House No. 262, Gali 22, Gulshan-e-Iqbal, Karachi",Istanbul,2024-12-25,Business,350130
TRP-6996484,J. Awan,H#262 St-22 Gulshan-e-Iqbal Karachi,Jeddah,2026-05-28,First,566343
TRP-8055728,Sardar Junaid Awan,مکان 262 گلی 22 Gulshan-e-Iqbal کراچی,Baku,2024-05-30,First,409844
TRP-6943075,J.Awan,H#262 St-22 Gulshan-e-Iqbal Karachi,London,2025-02-10,First,1079709
TRP-7121822,S. Dar,"House 218, Street 36, Gulgasht, Multan",Karachi,2024-12-19,Economy,54341
TRP-3881992,N.Mirza,مکان 77 گلی 1 Shah Rukn-e-Alam Multan,Dubai,2024-04-19,Business,413396
TRP-3405311,Noor Mirza,H#77 St-1 ShahRukn-e-Alam Multan,Baku,2025-11-27,First,362874
TRP-5547397,Uzma Khan,"House 320, Street 6, Shah Rukn-e-Alam, Multan",Dubai,2025-09-25,Business,371825
TRP-9729489,U. Khan,"House 320, Street 6, Shah Rukn-e-Alam, Multan",Baku,2024-06-24,First,372331
TRP-4322938,Uzma خان,مکان 320 گلی 6 Shah Rukn-e-Alam Multan,London,2025-05-08,Business,1105301
TRP-1422907,N.Naqvi,H#341 St-30 Cantt Multan,Baku,2024-07-03,Business,355096
TRP-1764359,Ibrahim Zaidi,مکان 248 گلی 9 Shah Rukn-e-Alam Multan,Skardu,2024-03-02,Economy,109857
TRP-2649828,فاطمہ Kakar,"House 380, Street 30, Gulbahar, Peshawar",Karachi,2024-01-15,Economy,84507
TRP-7431058,S. Ansari,"House 62, Street 31, Shah Rukn-e-Alam, Multan",Karachi,2025-10-09,Economy,74384
TRP-2316385,Madiha Durrani,H#15 St-21 BahriaPhase4 Rawalpindi,Karachi,2025-03-13,Economy,76391
TRP-6243127,Rehan Saddozai,"House 52, Street 28, DHA Phase 6, Karachi",Skardu,2026-04-11,Economy,115759
TRP-6405948,A. Mughal,مکان 360 گلی 16 Gulberg III لاہور,Dubai,2024-04-11,Business,304785
TRP-2294494,A. Cheema,H#296 St-32 GulbergIII Lahore,Kuala Lumpur,2026-02-01,First,517954
TRP-4508146,Mian Amna Cheema,"House 296, Street 32, Gulberg III, Lahore",London,2025-03-06,Business,1024368
TRP-3436508,A.Cheema,"House No. 296, Gali 32, Gulberg III, Lahore",Jeddah,2024-10-21,First,569992
TRP-9233701,Amna Cheema,H#296 St-32 GulbergIII Lahore,London,2024-06-26,Business,1166456
TRP-2785185,Muhammad Ansari,"House No. 226, Gali 5, Peoples Colony, Faisalabad",London,2025-09-01,Business,1234349
TRP-5508212,M.Ansari,مکان 226 گلی 5 Peoples Colony Faisalabad,Dubai,2025-09-29,Business,337166
TRP-7887210,M.Ansari,"House 226, Street 5, Peoples Colony, Faisalabad",London,2025-01-14,Business,1321608
TRP-2815916,Muhammad Ansari,"House No. 226, Gali 5, Peoples Colony, Faisalabad",Jeddah,2024-04-27,First,345946
TRP-7126472,N. Tareen,"House 311, Street 30, Madina Town, Faisalabad",Baku,2025-08-15,Business,255100
TRP-7334857,N.Tareen,"House No. 311, Gali 30, Madina Town, Faisalabad",Jeddah,2024-04-18,First,500070
TRP-3963808,N.Tareen,مکان 311 گلی 30 Madina Town Faisalabad,Baku,2025-08-05,Business,309104
TRP-7066706,Noman Orakzai,"House No. 361, Gali 24, Gulgasht, Multan",Kuala Lumpur,2024-03-27,Business,395455
TRP-9255743,Mian Noman Orakzai,H#361 St-24 Gulgasht Multan,Jeddah,2025-07-04,First,493533
TRP-9473286,N. Orakzai,مکان 361 گلی 24 Gulgasht Multan,Kuala Lumpur,2024-06-08,Business,551169
TRP-1321172,Noman Orakzai,H#361 St-24 Gulgasht Multan,Kuala Lumpur,2025-03-27,Business,531052
TRP-1400067,U. Baig,H#155 St-16 I-8/4 Islamabad,Baku,2025-08-02,First,384462
TRP-3255382,عثمان Baig,"House No. 155, Gali 16, I-8/4, Islamabad",Baku,2025-09-19,Business,288188
TRP-4556206,Rana Bushra Malik,"House 102, Street 31, I-8/4, Islamabad",Dubai,2024-10-13,First,499243
TRP-3104865,Haji Bushra Malik,"House No. 102, Gali 31, I-8/4, Islamabad",Baku,2026-02-03,First,305544
TRP-8299084,Bushra Malik,مکان 102 گلی 31 I-8/4 اسلام آباد,Kuala Lumpur,2024-07-10,First,570480
TRP-8142831,Malik Bushra Malik,"House No. 102, Gali 31, I-8/4, Islamabad",Istanbul,2025-02-01,Business,347992
TRP-3644633,Chaudhary Bushra Malik,"House 102, Street 31, I-8/4, Islamabad",Jeddah,2024-09-28,Business,385087
TRP-8213895,Bushra ملک,مکان 102 گلی 31 I-8/4 اسلام آباد,Jeddah,2026-02-17,First,328095
TRP-6033940,A.Zaidi,"House 321, Street 34, Shah Rukn-e-Alam, Multan",Jeddah,2024-05-01,Business,422172
TRP-3627974,A.Zaidi,مکان 321 گلی 34 Shah Rukn-e-Alam Multan,Istanbul,2024-10-10,Business,547690
TRP-4328987,علی Zaidi,مکان 321 گلی 34 Shah Rukn-e-Alam Multan,Istanbul,2024-08-18,Business,496617
TRP-5356287,Iqra Mirza,مکان 9 گلی 38 DHA Phase 6 کراچی,Lahore,2024-11-08,Economy,39389
TRP-6604697,Zara خان,"House No. 367, Gali 37, Hayatabad Phase 3, Peshawar",London,2025-12-10,First,1256847
TRP-5022940,Zara Khan,H#367 St-37 HayatabadPhase3 Peshawar,Istanbul,2025-05-14,First,597244
TRP-6367207,Luqman Niazi,H#109 St-2 HayatabadPhase3 Peshawar,Karachi,2025-12-05,Economy,80909
TRP-5474662,Sufyan Durrani,"House 221, Street 28, Cantt, Multan",Lahore,2025-03-23,Economy,38160
TRP-1067007,Hina Khattak,"House 164, Street 17, I-8/4, Islamabad",Kuala Lumpur,2024-08-17,First,622490
TRP-1185619,Hina Khattak,H#164 St-17 I-8/4 Islamabad,Kuala Lumpur,2025-02-27,Business,488985
TRP-5547673,Yasir Sheikh,مکان 316 گلی 24 G-10/2 اسلام آباد,Istanbul,2024-04-02,First,544143
TRP-6860963,Sardar Yasir Sheikh,"House No. 316, Gali 24, G-10/2, Islamabad",Baku,2025-01-22,First,403097
TRP-5245031,Y. Sheikh,"House 316, Street 24, G-10/2, Islamabad",Kuala Lumpur,2024-10-01,Business,553563
TRP-4949458,Z.Qureshi,"House No. 237, Gali 28, Chaklala Scheme 3, Rawalpindi",Lahore,2024-11-16,Economy,47910
TRP-7796318,Syed Noor Qureshi,"House 238, Street 6, DHA Phase 5, Lahore",London,2025-05-07,First,812233
TRP-8971073,Sardar Mubashir Baig,"House 90, Street 8, University Town, Peshawar",Kuala Lumpur,2025-07-04,First,511348
TRP-1598784,M.Baig,"House 90, Street 8, University Town, Peshawar",Dubai,2025-11-17,First,472762
TRP-3372457,M.Naqvi,"House 229, Street 28, Shah Rukn-e-Alam, Multan",Skardu,2026-03-17,Economy,79349
TRP-1045756,Ali Butt,"House No. 207, Gali 27, I-8/4, Islamabad",Istanbul,2024-02-13,First,404441
TRP-7135959,A. Butt,"House No. 207, Gali 27, I-8/4, Islamabad",Istanbul,2025-01-07,Business,444576
TRP-3802027,علی بٹ,H#207 St-27 I-8/4 Islamabad,Jeddah,2025-04-10,First,556381
TRP-2622036,Ali Butt,"House No. 207, Gali 27, I-8/4, Islamabad",Istanbul,2026-01-13,First,382250
TRP-3903827,علی بٹ,مکان 207 گلی 27 I-8/4 اسلام آباد,Istanbul,2024-08-31,Business,531459
TRP-9151291,Rana Fahad Sheikh,"House No. 342, Gali 30, North Nazimabad, Karachi",Kuala Lumpur,2024-02-27,Business,433872
TRP-8285984,Fahad Sheikh,"House 342, Street 30, North Nazimabad, Karachi",Dubai,2026-05-29,First,301567
TRP-6743866,Syed Fahad Sheikh,"House No. 342, Gali 30, North Nazimabad, Karachi",Baku,2024-01-05,First,366737
TRP-1008913,Mansoor Shirazi,مکان 328 گلی 15 Madina Town Faisalabad,Dubai,2025-05-21,Business,401948
TRP-1007564,Malik Irfan Sheikh,"House 293, Street 18, North Nazimabad, Karachi",Kuala Lumpur,2025-02-07,First,664930
TRP-9536033,Irfan Sheikh,مکان 293 گلی 18 North Nazimabad کراچی,London,2024-03-05,First,1291197
TRP-1493496,J.Kazmi,"House 305, Street 19, Gulgasht, Multan",Dubai,2024-09-13,First,467364
TRP-8093800,Javeria Kazmi,مکان 305 گلی 19 Gulgasht Multan,Baku,2026-04-07,Business,307924
TRP-9440688,Zainab Mughal,"House No. 211, Gali 4, G-10/2, Islamabad",Karachi,2024-08-06,Economy,77527
TRP-2722547,N.Niazi,H#83 St-8 PeoplesColony Faisalabad,Jeddah,2025-04-02,Business,490038
TRP-4389818,Nadeem Niazi,H#83 St-8 PeoplesColony Faisalabad,Kuala Lumpur,2025-10-23,Business,609985
TRP-7804314,N.Niazi,"House 83, Street 8, Peoples Colony, Faisalabad",Kuala Lumpur,2024-09-26,First,420857
TRP-3192143,N.Niazi,"House 83, Street 8, Peoples Colony, Faisalabad",London,2025-09-18,First,811248
TRP-3397230,N. Niazi,مکان 83 گلی 8 Peoples Colony Faisalabad,Jeddah,2025-06-11,Business,566129
TRP-5068734,عائشہ Sandhu,H#277 St-12 CliftonBlock2 Karachi,Karachi,2025-09-03,Economy,81229
TRP-6977507,Saqib Rajput,H#93 St-13 Cantt Multan,Dubai,2024-12-23,Business,429199
TRP-4686396,Saqib Rajput,"House 93, Street 13, Cantt, Multan",Jeddah,2024-04-19,First,433493
TRP-7909066,S.Rajput,"House No. 93, Gali 13, Cantt, Multan",Baku,2024-12-16,First,413046
TRP-3946817,S.Rajput,مکان 93 گلی 13 Cantt Multan,Jeddah,2024-05-18,Business,343334
TRP-9782970,W.Kazmi,مکان 85 گلی 39 Gulshan-e-Iqbal کراچی,Istanbul,2025-10-02,First,428875
TRP-2413409,Syed Waqas Kazmi,مکان 85 گلی 39 Gulshan-e-Iqbal کراچی,Kuala Lumpur,2025-07-29,First,562402
TRP-1349189,Haji Waqas Kazmi,H#85 St-39 Gulshan-e-Iqbal Karachi,Baku,2024-06-10,First,448082
TRP-2811049,Mansoor Bukhari,"House 341, Street 4, Shah Rukn-e-Alam, Multan",London,2026-03-20,Business,1261680
TRP-1923006,Mansoor Bukhari,مکان 341 گلی 4 Shah Rukn-e-Alam Multan,Dubai,2025-03-03,Business,315545
TRP-3131774,Khadija Sial,"House No. 219, Gali 3, I-8/4, Islamabad",Jeddah,2026-03-15,Business,362716
TRP-2218682,Adnan Zaidi,مکان 198 گلی 10 DHA Phase 5 لاہور,Baku,2024-07-07,Business,380648
TRP-7603241,زینب Awan,"House 294, Street 15, G-13/1, Islamabad",Kuala Lumpur,2024-04-09,First,522520
TRP-6282629,Mian Zainab Awan,مکان 294 گلی 15 G-13/1 اسلام آباد,London,2025-08-06,Business,1347917
TRP-5457935,Chaudhary Zainab Awan,H#294 St-15 G-13/1 Islamabad,Baku,2024-07-29,Business,336459
TRP-1676555,Z. Awan,مکان 294 گلی 15 G-13/1 اسلام آباد,Baku,2024-07-25,First,332078
TRP-4758503,Malik Zainab Awan,H#294 St-15 G-13/1 Islamabad,Dubai,2025-10-03,Business,316050
TRP-9252043,Salman Niazi,مکان 58 گلی 38 F-8/3 اسلام آباد,Istanbul,2024-05-31,First,574959
TRP-2627297,S.Niazi,"House No. 58, Gali 38, F-8/3, Islamabad",Kuala Lumpur,2026-04-13,First,435327
TRP-6716071,S.Niazi,"House 58, Street 38, F-8/3, Islamabad",Dubai,2024-12-28,Business,443423
TRP-7425573,Malik Rehan Rajput,"House 1, Street 22, Shah Rukn-e-Alam, Multan",Karachi,2025-05-10,Economy,74489
TRP-6999310,Zafar Saddozai,مکان 65 گلی 17 G-13/1 اسلام آباد,Kuala Lumpur,2024-02-23,Business,537573
TRP-6752116,M. Warraich,"House 50, Street 18, DHA Phase 6, Karachi",Jeddah,2025-01-17,Business,389105
TRP-2993639,S. Bhatti,"House 202, Street 25, Peoples Colony, Faisalabad",Jeddah,2025-11-05,First,447322
TRP-4359922,S. Bhatti,H#202 St-25 PeoplesColony Faisalabad,Dubai,2024-05-07,First,519619
TRP-9150702,S.Bhatti,"House 202, Street 25, Peoples Colony, Faisalabad",London,2024-02-05,First,1299024
TRP-5233380,S. Bhatti,"House No. 202, Gali 25, Peoples Colony, Faisalabad",Kuala Lumpur,2024-04-20,First,540981
TRP-7719956,Kinza Bukhari,H#160 St-33 NorthNazimabad Karachi,Karachi,2024-05-25,Economy,71516
TRP-5201454,Atif Cheema,"House No. 161, Gali 4, Madina Town, Faisalabad",Jeddah,2024-03-25,First,462839
TRP-9777466,Atif Cheema,H#161 St-4 MadinaTown Faisalabad,London,2025-09-01,Business,919055
TRP-2647506,Rana Atif Cheema,"House 161, Street 4, Madina Town, Faisalabad",Jeddah,2025-06-20,Business,347887
TRP-9625365,A. Cheema,H#161 St-4 MadinaTown Faisalabad,Istanbul,2025-03-11,Business,380251
TRP-3019753,A. Cheema,H#161 St-4 MadinaTown Faisalabad,Kuala Lumpur,2025-04-16,First,565817
TRP-8108160,H. Kakar,"House 127, Street 25, Gulshan-e-Iqbal, Karachi",Baku,2024-06-23,Business,363706
TRP-7791645,Chaudhary Hafsa Kakar,مکان 127 گلی 25 Gulshan-e-Iqbal کراچی,Baku,2025-02-24,Business,272167
TRP-4229215,Hafsa Kakar,مکان 127 گلی 25 Gulshan-e-Iqbal کراچی,Jeddah,2024-01-17,Business,335187
TRP-5282089,Rana Lubna Khattak,"House 264, Street 38, Satellite Town, Rawalpindi",Lahore,2024-09-24,Economy,57741
TRP-5884326,Saad شیخ,"House 193, Street 18, Model Town, Lahore",Jeddah,2026-04-25,Business,437812
TRP-5613868,Saad شیخ,"House 193, Street 18, Model Town, Lahore",Baku,2025-02-23,First,257043
TRP-6170985,Saad Sheikh,"House 193, Street 18, Model Town, Lahore",Kuala Lumpur,2024-04-14,First,463803
TRP-4857722,A. Sial,مکان 8 گلی 20 Johar Town لاہور,Lahore,2024-08-17,Economy,53228
TRP-1218620,Maryam Malik,"House 158, Street 21, Madina Town, Faisalabad",Skardu,2024-05-30,Economy,75268
TRP-1667653,Waqas Ansari,"House No. 78, Gali 19, F-8/3, Islamabad",Istanbul,2026-02-26,Business,367747
TRP-5972557,Syed Waqas Ansari,"House 78, Street 19, F-8/3, Islamabad",Baku,2026-03-30,First,378051
TRP-8573764,Waqas Ansari,H#78 St-19 F-8/3 Islamabad,Kuala Lumpur,2025-08-24,First,590167
TRP-1326313,W.Ansari,"House 78, Street 19, F-8/3, Islamabad",Istanbul,2026-03-12,Business,526652
TRP-2388046,Rana Waqas Ansari,H#78 St-19 F-8/3 Islamabad,London,2024-09-21,Business,1264021
TRP-7686586,S.Sandhu,H#129 St-35 Gulbahar Peshawar,Skardu,2024-11-27,Economy,77425
TRP-9302825,Mian Ehsan Gondal,مکان 357 گلی 38 Gulshan-e-Iqbal کراچی,Baku,2024-08-09,Business,421899
TRP-3941682,E.Gondal,مکان 357 گلی 38 Gulshan-e-Iqbal کراچی,Baku,2024-08-10,First,438140
TRP-6142784,E. Gondal,H#357 St-38 Gulshan-e-Iqbal Karachi,Kuala Lumpur,2025-12-03,Business,504136
TRP-5822058,E.Gondal,"House 357, Street 38, Gulshan-e-Iqbal, Karachi",Kuala Lumpur,2025-06-27,First,632129
TRP-3871609,I.Tareen,مکان 17 گلی 28 DHA Phase 5 لاہور,Kuala Lumpur,2025-12-26,First,575654
TRP-6010148,Ibrahim Tareen,مکان 17 گلی 28 DHA Phase 5 لاہور,Baku,2025-05-06,Business,371867
TRP-8567540,I.Tareen,"House No. 17, Gali 28, DHA Phase 5, Lahore",London,2024-01-09,First,1057863
TRP-5061905,I.Tareen,مکان 17 گلی 28 DHA Phase 5 لاہور,Jeddah,2024-03-06,Business,480519
TRP-3925475,N. Rizvi,"House 38, Street 31, DHA Phase 6, Karachi",Baku,2024-05-09,First,351211
TRP-6468969,N. Rizvi,مکان 38 گلی 31 DHA Phase 6 کراچی,Jeddah,2025-06-26,First,446860
TRP-9522956,Haji Nadia Rizvi,"House 38, Street 31, DHA Phase 6, Karachi",Istanbul,2024-06-11,First,569993
TRP-9895176,Rana Usman Kayani,H#17 St-25 JoharTown Lahore,Dubai,2026-03-04,Business,353119
TRP-6187476,Nadeem Kayani,"House No. 273, Gali 14, Clifton Block 2, Karachi",Baku,2026-04-29,First,255241
TRP-3758115,Nadeem Kayani,"House 273, Street 14, Clifton Block 2, Karachi",London,2025-11-27,Business,1280275
TRP-2986733,Nadeem Kayani,H#273 St-14 CliftonBlock2 Karachi,Dubai,2025-12-05,Business,379897
TRP-1052768,Nadeem Kayani,"House 273, Street 14, Clifton Block 2, Karachi",Dubai,2026-01-23,First,376268
TRP-9574239,Mian Nadeem Kayani,مکان 273 گلی 14 Clifton Block 2 کراچی,Baku,2024-07-22,First,308833
TRP-2719457,L. Zaidi,"House No. 329, Gali 21, G-10/2, Islamabad",Jeddah,2024-02-02,Business,358943
TRP-1440681,Lubna Zaidi,H#329 St-21 G-10/2 Islamabad,Dubai,2024-03-26,Business,350381
TRP-1625052,Lubna Zaidi,"House No. 329, Gali 21, G-10/2, Islamabad",Baku,2025-12-21,First,353913
TRP-4933693,Lubna Zaidi,"House 329, Street 21, G-10/2, Islamabad",Kuala Lumpur,2024-06-05,First,471029
TRP-3370872,F.Wazir,"House No. 377, Gali 25, Wapda Town, Lahore",London,2025-04-16,First,945127
TRP-7158774,Malik Javeria Shirazi,"House No. 162, Gali 31, I-8/4, Islamabad",Karachi,2026-03-24,Economy,75374
TRP-2543132,Adnan Siddiqui,مکان 282 گلی 32 Gulgasht Multan,Skardu,2024-04-19,Economy,69255
TRP-6041961,Sana Kazmi,H#296 St-36 B-17 Islamabad,Karachi,2025-01-03,Economy,87032
TRP-3051775,Chaudhary Ahmed Ansari,H#2 St-2 BahriaPhase4 Rawalpindi,London,2026-04-09,First,1150801
TRP-8056886,Ahmed Ansari,مکان 2 گلی 2 Bahria Phase 4 راولپنڈی,Istanbul,2024-10-15,Business,491546
TRP-5037047,A. Ansari,مکان 2 گلی 2 Bahria Phase 4 راولپنڈی,Jeddah,2024-12-08,Business,338672
TRP-1946360,A. Ansari,مکان 2 گلی 2 Bahria Phase 4 راولپنڈی,Istanbul,2024-04-24,Business,441553
TRP-8670013,U.Malik,"House 306, Street 36, D Ground, Faisalabad",Kuala Lumpur,2025-06-12,First,521738
TRP-7336905,Usman Malik,H#306 St-36 DGround Faisalabad,Istanbul,2025-03-24,First,341851
TRP-7961766,U.Sandhu,"House 148, Street 4, Clifton Block 2, Karachi",Baku,2026-01-11,First,311579
TRP-3767983,Umar Sandhu,"House 148, Street 4, Clifton Block 2, Karachi",London,2024-11-10,Business,1322549
TRP-3618877,U.Sandhu,"House No. 148, Gali 4, Clifton Block 2, Karachi",London,2025-01-24,First,1023917
TRP-6901148,Umar Sandhu,"House 148, Street 4, Clifton Block 2, Karachi",Dubai,2024-03-24,Business,342227
TRP-2092569,Haji Mahnoor Kazmi,"House No. 248, Gali 18, Hayatabad Phase 3, Peshawar",Lahore,2024-05-09,Economy,44922
TRP-8835146,Mehwish Bukhari,"House No. 241, Gali 3, Wapda Town, Lahore",Skardu,2024-12-12,Economy,112607
TRP-3483672,R.Tarar,"House 151, Street 36, Peoples Colony, Faisalabad",London,2025-09-01,First,1119359
TRP-3034621,Rauf Tarar,"House No. 151, Gali 36, Peoples Colony, Faisalabad",London,2025-02-04,First,1170355
TRP-9501874,R.Tarar,"House 151, Street 36, Peoples Colony, Faisalabad",London,2024-05-29,Business,836434
TRP-9035981,N. Mughal,"House 8, Street 34, North Nazimabad, Karachi",Baku,2024-08-20,First,262526
TRP-5627177,R. Siddiqui,مکان 315 گلی 5 North Nazimabad کراچی,Dubai,2025-08-13,Business,513458
TRP-7472369,Rabia Siddiqui,H#315 St-5 NorthNazimabad Karachi,Istanbul,2026-05-25,First,502465
TRP-2312988,R.Siddiqui,مکان 315 گلی 5 North Nazimabad کراچی,London,2025-02-10,First,945624
TRP-5454520,Rabia Siddiqui,"House 315, Street 5, North Nazimabad, Karachi",Dubai,2024-12-08,First,488374
TRP-8260870,Rauf Orakzai,H#233 St-34 UniversityTown Peshawar,Lahore,2024-09-11,Economy,40446
TRP-7054621,Sadia خان,"House 189, Street 9, Gulbahar, Peshawar",Istanbul,2025-02-06,Business,472246
TRP-7753128,Sadia Khan,مکان 189 گلی 9 Gulbahar Peshawar,Dubai,2026-05-21,Business,324117
TRP-9641785,S. Khan,H#189 St-9 Gulbahar Peshawar,Kuala Lumpur,2024-06-30,First,594897
TRP-3433486,S. Khan,مکان 189 گلی 9 Gulbahar Peshawar,Kuala Lumpur,2025-06-18,Business,402628
TRP-8880557,U. Hashmi,"House No. 362, Gali 6, Gulshan-e-Iqbal, Karachi",Istanbul,2024-03-27,First,470401
TRP-8611648,U. Hashmi,"House 362, Street 6, Gulshan-e-Iqbal, Karachi",Istanbul,2024-09-13,First,565337
TRP-4991236,Z. Rizvi,H#283 St-10 Gulgasht Multan,London,2025-01-12,Business,1026921
TRP-7463523,Zeeshan Rizvi,"House 283, Street 10, Gulgasht, Multan",Dubai,2024-12-19,Business,340870
TRP-7808875,N.Durrani,H#68 St-7 GulbergIII Lahore,London,2025-02-01,Business,1047510
TRP-3489073,Mian Saqib Sial,مکان 65 گلی 1 Gulbahar Peshawar,Istanbul,2024-04-10,First,567306
TRP-8568982,Lubna Gilani,H#26 St-5 B-17 Islamabad,Skardu,2024-07-02,Economy,100471
TRP-1955714,Ubaid Mughal,"House No. 143, Gali 31, Bahria Phase 4, Rawalpindi",London,2024-10-15,Business,913378
TRP-1237877,U.Mughal,"House 143, Street 31, Bahria Phase 4, Rawalpindi",Dubai,2024-04-17,First,463031
TRP-1926443,M. Sheikh,مکان 267 گلی 34 E-11/2 اسلام آباد,Kuala Lumpur,2025-04-15,Business,673248
TRP-7912564,Muhammad Sheikh,مکان 267 گلی 34 E-11/2 اسلام آباد,Jeddah,2024-08-23,First,465456
TRP-7592333,M. Sheikh,H#267 St-34 E-11/2 Islamabad,Baku,2025-08-07,First,306960
TRP-9920275,Muhammad Sheikh,H#267 St-34 E-11/2 Islamabad,Dubai,2026-04-05,Business,413174
TRP-9056736,Chaudhary Uzma Orakzai,"House 47, Street 8, Hayatabad Phase 3, Peshawar",Lahore,2025-05-03,Economy,43577
TRP-6050753,M.Raja,H#19 St-17 SatelliteTown Rawalpindi,Karachi,2025-10-19,Economy,86776
TRP-4357578,M. Warraich,H#36 St-30 BahriaPhase4 Rawalpindi,Skardu,2025-11-21,Economy,85094
TRP-8806648,E. Abbasi,مکان 208 گلی 18 Clifton Block 2 کراچی,Istanbul,2025-10-21,First,424574
TRP-2031287,E.Abbasi,"House 208, Street 18, Clifton Block 2, Karachi",Baku,2025-08-23,Business,393827
TRP-2275869,E.Abbasi,"House 208, Street 18, Clifton Block 2, Karachi",Baku,2026-03-13,First,442034
TRP-6685831,Mahnoor Zaidi,"House No. 154, Gali 35, Chaklala Scheme 3, Rawalpindi",Skardu,2024-10-30,Economy,119233
TRP-3304488,K.Afridi,مکان 208 گلی 9 University Town Peshawar,Lahore,2026-05-13,Economy,38733
TRP-8871509,Waqas Dar,مکان 374 گلی 1 Peoples Colony Faisalabad,Skardu,2025-09-01,Economy,115769
TRP-5237335,L.Sheikh,"House No. 91, Gali 11, Gulgasht, Multan",Skardu,2026-02-09,Economy,116369
TRP-1222870,Haji Kinza Raja,"House No. 1, Gali 6, Cantt, Multan",Karachi,2026-01-31,Economy,85620
TRP-1193095,Sardar Farhan Khattak,"House No. 302, Gali 17, Gulgasht, Multan",London,2024-02-28,First,1066213
TRP-5383420,A.Qureshi,"House No. 361, Gali 13, University Town, Peshawar",London,2024-08-23,First,912254
TRP-2307650,A.Qureshi,"House 361, Street 13, University Town, Peshawar",Baku,2024-09-25,Business,326619
TRP-3319710,Noman Orakzai,"House 2, Street 18, Peoples Colony, Faisalabad",London,2026-01-18,Business,1223860
TRP-2691224,Malik Noman Orakzai,مکان 2 گلی 18 Peoples Colony Faisalabad,Baku,2025-01-21,Business,393177
TRP-9806169,N.Orakzai,"House 2, Street 18, Peoples Colony, Faisalabad",Baku,2025-08-22,Business,310624
TRP-2825383,Faisal بٹ,مکان 250 گلی 37 E-11/2 اسلام آباد,Dubai,2025-03-23,Business,459115
TRP-9641371,F.Butt,H#250 St-37 E-11/2 Islamabad,London,2026-04-20,Business,871928
TRP-7798459,Faisal بٹ,"House 250, Street 37, E-11/2, Islamabad",Istanbul,2026-01-19,Business,458234
TRP-4714412,عائشہ Lodhi,مکان 65 گلی 14 Gulgasht Multan,Kuala Lumpur,2025-06-08,Business,482271
TRP-5431423,عائشہ Lodhi,"House 65, Street 14, Gulgasht, Multan",London,2025-01-30,Business,1174561
TRP-7978738,عائشہ Lodhi,H#65 St-14 Gulgasht Multan,Baku,2024-08-16,Business,432255
TRP-8770946,A.Lodhi,"House No. 65, Gali 14, Gulgasht, Multan",Istanbul,2026-03-03,Business,506584
TRP-4986002,علی خان,"House No. 235, Gali 25, North Nazimabad, Karachi",Lahore,2026-04-22,Economy,51751
TRP-8296121,احمد چوہدری,مکان 195 گلی 21 DHA Phase 6 کراچی,Lahore,2025-04-19,Economy,44097
TRP-5075807,M.Kayani,"House No. 322, Gali 12, Satellite Town, Rawalpindi",Lahore,2024-01-14,Economy,37888
TRP-1026366,Kamran خان,"House No. 293, Gali 3, Cantt, Multan",Karachi,2024-09-15,Economy,56974
TRP-6310834,Salman Mughal,H#304 St-28 DGround Faisalabad,Lahore,2024-01-28,Economy,41794
TRP-1237541,Rana Shoaib Bangash,H#4 St-12 Gulbahar Peshawar,London,2024-11-09,First,1185780
TRP-2720544,S.Bangash,"House 4, Street 12, Gulbahar, Peshawar",Istanbul,2025-05-22,Business,504193
TRP-4795242,Shoaib Bangash,"House No. 4, Gali 12, Gulbahar, Peshawar",London,2024-07-24,First,1308006
TRP-1953059,Fahad Kazmi,"House 275, Street 24, DHA Phase 6, Karachi",Jeddah,2024-01-24,First,561473
TRP-6425984,Haji Fahad Kazmi,H#275 St-24 DHAPhase6 Karachi,Kuala Lumpur,2025-09-02,First,659023
TRP-7378393,Fahad Kazmi,مکان 275 گلی 24 DHA Phase 6 کراچی,Dubai,2024-04-24,First,359733
TRP-1820722,Mian Naveed Wazir,مکان 130 گلی 6 Satellite Town راولپنڈی,Dubai,2024-04-02,First,398025
TRP-4858654,N.Wazir,مکان 130 گلی 6 Satellite Town راولپنڈی,Istanbul,2025-11-03,Business,426278
TRP-4451495,N. Wazir,مکان 130 گلی 6 Satellite Town راولپنڈی,Kuala Lumpur,2024-06-09,First,610842
TRP-4066710,N.Wazir,مکان 130 گلی 6 Satellite Town راولپنڈی,London,2024-02-03,Business,917842
TRP-9025057,Ayesha Raja,"House No. 25, Gali 27, Gulshan-e-Iqbal, Karachi",Kuala Lumpur,2025-11-02,Business,602965
TRP-3286779,A. Raja,"House No. 25, Gali 27, Gulshan-e-Iqbal, Karachi",Kuala Lumpur,2024-03-20,First,540802
TRP-8487385,Sardar Ayesha Raja,H#25 St-27 Gulshan-e-Iqbal Karachi,Jeddah,2024-09-19,First,466223
TRP-6279991,A.Raja,"House No. 25, Gali 27, Gulshan-e-Iqbal, Karachi",Dubai,2024-03-05,First,472200
TRP-5293425,Mehwish Rizvi,H#394 St-5 BahriaPhase4 Rawalpindi,Dubai,2026-02-26,First,500563
TRP-4432818,Mehwish Rizvi,H#394 St-5 BahriaPhase4 Rawalpindi,Jeddah,2025-05-28,First,418266
TRP-6319053,Syed Mehwish Rizvi,"House 394, Street 5, Bahria Phase 4, Rawalpindi",Kuala Lumpur,2024-07-27,Business,461448
TRP-4826630,M.Rizvi,"House No. 394, Gali 5, Bahria Phase 4, Rawalpindi",London,2025-05-19,Business,997748
TRP-4564905,Mehwish Rizvi,H#394 St-5 BahriaPhase4 Rawalpindi,Baku,2024-06-23,First,299630
TRP-8735944,Mehwish Rizvi,"House 394, Street 5, Bahria Phase 4, Rawalpindi",Dubai,2026-02-11,Business,387560
TRP-3971950,Yousuf Niazi,H#82 St-38 CliftonBlock2 Karachi,Lahore,2025-02-28,Economy,41441
TRP-5137283,Kamran Yousafzai,"House No. 84, Gali 10, North Nazimabad, Karachi",Baku,2025-11-29,Business,391042
TRP-8659453,Kamran Yousafzai,"House No. 84, Gali 10, North Nazimabad, Karachi",Istanbul,2025-07-05,Business,346585
TRP-1849401,Farhan Khan,"House No. 193, Gali 11, Wapda Town, Lahore",Skardu,2024-07-13,Economy,105207
TRP-6264230,Hamza راجہ,"House No. 131, Gali 14, Johar Town, Lahore",Jeddah,2024-04-19,Business,353788
TRP-1584601,Hamza Raja,"House No. 131, Gali 14, Johar Town, Lahore",Kuala Lumpur,2026-01-11,Business,410571
TRP-9899076,Sardar Hamza Raja,H#131 St-14 JoharTown Lahore,London,2025-02-07,Business,881128
TRP-4013602,Sajid Mehsud,"House No. 348, Gali 33, Satellite Town, Rawalpindi",Dubai,2026-02-14,First,375517
TRP-4995476,S. Mehsud,مکان 348 گلی 33 Satellite Town راولپنڈی,London,2025-09-08,First,771282
TRP-9931570,S.Mehsud,"House No. 348, Gali 33, Satellite Town, Rawalpindi",Baku,2025-08-16,Business,299606
TRP-2945312,S.Mehsud,"House 348, Street 33, Satellite Town, Rawalpindi",London,2026-02-05,First,974774
TRP-3958010,Nadeem Gondal,H#123 St-9 ChaklalaScheme3 Rawalpindi,Dubai,2026-01-01,Business,441383
TRP-6582498,N.Gondal,"House 123, Street 9, Chaklala Scheme 3, Rawalpindi",Kuala Lumpur,2025-01-29,Business,630260
TRP-4733937,Nadeem Gondal,"House 123, Street 9, Chaklala Scheme 3, Rawalpindi",Dubai,2024-02-11,Business,341666
TRP-9190641,Nadeem Gondal,H#123 St-9 ChaklalaScheme3 Rawalpindi,Kuala Lumpur,2024-12-02,Business,669194
TRP-7135603,N.Gondal,"House No. 123, Gali 9, Chaklala Scheme 3, Rawalpindi",Istanbul,2024-08-26,First,408428
TRP-9594903,S. Janjua,مکان 18 گلی 16 Johar Town لاہور,Istanbul,2024-06-09,Business,342478
TRP-8858819,Shoaib Janjua,"House No. 18, Gali 16, Johar Town, Lahore",Baku,2025-06-28,Business,403789
TRP-9916893,S.Janjua,"House No. 18, Gali 16, Johar Town, Lahore",Jeddah,2025-03-15,First,411157
TRP-3191118,Fahad Janjua,"House No. 142, Gali 9, E-11/2, Islamabad",Skardu,2025-07-14,Economy,73330
TRP-1577958,M. Kakar,مکان 110 گلی 4 Gulberg III لاہور,London,2025-03-10,First,942091
TRP-6477412,Mubashir Kakar,مکان 110 گلی 4 Gulberg III لاہور,Kuala Lumpur,2025-04-12,First,401215
TRP-1513058,U.Mehsud,مکان 271 گلی 27 B-17 اسلام آباد,Baku,2024-05-21,Business,361471
TRP-5855439,Chaudhary Uzma Mehsud,H#271 St-27 B-17 Islamabad,Istanbul,2025-04-11,Business,354620
TRP-6228390,Mehwish Gill,"House 350, Street 14, Gulbahar, Peshawar",Baku,2024-08-24,Business,278471
TRP-2619339,M. Gill,"House No. 350, Gali 14, Gulbahar, Peshawar",Jeddah,2026-01-27,Business,517428
TRP-2106427,Syed Mehwish Gill,"House No. 350, Gali 14, Gulbahar, Peshawar",Baku,2025-05-14,First,373489
TRP-5635361,Chaudhary Danish Orakzai,H#268 St-39 PeoplesColony Faisalabad,Karachi,2026-01-02,Economy,64226
TRP-2586251,Zeeshan Gill,"House 114, Street 36, Gulgasht, Multan",Dubai,2025-08-15,First,301620
TRP-7932002,Zeeshan Gill,H#114 St-36 Gulgasht Multan,London,2024-10-14,Business,1054433
TRP-7455720,Maryam Sheikh,"House 351, Street 32, Model Town, Lahore",Jeddah,2024-08-21,Business,551301
TRP-4600429,Maryam Sheikh,مکان 351 گلی 32 Model Town لاہور,Istanbul,2025-08-01,Business,470328
TRP-8675364,Maryam شیخ,"House 351, Street 32, Model Town, Lahore",Kuala Lumpur,2026-02-09,First,531058
TRP-9657077,M. Sheikh,"House 351, Street 32, Model Town, Lahore",Dubai,2024-05-29,First,509935
TRP-8960294,Saad Warraich,"House No. 261, Gali 19, Cantt, Multan",Lahore,2025-12-12,Economy,46039
TRP-5864636,K.Sandhu,مکان 369 گلی 18 E-11/2 اسلام آباد,Kuala Lumpur,2025-02-17,Business,527224
TRP-3288444,K.Sandhu,"House No. 369, Gali 18, E-11/2, Islamabad",London,2024-11-22,Business,1146253
TRP-8598814,K.Sandhu,H#369 St-18 E-11/2 Islamabad,Baku,2024-02-10,First,373136
TRP-6648985,K. Sandhu,"House 369, Street 18, E-11/2, Islamabad",Dubai,2024-03-28,First,321240
TRP-9806031,R.Wazir,"House No. 370, Gali 25, G-13/1, Islamabad",Jeddah,2025-05-15,First,525783
TRP-5760537,T.Sheikh,"House 71, Street 2, Clifton Block 2, Karachi",Kuala Lumpur,2024-11-13,Business,486128
TRP-5795506,Syed Talha Sheikh,مکان 71 گلی 2 Clifton Block 2 کراچی,London,2026-04-29,Business,1114128
TRP-5465163,Malik Talha Sheikh,مکان 71 گلی 2 Clifton Block 2 کراچی,Jeddah,2024-07-24,First,356728
TRP-7360991,Talha Sheikh,"House 71, Street 2, Clifton Block 2, Karachi",Baku,2025-09-05,First,443355
TRP-5012576,Talha Sheikh,"House No. 71, Gali 2, Clifton Block 2, Karachi",London,2025-11-26,Business,1109507
TRP-5580842,S.Mehsud,"House 355, Street 20, D Ground, Faisalabad",Lahore,2025-11-15,Economy,43282
TRP-4520780,Malik Hamza Bukhari,H#13 St-23 I-8/4 Islamabad,Baku,2024-02-02,First,356827
TRP-2128654,Sardar Sufyan Raja,"House 290, Street 23, B-17, Islamabad",Lahore,2024-11-16,Economy,37512
TRP-1058458,Y. Tareen,مکان 362 گلی 17 Peoples Colony Faisalabad,Karachi,2024-01-28,Economy,69200
TRP-5492813,O.Kayani,"House 389, Street 36, G-13/1, Islamabad",Kuala Lumpur,2025-08-22,Business,595400
TRP-8411085,Rana Obaid Kayani,"House No. 389, Gali 36, G-13/1, Islamabad",Jeddah,2024-11-23,First,535277
TRP-3775122,Shahzad Shirazi,مکان 371 گلی 14 Shah Rukn-e-Alam Multan,Karachi,2024-12-18,Economy,62369
TRP-4316499,Z. Janjua,مکان 5 گلی 37 Satellite Town راولپنڈی,Karachi,2024-02-28,Economy,83123
TRP-5223164,Rana Noman Durrani,H#171 St-26 UniversityTown Peshawar,Karachi,2025-12-07,Economy,73773
TRP-4218957,Sardar Saba Mehsud,H#2 St-36 UniversityTown Peshawar,Skardu,2025-12-01,Economy,92942
TRP-4961505,Sadia Niazi,مکان 357 گلی 21 Chaklala Scheme 3 راولپنڈی,Lahore,2024-06-03,Economy,36679
TRP-7854501,Zubair Ansari,مکان 107 گلی 7 Model Town لاہور,Istanbul,2024-10-21,First,416481
TRP-7754863,Salman Khattak,H#225 St-19 ShahRukn-e-Alam Multan,Karachi,2024-08-05,Economy,69929
TRP-5678404,Rana Danish Malik,"House No. 130, Gali 27, Bahria Phase 4, Rawalpindi",Jeddah,2025-08-16,First,523605
TRP-8482130,D.Malik,"House 130, Street 27, Bahria Phase 4, Rawalpindi",Baku,2025-11-24,First,416692
TRP-7207447,Danish Malik,H#130 St-27 BahriaPhase4 Rawalpindi,Dubai,2026-03-24,Business,447474
TRP-5351242,S. Lodhi,"House No. 108, Gali 4, Shah Rukn-e-Alam, Multan",Dubai,2025-01-29,Business,335264
TRP-9322456,Saad Lodhi,مکان 108 گلی 4 Shah Rukn-e-Alam Multan,Istanbul,2025-08-26,First,549738
TRP-4405590,S. Lodhi,"House No. 108, Gali 4, Shah Rukn-e-Alam, Multan",Dubai,2024-09-18,First,365736
TRP-4519852,S.Lodhi,H#108 St-4 ShahRukn-e-Alam Multan,London,2025-11-15,Business,1227784
TRP-3601887,Saad Lodhi,"House 108, Street 4, Shah Rukn-e-Alam, Multan",Baku,2024-04-10,First,285262
TRP-3471612,Syed Imran Joiya,"House 212, Street 17, Gulbahar, Peshawar",Dubai,2024-03-31,Business,309504
TRP-2765567,Mian Imran Joiya,مکان 212 گلی 17 Gulbahar Peshawar,Kuala Lumpur,2026-04-26,First,531295
TRP-4986952,عمران Joiya,"House No. 212, Gali 17, Gulbahar, Peshawar",Istanbul,2025-08-17,First,517617
TRP-8501372,I. Joiya,"House 212, Street 17, Gulbahar, Peshawar",Baku,2024-02-16,Business,274986
TRP-3459746,Imran Joiya,مکان 212 گلی 17 Gulbahar Peshawar,Baku,2026-05-15,First,423518
TRP-6374019,Malik Maryam Joiya,مکان 323 گلی 10 Westridge راولپنڈی,Skardu,2024-11-01,Economy,117235
TRP-7700643,Malik Khadija Orakzai,H#202 St-35 ModelTown Lahore,Jeddah,2025-03-03,First,498864
TRP-7501128,K. Orakzai,"House No. 202, Gali 35, Model Town, Lahore",Istanbul,2026-03-26,First,375488
TRP-8067602,Ubaid شیخ,H#150 St-3 UniversityTown Peshawar,Lahore,2024-11-13,Economy,34828
TRP-8936629,L.Saddozai,H#113 St-36 JoharTown Lahore,Karachi,2024-05-08,Economy,63963
TRP-5287278,H. Virk,"House No. 351, Gali 23, Gulbahar, Peshawar",Karachi,2024-08-06,Economy,73779
TRP-4344078,Anas Kayani,مکان 94 گلی 26 D Ground Faisalabad,Dubai,2025-11-26,First,347721
TRP-6067920,Haji Anas Kayani,مکان 94 گلی 26 D Ground Faisalabad,Baku,2024-06-08,Business,427345
TRP-1938528,A. Kayani,"House 94, Street 26, D Ground, Faisalabad",Istanbul,2024-12-06,Business,353891
TRP-3972422,Sardar Tariq Warraich,"House 43, Street 10, Wapda Town, Lahore",Lahore,2024-03-29,Economy,46757
TRP-9859902,A.Bukhari,"House 37, Street 21, DHA Phase 5, Lahore",Baku,2024-02-27,First,263577
TRP-1347242,A. Bukhari,"House 37, Street 21, DHA Phase 5, Lahore",Kuala Lumpur,2024-04-18,First,651828
TRP-1301845,عثمان Sial,H#172 St-17 CliftonBlock2 Karachi,London,2025-02-12,First,1247044
TRP-7996519,U.Sial,"House No. 172, Gali 17, Clifton Block 2, Karachi",Istanbul,2025-05-08,Business,497989
TRP-7055825,Chaudhary Usman Sial,H#172 St-17 CliftonBlock2 Karachi,Jeddah,2025-05-17,Business,513516
TRP-9629332,U. Dar,H#115 St-35 Cantt Multan,Baku,2024-09-13,Business,330718
TRP-5819292,U. Dar,"House 115, Street 35, Cantt, Multan",Jeddah,2024-06-02,Business,363129
TRP-5054506,U. Dar,H#115 St-35 Cantt Multan,Istanbul,2025-06-30,Business,391833
TRP-3871098,Rana Umar Dar,"House No. 115, Gali 35, Cantt, Multan",Jeddah,2026-01-13,Business,407547
TRP-5904833,F. Wazir,H#191 St-35 B-17 Islamabad,Baku,2026-02-08,First,349637
TRP-3173387,Naveed Mehsud,"House No. 199, Gali 12, G-10/2, Islamabad",London,2024-04-22,Business,1104577
TRP-8166427,Naveed Mehsud,"House No. 199, Gali 12, G-10/2, Islamabad",London,2025-06-24,Business,1287400
TRP-7102880,N.Mehsud,"House No. 199, Gali 12, G-10/2, Islamabad",Dubai,2026-03-05,First,378762
TRP-9923415,N. Awan,مکان 338 گلی 12 Chaklala Scheme 3 راولپنڈی,Karachi,2024-12-16,Economy,84227
TRP-3364608,Saad چوہدری,مکان 9 گلی 20 Bahria Phase 4 راولپنڈی,Jeddah,2025-12-28,First,466395
TRP-4796384,Saad Chaudhry,"House 9, Street 20, Bahria Phase 4, Rawalpindi",Jeddah,2024-08-11,First,430626
TRP-7123340,Saad چوہدری,H#9 St-20 BahriaPhase4 Rawalpindi,Kuala Lumpur,2026-05-13,Business,486792
TRP-5095038,Fahad Mirza,H#262 St-37 ShahRukn-e-Alam Multan,Jeddah,2024-03-29,First,492479
TRP-4617318,Fahad Mirza,"House No. 262, Gali 37, Shah Rukn-e-Alam, Multan",Dubai,2024-07-20,Business,470050
TRP-7080469,Fahad Saddozai,مکان 30 گلی 15 Peoples Colony Faisalabad,London,2024-11-07,Business,887692
TRP-4409989,Fahad Saddozai,مکان 30 گلی 15 Peoples Colony Faisalabad,Baku,2024-02-14,Business,340302
TRP-4236424,F. Saddozai,"House No. 30, Gali 15, Peoples Colony, Faisalabad",Istanbul,2025-02-02,First,378054
TRP-4622221,Fahad Saddozai,H#30 St-15 PeoplesColony Faisalabad,Istanbul,2024-09-21,Business,578370
TRP-3059921,Fahad Saddozai,مکان 30 گلی 15 Peoples Colony Faisalabad,Dubai,2024-04-21,First,376332
TRP-7943706,L. Khan,مکان 179 گلی 13 G-10/2 اسلام آباد,Dubai,2025-05-23,Business,412830
TRP-5403741,L.Khan,"House No. 179, Gali 13, G-10/2, Islamabad",Kuala Lumpur,2024-06-24,Business,469378
TRP-2225341,Z. Khan,H#168 St-12 DHAPhase5 Lahore,Istanbul,2024-02-25,Business,529075
TRP-6388261,Sardar Zeeshan Khan,مکان 168 گلی 12 DHA Phase 5 لاہور,Baku,2026-01-29,First,330299
TRP-8491715,Z. Khan,"House 168, Street 12, DHA Phase 5, Lahore",Dubai,2025-09-21,Business,313740
TRP-7378016,G.Zaidi,"House 214, Street 40, Cantt, Multan",Kuala Lumpur,2025-03-27,First,484899
TRP-5563523,Ghulam Zaidi,"House No. 214, Gali 40, Cantt, Multan",Jeddah,2024-10-20,First,520848
TRP-9834444,Ayesha Yousafzai,"House 110, Street 31, DHA Phase 6, Karachi",Istanbul,2024-07-15,Business,466288
TRP-9165431,Malik Ayesha Yousafzai,"House 110, Street 31, DHA Phase 6, Karachi",Jeddah,2024-04-02,Business,384797
TRP-6222765,Haji Adnan Wazir,"House No. 103, Gali 15, Peoples Colony, Faisalabad",Jeddah,2024-04-24,Business,557804
TRP-5236425,Adnan Wazir,مکان 103 گلی 15 Peoples Colony Faisalabad,Kuala Lumpur,2025-05-05,First,411123
TRP-5665954,Rida Gondal,مکان 237 گلی 39 Johar Town لاہور,Baku,2026-02-28,Business,272760
TRP-9226636,R.Gondal,مکان 237 گلی 39 Johar Town لاہور,Jeddah,2024-07-02,First,481178
TRP-7062727,Rida Gondal,"House 237, Street 39, Johar Town, Lahore",Dubai,2025-10-26,Business,517883
TRP-9008841,R.Gondal,"House 237, Street 39, Johar Town, Lahore",London,2024-01-25,First,799508
TRP-7354951,Chaudhary Nasir Rajput,H#49 St-3 NorthNazimabad Karachi,London,2025-12-06,First,1162579
TRP-5325976,Nasir Rajput,"House No. 49, Gali 3, North Nazimabad, Karachi",Jeddah,2026-01-29,First,394936
TRP-3471610,Mian Nasir Rajput,مکان 49 گلی 3 North Nazimabad کراچی,Jeddah,2025-11-06,Business,408371
TRP-6977932,Nasir Rajput,H#49 St-3 NorthNazimabad Karachi,Istanbul,2024-01-22,First,578430
TRP-7615538,N.Rajput,H#49 St-3 NorthNazimabad Karachi,Dubai,2024-09-01,First,480514
TRP-9768250,Nasir Rajput,H#49 St-3 NorthNazimabad Karachi,London,2024-03-27,Business,806332
TRP-9438302,J.Siddiqui,مکان 215 گلی 38 Wapda Town لاہور,Dubai,2025-05-26,First,354257
TRP-7183865,J. Siddiqui,"House 215, Street 38, Wapda Town, Lahore",Istanbul,2025-11-21,First,455011
TRP-2574752,J. Siddiqui,"House No. 215, Gali 38, Wapda Town, Lahore",Istanbul,2025-04-03,First,474830
TRP-4427209,Javeria Siddiqui,"House 215, Street 38, Wapda Town, Lahore",Dubai,2025-01-13,Business,460183
TRP-3000369,Madiha Durrani,H#193 St-24 Westridge Rawalpindi,Kuala Lumpur,2024-04-04,First,534592
TRP-6708746,M.Durrani,"House 193, Street 24, Westridge, Rawalpindi",London,2024-09-23,Business,1211512
TRP-4891794,Madiha Durrani,"House 193, Street 24, Westridge, Rawalpindi",London,2024-11-18,Business,927952
TRP-2524858,Syed Madiha Durrani,"House 193, Street 24, Westridge, Rawalpindi",Dubai,2025-12-18,First,340020
TRP-6044873,M.Durrani,"House No. 193, Gali 24, Westridge, Rawalpindi",Istanbul,2024-03-14,Business,566179
TRP-1834937,Naveed Bhatti,مکان 158 گلی 40 DHA Phase 6 کراچی,Lahore,2025-03-22,Economy,55908
TRP-9335953,R.Tareen,"House 217, Street 38, Madina Town, Faisalabad",London,2025-12-11,First,1149931
TRP-6852292,Rashid Tareen,"House No. 217, Gali 38, Madina Town, Faisalabad",Jeddah,2025-10-09,Business,547439
TRP-5439636,N.Khan,مکان 235 گلی 20 D Ground Faisalabad,Baku,2026-03-01,First,444859
TRP-2178423,N. Khan,H#235 St-20 DGround Faisalabad,Istanbul,2025-01-07,First,554789
TRP-7287467,N.Khan,H#235 St-20 DGround Faisalabad,Baku,2024-12-31,First,440951
TRP-9005224,Malik Nadia Khan,مکان 235 گلی 20 D Ground Faisalabad,Kuala Lumpur,2024-10-10,First,437796
TRP-5415528,N. Khan,"House No. 235, Gali 20, D Ground, Faisalabad",Baku,2024-08-25,First,415621
TRP-9468442,Nasir Lodhi,"House No. 100, Gali 39, G-13/1, Islamabad",Jeddah,2024-07-09,Business,432279
TRP-2094198,N. Lodhi,مکان 100 گلی 39 G-13/1 اسلام آباد,Kuala Lumpur,2024-08-27,Business,671159
TRP-8115650,Khadija Rizvi,"House 149, Street 21, I-8/4, Islamabad",Baku,2024-07-08,First,402373
TRP-7505210,Mian Khadija Rizvi,"House 149, Street 21, I-8/4, Islamabad",Jeddah,2026-05-07,First,427862
TRP-7131882,K.Rizvi,"House 149, Street 21, I-8/4, Islamabad",Baku,2025-12-28,Business,428989
TRP-1820523,Mian Sadia Shirazi,H#279 St-12 G-10/2 Islamabad,Kuala Lumpur,2025-03-13,Business,408371
TRP-4690329,Sadia Shirazi,"House No. 279, Gali 12, G-10/2, Islamabad",London,2025-01-17,Business,1150422
TRP-7769046,Sadia Shirazi,مکان 279 گلی 12 G-10/2 اسلام آباد,Dubai,2025-05-02,Business,371746
TRP-5884300,Muhammad Zaidi,مکان 285 گلی 13 D Ground Faisalabad,Baku,2024-01-30,Business,360467
TRP-3841782,M.Zaidi,"House No. 285, Gali 13, D Ground, Faisalabad",Baku,2024-10-28,Business,411676
TRP-5174466,محمد Zaidi,H#285 St-13 DGround Faisalabad,Istanbul,2025-04-02,First,501574
TRP-2658105,Jawad خان,H#109 St-3 G-10/2 Islamabad,Jeddah,2026-05-12,First,474533
TRP-6122409,J. Khan,مکان 109 گلی 3 G-10/2 اسلام آباد,London,2024-11-26,First,883657
TRP-2093605,Z. Siddiqui,مکان 83 گلی 27 Madina Town Faisalabad,Skardu,2026-04-02,Economy,94938
TRP-7151668,J.Orakzai,H#119 St-18 G-10/2 Islamabad,Istanbul,2024-04-02,Business,430318
TRP-2106556,J. Orakzai,H#119 St-18 G-10/2 Islamabad,Kuala Lumpur,2024-08-26,First,630635
TRP-1828824,J.Orakzai,H#119 St-18 G-10/2 Islamabad,London,2024-10-17,Business,1132355
TRP-8660872,J.Orakzai,"House No. 119, Gali 18, G-10/2, Islamabad",Istanbul,2026-03-10,First,464173
TRP-2978950,Jawad Orakzai,مکان 119 گلی 18 G-10/2 اسلام آباد,Jeddah,2024-04-02,Business,406846
TRP-9779518,Jawad Orakzai,"House 119, Street 18, G-10/2, Islamabad",Jeddah,2025-09-01,First,507750
TRP-7675337,Syed Rashid Kakar,"House 166, Street 23, Satellite Town, Rawalpindi",Skardu,2024-06-09,Economy,81012
TRP-6117344,B. Mirza,H#133 St-32 CliftonBlock2 Karachi,London,2024-12-12,Business,867963
TRP-2139106,B.Mirza,"House 133, Street 32, Clifton Block 2, Karachi",Istanbul,2024-01-12,First,528727
TRP-4218487,Atif Sandhu,H#308 St-28 PeoplesColony Faisalabad,Dubai,2025-09-14,Business,388385
TRP-4780934,Malik Atif Sandhu,"House No. 308, Gali 28, Peoples Colony, Faisalabad",Baku,2025-12-22,Business,363549
TRP-5969954,Syed Atif Sandhu,مکان 308 گلی 28 Peoples Colony Faisalabad,Dubai,2024-05-06,First,452181
TRP-1572871,Atif Sandhu,"House No. 308, Gali 28, Peoples Colony, Faisalabad",London,2025-07-18,Business,1152744
TRP-5558771,Rashid Afridi,مکان 81 گلی 28 North Nazimabad کراچی,Karachi,2025-12-06,Economy,80236
TRP-8304404,M.Mehsud,"House No. 167, Gali 11, Wapda Town, Lahore",London,2025-10-27,Business,930712
TRP-6125653,Madiha Mehsud,"House 167, Street 11, Wapda Town, Lahore",Baku,2025-07-10,Business,404494
TRP-7480894,Madiha Mehsud,"House 167, Street 11, Wapda Town, Lahore",Istanbul,2024-12-01,Business,419912
TRP-5215046,Madiha Mehsud,"House No. 167, Gali 11, Wapda Town, Lahore",Jeddah,2024-09-03,First,547812
TRP-2807766,Mian Imran Cheema,H#327 St-4 G-13/1 Islamabad,Baku,2024-11-30,Business,410637
TRP-2513330,F.Khokhar,"House No. 298, Gali 20, I-8/4, Islamabad",Karachi,2024-07-20,Economy,60111
TRP-2100846,H.Cheema,"House No. 262, Gali 35, Westridge, Rawalpindi",Jeddah,2024-01-29,First,523875
TRP-8433663,Haji Hussain Cheema,"House 262, Street 35, Westridge, Rawalpindi",Istanbul,2025-02-16,First,593585
TRP-3908312,T.Chaudhry,H#123 St-34 Cantt Multan,Kuala Lumpur,2025-01-12,First,585496
TRP-2745704,Tariq Chaudhry,"House 123, Street 34, Cantt, Multan",London,2025-09-17,First,955311
TRP-4530572,Syed Tariq Chaudhry,"House 123, Street 34, Cantt, Multan",Dubai,2024-06-11,Business,433131
TRP-2636623,Atif Durrani,"House No. 263, Gali 4, Westridge, Rawalpindi",Dubai,2025-06-11,Business,432653
TRP-8887402,Atif Durrani,"House No. 263, Gali 4, Westridge, Rawalpindi",Baku,2024-03-04,First,295665
TRP-6816510,A. Durrani,"House No. 263, Gali 4, Westridge, Rawalpindi",Jeddah,2024-05-16,First,418717
TRP-8329577,Umar Mirza,"House No. 255, Gali 6, Model Town, Lahore",Dubai,2025-01-01,First,381771
TRP-7678636,Sardar Umar Mirza,"House No. 255, Gali 6, Model Town, Lahore",Istanbul,2026-05-22,First,457923
TRP-8779945,Umar Mirza,"House No. 255, Gali 6, Model Town, Lahore",Kuala Lumpur,2025-08-07,Business,460948
TRP-3983445,Umar Mirza,مکان 255 گلی 6 Model Town لاہور,Jeddah,2024-05-26,First,476942
TRP-6085619,U. Mirza,"House No. 255, Gali 6, Model Town, Lahore",Dubai,2025-08-10,Business,370196
TRP-3899449,U. Mirza,"House 255, Street 6, Model Town, Lahore",Dubai,2025-08-14,First,356805
TRP-5822542,Owais Gondal,مکان 70 گلی 38 Westridge راولپنڈی,Jeddah,2026-04-25,Business,408431
TRP-1402327,O.Gondal,مکان 70 گلی 38 Westridge راولپنڈی,Dubai,2026-04-18,Business,492316
TRP-4789390,O. Gondal,"House 70, Street 38, Westridge, Rawalpindi",Dubai,2024-10-14,Business,450530
TRP-6602644,Chaudhary Owais Gondal,H#70 St-38 Westridge Rawalpindi,Jeddah,2024-05-10,Business,492275
TRP-9384941,O. Gondal,مکان 70 گلی 38 Westridge راولپنڈی,Baku,2025-11-12,Business,407862
TRP-4147157,O. Gondal,"House No. 70, Gali 38, Westridge, Rawalpindi",Dubai,2024-01-26,First,338225
TRP-6151863,E. Sheikh,مکان 295 گلی 38 D Ground Faisalabad,Dubai,2024-08-15,First,485984
TRP-9136029,Haji Tooba Shirazi,مکان 42 گلی 30 University Town Peshawar,Karachi,2026-01-11,Economy,70002
TRP-2145876,Rana Amna Khan,مکان 378 گلی 40 Hayatabad Phase 3 Peshawar,Dubai,2024-05-25,Business,519193
TRP-5999945,Amna خان,"House 378, Street 40, Hayatabad Phase 3, Peshawar",Jeddah,2024-11-14,First,469776
TRP-2654903,Amna خان,"House No. 378, Gali 40, Hayatabad Phase 3, Peshawar",Kuala Lumpur,2024-03-02,First,574431
TRP-5774800,Jawad Bhatti,"House No. 217, Gali 38, Westridge, Rawalpindi",London,2024-05-09,First,1032837
TRP-4644686,Jawad Bhatti,مکان 217 گلی 38 Westridge راولپنڈی,Kuala Lumpur,2025-02-11,First,640268
TRP-3876131,A.Rizvi,"House No. 387, Gali 30, Hayatabad Phase 3, Peshawar",Kuala Lumpur,2024-01-10,First,414193
TRP-5337006,A. Rizvi,"House 387, Street 30, Hayatabad Phase 3, Peshawar",London,2026-02-08,First,1001833
TRP-2654118,عائشہ Rizvi,H#387 St-30 HayatabadPhase3 Peshawar,Istanbul,2026-01-06,Business,529696
TRP-5140786,Hamza Gilani,"House No. 6, Gali 16, Satellite Town, Rawalpindi",Skardu,2024-07-19,Economy,116541
TRP-4887972,Haji Madiha Siddiqui,H#168 St-4 I-8/4 Islamabad,Dubai,2026-04-01,First,415688
TRP-2948779,Madiha Siddiqui,"House No. 168, Gali 4, I-8/4, Islamabad",Dubai,2024-03-20,First,456954
TRP-7486337,M.Siddiqui,مکان 168 گلی 4 I-8/4 اسلام آباد,Jeddah,2026-03-27,Business,333419
TRP-4269906,Madiha Siddiqui,"House 168, Street 4, I-8/4, Islamabad",Jeddah,2025-05-04,First,346140
TRP-6783195,F. Durrani,"House No. 291, Gali 16, Madina Town, Faisalabad",Lahore,2026-02-13,Economy,50476
TRP-4472992,Saba Cheema,"House No. 385, Gali 28, Madina Town, Faisalabad",Dubai,2026-01-31,Business,366280
TRP-1785222,S.Cheema,"House No. 385, Gali 28, Madina Town, Faisalabad",London,2024-04-26,Business,878551
TRP-3176285,Saba Cheema,H#385 St-28 MadinaTown Faisalabad,Jeddah,2025-11-29,First,385003
TRP-8248967,Mahnoor Bhatti,H#12 St-37 HayatabadPhase3 Peshawar,Jeddah,2024-04-01,Business,368776
TRP-6668523,M.Bhatti,"House 12, Street 37, Hayatabad Phase 3, Peshawar",Istanbul,2026-01-16,First,557894
TRP-4600689,J. Tareen,H#311 St-1 Gulbahar Peshawar,Kuala Lumpur,2024-11-14,Business,620052
TRP-9499097,J.Tareen,"House 311, Street 1, Gulbahar, Peshawar",Jeddah,2024-04-30,First,323390
TRP-4992135,Javeria Tareen,"House 311, Street 1, Gulbahar, Peshawar",Baku,2025-08-16,First,407946
TRP-6027511,Syed Mehwish Kazmi,"House 164, Street 23, Gulshan-e-Iqbal, Karachi",Istanbul,2025-09-15,Business,509170
TRP-7546772,M. Kazmi,H#164 St-23 Gulshan-e-Iqbal Karachi,Kuala Lumpur,2025-07-25,First,467348
TRP-8913216,Mehwish Kazmi,مکان 164 گلی 23 Gulshan-e-Iqbal کراچی,Baku,2024-08-05,First,440759
TRP-6375393,M. Kazmi,مکان 164 گلی 23 Gulshan-e-Iqbal کراچی,Jeddah,2024-10-18,Business,377546
TRP-9129401,M. Kazmi,"House No. 164, Gali 23, Gulshan-e-Iqbal, Karachi",Istanbul,2025-01-15,First,560453
TRP-5096258,Mehwish Kazmi,H#164 St-23 Gulshan-e-Iqbal Karachi,Dubai,2024-01-03,Business,376659
TRP-7484371,Syed Anas Dar,مکان 227 گلی 23 Madina Town Faisalabad,Kuala Lumpur,2025-06-04,First,398438
TRP-3113334,A.Dar,"House No. 227, Gali 23, Madina Town, Faisalabad",Dubai,2024-11-11,Business,472324
TRP-9301716,A. Dar,"House 227, Street 23, Madina Town, Faisalabad",Jeddah,2025-07-01,First,414381
TRP-3783972,J.Butt,"House No. 336, Gali 11, DHA Phase 5, Lahore",London,2024-03-24,Business,1064765
TRP-5503445,J.Butt,"House 336, Street 11, DHA Phase 5, Lahore",London,2024-01-28,Business,1343497
TRP-5269641,J.Butt,"House No. 336, Gali 11, DHA Phase 5, Lahore",London,2025-10-30,First,1262495
TRP-3769826,Naveed خان,مکان 34 گلی 2 Gulberg III لاہور,Kuala Lumpur,2025-11-08,Business,457068
TRP-6631395,Naveed خان,"House No. 34, Gali 2, Gulberg III, Lahore",London,2026-05-30,First,1215649
TRP-1921875,Malik Naveed Khan,"House No. 34, Gali 2, Gulberg III, Lahore",Jeddah,2025-12-14,First,342772
TRP-9678111,N. Khan,مکان 34 گلی 2 Gulberg III لاہور,Kuala Lumpur,2025-09-17,First,393618
TRP-6864866,Syed Sajid Sandhu,H#283 St-5 HayatabadPhase3 Peshawar,Dubai,2025-12-17,Business,461639
TRP-1865616,Malik Sajid Sandhu,H#283 St-5 HayatabadPhase3 Peshawar,Jeddah,2024-06-08,First,372664
TRP-2089022,Rashid Tareen,"House No. 239, Gali 2, Wapda Town, Lahore",London,2025-07-19,First,992249
TRP-9790873,Rashid Tareen,"House No. 239, Gali 2, Wapda Town, Lahore",Jeddah,2024-01-05,Business,435151
TRP-6571108,Rashid Tareen,H#239 St-2 WapdaTown Lahore,Kuala Lumpur,2026-02-08,First,659112
TRP-4540127,Rashid Tareen,"House 239, Street 2, Wapda Town, Lahore",Istanbul,2025-01-07,First,591362
TRP-3669413,Sardar Rashid Tareen,H#239 St-2 WapdaTown Lahore,Baku,2024-05-24,First,306631
TRP-9203252,R.Tareen,H#239 St-2 WapdaTown Lahore,Jeddah,2024-01-29,Business,462098
TRP-5478708,Rana Zeeshan Orakzai,"House 26, Street 31, DHA Phase 6, Karachi",Jeddah,2024-09-29,Business,369358
TRP-9690400,Z. Orakzai,مکان 26 گلی 31 DHA Phase 6 کراچی,Baku,2025-04-12,Business,319133
TRP-4701762,Malik Zeeshan Orakzai,"House 26, Street 31, DHA Phase 6, Karachi",Jeddah,2024-08-08,Business,387489
TRP-8125937,Z.Orakzai,"House 26, Street 31, DHA Phase 6, Karachi",Kuala Lumpur,2025-12-27,First,490569
TRP-2614485,Z. Hashmi,"House No. 171, Gali 37, Bahria Phase 4, Rawalpindi",Kuala Lumpur,2024-03-20,First,427308
TRP-9322378,Zeeshan Hashmi,H#171 St-37 BahriaPhase4 Rawalpindi,Kuala Lumpur,2025-12-08,First,529082
TRP-6744201,Haji Zeeshan Hashmi,"House 171, Street 37, Bahria Phase 4, Rawalpindi",Jeddah,2025-09-21,Business,442174
TRP-7457780,Hussain Khattak,H#83 St-6 DHAPhase6 Karachi,Karachi,2026-04-26,Economy,78038
TRP-5948590,Obaid Siddiqui,"House 292, Street 11, Clifton Block 2, Karachi",Kuala Lumpur,2024-05-27,First,665541
TRP-1256845,Obaid Siddiqui,"House 292, Street 11, Clifton Block 2, Karachi",Kuala Lumpur,2025-11-20,Business,451831
TRP-1675599,O.Siddiqui,"House 292, Street 11, Clifton Block 2, Karachi",Dubai,2025-08-10,Business,469151
TRP-2909332,Malik Obaid Siddiqui,"House No. 292, Gali 11, Clifton Block 2, Karachi",Dubai,2026-05-22,Business,318590
TRP-1663598,Rida ملک,مکان 157 گلی 29 Madina Town Faisalabad,Skardu,2026-03-21,Economy,113270
TRP-8868738,Laiba Niazi,مکان 13 گلی 9 Gulgasht Multan,Kuala Lumpur,2024-02-07,First,428524
TRP-4809360,L. Niazi,"House No. 13, Gali 9, Gulgasht, Multan",Dubai,2025-03-30,First,371901
TRP-2531495,L.Niazi,"House No. 13, Gali 9, Gulgasht, Multan",Jeddah,2026-05-14,Business,520603
TRP-5015485,Laiba Niazi,H#13 St-9 Gulgasht Multan,Kuala Lumpur,2026-03-18,First,542213
TRP-2939872,N.Tareen,مکان 376 گلی 39 Shah Rukn-e-Alam Multan,Kuala Lumpur,2026-03-27,First,409962
TRP-7647635,Nadeem ملک,"House No. 119, Gali 29, D Ground, Faisalabad",Karachi,2024-03-28,Economy,67105
TRP-3422687,Mian Nimra Gilani,"House 224, Street 20, Satellite Town, Rawalpindi",London,2024-10-17,Business,1132938
TRP-7165941,Nimra Gilani,"House 224, Street 20, Satellite Town, Rawalpindi",Baku,2025-10-18,Business,303723
TRP-1623503,Nimra Gilani,"House No. 224, Gali 20, Satellite Town, Rawalpindi",Baku,2026-01-03,Business,289223
TRP-5960533,Nimra Gilani,مکان 224 گلی 20 Satellite Town راولپنڈی,London,2026-03-04,Business,1090642
TRP-5401701,N. Gilani,"House 224, Street 20, Satellite Town, Rawalpindi",Istanbul,2025-10-09,Business,592334
TRP-7392303,M.Shirazi,"House 66, Street 13, Gulgasht, Multan",Lahore,2026-05-19,Economy,40072
TRP-8472474,Ahmed Gill,H#107 St-14 DHAPhase5 Lahore,Jeddah,2024-07-24,Business,535291
TRP-9189903,A.Janjua,H#104 St-30 Westridge Rawalpindi,Kuala Lumpur,2024-02-15,First,383217
TRP-6912567,Sardar Adnan Janjua,H#104 St-30 Westridge Rawalpindi,Jeddah,2024-04-30,Business,463597
TRP-4563037,Adnan Janjua,H#104 St-30 Westridge Rawalpindi,Baku,2025-09-05,First,321742
TRP-5882499,Adnan Janjua,"House No. 104, Gali 30, Westridge, Rawalpindi",Kuala Lumpur,2024-06-13,Business,595479
TRP-4269759,Adnan Janjua,"House No. 104, Gali 30, Westridge, Rawalpindi",Istanbul,2025-10-05,Business,494864
TRP-1533163,Adnan Janjua,"House 104, Street 30, Westridge, Rawalpindi",Dubai,2024-04-17,First,399406
TRP-6765286,Y.Butt,مکان 306 گلی 38 G-10/2 اسلام آباد,Kuala Lumpur,2025-02-25,Business,637809
TRP-8674052,Y.Butt,"House 306, Street 38, G-10/2, Islamabad",London,2024-11-23,First,1138140
TRP-7196570,Y. Butt,مکان 306 گلی 38 G-10/2 اسلام آباد,Istanbul,2025-12-31,Business,414655
TRP-7461183,Chaudhary Noor Janjua,"House 50, Street 34, Clifton Block 2, Karachi",Jeddah,2025-02-13,Business,525036
TRP-7255787,N.Janjua,"House No. 50, Gali 34, Clifton Block 2, Karachi",Istanbul,2024-01-10,Business,540454
TRP-6073798,Rana Noor Janjua,"House 50, Street 34, Clifton Block 2, Karachi",Kuala Lumpur,2024-07-05,First,661035
TRP-3481000,Sardar Noor Janjua,"House No. 50, Gali 34, Clifton Block 2, Karachi",Dubai,2025-07-04,First,403439
TRP-3524845,N. Janjua,مکان 50 گلی 34 Clifton Block 2 کراچی,Istanbul,2024-12-22,Business,519392
TRP-7507444,Noor Janjua,"House No. 50, Gali 34, Clifton Block 2, Karachi",Kuala Lumpur,2026-05-20,First,668066
TRP-4603061,Javeria Kayani,مکان 73 گلی 37 Wapda Town لاہور,Baku,2025-04-20,Business,295792
TRP-8202820,Javeria Kayani,"House 73, Street 37, Wapda Town, Lahore",Jeddah,2025-02-10,First,380517
TRP-7357613,J.Kayani,H#73 St-37 WapdaTown Lahore,Jeddah,2024-07-03,First,566656
TRP-3174093,Javeria Kayani,H#73 St-37 WapdaTown Lahore,Jeddah,2024-06-24,Business,475805
TRP-2917721,J. Kayani,"House No. 73, Gali 37, Wapda Town, Lahore",Jeddah,2025-12-25,First,397598
TRP-4581634,Kamran Sandhu,"House No. 391, Gali 16, Chaklala Scheme 3, Rawalpindi",Baku,2024-08-23,Business,377762
TRP-7756726,Zeeshan شیخ,"House 137, Street 2, Peoples Colony, Faisalabad",Baku,2024-06-19,Business,383706
TRP-5508061,Mian Zeeshan Sheikh,"House 137, Street 2, Peoples Colony, Faisalabad",Baku,2024-10-24,Business,428756
TRP-3069884,Z.Sheikh,"House No. 137, Gali 2, Peoples Colony, Faisalabad",Istanbul,2025-03-17,Business,519368
TRP-1412356,Zeeshan شیخ,H#137 St-2 PeoplesColony Faisalabad,London,2025-11-30,Business,1146516
TRP-5072117,A.Chaudhry,"House No. 353, Gali 21, Gulshan-e-Iqbal, Karachi",Dubai,2025-11-09,First,379449
TRP-8811844,A. Chaudhry,مکان 353 گلی 21 Gulshan-e-Iqbal کراچی,London,2025-10-14,Business,848560
TRP-3342978,عائشہ چوہدری,"House 353, Street 21, Gulshan-e-Iqbal, Karachi",Istanbul,2024-08-07,First,387559
TRP-2744390,Ayesha Chaudhry,H#353 St-21 Gulshan-e-Iqbal Karachi,London,2025-11-15,Business,1206816
TRP-4256561,عائشہ چوہدری,"House No. 353, Gali 21, Gulshan-e-Iqbal, Karachi",Jeddah,2025-01-07,Business,484987
TRP-7051878,A. Chaudhry,"House No. 353, Gali 21, Gulshan-e-Iqbal, Karachi",Baku,2024-11-27,Business,356148
TRP-1730323,Owais Mughal,"House No. 233, Gali 2, Chaklala Scheme 3, Rawalpindi",London,2024-09-03,First,815163
TRP-5208966,O. Mughal,H#233 St-2 ChaklalaScheme3 Rawalpindi,Kuala Lumpur,2025-07-02,Business,416524
TRP-3033194,O. Mughal,H#233 St-2 ChaklalaScheme3 Rawalpindi,Kuala Lumpur,2024-01-31,First,607225
TRP-3414135,L. Malik,مکان 46 گلی 22 G-13/1 اسلام آباد,Dubai,2025-12-22,Business,341330
TRP-6421218,Luqman ملک,مکان 46 گلی 22 G-13/1 اسلام آباد,Kuala Lumpur,2025-08-06,First,608920
TRP-7017308,L.Malik,H#46 St-22 G-13/1 Islamabad,Baku,2025-09-03,Business,349015
TRP-2177517,Luqman Malik,H#46 St-22 G-13/1 Islamabad,Dubai,2024-03-05,First,366680
TRP-1751730,Rana Luqman Malik,H#46 St-22 G-13/1 Islamabad,Kuala Lumpur,2025-02-15,Business,462860
TRP-9882850,R.Niazi,"House No. 133, Gali 16, DHA Phase 6, Karachi",Dubai,2026-04-20,Business,347434
TRP-6141532,Rida Niazi,H#133 St-16 DHAPhase6 Karachi,Dubai,2025-08-12,Business,314958
TRP-2885146,Sardar Rida Niazi,مکان 133 گلی 16 DHA Phase 6 کراچی,Kuala Lumpur,2025-01-31,First,468267
TRP-9159821,Syed Rida Niazi,H#133 St-16 DHAPhase6 Karachi,Dubai,2025-06-17,First,467709
TRP-1661227,Maryam Mughal,"House 388, Street 7, Chaklala Scheme 3, Rawalpindi",London,2024-11-06,First,1316799
TRP-7282781,Syed Maryam Mughal,"House No. 388, Gali 7, Chaklala Scheme 3, Rawalpindi",Baku,2024-02-04,First,283348
TRP-7974755,M. Mughal,H#388 St-7 ChaklalaScheme3 Rawalpindi,Baku,2025-06-19,Business,338855
TRP-2513015,N. Joiya,"House No. 262, Gali 18, North Nazimabad, Karachi",Skardu,2026-01-13,Economy,110899
TRP-3397461,Sardar Kashif Shirazi,مکان 84 گلی 23 Shah Rukn-e-Alam Multan,Skardu,2025-08-28,Economy,118701
TRP-4553967,Javeria Lodhi,مکان 330 گلی 6 University Town Peshawar,London,2024-09-16,First,1295433
TRP-2290708,J. Lodhi,مکان 330 گلی 6 University Town Peshawar,Kuala Lumpur,2024-04-30,First,574924
TRP-1193509,J.Lodhi,"House No. 330, Gali 6, University Town, Peshawar",Dubai,2025-01-14,Business,520198
TRP-2256242,Javeria Lodhi,"House 330, Street 6, University Town, Peshawar",Istanbul,2025-10-20,First,471044
TRP-5558629,H.Abbasi,"House No. 2, Gali 28, DHA Phase 6, Karachi",Dubai,2025-03-10,First,479730
TRP-7517241,Hina Abbasi,مکان 2 گلی 28 DHA Phase 6 کراچی,Kuala Lumpur,2025-01-25,Business,393342
TRP-5762321,Hina Abbasi,H#2 St-28 DHAPhase6 Karachi,Jeddah,2026-05-28,Business,324093
TRP-3578899,Syed Hina Abbasi,مکان 2 گلی 28 DHA Phase 6 کراچی,Jeddah,2025-08-02,Business,392641
TRP-3008862,Hina Abbasi,مکان 2 گلی 28 DHA Phase 6 کراچی,Jeddah,2025-10-16,Business,345807
TRP-2756258,Hina Abbasi,"House 2, Street 28, DHA Phase 6, Karachi",London,2024-11-10,First,1157942
TRP-4197113,علی Warraich,H#397 St-2 Gulshan-e-Iqbal Karachi,Karachi,2024-11-24,Economy,63442
TRP-4324989,Jawad Niazi,مکان 43 گلی 12 Chaklala Scheme 3 راولپنڈی,Dubai,2024-10-10,First,457295
TRP-5994760,J.Niazi,مکان 43 گلی 12 Chaklala Scheme 3 راولپنڈی,Jeddah,2026-02-25,First,356335
TRP-3369352,J.Niazi,H#43 St-12 ChaklalaScheme3 Rawalpindi,Istanbul,2025-08-12,Business,340077
TRP-9863154,M.Saddozai,"House No. 3, Gali 16, Madina Town, Faisalabad",Istanbul,2025-04-11,Business,403698
TRP-1330798,Mehwish Saddozai,H#3 St-16 MadinaTown Faisalabad,Istanbul,2025-09-30,First,550034
TRP-7566724,Mehwish Saddozai,"House No. 3, Gali 16, Madina Town, Faisalabad",Kuala Lumpur,2025-09-30,First,437574
TRP-4740019,Mehwish Saddozai,H#3 St-16 MadinaTown Faisalabad,Baku,2025-09-11,First,295799
TRP-4300146,M.Saddozai,H#3 St-16 MadinaTown Faisalabad,Baku,2024-04-07,First,402192
TRP-2237118,M. Saddozai,"House 3, Street 16, Madina Town, Faisalabad",Istanbul,2025-01-22,First,437624
TRP-5430298,S. Cheema,H#362 St-8 PeoplesColony Faisalabad,Baku,2024-05-25,First,436385
TRP-3655439,S. Cheema,"House 362, Street 8, Peoples Colony, Faisalabad",London,2025-03-07,Business,1122355
TRP-1259796,Chaudhary Shoaib Cheema,"House 362, Street 8, Peoples Colony, Faisalabad",Jeddah,2026-05-19,Business,376694
TRP-8057509,G.Shirazi,"House No. 325, Gali 25, Gulbahar, Peshawar",Baku,2026-02-22,Business,312237
TRP-2765374,Gul Shirazi,H#325 St-25 Gulbahar Peshawar,Baku,2026-03-21,First,265000
TRP-9668224,G.Shirazi,مکان 325 گلی 25 Gulbahar Peshawar,Jeddah,2024-06-09,Business,448616
TRP-3192355,Ehsan Gondal,"House 215, Street 36, E-11/2, Islamabad",Baku,2024-02-01,Business,418148
TRP-2521883,Ehsan Gondal,مکان 215 گلی 36 E-11/2 اسلام آباد,Istanbul,2025-09-01,Business,539964
TRP-6723904,Rana Ehsan Gondal,"House 215, Street 36, E-11/2, Islamabad",Baku,2025-03-16,First,408218
TRP-5840029,Noor Bangash,"House No. 181, Gali 30, Madina Town, Faisalabad",Dubai,2024-12-22,First,368555
TRP-2442514,N.Bangash,"House 181, Street 30, Madina Town, Faisalabad",Dubai,2024-08-29,First,360219
TRP-7597904,Sardar Laiba Wazir,"House 283, Street 23, University Town, Peshawar",Baku,2025-10-25,Business,379267
TRP-4556836,Laiba Wazir,H#283 St-23 UniversityTown Peshawar,Baku,2025-11-09,Business,304652
TRP-2108535,L. Wazir,"House No. 283, Gali 23, University Town, Peshawar",Jeddah,2026-04-28,Business,351310
TRP-2066424,Rana Jawad Chaudhry,"House No. 369, Gali 24, North Nazimabad, Karachi",Jeddah,2024-04-14,First,412417
TRP-4566796,Rana Jawad Chaudhry,H#369 St-24 NorthNazimabad Karachi,Jeddah,2024-02-28,First,491634
TRP-3320118,J. Chaudhry,H#369 St-24 NorthNazimabad Karachi,Baku,2024-02-03,First,315292
TRP-8711272,Syed Waseem Hashmi,"House 394, Street 10, Gulshan-e-Iqbal, Karachi",Skardu,2024-06-24,Economy,96942
TRP-5473188,S.Cheema,H#71 St-35 DHAPhase5 Lahore,Skardu,2026-05-10,Economy,71604
TRP-2358114,F.Shirazi,"House 117, Street 25, DHA Phase 6, Karachi",Baku,2025-07-29,First,338378
TRP-3767159,Farah Shirazi,مکان 117 گلی 25 DHA Phase 6 کراچی,Dubai,2024-01-15,First,305483
TRP-7798468,F. Shirazi,"House 117, Street 25, DHA Phase 6, Karachi",London,2025-02-12,First,828626
TRP-5985930,F.Shirazi,"House No. 117, Gali 25, DHA Phase 6, Karachi",London,2025-03-26,Business,1214476
TRP-9596527,J. Kakar,"House 396, Street 30, Model Town, Lahore",Karachi,2024-03-06,Economy,75996
TRP-1036906,Maryam Khattak,"House No. 247, Gali 4, Hayatabad Phase 3, Peshawar",Karachi,2025-11-15,Economy,59793
TRP-3125291,Rana Hina Malik,"House No. 227, Gali 19, Hayatabad Phase 3, Peshawar",Istanbul,2024-11-26,First,594063
TRP-8788210,Syed Hina Malik,مکان 227 گلی 19 Hayatabad Phase 3 Peshawar,London,2026-03-29,Business,1014469
TRP-2199295,H. Malik,مکان 227 گلی 19 Hayatabad Phase 3 Peshawar,Jeddah,2024-03-22,Business,375184
TRP-5559985,H.Dar,"House No. 35, Gali 14, Westridge, Rawalpindi",Dubai,2024-10-08,Business,366389
TRP-6421013,Mian Muhammad Gill,مکان 352 گلی 34 Hayatabad Phase 3 Peshawar,London,2025-01-23,First,1314532
TRP-2465340,T. Bhatti,"House 220, Street 17, Madina Town, Faisalabad",London,2026-05-07,First,1139723
TRP-6034675,T. Bhatti,"House 220, Street 17, Madina Town, Faisalabad",Dubai,2025-01-07,First,323666
TRP-3404191,Tariq Bhatti,مکان 220 گلی 17 Madina Town Faisalabad,Istanbul,2024-02-05,First,481836
TRP-1999437,Haji Tariq Bhatti,"House No. 220, Gali 17, Madina Town, Faisalabad",London,2024-07-24,First,1118271
TRP-1144622,Tariq Bhatti,"House No. 220, Gali 17, Madina Town, Faisalabad",Kuala Lumpur,2025-11-17,First,497930
TRP-3763343,F.Bukhari,H#124 St-34 Cantt Multan,Lahore,2026-01-19,Economy,35808
TRP-9202531,Waqas Yousafzai,مکان 59 گلی 19 Madina Town Faisalabad,Kuala Lumpur,2025-10-02,Business,557409
TRP-6034703,Haji Jawad Ansari,H#297 St-1 E-11/2 Islamabad,Skardu,2026-02-09,Economy,99207
TRP-7624079,Malik Obaid Gilani,"House 8, Street 7, Gulbahar, Peshawar",Jeddah,2026-04-07,Business,495878
TRP-1448315,O. Gilani,H#8 St-7 Gulbahar Peshawar,Istanbul,2024-10-02,Business,368047
TRP-2016776,I. Sial,"House 37, Street 29, Peoples Colony, Faisalabad",Jeddah,2025-12-25,First,436658
TRP-5776348,Haji Imran Sial,"House No. 37, Gali 29, Peoples Colony, Faisalabad",Istanbul,2026-03-09,First,567324
TRP-2979441,Mian Taimoor Kakar,مکان 351 گلی 1 I-8/4 اسلام آباد,Skardu,2024-08-09,Economy,106358
TRP-4122170,F.Yousafzai,"House 282, Street 21, Gulgasht, Multan",Baku,2026-02-08,First,402095
TRP-9098839,Farhan Yousafzai,مکان 282 گلی 21 Gulgasht Multan,Kuala Lumpur,2024-07-25,Business,492273
TRP-8172775,F. Yousafzai,مکان 282 گلی 21 Gulgasht Multan,Baku,2024-06-27,First,445674
TRP-2777550,M. Kakar,"House No. 31, Gali 9, Madina Town, Faisalabad",Kuala Lumpur,2025-01-28,Business,559840
TRP-9564333,Mubashir Kakar,مکان 31 گلی 9 Madina Town Faisalabad,Jeddah,2026-04-21,Business,431146
TRP-3654330,M. Kakar,مکان 31 گلی 9 Madina Town Faisalabad,Kuala Lumpur,2025-11-17,Business,601858
TRP-9990778,U. Mughal,مکان 156 گلی 23 D Ground Faisalabad,Istanbul,2025-06-23,Business,591427
TRP-5875488,U. Mughal,H#156 St-23 DGround Faisalabad,Dubai,2024-03-13,First,459549
TRP-1204805,Mian Ubaid Mughal,مکان 156 گلی 23 D Ground Faisalabad,London,2025-07-26,Business,819754
TRP-6808445,A. Joiya,"House No. 259, Gali 35, Cantt, Multan",Dubai,2025-05-10,Business,351871
TRP-1710485,A.Joiya,H#259 St-35 Cantt Multan,Kuala Lumpur,2024-06-09,Business,513876
TRP-7724596,Rana Jawad Kakar,"House 122, Street 40, University Town, Peshawar",London,2024-08-28,First,770307
TRP-7435445,Jawad Kakar,"House No. 122, Gali 40, University Town, Peshawar",Istanbul,2024-05-08,First,448064
TRP-9720815,Jawad Kakar,مکان 122 گلی 40 University Town Peshawar,Istanbul,2024-12-17,First,458063
TRP-1160147,Khadija Gondal,"House No. 179, Gali 13, Bahria Phase 4, Rawalpindi",Karachi,2024-03-31,Economy,67731
TRP-4804822,Chaudhary Ghulam Chaudhry,مکان 192 گلی 22 F-8/3 اسلام آباد,Lahore,2025-03-23,Economy,46677
TRP-8642454,Haji Umar Tareen,مکان 99 گلی 11 Hayatabad Phase 3 Peshawar,Baku,2025-09-10,First,259027
TRP-1337611,U.Tareen,H#99 St-11 HayatabadPhase3 Peshawar,Baku,2024-02-23,Business,330857
TRP-8200375,Umar Tareen,"House 99, Street 11, Hayatabad Phase 3, Peshawar",Istanbul,2024-01-25,Business,362501
TRP-8477763,Syed Umar Tareen,"House No. 99, Gali 11, Hayatabad Phase 3, Peshawar",Jeddah,2025-09-21,First,525566
TRP-3974713,W.Bukhari,مکان 400 گلی 22 E-11/2 اسلام آباد,Istanbul,2024-03-04,First,389667
TRP-6148298,Waqas Bukhari,"House No. 400, Gali 22, E-11/2, Islamabad",Dubai,2025-03-14,First,498812
TRP-8003758,Waqas Bukhari,"House 400, Street 22, E-11/2, Islamabad",Baku,2026-05-30,Business,282564
TRP-7513828,Malik Waqas Bukhari,H#400 St-22 E-11/2 Islamabad,Kuala Lumpur,2025-08-14,First,433609
TRP-7063990,W.Bukhari,H#400 St-22 E-11/2 Islamabad,London,2025-06-27,First,856637
TRP-8684346,Rana Waqas Bukhari,مکان 400 گلی 22 E-11/2 اسلام آباد,Kuala Lumpur,2024-12-22,First,495790
TRP-1382273,H. Abbasi,"House No. 206, Gali 13, Westridge, Rawalpindi",Kuala Lumpur,2024-02-09,Business,543659
TRP-3813886,Hamza Abbasi,"House No. 206, Gali 13, Westridge, Rawalpindi",Istanbul,2024-11-04,First,435900
TRP-1862667,H.Abbasi,"House No. 206, Gali 13, Westridge, Rawalpindi",Jeddah,2025-07-08,Business,536020
TRP-4552531,Hamza Abbasi,"House No. 206, Gali 13, Westridge, Rawalpindi",Baku,2025-10-19,Business,262692
TRP-8880222,Hamza Abbasi,"House No. 206, Gali 13, Westridge, Rawalpindi",Jeddah,2024-07-12,Business,390718
TRP-6106328,Rana Hamza Abbasi,"House No. 206, Gali 13, Westridge, Rawalpindi",Istanbul,2024-02-07,Business,460010
TRP-3099266,Shahzad Sial,H#243 St-21 UniversityTown Peshawar,Karachi,2024-06-09,Economy,58007
TRP-9947424,K. Malik,مکان 62 گلی 29 Madina Town Faisalabad,Jeddah,2026-03-27,Business,403730
TRP-5064890,Rana Kinza Malik,"House 62, Street 29, Madina Town, Faisalabad",Jeddah,2024-12-03,Business,556130
TRP-2905879,K. Malik,H#62 St-29 MadinaTown Faisalabad,Jeddah,2025-04-28,Business,455327
TRP-2370292,K. Malik,"House No. 62, Gali 29, Madina Town, Faisalabad",Istanbul,2024-03-29,First,385608
TRP-1203467,Haji Saqib Awan,H#98 St-11 DHAPhase5 Lahore,Skardu,2025-02-01,Economy,75971
TRP-6285825,Sana Joiya,"House No. 327, Gali 9, North Nazimabad, Karachi",Kuala Lumpur,2025-09-09,Business,630702
TRP-5612012,Sana Joiya,"House No. 327, Gali 9, North Nazimabad, Karachi",Jeddah,2024-04-21,First,550135
TRP-4554891,Rana Sana Joiya,مکان 327 گلی 9 North Nazimabad کراچی,Istanbul,2025-02-04,First,381982
TRP-9126450,Adnan Raja,"House No. 121, Gali 17, D Ground, Faisalabad",Skardu,2024-08-22,Economy,89203
TRP-1620017,A. Tareen,مکان 182 گلی 7 Westridge راولپنڈی,Skardu,2024-12-28,Economy,81372
TRP-8732365,R. Lodhi,مکان 171 گلی 33 G-13/1 اسلام آباد,Lahore,2025-07-24,Economy,45371
TRP-7804611,J. Kakar,"House 364, Street 31, Model Town, Lahore",Dubai,2026-03-13,Business,305148
TRP-7432968,J. Kakar,مکان 364 گلی 31 Model Town لاہور,Baku,2026-05-10,Business,401610
TRP-2500645,T.Gill,"House No. 326, Gali 26, Gulgasht, Multan",Baku,2024-11-04,First,301429
TRP-1922893,T. Gill,"House No. 326, Gali 26, Gulgasht, Multan",Istanbul,2024-07-10,First,461556
TRP-8107808,Malik Talha Gill,مکان 326 گلی 26 Gulgasht Multan,Jeddah,2025-04-21,Business,379023
TRP-9022373,T.Gill,"House No. 326, Gali 26, Gulgasht, Multan",London,2025-04-06,First,1114053
TRP-1852550,Malik Shoaib Janjua,H#276 St-40 JoharTown Lahore,Karachi,2024-06-14,Economy,72346
TRP-3251407,S.Bukhari,مکان 3 گلی 3 Westridge راولپنڈی,Kuala Lumpur,2024-01-06,First,388980
TRP-3728940,Salman Bukhari,H#3 St-3 Westridge Rawalpindi,Kuala Lumpur,2025-10-10,Business,465375
TRP-6763949,S. Bukhari,"House 3, Street 3, Westridge, Rawalpindi",London,2024-07-20,First,1312321
TRP-4226781,S.Bukhari,مکان 3 گلی 3 Westridge راولپنڈی,Istanbul,2026-05-20,Business,540417
TRP-1836383,Rana Hussain Bhatti,مکان 205 گلی 8 Gulshan-e-Iqbal کراچی,Lahore,2024-10-22,Economy,34926
TRP-7429274,Irfan Dar,"House 366, Street 23, Gulgasht, Multan",Jeddah,2024-05-07,First,337832
TRP-1042888,Irfan Dar,"House 366, Street 23, Gulgasht, Multan",Istanbul,2024-07-25,First,433442
TRP-5695637,Rana Irfan Dar,H#366 St-23 Gulgasht Multan,Jeddah,2024-08-23,Business,340716
TRP-5304970,I. Dar,H#366 St-23 Gulgasht Multan,Dubai,2024-10-18,Business,482424
TRP-6818363,S.Sial,"House 218, Street 10, E-11/2, Islamabad",Skardu,2024-04-08,Economy,91521
TRP-7369385,Ahmed Khattak,"House No. 133, Gali 19, Gulbahar, Peshawar",Lahore,2024-11-15,Economy,40645
TRP-7409318,Malik Luqman Gill,"House 60, Street 13, Gulberg III, Lahore",Baku,2024-07-20,First,396690
TRP-8513961,Mian Luqman Gill,"House 60, Street 13, Gulberg III, Lahore",Jeddah,2025-11-13,First,481812
TRP-1708025,L. Gill,"House 60, Street 13, Gulberg III, Lahore",London,2024-04-30,Business,878937
TRP-2691505,Luqman Gill,"House 60, Street 13, Gulberg III, Lahore",Baku,2025-09-27,First,331462
TRP-7490399,L.Gill,مکان 60 گلی 13 Gulberg III لاہور,Istanbul,2026-04-01,Business,535104
TRP-1304700,Luqman Gill,"House 60, Street 13, Gulberg III, Lahore",Kuala Lumpur,2024-10-30,Business,636947
TRP-3368421,Z.Tarar,"House No. 217, Gali 14, Hayatabad Phase 3, Peshawar",Jeddah,2024-01-10,Business,361400
TRP-2116032,Sardar Zafar Tarar,H#217 St-14 HayatabadPhase3 Peshawar,Jeddah,2024-08-26,Business,340452
TRP-1720989,Zafar Tarar,مکان 217 گلی 14 Hayatabad Phase 3 Peshawar,Dubai,2024-07-30,Business,305312
TRP-3069094,Zafar Tarar,مکان 217 گلی 14 Hayatabad Phase 3 Peshawar,Dubai,2025-10-15,Business,372343
TRP-9891863,Zafar Tarar,"House No. 217, Gali 14, Hayatabad Phase 3, Peshawar",Jeddah,2026-05-20,Business,355532
TRP-2843953,Zafar Tarar,مکان 217 گلی 14 Hayatabad Phase 3 Peshawar,Kuala Lumpur,2024-02-22,Business,531525
TRP-2947070,N. Yousafzai,مکان 89 گلی 20 Peoples Colony Faisalabad,Dubai,2025-02-23,Business,479189
TRP-1225583,Rana Nimra Yousafzai,مکان 89 گلی 20 Peoples Colony Faisalabad,London,2026-01-26,Business,1065954
TRP-1304159,N.Yousafzai,مکان 89 گلی 20 Peoples Colony Faisalabad,Baku,2024-05-11,First,320245
TRP-2357762,Syed Nimra Yousafzai,"House 89, Street 20, Peoples Colony, Faisalabad",Istanbul,2024-01-01,Business,366339
TRP-1196852,Owais Lodhi,H#40 St-32 UniversityTown Peshawar,Baku,2024-11-09,First,434222
TRP-7570796,Maryam Sandhu,"House No. 194, Gali 9, Cantt, Multan",Dubai,2024-09-10,Business,524552
TRP-2596862,Maryam Sandhu,"House No. 194, Gali 9, Cantt, Multan",Baku,2025-03-30,Business,259520
TRP-7906800,Sardar Sana Sial,مکان 137 گلی 5 Gulgasht Multan,Istanbul,2024-04-12,Business,394487
TRP-8104980,S.Sial,H#137 St-5 Gulgasht Multan,London,2024-02-07,Business,1301006
TRP-2947013,Zeeshan Mirza,مکان 259 گلی 34 Westridge راولپنڈی,Karachi,2024-09-15,Economy,80873
TRP-3134830,Danish Warraich,H#189 St-20 PeoplesColony Faisalabad,Dubai,2024-09-07,First,301023
TRP-9643938,D.Warraich,"House 189, Street 20, Peoples Colony, Faisalabad",Kuala Lumpur,2024-07-18,First,602992
TRP-4483406,D.Warraich,"House 189, Street 20, Peoples Colony, Faisalabad",Kuala Lumpur,2024-05-02,First,671596
TRP-6549525,Danish Warraich,H#189 St-20 PeoplesColony Faisalabad,Kuala Lumpur,2026-01-19,Business,669019
TRP-9596957,حسین Cheema,"House No. 362, Gali 16, F-8/3, Islamabad",London,2026-04-27,First,1314350
TRP-7960119,حسین Cheema,"House No. 362, Gali 16, F-8/3, Islamabad",London,2025-12-12,First,1073587
TRP-3903771,Hussain Cheema,H#362 St-16 F-8/3 Islamabad,Baku,2025-01-13,Business,438229
TRP-1411238,Hussain Cheema,H#362 St-16 F-8/3 Islamabad,Baku,2026-03-09,Business,263055
TRP-1142740,Sadia Awan,"House 216, Street 27, Bahria Phase 4, Rawalpindi",Dubai,2025-04-02,First,517123
TRP-8621065,S. Awan,مکان 216 گلی 27 Bahria Phase 4 راولپنڈی,London,2026-02-23,Business,1281788
TRP-2963649,Sadia Awan,مکان 216 گلی 27 Bahria Phase 4 راولپنڈی,Jeddah,2024-07-29,First,464096
TRP-3245860,Sadia Awan,H#216 St-27 BahriaPhase4 Rawalpindi,Istanbul,2026-03-20,First,400724
TRP-4164359,Sadia Awan,H#216 St-27 BahriaPhase4 Rawalpindi,London,2024-09-07,First,994916
TRP-9773621,F. Khattak,H#169 St-14 MadinaTown Faisalabad,London,2025-09-04,Business,1091895
TRP-9343993,F.Khattak,H#169 St-14 MadinaTown Faisalabad,Kuala Lumpur,2024-04-27,First,417540
TRP-1867596,Malik Fatima Khattak,"House No. 169, Gali 14, Madina Town, Faisalabad",Istanbul,2025-09-14,First,414392
TRP-9709797,Saqib Afridi,"House 344, Street 20, DHA Phase 5, Lahore",London,2024-09-30,First,1247999
TRP-4903185,S. Afridi,مکان 344 گلی 20 DHA Phase 5 لاہور,Jeddah,2025-05-08,First,496148
TRP-8131193,S.Afridi,H#344 St-20 DHAPhase5 Lahore,Baku,2025-04-21,Business,447679
TRP-3011515,Saqib Afridi,مکان 344 گلی 20 DHA Phase 5 لاہور,Istanbul,2024-04-04,First,569879
TRP-1220991,G. Gilani,"House 82, Street 32, Gulbahar, Peshawar",Jeddah,2025-08-11,Business,547435
TRP-5305889,Haji Gul Gilani,H#82 St-32 Gulbahar Peshawar,London,2024-04-11,First,787064
TRP-1035894,Gul Gilani,H#82 St-32 Gulbahar Peshawar,Istanbul,2025-03-08,First,471271
TRP-6377535,G.Gilani,"House No. 82, Gali 32, Gulbahar, Peshawar",Dubai,2024-11-18,First,387622
TRP-7965670,Gul Gilani,"House 82, Street 32, Gulbahar, Peshawar",Kuala Lumpur,2026-02-24,First,660032
TRP-4407323,M.Mehsud,H#355 St-2 Gulgasht Multan,Jeddah,2024-10-22,First,405325
TRP-2823492,Mubashir Mehsud,"House 355, Street 2, Gulgasht, Multan",Baku,2025-03-23,Business,365915
TRP-9374494,Sardar Mubashir Mehsud,مکان 355 گلی 2 Gulgasht Multan,Dubai,2025-09-23,First,484936
TRP-7779860,M.Mehsud,H#355 St-2 Gulgasht Multan,London,2024-03-20,First,985832
TRP-1111197,Laiba Naqvi,H#119 St-36 ChaklalaScheme3 Rawalpindi,Kuala Lumpur,2025-04-18,First,654055
TRP-9308885,Laiba Naqvi,H#119 St-36 ChaklalaScheme3 Rawalpindi,Kuala Lumpur,2026-03-27,Business,626897
TRP-3786666,Bushra Gondal,مکان 176 گلی 34 Cantt Multan,Istanbul,2026-01-11,First,490639
TRP-1361626,Bushra Gondal,مکان 176 گلی 34 Cantt Multan,Dubai,2026-03-25,First,418669
TRP-7840997,B.Gondal,"House 176, Street 34, Cantt, Multan",Istanbul,2024-07-09,First,467832
TRP-9729883,Z.Kazmi,"House No. 1, Gali 13, I-8/4, Islamabad",Lahore,2026-02-15,Economy,50531
TRP-1637445,O. Afridi,"House No. 229, Gali 4, DHA Phase 5, Lahore",Dubai,2024-10-22,First,375591
TRP-4161249,Obaid Afridi,"House 229, Street 4, DHA Phase 5, Lahore",London,2025-02-18,First,835229
TRP-7615742,T. Chaudhry,"House No. 206, Gali 10, DHA Phase 6, Karachi",Karachi,2024-11-18,Economy,75217
TRP-1764112,Mubashir Naqvi,H#339 St-2 DHAPhase5 Lahore,London,2024-04-01,Business,1092712
TRP-2121055,Mubashir Naqvi,"House 339, Street 2, DHA Phase 5, Lahore",Kuala Lumpur,2025-03-15,Business,634617
TRP-3369019,Uzma Khattak,H#46 St-5 Gulshan-e-Iqbal Karachi,Skardu,2025-12-16,Economy,82339
TRP-6283444,P. Baig,H#144 St-18 ShahRukn-e-Alam Multan,Jeddah,2024-02-26,Business,339364
TRP-5165537,Mian Pervez Baig,"House No. 144, Gali 18, Shah Rukn-e-Alam, Multan",Kuala Lumpur,2025-02-11,First,533595
TRP-8378021,P. Baig,H#144 St-18 ShahRukn-e-Alam Multan,Baku,2025-06-10,First,398411
TRP-7797231,P. Baig,"House No. 144, Gali 18, Shah Rukn-e-Alam, Multan",Jeddah,2024-10-16,First,483154
TRP-1604632,I.Janjua,مکان 283 گلی 18 F-8/3 اسلام آباد,Lahore,2025-01-27,Economy,40478
TRP-8549104,Usman Gill,مکان 358 گلی 28 Johar Town لاہور,Jeddah,2026-01-01,Business,330630
TRP-3772907,Syed Usman Gill,مکان 358 گلی 28 Johar Town لاہور,Dubai,2024-05-01,Business,464201
TRP-8897066,عثمان Gill,مکان 358 گلی 28 Johar Town لاہور,London,2025-10-10,Business,1104724
TRP-7238460,Usman Gill,"House 358, Street 28, Johar Town, Lahore",Baku,2025-03-26,Business,422603
TRP-9738358,Syed Khadija Niazi,"House 342, Street 12, Madina Town, Faisalabad",Dubai,2025-10-09,First,427176
TRP-5391386,Khadija Niazi,مکان 342 گلی 12 Madina Town Faisalabad,Jeddah,2025-09-01,Business,481578
TRP-4337741,Khadija Niazi,"House No. 342, Gali 12, Madina Town, Faisalabad",Jeddah,2024-07-17,Business,335358
TRP-8622026,Khadija Niazi,مکان 342 گلی 12 Madina Town Faisalabad,Jeddah,2025-08-13,First,425385
TRP-7228805,Sardar Khadija Niazi,"House 342, Street 12, Madina Town, Faisalabad",Kuala Lumpur,2024-05-07,First,619880
TRP-7686020,K.Niazi,مکان 342 گلی 12 Madina Town Faisalabad,Kuala Lumpur,2024-06-13,Business,509706
TRP-3637928,K. Tarar,مکان 177 گلی 25 Bahria Phase 4 راولپنڈی,Skardu,2024-02-16,Economy,113765
TRP-8215966,Malik Rida Zaidi,"House 165, Street 36, Bahria Phase 4, Rawalpindi",Istanbul,2024-03-15,Business,365674
TRP-7431470,Rida Zaidi,"House 165, Street 36, Bahria Phase 4, Rawalpindi",Kuala Lumpur,2025-10-14,Business,469949
TRP-3530289,R. Zaidi,مکان 165 گلی 36 Bahria Phase 4 راولپنڈی,Jeddah,2024-07-22,Business,362216
TRP-1524669,Rida Zaidi,H#165 St-36 BahriaPhase4 Rawalpindi,London,2024-10-08,First,860014
TRP-5593969,Sardar Rida Zaidi,"House 165, Street 36, Bahria Phase 4, Rawalpindi",Dubai,2025-02-27,Business,405177
TRP-8917327,Rida Zaidi,"House No. 165, Gali 36, Bahria Phase 4, Rawalpindi",Istanbul,2024-07-28,Business,482735
TRP-7605090,O. Saddozai,مکان 117 گلی 3 Gulgasht Multan,Karachi,2024-04-10,Economy,71087
TRP-7443862,I.Naqvi,مکان 173 گلی 15 Bahria Phase 4 راولپنڈی,Istanbul,2026-03-06,First,560998
TRP-6906507,عمران Naqvi,"House No. 173, Gali 15, Bahria Phase 4, Rawalpindi",Jeddah,2024-09-03,Business,569724
TRP-7855020,I. Naqvi,"House 173, Street 15, Bahria Phase 4, Rawalpindi",Kuala Lumpur,2026-02-13,First,428164
TRP-8460871,Imran Naqvi,"House No. 173, Gali 15, Bahria Phase 4, Rawalpindi",London,2024-05-28,Business,950147
TRP-8278122,N. Kayani,"House No. 206, Gali 9, D Ground, Faisalabad",Lahore,2025-12-24,Economy,52633
TRP-3108623,Nasir Rizvi,H#44 St-31 SatelliteTown Rawalpindi,London,2025-04-01,First,901877
TRP-9544990,N.Rizvi,مکان 44 گلی 31 Satellite Town راولپنڈی,Istanbul,2026-05-22,First,391706
TRP-8192267,Nasir Rizvi,"House 44, Street 31, Satellite Town, Rawalpindi",Istanbul,2025-12-21,First,501058
TRP-6110825,Nasir Rizvi,"House No. 44, Gali 31, Satellite Town, Rawalpindi",Dubai,2025-05-11,Business,497903
TRP-1508288,N.Rizvi,H#44 St-31 SatelliteTown Rawalpindi,Jeddah,2026-03-25,Business,339437
TRP-3732045,Nasir Rizvi,H#44 St-31 SatelliteTown Rawalpindi,London,2024-08-26,Business,1033226
TRP-5049784,Haji Mustafa Kayani,H#84 St-21 B-17 Islamabad,Dubai,2025-12-12,First,308310
TRP-9692873,M.Kayani,"House 84, Street 21, B-17, Islamabad",Jeddah,2024-08-18,Business,518370
TRP-6226450,M.Kayani,H#84 St-21 B-17 Islamabad,Baku,2025-04-05,Business,441875
TRP-5831809,Mustafa Kayani,"House No. 84, Gali 21, B-17, Islamabad",London,2024-09-11,Business,827893
TRP-4262864,I.Gondal,"House 388, Street 37, Clifton Block 2, Karachi",Skardu,2026-01-10,Economy,87474
TRP-2504907,Mahnoor Baig,"House No. 100, Gali 14, Madina Town, Faisalabad",Dubai,2025-12-09,Business,364225
TRP-4878604,M. Baig,"House 100, Street 14, Madina Town, Faisalabad",Baku,2024-10-11,First,296770
TRP-4442829,Owais Lodhi,"House No. 147, Gali 36, University Town, Peshawar",Istanbul,2025-03-22,Business,400046
TRP-5284548,Syed Owais Lodhi,"House No. 147, Gali 36, University Town, Peshawar",Istanbul,2025-12-18,Business,431525
TRP-6684727,Owais Lodhi,مکان 147 گلی 36 University Town Peshawar,Kuala Lumpur,2024-05-13,Business,503782
TRP-9803116,Sardar Owais Lodhi,"House 147, Street 36, University Town, Peshawar",Kuala Lumpur,2024-09-07,Business,606184
TRP-8434131,Mian Atif Chaudhry,"House No. 37, Gali 31, Gulbahar, Peshawar",Istanbul,2025-06-11,Business,598530
TRP-9639810,A. Chaudhry,H#37 St-31 Gulbahar Peshawar,Jeddah,2025-10-24,First,433957
TRP-5679300,Atif چوہدری,"House 37, Street 31, Gulbahar, Peshawar",Dubai,2026-02-26,Business,421953
TRP-9686162,Atif چوہدری,"House 37, Street 31, Gulbahar, Peshawar",London,2024-06-16,First,842350
TRP-5108111,H. Shirazi,H#286 St-23 HayatabadPhase3 Peshawar,Baku,2024-10-11,First,360143
TRP-4492230,H.Shirazi,H#286 St-23 HayatabadPhase3 Peshawar,Dubai,2025-08-07,Business,430681
TRP-1495417,Syed Arsalan Kazmi,"House 284, Street 26, Wapda Town, Lahore",Istanbul,2024-08-02,Business,562892
TRP-8371169,Arsalan Kazmi,"House No. 284, Gali 26, Wapda Town, Lahore",London,2024-10-29,Business,883984
TRP-8454550,A.Kazmi,"House No. 284, Gali 26, Wapda Town, Lahore",London,2025-05-15,Business,1154734
TRP-2971481,Syed Arsalan Kazmi,"House 284, Street 26, Wapda Town, Lahore",Baku,2026-05-12,First,424046
TRP-9940950,Mansoor Bhatti,H#47 St-25 ChaklalaScheme3 Rawalpindi,Istanbul,2025-07-30,First,472585
TRP-9722261,M.Bhatti,"House No. 47, Gali 25, Chaklala Scheme 3, Rawalpindi",Istanbul,2025-08-12,First,344980
TRP-3771473,M.Bhatti,"House 47, Street 25, Chaklala Scheme 3, Rawalpindi",Istanbul,2026-05-18,First,427291
TRP-6272144,Mansoor Bhatti,"House No. 47, Gali 25, Chaklala Scheme 3, Rawalpindi",Jeddah,2024-05-16,Business,382987
TRP-8161740,Mansoor Bhatti,"House 47, Street 25, Chaklala Scheme 3, Rawalpindi",Dubai,2025-08-16,Business,387084
TRP-9901502,Rana Mansoor Bhatti,"House 47, Street 25, Chaklala Scheme 3, Rawalpindi",London,2025-10-19,Business,1164473
TRP-5696269,R.Hashmi,مکان 369 گلی 39 G-13/1 اسلام آباد,Skardu,2025-06-01,Economy,101703
TRP-3830494,Iqra Orakzai,"House 277, Street 19, Peoples Colony, Faisalabad",Kuala Lumpur,2024-01-15,First,478168
TRP-9470281,I. Orakzai,"House 277, Street 19, Peoples Colony, Faisalabad",Kuala Lumpur,2025-05-22,First,423956
TRP-5283838,Iqra Orakzai,"House 277, Street 19, Peoples Colony, Faisalabad",London,2025-09-14,First,1042138
TRP-3658988,Mian Iqra Orakzai,"House 277, Street 19, Peoples Colony, Faisalabad",Dubai,2026-02-12,First,409890
TRP-8064841,I.Orakzai,H#277 St-19 PeoplesColony Faisalabad,London,2026-02-05,Business,1030348
TRP-5321095,Iqra Orakzai,"House 277, Street 19, Peoples Colony, Faisalabad",Jeddah,2025-02-01,Business,433331
TRP-1535573,Madiha Lodhi,"House 372, Street 4, Model Town, Lahore",Istanbul,2026-02-26,First,497001
TRP-5508215,M.Lodhi,مکان 372 گلی 4 Model Town لاہور,London,2026-05-15,Business,1108726
TRP-1471918,Madiha Lodhi,مکان 372 گلی 4 Model Town لاہور,Kuala Lumpur,2025-08-03,Business,600380
TRP-5455881,Zubair Virk,مکان 317 گلی 37 Cantt Multan,Karachi,2025-05-22,Economy,63564
TRP-2257017,Naveed Saddozai,"House No. 379, Gali 35, Clifton Block 2, Karachi",Jeddah,2024-07-11,Business,502784
TRP-7950415,N.Saddozai,"House 379, Street 35, Clifton Block 2, Karachi",Jeddah,2026-05-13,Business,338474
TRP-5125295,Mansoor Janjua,H#190 St-3 CliftonBlock2 Karachi,Baku,2026-02-18,Business,317759
TRP-9344316,M. Janjua,"House No. 190, Gali 3, Clifton Block 2, Karachi",Kuala Lumpur,2024-05-16,First,542410
TRP-2789640,Mansoor Janjua,مکان 190 گلی 3 Clifton Block 2 کراچی,Dubai,2025-02-24,Business,479832
TRP-6281317,Malik Tooba Malik,"House No. 70, Gali 2, Chaklala Scheme 3, Rawalpindi",Kuala Lumpur,2024-01-14,Business,483580
TRP-8824318,T.Malik,"House No. 70, Gali 2, Chaklala Scheme 3, Rawalpindi",Kuala Lumpur,2024-01-20,First,552891
TRP-3438070,Malik Jawad Gilani,مکان 119 گلی 8 Gulshan-e-Iqbal کراچی,Skardu,2024-03-12,Economy,98072
TRP-3086360,Malik Hamza Zaidi,H#288 St-8 B-17 Islamabad,Istanbul,2026-05-18,Business,340589
TRP-6320646,Hamza Zaidi,مکان 288 گلی 8 B-17 اسلام آباد,Dubai,2025-11-10,First,391439
TRP-2604885,Hamza Zaidi,مکان 288 گلی 8 B-17 اسلام آباد,Dubai,2024-09-08,Business,335065
TRP-1395432,H.Zaidi,H#288 St-8 B-17 Islamabad,Istanbul,2024-09-28,Business,478745
TRP-3990759,Hamza Zaidi,H#288 St-8 B-17 Islamabad,London,2024-12-16,Business,1283015
TRP-2485914,Amna شیخ,مکان 92 گلی 17 Johar Town لاہور,Istanbul,2025-12-15,First,365380
TRP-2712211,A.Sheikh,"House No. 92, Gali 17, Johar Town, Lahore",Kuala Lumpur,2024-08-07,First,635481
TRP-6157890,Mian Amna Sheikh,H#92 St-17 JoharTown Lahore,London,2024-05-31,First,1305948
TRP-6827373,Khadija Sheikh,"House 64, Street 37, Model Town, Lahore",London,2024-10-13,Business,785441
TRP-9861406,Khadija Sheikh,مکان 64 گلی 37 Model Town لاہور,Kuala Lumpur,2024-06-14,Business,558278
TRP-9903035,Anas Kayani,مکان 287 گلی 30 Gulgasht Multan,Istanbul,2024-11-02,First,537297
TRP-6719694,Anas Kayani,"House 287, Street 30, Gulgasht, Multan",Kuala Lumpur,2025-01-08,First,647364
TRP-1370763,A. Kayani,"House 287, Street 30, Gulgasht, Multan",Baku,2025-09-05,Business,300487
TRP-7934261,Anas Kayani,مکان 287 گلی 30 Gulgasht Multan,Istanbul,2024-01-31,First,511231
TRP-7247748,Malik Talha Kayani,H#243 St-16 Westridge Rawalpindi,Jeddah,2026-02-13,Business,404946
TRP-4214807,Talha Kayani,H#243 St-16 Westridge Rawalpindi,Baku,2025-03-06,First,399763
TRP-3640833,Zara Abbasi,H#123 St-12 F-8/3 Islamabad,Istanbul,2024-03-30,First,400127
TRP-5130767,Z. Abbasi,"House No. 123, Gali 12, F-8/3, Islamabad",Jeddah,2026-05-24,Business,359848
TRP-7173683,Zara Abbasi,"House No. 123, Gali 12, F-8/3, Islamabad",Baku,2025-07-31,Business,361519
TRP-9883071,Z.Abbasi,مکان 123 گلی 12 F-8/3 اسلام آباد,Istanbul,2026-05-05,First,352817
TRP-6914065,A.Wazir,H#303 St-34 G-13/1 Islamabad,Kuala Lumpur,2026-04-23,First,620307
TRP-9835822,Haris Zaidi,H#16 St-1 SatelliteTown Rawalpindi,Istanbul,2026-02-20,Business,386289
TRP-7694696,Haris Zaidi,"House No. 16, Gali 1, Satellite Town, Rawalpindi",Istanbul,2024-01-12,First,347050
TRP-5865721,Rana Haris Zaidi,H#16 St-1 SatelliteTown Rawalpindi,Baku,2024-11-20,First,295063
TRP-6311427,H.Zaidi,مکان 16 گلی 1 Satellite Town راولپنڈی,Jeddah,2024-04-18,First,461092
TRP-8866263,A.Mehsud,مکان 243 گلی 24 Shah Rukn-e-Alam Multan,London,2024-08-06,First,1096303
TRP-5161513,A. Mehsud,"House No. 243, Gali 24, Shah Rukn-e-Alam, Multan",London,2024-03-24,Business,1076950
TRP-7224391,علی Mehsud,"House No. 243, Gali 24, Shah Rukn-e-Alam, Multan",Istanbul,2024-06-18,Business,475767
TRP-1589333,Uzma Bukhari,"House No. 268, Gali 14, Satellite Town, Rawalpindi",London,2025-12-07,Business,1156756
TRP-2578204,Uzma Bukhari,H#268 St-14 SatelliteTown Rawalpindi,Jeddah,2025-12-10,Business,356571
TRP-8936413,Uzma Bukhari,"House 268, Street 14, Satellite Town, Rawalpindi",London,2025-10-06,First,1057142
TRP-2239198,L.Lodhi,H#40 St-17 Gulbahar Peshawar,Istanbul,2024-03-06,Business,421265
TRP-7023457,L. Lodhi,"House 40, Street 17, Gulbahar, Peshawar",Istanbul,2025-08-08,First,439680
TRP-2040098,Lubna Lodhi,"House No. 40, Gali 17, Gulbahar, Peshawar",Kuala Lumpur,2024-02-02,Business,460810
TRP-2773138,L. Lodhi,"House 40, Street 17, Gulbahar, Peshawar",Istanbul,2026-02-10,Business,558699
TRP-9830483,L.Lodhi,"House No. 40, Gali 17, Gulbahar, Peshawar",Baku,2024-11-22,Business,440289
TRP-8705823,Malik Ehsan Warraich,H#383 St-33 ShahRukn-e-Alam Multan,Istanbul,2025-03-24,First,488316
TRP-8036550,E.Warraich,مکان 383 گلی 33 Shah Rukn-e-Alam Multan,Baku,2024-08-17,Business,330957
TRP-3266133,Ehsan Warraich,H#383 St-33 ShahRukn-e-Alam Multan,London,2026-05-29,First,1051621
TRP-5783951,E.Warraich,"House No. 383, Gali 33, Shah Rukn-e-Alam, Multan",London,2025-07-05,First,1295108
TRP-1346355,Luqman Orakzai,مکان 103 گلی 17 B-17 اسلام آباد,Dubai,2026-02-27,First,487847
TRP-5972745,Syed Luqman Orakzai,H#103 St-17 B-17 Islamabad,London,2026-01-12,First,1230024
TRP-3066566,Luqman Orakzai,"House No. 103, Gali 17, B-17, Islamabad",Baku,2026-04-06,Business,364243
TRP-7031065,I. Rizvi,"House No. 201, Gali 2, University Town, Peshawar",Baku,2024-05-27,First,420696
TRP-2731380,I. Rizvi,"House 201, Street 2, University Town, Peshawar",Jeddah,2025-02-15,Business,479643
TRP-3318787,Rabia Kakar,"House 99, Street 35, University Town, Peshawar",Karachi,2024-11-27,Economy,71961
TRP-3993765,A. Gill,"House 351, Street 33, Model Town, Lahore",Istanbul,2025-09-19,First,578522
TRP-8721367,A.Gill,"House 351, Street 33, Model Town, Lahore",Dubai,2026-02-20,Business,329407
TRP-6832461,Atif Gill,"House 351, Street 33, Model Town, Lahore",Istanbul,2024-11-19,Business,369247
TRP-4906783,Atif Gill,مکان 351 گلی 33 Model Town لاہور,Baku,2024-03-10,First,345378
TRP-3905714,A.Gill,H#351 St-33 ModelTown Lahore,London,2024-04-11,Business,1193152
TRP-8573305,A. Bhatti,مکان 253 گلی 23 University Town Peshawar,London,2024-06-24,First,1228887
TRP-5284699,A.Bhatti,مکان 253 گلی 23 University Town Peshawar,Dubai,2025-04-24,First,324389
TRP-8326950,M.Sheikh,"House 173, Street 34, North Nazimabad, Karachi",Baku,2025-09-11,First,320974
TRP-9047135,Syed Muhammad Sheikh,H#173 St-34 NorthNazimabad Karachi,Kuala Lumpur,2024-12-18,First,526168
TRP-9355356,M. Sheikh,"House 173, Street 34, North Nazimabad, Karachi",London,2025-08-26,First,934509
TRP-2829477,M.Sheikh,"House 173, Street 34, North Nazimabad, Karachi",Kuala Lumpur,2024-09-16,First,662875
TRP-9668044,Mian Muhammad Sheikh,"House 173, Street 34, North Nazimabad, Karachi",Dubai,2025-12-06,First,488938
TRP-7029154,Chaudhary Mahnoor Yousafzai,H#3 St-10 Gulshan-e-Iqbal Karachi,Lahore,2026-05-02,Economy,48822
TRP-6615047,Rana Farah Bukhari,"House 395, Street 28, G-13/1, Islamabad",Kuala Lumpur,2024-06-15,First,505001
TRP-7853464,F.Bukhari,H#395 St-28 G-13/1 Islamabad,Baku,2025-12-13,Business,439565
TRP-8199368,Sardar Farah Bukhari,مکان 395 گلی 28 G-13/1 اسلام آباد,London,2024-02-07,Business,1300276
TRP-3139800,Mian Mustafa Awan,"House 173, Street 10, University Town, Peshawar",Lahore,2025-12-17,Economy,36312
TRP-3753706,Hina خان,"House 22, Street 30, Gulberg III, Lahore",London,2025-07-10,Business,1164195
TRP-9642800,H. Khan,"House No. 22, Gali 30, Gulberg III, Lahore",Istanbul,2024-04-14,Business,499242
TRP-3056876,Chaudhary Hina Khan,مکان 22 گلی 30 Gulberg III لاہور,Istanbul,2025-12-18,Business,454000
TRP-9213654,H. Khan,H#22 St-30 GulbergIII Lahore,Jeddah,2025-06-12,Business,349831
TRP-4701328,A. Gilani,"House No. 328, Gali 15, Model Town, Lahore",Dubai,2026-01-20,First,320530
TRP-9667179,Rana Ahmed Gilani,"House 328, Street 15, Model Town, Lahore",London,2026-05-22,First,801038
TRP-8014197,A. Gilani,"House 328, Street 15, Model Town, Lahore",Jeddah,2025-10-31,Business,362818
TRP-1727396,Mian Ahmed Gilani,مکان 328 گلی 15 Model Town لاہور,Istanbul,2024-08-11,First,534955
TRP-4459523,احمد Gilani,"House 328, Street 15, Model Town, Lahore",London,2025-02-14,Business,1259765
TRP-4864197,Wajahat Baig,"House 79, Street 3, University Town, Peshawar",Jeddah,2025-06-01,Business,451633
TRP-8688902,Qasim ملک,H#185 St-36 Gulgasht Multan,Jeddah,2025-04-13,First,539369
TRP-1218119,Qasim Malik,"House No. 185, Gali 36, Gulgasht, Multan",Jeddah,2024-11-28,First,513718
TRP-3259915,Q.Malik,"House No. 185, Gali 36, Gulgasht, Multan",Baku,2025-01-27,Business,312444
TRP-7661037,B.Khattak,"House 191, Street 6, Cantt, Multan",Dubai,2026-01-01,Business,357236
TRP-9947300,Junaid Gondal,"House 19, Street 28, Clifton Block 2, Karachi",Baku,2024-01-07,Business,396309
TRP-2933349,Chaudhary Junaid Gondal,H#19 St-28 CliftonBlock2 Karachi,Baku,2025-01-02,First,341251
TRP-7051989,Mahnoor Naqvi,H#277 St-40 G-13/1 Islamabad,Jeddah,2026-03-07,Business,513491
TRP-2704782,Mahnoor Naqvi,"House No. 277, Gali 40, G-13/1, Islamabad",Kuala Lumpur,2024-04-18,Business,436384
TRP-5783585,Mahnoor Naqvi,"House 277, Street 40, G-13/1, Islamabad",Baku,2025-05-21,First,282776
TRP-4796593,K. Chaudhry,مکان 309 گلی 4 Model Town لاہور,Istanbul,2024-08-08,Business,512873
TRP-7571048,K.Chaudhry,مکان 309 گلی 4 Model Town لاہور,Jeddah,2024-01-05,Business,528678
TRP-2617945,Khadija Chaudhry,"House No. 309, Gali 4, Model Town, Lahore",Baku,2024-05-22,Business,265919
TRP-8793909,Malik Khadija Chaudhry,مکان 309 گلی 4 Model Town لاہور,London,2025-04-24,Business,1028464
TRP-7535666,Madiha Afridi,"House 208, Street 36, DHA Phase 6, Karachi",Istanbul,2025-05-21,Business,353827
TRP-2470095,Madiha Afridi,H#208 St-36 DHAPhase6 Karachi,Baku,2026-03-01,Business,288357
TRP-8315552,Sardar Noman Naqvi,مکان 9 گلی 31 F-8/3 اسلام آباد,Kuala Lumpur,2025-02-23,First,509799
TRP-8268696,N. Naqvi,H#9 St-31 F-8/3 Islamabad,Baku,2024-01-10,First,329887
TRP-5144353,Talha Siddiqui,"House No. 309, Gali 2, Gulgasht, Multan",Lahore,2025-06-26,Economy,56026
TRP-7690631,Z.Naqvi,مکان 336 گلی 7 Shah Rukn-e-Alam Multan,Skardu,2024-07-26,Economy,100587
TRP-4379162,Nasir Virk,"House No. 19, Gali 8, Gulgasht, Multan",London,2024-08-09,First,1009904
TRP-4187186,Nasir Virk,H#19 St-8 Gulgasht Multan,Dubai,2024-11-27,Business,468453
TRP-6722908,Sardar Nasir Virk,H#19 St-8 Gulgasht Multan,Istanbul,2025-12-24,Business,362300
TRP-5446655,Mahnoor Zaidi,مکان 284 گلی 39 Westridge راولپنڈی,Istanbul,2025-10-10,First,500587
TRP-2353139,M.Zaidi,H#284 St-39 Westridge Rawalpindi,Dubai,2024-02-07,First,443058
TRP-4179684,Rana Mahnoor Zaidi,مکان 284 گلی 39 Westridge راولپنڈی,Jeddah,2024-02-21,First,559319
TRP-6246459,B. Niazi,"House No. 24, Gali 16, Madina Town, Faisalabad",Skardu,2024-08-05,Economy,78765
TRP-9142494,Mehwish Tarar,مکان 374 گلی 15 Gulbahar Peshawar,Baku,2024-10-23,Business,285006
TRP-3316043,Hafsa Kakar,"House No. 347, Gali 3, Model Town, Lahore",Baku,2025-07-27,First,265414
TRP-3413043,H. Kakar,"House No. 347, Gali 3, Model Town, Lahore",Jeddah,2024-01-09,Business,383225
TRP-7691917,Mian Gul Saddozai,"House No. 364, Gali 18, Chaklala Scheme 3, Rawalpindi",Karachi,2024-12-11,Economy,58731
TRP-8545659,N. Qureshi,"House No. 33, Gali 20, I-8/4, Islamabad",Lahore,2025-10-19,Economy,36941
TRP-8972727,Atif شیخ,مکان 275 گلی 29 Westridge راولپنڈی,Istanbul,2025-05-15,Business,566255
TRP-3129530,A.Sheikh,مکان 275 گلی 29 Westridge راولپنڈی,London,2025-03-16,First,1108754
TRP-2620983,Atif شیخ,H#275 St-29 Westridge Rawalpindi,Dubai,2025-11-20,Business,390199
TRP-8742263,A. Sheikh,H#275 St-29 Westridge Rawalpindi,Baku,2025-08-28,Business,333892
TRP-7281594,Atif شیخ,H#275 St-29 Westridge Rawalpindi,Istanbul,2025-02-06,First,543480
TRP-5285954,Atif شیخ,"House No. 275, Gali 29, Westridge, Rawalpindi",Jeddah,2024-07-29,Business,414466
TRP-6951950,K. Afridi,"House 317, Street 29, North Nazimabad, Karachi",London,2026-05-28,First,1096924
TRP-7179832,Malik Khadija Afridi,مکان 317 گلی 29 North Nazimabad کراچی,Istanbul,2024-08-10,First,438547
TRP-2984405,Qasim Durrani,H#153 St-2 UniversityTown Peshawar,Istanbul,2024-03-15,Business,560856
TRP-4048591,Syed Qasim Durrani,"House 153, Street 2, University Town, Peshawar",Baku,2024-06-25,First,319964
TRP-2139085,Qasim Durrani,مکان 153 گلی 2 University Town Peshawar,Istanbul,2025-03-25,First,543462
TRP-7048240,Sardar Qasim Durrani,"House No. 153, Gali 2, University Town, Peshawar",Dubai,2025-05-30,Business,436344
TRP-1376475,Anas Kazmi,"House 61, Street 23, Cantt, Multan",Baku,2024-06-20,Business,411675
TRP-4616065,Syed Anas Kazmi,H#61 St-23 Cantt Multan,Jeddah,2025-04-03,Business,399301
TRP-6914295,Haji Anas Kazmi,"House No. 61, Gali 23, Cantt, Multan",Jeddah,2025-02-03,First,528967
TRP-8979814,Bushra Joiya,H#261 St-26 SatelliteTown Rawalpindi,Istanbul,2024-02-27,First,537706
TRP-8125225,B. Joiya,"House 261, Street 26, Satellite Town, Rawalpindi",London,2025-01-09,Business,826108
TRP-1039894,Bushra Joiya,H#261 St-26 SatelliteTown Rawalpindi,Jeddah,2025-06-24,First,378890
TRP-7833618,Sardar Bushra Joiya,"House 261, Street 26, Satellite Town, Rawalpindi",Dubai,2026-01-27,Business,363043
TRP-9335768,Mubashir Mirza,"House No. 242, Gali 17, University Town, Peshawar",Kuala Lumpur,2025-04-12,Business,623434
TRP-6243112,M.Mirza,"House No. 242, Gali 17, University Town, Peshawar",London,2026-04-10,First,1191295
TRP-3666058,زینب Mirza,H#322 St-32 Cantt Multan,Skardu,2025-10-29,Economy,86802
TRP-7073101,T.Mirza,H#66 St-38 B-17 Islamabad,Dubai,2024-05-18,Business,389135
TRP-2310386,T.Mirza,مکان 66 گلی 38 B-17 اسلام آباد,Istanbul,2025-12-13,First,546790
TRP-6398834,Mian Taimoor Mirza,"House No. 66, Gali 38, B-17, Islamabad",Dubai,2025-08-27,First,381308
TRP-4480776,Taimoor Mirza,مکان 66 گلی 38 B-17 اسلام آباد,Istanbul,2026-04-02,Business,542281
TRP-6516112,Taimoor Mirza,"House 66, Street 38, B-17, Islamabad",Baku,2025-06-23,Business,366287
TRP-3121553,Taimoor Mirza,"House No. 66, Gali 38, B-17, Islamabad",Istanbul,2024-10-12,First,371527
TRP-5700882,Nadia Baig,مکان 232 گلی 30 North Nazimabad کراچی,Kuala Lumpur,2024-02-18,First,602757
TRP-1915949,Chaudhary Nadia Baig,"House 232, Street 30, North Nazimabad, Karachi",Jeddah,2025-03-03,First,378443
TRP-1645787,Nadia Baig,H#232 St-30 NorthNazimabad Karachi,Dubai,2024-07-11,Business,421627
TRP-5451876,W.Warraich,مکان 151 گلی 2 I-8/4 اسلام آباد,Skardu,2024-05-14,Economy,75644
TRP-9347544,S. Niazi,"House No. 14, Gali 14, Peoples Colony, Faisalabad",Istanbul,2025-06-21,First,471474
TRP-8018754,S.Niazi,"House No. 14, Gali 14, Peoples Colony, Faisalabad",Baku,2024-06-27,Business,280100
TRP-8324919,Jawad Mehsud,"House No. 298, Gali 13, Gulshan-e-Iqbal, Karachi",Skardu,2026-04-22,Economy,74970
TRP-9304062,H.Naqvi,مکان 110 گلی 5 Gulshan-e-Iqbal کراچی,Dubai,2024-02-08,Business,301925
TRP-3545301,H. Naqvi,H#110 St-5 Gulshan-e-Iqbal Karachi,Istanbul,2025-03-19,First,408150
TRP-9215307,Hina Naqvi,"House No. 110, Gali 5, Gulshan-e-Iqbal, Karachi",Kuala Lumpur,2025-08-04,Business,471065
TRP-8036709,Mian Hina Naqvi,مکان 110 گلی 5 Gulshan-e-Iqbal کراچی,Istanbul,2024-01-05,Business,423130
TRP-2792847,Mian Hina Naqvi,مکان 110 گلی 5 Gulshan-e-Iqbal کراچی,Istanbul,2024-02-11,First,493532
TRP-2345065,S. Hashmi,"House 218, Street 7, Shah Rukn-e-Alam, Multan",Dubai,2024-03-04,Business,353431
TRP-3412954,Syed Sufyan Hashmi,"House No. 218, Gali 7, Shah Rukn-e-Alam, Multan",Istanbul,2025-03-23,Business,388118
TRP-4359115,Sufyan Hashmi,"House No. 218, Gali 7, Shah Rukn-e-Alam, Multan",Jeddah,2024-11-20,Business,500120
TRP-7930873,Sufyan Hashmi,"House 218, Street 7, Shah Rukn-e-Alam, Multan",London,2025-11-14,Business,1300524
TRP-4182104,A.Raja,"House No. 118, Gali 28, I-8/4, Islamabad",Jeddah,2025-11-30,Business,406275
TRP-5704070,Atif راجہ,"House No. 118, Gali 28, I-8/4, Islamabad",London,2025-02-11,First,1030005
TRP-5884339,Mustafa Zaidi,H#234 St-7 G-13/1 Islamabad,Kuala Lumpur,2026-01-21,First,593235
TRP-4330277,Mustafa Zaidi,"House No. 234, Gali 7, G-13/1, Islamabad",Istanbul,2024-12-30,Business,429387
TRP-8385747,Haris Janjua,مکان 37 گلی 24 Gulbahar Peshawar,Baku,2025-10-24,First,354383
TRP-3571483,H. Janjua,H#37 St-24 Gulbahar Peshawar,Jeddah,2024-11-27,Business,392173
TRP-5653800,H. Janjua,"House No. 37, Gali 24, Gulbahar, Peshawar",London,2025-11-05,Business,1167329
TRP-9994239,Haris Janjua,"House No. 37, Gali 24, Gulbahar, Peshawar",Dubai,2025-09-21,First,356323
TRP-3879004,Talha Baig,مکان 258 گلی 28 F-8/3 اسلام آباد,Lahore,2026-04-22,Economy,45850
TRP-6695864,Junaid Mirza,"House No. 50, Gali 19, Cantt, Multan",London,2024-03-19,Business,812255
TRP-5812695,Haji Junaid Mirza,H#50 St-19 Cantt Multan,Jeddah,2024-05-20,First,353910
TRP-8419830,Uzma Ansari,"House 265, Street 25, Johar Town, Lahore",Baku,2024-04-13,Business,437603
TRP-6621862,Uzma Ansari,"House No. 265, Gali 25, Johar Town, Lahore",Dubai,2025-05-14,First,478135
TRP-4122708,Uzma Ansari,"House 265, Street 25, Johar Town, Lahore",Baku,2025-01-28,First,357798
TRP-4234417,Mian Babar Orakzai,"House No. 207, Gali 24, Westridge, Rawalpindi",London,2026-02-28,Business,1018796
TRP-9054227,Sadia Cheema,مکان 79 گلی 19 Cantt Multan,Lahore,2025-11-15,Economy,46150
TRP-5154875,N.Rajput,مکان 31 گلی 31 Westridge راولپنڈی,Baku,2024-01-12,First,358409
TRP-8854751,N. Rajput,"House No. 31, Gali 31, Westridge, Rawalpindi",London,2025-09-18,Business,1161422
TRP-2522237,N. Rajput,"House 31, Street 31, Westridge, Rawalpindi",Dubai,2024-06-01,First,320536
TRP-1384842,Irfan Warraich,H#304 St-20 HayatabadPhase3 Peshawar,Istanbul,2025-01-19,First,519736
TRP-5838329,Irfan Warraich,"House No. 304, Gali 20, Hayatabad Phase 3, Peshawar",Dubai,2025-10-28,Business,307578
TRP-4903087,K. Afridi,مکان 360 گلی 19 Westridge راولپنڈی,Istanbul,2026-02-13,Business,397576
TRP-8131226,K.Afridi,"House 360, Street 19, Westridge, Rawalpindi",Kuala Lumpur,2026-02-24,First,555519
TRP-3533011,Khadija Afridi,مکان 360 گلی 19 Westridge راولپنڈی,Istanbul,2024-09-18,Business,358109
TRP-1803922,K. Afridi,"House 360, Street 19, Westridge, Rawalpindi",Kuala Lumpur,2025-07-31,Business,543135
TRP-9511905,K.Afridi,"House No. 360, Gali 19, Westridge, Rawalpindi",Kuala Lumpur,2026-02-15,First,667324
TRP-8912545,Farah Siddiqui,مکان 360 گلی 25 Westridge راولپنڈی,Dubai,2025-11-18,First,299420
TRP-4544647,Farah Siddiqui,"House No. 360, Gali 25, Westridge, Rawalpindi",Baku,2025-02-23,First,340871
TRP-4011757,Farah Siddiqui,H#360 St-25 Westridge Rawalpindi,Istanbul,2025-03-23,First,434446
TRP-4281589,Asad Mughal,"House 15, Street 8, Wapda Town, Lahore",Kuala Lumpur,2024-06-10,First,645254
TRP-7741618,Asad Mughal,"House No. 15, Gali 8, Wapda Town, Lahore",Istanbul,2024-11-02,First,563918
TRP-2645303,Sardar Asad Mughal,H#15 St-8 WapdaTown Lahore,Dubai,2025-11-26,First,483094
TRP-6324002,Syed Asad Mughal,H#15 St-8 WapdaTown Lahore,Jeddah,2026-03-23,Business,482699
TRP-4705979,Mian Asad Mughal,"House No. 15, Gali 8, Wapda Town, Lahore",Dubai,2025-01-13,First,444167
TRP-7920057,W.Rizvi,H#145 St-3 HayatabadPhase3 Peshawar,Baku,2025-01-10,First,295291
TRP-2876679,W.Rizvi,مکان 145 گلی 3 Hayatabad Phase 3 Peshawar,Istanbul,2025-12-28,First,374396
TRP-6408249,Waseem Rizvi,"House No. 145, Gali 3, Hayatabad Phase 3, Peshawar",London,2024-01-28,First,1256390
TRP-5920009,W.Rizvi,"House 145, Street 3, Hayatabad Phase 3, Peshawar",Jeddah,2024-07-16,Business,371876
TRP-9095599,Waseem Rizvi,"House No. 145, Gali 3, Hayatabad Phase 3, Peshawar",Kuala Lumpur,2024-10-02,First,612061
TRP-6503632,S. Kayani,مکان 108 گلی 21 Satellite Town راولپنڈی,Jeddah,2024-01-03,First,332632
TRP-6754825,S.Kayani,"House 108, Street 21, Satellite Town, Rawalpindi",Jeddah,2025-04-27,Business,358928
TRP-3782668,S. Kayani,"House 108, Street 21, Satellite Town, Rawalpindi",Dubai,2025-01-03,Business,369455
TRP-9027504,Sadia Kayani,"House 108, Street 21, Satellite Town, Rawalpindi",Baku,2026-01-18,First,291259
TRP-1664739,S.Kayani,"House 108, Street 21, Satellite Town, Rawalpindi",Kuala Lumpur,2024-05-12,First,589647
TRP-8594985,Mian Sadia Kayani,"House 108, Street 21, Satellite Town, Rawalpindi",Istanbul,2025-11-01,Business,446641
TRP-4228837,Mustafa Bukhari,"House 279, Street 25, F-8/3, Islamabad",Karachi,2024-08-04,Economy,80659
TRP-5150845,Rana Zubair Sial,مکان 123 گلی 36 Satellite Town راولپنڈی,Baku,2025-12-07,First,312708
TRP-4372693,Sardar Zubair Sial,"House 123, Street 36, Satellite Town, Rawalpindi",Istanbul,2024-02-23,Business,591507
TRP-8162061,Zubair Sial,مکان 123 گلی 36 Satellite Town راولپنڈی,London,2024-09-03,First,1215193
TRP-5953798,Z. Sial,H#123 St-36 SatelliteTown Rawalpindi,London,2025-06-26,Business,797662
TRP-5244117,Zubair Sial,"House 123, Street 36, Satellite Town, Rawalpindi",Dubai,2025-05-06,First,422267
TRP-4095521,Syed Zubair Sial,مکان 123 گلی 36 Satellite Town راولپنڈی,Dubai,2024-03-24,First,520975
TRP-5071511,Hamza Gilani,"House 128, Street 10, Johar Town, Lahore",Karachi,2025-11-04,Economy,88113
TRP-5154430,Tariq Cheema,مکان 27 گلی 27 Chaklala Scheme 3 راولپنڈی,Skardu,2025-05-14,Economy,105009
TRP-9231174,F.Cheema,مکان 90 گلی 32 Chaklala Scheme 3 راولپنڈی,London,2026-05-04,First,1250096
TRP-1597506,Rana Farhan Cheema,"House No. 90, Gali 32, Chaklala Scheme 3, Rawalpindi",London,2024-04-25,Business,1301296
TRP-4654160,Noor چوہدری,"House No. 299, Gali 35, Shah Rukn-e-Alam, Multan",Baku,2025-02-10,Business,406989
TRP-1460932,Haji Noor Chaudhry,H#299 St-35 ShahRukn-e-Alam Multan,Istanbul,2024-08-02,Business,465423
TRP-7267738,Noor چوہدری,H#299 St-35 ShahRukn-e-Alam Multan,Istanbul,2025-03-22,First,466658
TRP-3067443,Qasim Virk,H#260 St-37 MadinaTown Faisalabad,Skardu,2025-03-03,Economy,108275
TRP-5587809,Syed Taimoor Afridi,مکان 234 گلی 10 Cantt Multan,Lahore,2026-02-27,Economy,36956
TRP-7131436,Shoaib Khan,H#261 St-27 UniversityTown Peshawar,London,2025-01-31,First,962487
TRP-5840989,Shoaib خان,H#261 St-27 UniversityTown Peshawar,Kuala Lumpur,2026-03-22,Business,489678
TRP-3872240,Shoaib Khan,H#261 St-27 UniversityTown Peshawar,Istanbul,2025-06-16,First,382062
TRP-6247984,S. Khan,"House No. 261, Gali 27, University Town, Peshawar",Istanbul,2026-05-11,First,493274
TRP-3747793,M.Khan,مکان 210 گلی 35 Shah Rukn-e-Alam Multan,Kuala Lumpur,2026-01-25,First,660698
TRP-3056237,Muhammad Khan,H#210 St-35 ShahRukn-e-Alam Multan,London,2026-05-28,First,1058783
TRP-5226814,U. Naqvi,"House No. 4, Gali 28, Peoples Colony, Faisalabad",Kuala Lumpur,2025-03-25,Business,431229
TRP-5994866,Uzma Naqvi,"House No. 4, Gali 28, Peoples Colony, Faisalabad",Kuala Lumpur,2025-05-02,First,529474
TRP-7862081,U.Naqvi,H#4 St-28 PeoplesColony Faisalabad,Kuala Lumpur,2024-08-01,Business,443732
TRP-2780256,Rana Iqra Tareen,"House No. 15, Gali 9, DHA Phase 6, Karachi",Skardu,2025-07-22,Economy,92590
TRP-8283312,Z.Khattak,H#241 St-36 GulbergIII Lahore,Skardu,2024-03-16,Economy,118358
TRP-7956243,S. Butt,H#329 St-33 SatelliteTown Rawalpindi,Karachi,2026-01-14,Economy,85013
TRP-6482614,Chaudhary Atif Gill,"House No. 304, Gali 37, Gulshan-e-Iqbal, Karachi",London,2024-01-20,Business,897925
TRP-3449537,Atif Gill,مکان 304 گلی 37 Gulshan-e-Iqbal کراچی,Baku,2024-09-05,First,278765
TRP-5801790,Atif Gill,H#304 St-37 Gulshan-e-Iqbal Karachi,Dubai,2025-12-11,First,514390
TRP-2816377,محمد Tarar,مکان 291 گلی 4 Madina Town Faisalabad,London,2024-05-08,Business,1315143
TRP-2382992,Muhammad Tarar,"House 291, Street 4, Madina Town, Faisalabad",London,2024-05-02,Business,1329316
TRP-7773309,M.Tarar,H#291 St-4 MadinaTown Faisalabad,Kuala Lumpur,2025-04-08,Business,452437
TRP-3956276,محمد Tarar,"House 291, Street 4, Madina Town, Faisalabad",Kuala Lumpur,2026-03-15,Business,672186
TRP-7815257,محمد Tarar,"House No. 291, Gali 4, Madina Town, Faisalabad",Istanbul,2024-05-03,First,476560
TRP-1552384,Muhammad Tarar,"House No. 291, Gali 4, Madina Town, Faisalabad",London,2025-02-26,First,983433
TRP-2330846,Jawad Joiya,مکان 205 گلی 21 G-10/2 اسلام آباد,Lahore,2024-06-11,Economy,36527
TRP-5722088,Bushra Zaidi,H#301 St-36 I-8/4 Islamabad,Istanbul,2024-07-01,Business,396376
TRP-9629581,B. Zaidi,مکان 301 گلی 36 I-8/4 اسلام آباد,Istanbul,2025-06-26,First,433211
TRP-9548070,Bushra Zaidi,"House 301, Street 36, I-8/4, Islamabad",London,2024-03-07,First,1004019
TRP-3586248,Mian Bushra Zaidi,مکان 301 گلی 36 I-8/4 اسلام آباد,Istanbul,2024-12-17,First,525111
TRP-3998278,Mian Bushra Zaidi,مکان 301 گلی 36 I-8/4 اسلام آباد,Istanbul,2025-04-18,First,434056
TRP-6289541,Bushra Zaidi,"House 301, Street 36, I-8/4, Islamabad",Jeddah,2024-05-26,First,431390
TRP-7744795,F. Khan,"House 141, Street 6, Hayatabad Phase 3, Peshawar",Istanbul,2026-01-30,First,588237
TRP-1702214,Fatima Khan,مکان 141 گلی 6 Hayatabad Phase 3 Peshawar,Jeddah,2024-10-19,Business,568431
TRP-4346293,F. Khan,"House 141, Street 6, Hayatabad Phase 3, Peshawar",Istanbul,2025-08-06,First,468815
TRP-9813081,Syed Fatima Khan,H#141 St-6 HayatabadPhase3 Peshawar,Jeddah,2024-11-07,Business,489676
TRP-1875757,F. Khan,"House 141, Street 6, Hayatabad Phase 3, Peshawar",Istanbul,2024-05-03,First,417112
TRP-2826497,Chaudhary Laiba Sial,H#354 St-40 DHAPhase6 Karachi,Skardu,2024-06-14,Economy,93406
TRP-5737870,Malik Mubashir Rizvi,"House 4, Street 12, University Town, Peshawar",Baku,2025-09-26,First,283706
TRP-5362014,M. Rizvi,"House No. 4, Gali 12, University Town, Peshawar",Dubai,2025-04-01,Business,364562
TRP-4190448,Syed Mubashir Rizvi,"House 4, Street 12, University Town, Peshawar",Jeddah,2024-04-24,Business,336693
TRP-7034592,Malik Mubashir Rizvi,"House 4, Street 12, University Town, Peshawar",Istanbul,2026-01-18,Business,476131
TRP-3325434,M. Rizvi,"House No. 4, Gali 12, University Town, Peshawar",Jeddah,2024-07-02,First,377201
TRP-3096652,Mubashir Rizvi,مکان 4 گلی 12 University Town Peshawar,Kuala Lumpur,2024-05-15,First,550706
TRP-8528568,A.Janjua,مکان 109 گلی 24 Cantt Multan,Istanbul,2024-06-26,First,544845
TRP-7071658,E. Virk,H#347 St-18 Gulgasht Multan,Lahore,2025-11-24,Economy,39689
TRP-3107064,محمد Durrani,"House 117, Street 1, DHA Phase 6, Karachi",Baku,2024-12-15,First,430265
TRP-1022185,M.Durrani,مکان 117 گلی 1 DHA Phase 6 کراچی,Istanbul,2024-12-17,Business,434712
TRP-1759265,محمد Durrani,مکان 117 گلی 1 DHA Phase 6 کراچی,Jeddah,2026-05-12,Business,354538
TRP-1196763,محمد Durrani,مکان 117 گلی 1 DHA Phase 6 کراچی,Jeddah,2026-04-12,Business,447720
TRP-4010904,Haji Muhammad Durrani,مکان 117 گلی 1 DHA Phase 6 کراچی,London,2026-01-14,First,779995
TRP-5158373,Zara Afridi,"House 274, Street 5, North Nazimabad, Karachi",London,2024-08-22,Business,973532
TRP-6277150,Y. Joiya,"House No. 61, Gali 40, B-17, Islamabad",Istanbul,2024-05-11,First,512500
TRP-6672408,Yasir Joiya,"House 61, Street 40, B-17, Islamabad",London,2024-02-18,Business,852426
TRP-3120098,Yasir Joiya,مکان 61 گلی 40 B-17 اسلام آباد,Dubai,2025-07-09,Business,391268
TRP-1571027,Yasir Joiya,مکان 61 گلی 40 B-17 اسلام آباد,Jeddah,2025-06-27,First,465047
TRP-6679975,Yasir Joiya,مکان 61 گلی 40 B-17 اسلام آباد,Kuala Lumpur,2025-10-10,Business,486863
TRP-4429605,U.Tareen,"House 65, Street 2, Clifton Block 2, Karachi",Dubai,2024-09-18,Business,385899
TRP-3540513,Chaudhary Uzma Tareen,H#65 St-2 CliftonBlock2 Karachi,London,2025-12-02,First,1054729
TRP-8375137,U. Tareen,مکان 65 گلی 2 Clifton Block 2 کراچی,Istanbul,2025-04-02,Business,357968
TRP-9786213,Uzma Tareen,"House 65, Street 2, Clifton Block 2, Karachi",Kuala Lumpur,2026-04-07,Business,487513
TRP-6624345,U. Tareen,H#65 St-2 CliftonBlock2 Karachi,London,2025-09-07,First,946969
TRP-5693459,Syed Uzma Tareen,مکان 65 گلی 2 Clifton Block 2 کراچی,Jeddah,2025-07-05,Business,389955
TRP-4450022,O.Wazir,"House 320, Street 4, B-17, Islamabad",Jeddah,2024-10-23,First,521622
TRP-6348667,Syed Obaid Wazir,مکان 320 گلی 4 B-17 اسلام آباد,Dubai,2024-07-23,Business,388577
TRP-8981765,Haji Obaid Wazir,"House 320, Street 4, B-17, Islamabad",Jeddah,2024-10-10,First,447686
TRP-6206630,S.Zaidi,مکان 13 گلی 25 Shah Rukn-e-Alam Multan,Karachi,2025-03-26,Economy,78898
TRP-8561534,H. Mehsud,مکان 277 گلی 23 Clifton Block 2 کراچی,Karachi,2024-10-03,Economy,86516
TRP-9180434,Syed Uzma Kazmi,مکان 113 گلی 32 Model Town لاہور,London,2025-02-10,Business,1276106
TRP-9265440,U. Kazmi,مکان 113 گلی 32 Model Town لاہور,Dubai,2024-05-23,Business,497940
TRP-4959594,U.Kazmi,"House No. 113, Gali 32, Model Town, Lahore",Jeddah,2026-04-20,Business,366997
TRP-5800372,Uzma Kazmi,H#113 St-32 ModelTown Lahore,Dubai,2024-01-04,Business,323439
TRP-8259310,U.Kazmi,"House No. 113, Gali 32, Model Town, Lahore",Istanbul,2025-12-08,Business,501722
TRP-6296929,Uzma Kazmi,"House No. 113, Gali 32, Model Town, Lahore",Baku,2024-07-01,Business,370775
TRP-5333535,U.Malik,"House 233, Street 22, Cantt, Multan",Baku,2025-01-17,Business,276494
TRP-3231258,Usman Malik,مکان 233 گلی 22 Cantt Multan,Dubai,2025-12-09,First,489497
TRP-4691787,Madiha Kayani,H#338 St-36 E-11/2 Islamabad,London,2024-05-15,First,1187885
TRP-5297962,M.Kayani,"House No. 338, Gali 36, E-11/2, Islamabad",Kuala Lumpur,2026-02-22,Business,599156
TRP-2230095,M. Kayani,مکان 338 گلی 36 E-11/2 اسلام آباد,London,2024-07-06,Business,932505
TRP-8041122,Rana Mansoor Mirza,مکان 228 گلی 15 Westridge راولپنڈی,Lahore,2024-06-23,Economy,56613
TRP-8704619,S. Gill,مکان 251 گلی 24 Bahria Phase 4 راولپنڈی,Kuala Lumpur,2026-01-26,Business,383908
TRP-4241091,S.Gill,"House No. 251, Gali 24, Bahria Phase 4, Rawalpindi",Dubai,2024-03-03,Business,484830
TRP-3188522,M. Judge,"House No. 12, Gali 4, F-8/3, Islamabad",Baku,2026-03-24,First,442806
TRP-6569507,Moiz Judge,"House 12, Street 4, F-8/3, Islamabad",Baku,2024-04-14,First,365614
TRP-2648861,Rana Moiz Judge,"House 12, Street 4, F-8/3, Islamabad",Jeddah,2024-06-11,Business,539374
TRP-1538369,M.Judge,"House 12, Street 4, F-8/3, Islamabad",Jeddah,2024-07-03,Business,344964
TRP-5024779,Ayesha Ahmed,H#12 St-4 F-8/3 Islamabad,London,2024-05-02,First,1013989
TRP-1635136,A. Ahmed,H#12 St-4 F-8/3 Islamabad,Jeddah,2025-07-07,Business,458956
TRP-4601269,عائشہ احمد,H#12 St-4 F-8/3 Islamabad,Jeddah,2026-03-02,First,477793
TRP-7219239,A.Ahmed,H#12 St-4 F-8/3 Islamabad,Kuala Lumpur,2026-02-03,First,540469
TRP-4292059,Chaudhary syed haseeb,مکان 12 گلی 4 F-8/3 اسلام آباد,Dubai,2026-01-10,Business,492145
TRP-9842627,Malik syed haseeb,H#12 St-4 F-8/3 Islamabad,Kuala Lumpur,2026-03-11,Business,534437
TRP-6774378,s. Ahmed,H#12 St-4 F-8/3 Islamabad,London,2025-12-01,Business,1335209
TRP-2252930,s. Ahmed,"House 12, Street 4, F-8/3, Islamabad",Istanbul,2024-07-31,First,413835
TRP-3977546,Chaudhary sajid Ahmed,H#12 St-4 F-8/3 Islamabad,Istanbul,2026-03-20,Business,582882
TRP-5739193,Syed Maryam Siddiqui,"House No. 141, Gali 16, B-17, Islamabad",Jeddah,2025-08-20,First,343495
TRP-2311322,Maryam Siddiqui,"House No. 141, Gali 16, B-17, Islamabad",Baku,2024-06-25,Business,414697
TRP-4950076,M. Siddiqui,H#141 St-16 B-17 Islamabad,Istanbul,2024-11-08,Business,425483
TRP-4896966,Sardar Maryam Siddiqui,مکان 141 گلی 16 B-17 اسلام آباد,Dubai,2025-11-18,Business,394597
TRP-1489989,M.Siddiqui,H#141 St-16 B-17 Islamabad,Jeddah,2025-09-30,Business,494632
TRP-9412199,Chaudhary Maryam Siddiqui,مکان 141 گلی 16 B-17 اسلام آباد,Kuala Lumpur,2024-11-02,First,438730
TRP-6146710,P. Mirza,H#80 St-13 NorthNazimabad Karachi,Jeddah,2024-03-21,Business,478783
TRP-2802188,P.Mirza,H#80 St-13 NorthNazimabad Karachi,Dubai,2025-04-16,Business,488540
TRP-1532363,P. Mirza,"House 80, Street 13, North Nazimabad, Karachi",Dubai,2026-01-02,First,385770
TRP-7401643,P. Mirza,"House No. 80, Gali 13, North Nazimabad, Karachi",Istanbul,2024-02-02,Business,498369
TRP-9243932,Syed Pervez Mirza,H#80 St-13 NorthNazimabad Karachi,Baku,2026-03-05,First,394681
TRP-8160326,I.Dar,"House 161, Street 16, Gulgasht, Multan",London,2024-09-14,First,1038870
TRP-6481897,I.Dar,"House 161, Street 16, Gulgasht, Multan",Jeddah,2024-10-08,Business,429891
TRP-7055318,R.Sandhu,H#225 St-35 JoharTown Lahore,London,2026-02-18,Business,887026
TRP-9234379,Chaudhary Rehan Sandhu,"House No. 225, Gali 35, Johar Town, Lahore",London,2024-04-20,Business,789237
TRP-3864649,Rana Rehan Sandhu,H#225 St-35 JoharTown Lahore,Dubai,2024-05-01,Business,313673
TRP-1723287,Rana Rehan Sandhu,"House No. 225, Gali 35, Johar Town, Lahore",Istanbul,2025-12-12,First,489831
TRP-6913211,F.Qureshi,"House No. 60, Gali 7, Chaklala Scheme 3, Rawalpindi",Baku,2026-01-21,Business,315573
TRP-7353831,F. Qureshi,H#60 St-7 ChaklalaScheme3 Rawalpindi,Baku,2026-05-20,First,373302
TRP-7055024,F. Qureshi,H#60 St-7 ChaklalaScheme3 Rawalpindi,Jeddah,2026-01-24,First,441959
TRP-3671057,F. Qureshi,"House No. 60, Gali 7, Chaklala Scheme 3, Rawalpindi",Istanbul,2024-08-08,Business,362326
TRP-6742827,F. Qureshi,"House No. 60, Gali 7, Chaklala Scheme 3, Rawalpindi",Istanbul,2024-06-23,Business,440825
TRP-1042970,Fahad قریشی,"House No. 60, Gali 7, Chaklala Scheme 3, Rawalpindi",Dubai,2024-01-18,Business,329842
TRP-7270962,Haris Gill,"House 342, Street 7, Bahria Phase 4, Rawalpindi",Istanbul,2024-11-02,Business,495936
TRP-6755402,Malik Haris Gill,"House 342, Street 7, Bahria Phase 4, Rawalpindi",Kuala Lumpur,2025-12-07,Business,661632
TRP-8254354,H.Gill,"House No. 342, Gali 7, Bahria Phase 4, Rawalpindi",Baku,2024-09-29,First,348534
TRP-6101984,Haris Gill,"House No. 342, Gali 7, Bahria Phase 4, Rawalpindi",Kuala Lumpur,2024-11-18,First,478655
TRP-2953216,Haris Gill,"House 342, Street 7, Bahria Phase 4, Rawalpindi",Kuala Lumpur,2025-01-13,First,532404
TRP-6498902,Haris Gill,H#342 St-7 BahriaPhase4 Rawalpindi,Kuala Lumpur,2025-03-03,First,554637
TRP-6422185,Farhan Bukhari,"House No. 292, Gali 40, Gulshan-e-Iqbal, Karachi",Istanbul,2025-12-07,Business,534678
TRP-6795877,Farhan Bukhari,"House 292, Street 40, Gulshan-e-Iqbal, Karachi",Jeddah,2025-10-06,First,370581
TRP-8961330,Mian Farhan Bukhari,H#292 St-40 Gulshan-e-Iqbal Karachi,Jeddah,2024-12-26,First,338993
TRP-7974262,Farhan Bukhari,مکان 292 گلی 40 Gulshan-e-Iqbal کراچی,London,2024-12-24,First,888666
TRP-5570101,Farhan Bukhari,H#292 St-40 Gulshan-e-Iqbal Karachi,Dubai,2026-02-18,Business,348679
TRP-9616581,Farhan Bukhari,مکان 292 گلی 40 Gulshan-e-Iqbal کراچی,London,2025-12-25,Business,1130339
TRP-7871194,Sana Warraich,"House 277, Street 32, Wapda Town, Lahore",Baku,2024-07-03,First,276640
TRP-3547433,Sana Warraich,"House 277, Street 32, Wapda Town, Lahore",Jeddah,2025-11-23,First,463218
TRP-6357440,Chaudhary Sana Warraich,مکان 277 گلی 32 Wapda Town لاہور,Kuala Lumpur,2024-08-25,First,507842
TRP-7303507,Sana Warraich,"House 277, Street 32, Wapda Town, Lahore",Istanbul,2024-04-13,Business,460701
TRP-7179149,S. Warraich,مکان 277 گلی 32 Wapda Town لاہور,Baku,2024-01-27,Business,256079
TRP-6923761,Zara Yousafzai,H#333 St-6 ShahRukn-e-Alam Multan,Baku,2025-12-14,Business,265198
TRP-7580066,Chaudhary Zara Yousafzai,مکان 333 گلی 6 Shah Rukn-e-Alam Multan,Dubai,2025-12-21,Business,409154
TRP-2049803,N.Naqvi,H#88 St-12 DHAPhase6 Karachi,Baku,2024-02-20,First,314940
TRP-4041027,Nadia Naqvi,مکان 88 گلی 12 DHA Phase 6 کراچی,Dubai,2024-05-26,First,343706
TRP-8444870,K. Qureshi,H#366 St-6 UniversityTown Peshawar,London,2026-03-19,Business,1213704
TRP-1651854,Kamran Qureshi,"House 366, Street 6, University Town, Peshawar",Kuala Lumpur,2024-04-29,First,475526
TRP-9696110,K. Qureshi,"House No. 366, Gali 6, University Town, Peshawar",Dubai,2024-02-09,Business,478468
TRP-3216898,Kamran قریشی,مکان 366 گلی 6 University Town Peshawar,Kuala Lumpur,2025-04-12,First,641768
TRP-5672045,K. Qureshi,H#366 St-6 UniversityTown Peshawar,Baku,2025-08-09,First,318997
TRP-5262499,Kamran Qureshi,مکان 366 گلی 6 University Town Peshawar,Jeddah,2024-03-10,First,353491
TRP-5797488,Sardar Mansoor Shirazi,H#159 St-36 Cantt Multan,Baku,2025-10-20,First,422993
TRP-3143230,Mansoor Shirazi,"House No. 159, Gali 36, Cantt, Multan",London,2024-11-29,Business,871082
TRP-2899165,M.Shirazi,"House No. 159, Gali 36, Cantt, Multan",Istanbul,2025-11-10,Business,510696
TRP-2542018,Sardar Sana Gondal,"House 40, Street 19, Bahria Phase 4, Rawalpindi",Baku,2025-03-24,Business,421547
TRP-6389587,Sana Gondal,"House No. 40, Gali 19, Bahria Phase 4, Rawalpindi",Jeddah,2024-07-18,Business,393177
TRP-6863172,S. Gondal,H#40 St-19 BahriaPhase4 Rawalpindi,London,2025-06-07,First,1126225
TRP-9684597,N. Janjua,"House 192, Street 15, Clifton Block 2, Karachi",Baku,2024-08-11,First,330842
TRP-6135648,Malik Naveed Janjua,"House 192, Street 15, Clifton Block 2, Karachi",London,2026-02-17,First,1298749
TRP-2171371,Naveed Janjua,H#192 St-15 CliftonBlock2 Karachi,London,2024-11-24,First,1288998
TRP-1051019,S. Abbasi,H#1 St-40 ModelTown Lahore,Kuala Lumpur,2024-03-22,First,567310
TRP-1889093,Sajid Abbasi,H#1 St-40 ModelTown Lahore,Jeddah,2026-04-30,First,394950
TRP-7281916,Sajid Abbasi,H#1 St-40 ModelTown Lahore,Baku,2025-10-05,First,331119
TRP-6022219,Syed Sajid Abbasi,"House 1, Street 40, Model Town, Lahore",Dubai,2025-07-05,First,318444
TRP-2250255,Sajid Abbasi,مکان 1 گلی 40 Model Town لاہور,Jeddah,2025-06-03,First,404156
TRP-2617742,Syed Sajid Abbasi,مکان 1 گلی 40 Model Town لاہور,London,2025-11-04,First,1142690
TRP-9473712,Rehan Naqvi,H#260 St-36 DGround Faisalabad,Dubai,2024-04-30,First,477153
TRP-8810117,R. Naqvi,"House No. 260, Gali 36, D Ground, Faisalabad",Istanbul,2026-03-10,Business,491253
TRP-4234378,Rehan Naqvi,H#260 St-36 DGround Faisalabad,Dubai,2025-06-13,First,374301
TRP-9843702,Malik Tooba Qureshi,"House 301, Street 16, D Ground, Faisalabad",Jeddah,2025-08-29,Business,333117
TRP-1777367,T.Qureshi,مکان 301 گلی 16 D Ground Faisalabad,Kuala Lumpur,2026-05-07,Business,467397
TRP-8641879,I.Kayani,H#8 St-22 Cantt Multan,Baku,2025-10-28,First,387893
TRP-7685267,Irfan Kayani,H#8 St-22 Cantt Multan,London,2026-02-17,Business,1227206
TRP-4693874,Irfan Kayani,"House No. 8, Gali 22, Cantt, Multan",Baku,2026-02-19,Business,437518
TRP-8733856,I. Kayani,"House No. 8, Gali 22, Cantt, Multan",Dubai,2024-03-09,First,323781
TRP-6236924,I.Kayani,"House 8, Street 22, Cantt, Multan",London,2024-08-20,Business,988491
TRP-5215591,Irfan Kayani,"House 8, Street 22, Cantt, Multan",Kuala Lumpur,2025-10-31,Business,611449
TRP-8164429,Mian Pervez Yousafzai,مکان 69 گلی 31 Bahria Phase 4 راولپنڈی,London,2025-02-26,First,1060614
TRP-2379407,Sardar Pervez Yousafzai,H#69 St-31 BahriaPhase4 Rawalpindi,Istanbul,2024-02-18,First,495987
TRP-9642582,Pervez Yousafzai,"House 69, Street 31, Bahria Phase 4, Rawalpindi",London,2025-06-19,First,989860
TRP-2422157,Pervez Yousafzai,"House 69, Street 31, Bahria Phase 4, Rawalpindi",Baku,2024-12-05,First,369909
TRP-8858186,Pervez Yousafzai,H#69 St-31 BahriaPhase4 Rawalpindi,Istanbul,2025-06-25,Business,436233
TRP-3745252,Pervez Yousafzai,H#69 St-31 BahriaPhase4 Rawalpindi,Kuala Lumpur,2025-01-23,First,654598
TRP-2154351,Nimra Durrani,"House No. 192, Gali 25, Shah Rukn-e-Alam, Multan",Istanbul,2025-03-13,Business,386283
TRP-2570712,N.Durrani,"House 192, Street 25, Shah Rukn-e-Alam, Multan",Istanbul,2025-03-10,First,398160
TRP-4267574,Z.Naqvi,"House 154, Street 18, Westridge, Rawalpindi",Baku,2024-11-19,Business,409312
TRP-9463420,Z.Naqvi,H#154 St-18 Westridge Rawalpindi,London,2026-01-14,Business,1151947
TRP-8087217,Zara Naqvi,مکان 154 گلی 18 Westridge راولپنڈی,Istanbul,2025-10-09,First,545618
TRP-8536447,Z.Naqvi,"House No. 154, Gali 18, Westridge, Rawalpindi",Jeddah,2024-02-15,Business,479683
TRP-4020530,Z.Naqvi,H#154 St-18 Westridge Rawalpindi,Dubai,2024-07-18,Business,443560
TRP-6944140,Syed Zara Naqvi,"House No. 154, Gali 18, Westridge, Rawalpindi",Istanbul,2024-07-23,Business,483672
TRP-1411294,Fahad Janjua,"House 170, Street 6, Johar Town, Lahore",London,2024-05-31,Business,1310056
TRP-1557823,Fahad Janjua,"House No. 170, Gali 6, Johar Town, Lahore",Jeddah,2024-11-23,First,444339
TRP-5084364,F. Janjua,H#170 St-6 JoharTown Lahore,Baku,2026-02-23,Business,270504
TRP-8547540,Fahad Janjua,"House No. 170, Gali 6, Johar Town, Lahore",Baku,2024-04-10,First,351057
TRP-3287912,F.Janjua,H#170 St-6 JoharTown Lahore,Kuala Lumpur,2024-09-23,First,597062
TRP-6192541,F. Janjua,"House No. 170, Gali 6, Johar Town, Lahore",London,2025-01-16,Business,778848
TRP-6396929,Sardar Bilal Tarar,مکان 185 گلی 35 Peoples Colony Faisalabad,Jeddah,2026-01-12,First,522686
TRP-6119070,B. Tarar,"House No. 185, Gali 35, Peoples Colony, Faisalabad",Jeddah,2025-08-05,Business,511738
TRP-1620529,بلال Tarar,H#185 St-35 PeoplesColony Faisalabad,Baku,2024-10-30,First,292248
TRP-2876207,بلال Tarar,"House No. 185, Gali 35, Peoples Colony, Faisalabad",Jeddah,2025-07-09,Business,515905
TRP-6151951,B.Tarar,"House No. 185, Gali 35, Peoples Colony, Faisalabad",Kuala Lumpur,2024-07-03,First,527058
TRP-8589965,B.Tarar,مکان 185 گلی 35 Peoples Colony Faisalabad,Dubai,2025-05-14,Business,327736
TRP-6551492,K.Warraich,"House No. 296, Gali 18, DHA Phase 6, Karachi",Dubai,2025-09-21,First,379986
TRP-1731520,K.Warraich,"House 296, Street 18, DHA Phase 6, Karachi",London,2024-07-20,Business,833701
TRP-5142240,Kashif Warraich,مکان 296 گلی 18 DHA Phase 6 کراچی,London,2024-10-14,First,1259209
TRP-8898568,K. Warraich,H#296 St-18 DHAPhase6 Karachi,Dubai,2025-11-15,Business,471226
TRP-5119517,Kamran Shirazi,H#338 St-20 DHAPhase5 Lahore,Istanbul,2025-09-05,Business,490656
TRP-4225027,Kamran Shirazi,H#338 St-20 DHAPhase5 Lahore,Dubai,2024-10-16,First,521088
TRP-3061572,Mian Kamran Shirazi,"House 338, Street 20, DHA Phase 5, Lahore",London,2025-10-28,Business,922354
TRP-6890820,Kamran Shirazi,"House 338, Street 20, DHA Phase 5, Lahore",Baku,2024-03-07,First,411635
TRP-9358716,K. Shirazi,مکان 338 گلی 20 DHA Phase 5 لاہور,Istanbul,2025-04-07,Business,402073
TRP-8248227,Kamran Shirazi,مکان 338 گلی 20 DHA Phase 5 لاہور,London,2024-01-26,Business,984816
TRP-9295148,H.Siddiqui,مکان 172 گلی 28 Hayatabad Phase 3 Peshawar,Istanbul,2026-04-18,First,537418
TRP-4040430,H. Siddiqui,H#172 St-28 HayatabadPhase3 Peshawar,Baku,2025-05-21,Business,352989
TRP-9032272,Hafsa Siddiqui,"House No. 172, Gali 28, Hayatabad Phase 3, Peshawar",Baku,2025-03-25,First,440530
TRP-8856153,F.Niazi,مکان 272 گلی 16 F-8/3 اسلام آباد,Dubai,2025-09-04,First,400767
TRP-6991599,F. Niazi,مکان 272 گلی 16 F-8/3 اسلام آباد,Kuala Lumpur,2026-01-10,First,494669
TRP-7376975,Sardar Fatima Niazi,"House No. 272, Gali 16, F-8/3, Islamabad",Istanbul,2025-09-25,First,407112
TRP-7787073,Fatima Niazi,مکان 272 گلی 16 F-8/3 اسلام آباد,Istanbul,2024-05-02,First,370152
TRP-5798453,Ayesha Naqvi,H#235 St-6 Gulshan-e-Iqbal Karachi,London,2025-01-26,First,796702
TRP-3454326,Malik Ayesha Naqvi,مکان 235 گلی 6 Gulshan-e-Iqbal کراچی,Kuala Lumpur,2024-02-06,First,523920
TRP-4550133,Mian Nasir Yousafzai,مکان 175 گلی 12 Bahria Phase 4 راولپنڈی,Baku,2024-06-30,First,303063
TRP-9978852,Chaudhary Nasir Yousafzai,"House No. 175, Gali 12, Bahria Phase 4, Rawalpindi",London,2025-02-03,Business,1284230
TRP-3859452,Chaudhary Nasir Yousafzai,مکان 175 گلی 12 Bahria Phase 4 راولپنڈی,Kuala Lumpur,2024-06-18,First,552866
TRP-9685934,M.Sial,مکان 250 گلی 21 Gulbahar Peshawar,Dubai,2025-08-03,First,478095
TRP-9819969,Chaudhary Mustafa Sial,H#250 St-21 Gulbahar Peshawar,Istanbul,2025-12-24,First,368899
TRP-4169048,M. Sial,H#250 St-21 Gulbahar Peshawar,Jeddah,2024-08-03,First,524542
TRP-4578713,Sardar Mustafa Sial,"House 250, Street 21, Gulbahar, Peshawar",Kuala Lumpur,2025-03-21,First,534078
TRP-5920199,M. Sial,مکان 250 گلی 21 Gulbahar Peshawar,London,2025-01-31,Business,1093930
TRP-1295591,Mian Laiba Malik,"House No. 54, Gali 5, Gulberg III, Lahore",Baku,2026-03-17,Business,373171
TRP-4124878,Laiba Malik,"House No. 54, Gali 5, Gulberg III, Lahore",Baku,2026-03-19,Business,298255
TRP-7710883,Laiba Malik,"House 54, Street 5, Gulberg III, Lahore",Istanbul,2025-04-15,Business,361722
TRP-2915056,Mian Laiba Malik,H#54 St-5 GulbergIII Lahore,Istanbul,2025-12-05,First,368363
TRP-7071516,L. Khattak,مکان 20 گلی 12 North Nazimabad کراچی,Istanbul,2024-03-06,Business,574534
TRP-4331465,Laiba Khattak,"House 20, Street 12, North Nazimabad, Karachi",Istanbul,2026-01-18,Business,583331
TRP-1306833,L. Khattak,"House 20, Street 12, North Nazimabad, Karachi",London,2024-06-12,First,877425
TRP-1581377,Asad Orakzai,"House No. 121, Gali 1, Gulshan-e-Iqbal, Karachi",Baku,2025-02-06,Business,408113
TRP-4877654,A. Orakzai,مکان 121 گلی 1 Gulshan-e-Iqbal کراچی,Jeddah,2026-03-01,First,371180
TRP-7036867,Asad Orakzai,"House 121, Street 1, Gulshan-e-Iqbal, Karachi",London,2025-11-16,Business,1001154
TRP-5204881,A.Orakzai,"House No. 121, Gali 1, Gulshan-e-Iqbal, Karachi",Jeddah,2026-05-16,First,356650
TRP-9012743,A. Orakzai,مکان 121 گلی 1 Gulshan-e-Iqbal کراچی,Baku,2025-06-05,First,289171
TRP-4150529,Tariq Cheema,"House No. 24, Gali 38, E-11/2, Islamabad",Baku,2024-12-22,Business,347087
TRP-8783287,T. Cheema,H#24 St-38 E-11/2 Islamabad,London,2026-05-27,Business,840488
TRP-3136605,Tariq Cheema,مکان 24 گلی 38 E-11/2 اسلام آباد,Baku,2025-08-13,First,331608
TRP-8409430,T.Cheema,مکان 24 گلی 38 E-11/2 اسلام آباد,Jeddah,2024-10-23,First,405155
TRP-6361382,K. Orakzai,"House No. 365, Gali 36, Madina Town, Faisalabad",Kuala Lumpur,2024-06-07,First,502758
TRP-8995896,K. Orakzai,"House No. 365, Gali 36, Madina Town, Faisalabad",Dubai,2024-02-26,First,451373
TRP-4706228,Khadija Orakzai,H#365 St-36 MadinaTown Faisalabad,Kuala Lumpur,2024-07-01,Business,406361
TRP-5421312,Sardar Khadija Orakzai,"House 365, Street 36, Madina Town, Faisalabad",Baku,2026-01-05,Business,446295
TRP-9776330,K. Orakzai,"House No. 365, Gali 36, Madina Town, Faisalabad",London,2025-04-22,Business,824326
TRP-8335608,Yousuf Tareen,"House No. 184, Gali 29, Peoples Colony, Faisalabad",London,2026-04-05,Business,938740
TRP-6447736,Yousuf Tareen,H#184 St-29 PeoplesColony Faisalabad,Kuala Lumpur,2026-05-07,Business,474815
TRP-6644148,Yousuf Tareen,H#184 St-29 PeoplesColony Faisalabad,Istanbul,2024-02-14,Business,560299
TRP-4486756,Y. Tareen,"House 184, Street 29, Peoples Colony, Faisalabad",Jeddah,2025-12-11,First,347911
TRP-2418693,Yousuf Tareen,مکان 184 گلی 29 Peoples Colony Faisalabad,Istanbul,2024-01-21,Business,397907
TRP-2346124,K.Mughal,H#70 St-26 PeoplesColony Faisalabad,Baku,2025-08-09,First,372602
TRP-5854732,K.Mughal,H#70 St-26 PeoplesColony Faisalabad,London,2025-10-06,First,1153497
TRP-6009938,Kashif Mughal,مکان 70 گلی 26 Peoples Colony Faisalabad,Dubai,2024-05-10,First,406126
TRP-8053966,A. Chaudhry,مکان 102 گلی 38 DHA Phase 5 لاہور,Istanbul,2025-10-17,Business,542458
TRP-1712935,A.Chaudhry,مکان 102 گلی 38 DHA Phase 5 لاہور,Dubai,2024-08-10,Business,311917
TRP-2763155,A. Yousafzai,"House No. 163, Gali 32, F-8/3, Islamabad",London,2026-02-03,First,1129513
TRP-2949286,A. Yousafzai,H#163 St-32 F-8/3 Islamabad,Istanbul,2024-10-04,Business,588948
TRP-8524882,Arsalan Yousafzai,H#163 St-32 F-8/3 Islamabad,London,2026-04-18,First,1084296
TRP-3020795,Chaudhary Arsalan Yousafzai,"House 163, Street 32, F-8/3, Islamabad",Baku,2025-10-15,First,344465
TRP-2908431,Syed Arsalan Yousafzai,H#163 St-32 F-8/3 Islamabad,Baku,2024-05-28,First,293425
TRP-5005247,Syed Luqman Khokhar,مکان 397 گلی 20 Gulshan-e-Iqbal کراچی,Dubai,2024-12-13,First,338309
TRP-6140788,L. Khokhar,مکان 397 گلی 20 Gulshan-e-Iqbal کراچی,London,2025-12-07,Business,1288461
TRP-3164068,L.Khokhar,"House No. 397, Gali 20, Gulshan-e-Iqbal, Karachi",Kuala Lumpur,2024-01-17,First,438546
TRP-6322392,Luqman Khokhar,"House 397, Street 20, Gulshan-e-Iqbal, Karachi",Baku,2025-01-15,Business,380999
TRP-2035792,Luqman Khokhar,"House No. 397, Gali 20, Gulshan-e-Iqbal, Karachi",Baku,2024-04-29,First,388356
TRP-6495637,Usman Mughal,H#12 St-16 ShahRukn-e-Alam Multan,Kuala Lumpur,2025-07-03,Business,625620
TRP-1695866,Usman Mughal,"House No. 12, Gali 16, Shah Rukn-e-Alam, Multan",Baku,2026-02-02,Business,290567
TRP-9544045,Mustafa Mughal,"House 265, Street 26, Johar Town, Lahore",London,2024-08-22,First,783195
TRP-7190711,Mustafa Mughal,H#265 St-26 JoharTown Lahore,Dubai,2024-03-04,Business,390177
TRP-2564022,M. Mughal,"House No. 265, Gali 26, Johar Town, Lahore",Baku,2024-11-08,First,352393
TRP-4327004,F. Malik,H#77 St-39 Westridge Rawalpindi,Dubai,2025-11-19,First,455932
TRP-5330903,فاطمہ ملک,H#77 St-39 Westridge Rawalpindi,London,2026-04-01,Business,1089264
TRP-9879303,Fatima Malik,مکان 77 گلی 39 Westridge راولپنڈی,Istanbul,2024-11-11,Business,433098
TRP-9097729,Luqman راجہ,"House No. 279, Gali 27, Wapda Town, Lahore",Jeddah,2026-01-09,First,552453
TRP-4235744,Syed Luqman Raja,"House No. 279, Gali 27, Wapda Town, Lahore",Baku,2025-07-26,First,324296
TRP-4830142,Luqman راجہ,H#279 St-27 WapdaTown Lahore,Baku,2024-12-15,First,326301
TRP-5718567,L.Raja,"House No. 279, Gali 27, Wapda Town, Lahore",Istanbul,2026-01-19,Business,583908
TRP-7597032,L.Raja,مکان 279 گلی 27 Wapda Town لاہور,Istanbul,2024-03-29,First,399762
TRP-8689438,T.Rajput,H#46 St-5 MadinaTown Faisalabad,Jeddah,2024-03-09,First,438032
TRP-2887959,Tooba Rajput,"House No. 46, Gali 5, Madina Town, Faisalabad",Istanbul,2025-11-01,First,511834
TRP-9412807,T.Rajput,"House 46, Street 5, Madina Town, Faisalabad",Kuala Lumpur,2025-06-08,First,616054
TRP-1940350,Haji Sana Siddiqui,مکان 236 گلی 21 Gulgasht Multan,London,2025-10-08,First,1115388
TRP-1743273,Sana Siddiqui,مکان 236 گلی 21 Gulgasht Multan,Dubai,2025-07-20,Business,326357
TRP-7688884,Sana Siddiqui,"House 236, Street 21, Gulgasht, Multan",London,2025-07-29,First,1065609
TRP-2113687,Sana Siddiqui,مکان 236 گلی 21 Gulgasht Multan,Kuala Lumpur,2025-10-18,Business,635072
TRP-3666287,Mian Sana Siddiqui,"House No. 236, Gali 21, Gulgasht, Multan",London,2025-09-20,Business,1074348
TRP-5179009,S. Siddiqui,"House No. 236, Gali 21, Gulgasht, Multan",Istanbul,2025-03-28,First,402975
TRP-3352860,زینب راجہ,مکان 238 گلی 10 Gulshan-e-Iqbal کراچی,Dubai,2024-07-21,Business,494113
TRP-7806209,Z. Raja,"House No. 238, Gali 10, Gulshan-e-Iqbal, Karachi",London,2026-03-16,Business,973724
TRP-1678775,Mian Zainab Raja,"House 238, Street 10, Gulshan-e-Iqbal, Karachi",Dubai,2024-08-22,First,412385
TRP-7339348,Zainab Raja,"House 238, Street 10, Gulshan-e-Iqbal, Karachi",Jeddah,2024-10-15,First,540590
TRP-4360728,زینب راجہ,"House No. 238, Gali 10, Gulshan-e-Iqbal, Karachi",London,2025-08-05,Business,1060823
TRP-1001315,Noor Awan,H#327 St-30 DHAPhase5 Lahore,London,2024-06-21,First,1341484
TRP-7356613,N.Awan,مکان 327 گلی 30 DHA Phase 5 لاہور,Baku,2026-02-24,First,319455
TRP-5495551,Rana Noor Awan,"House No. 327, Gali 30, DHA Phase 5, Lahore",London,2024-11-17,Business,921572
TRP-3488211,Rana Noor Awan,"House 327, Street 30, DHA Phase 5, Lahore",Baku,2025-04-10,First,313505
TRP-7473595,F.Yousafzai,"House 127, Street 16, Gulgasht, Multan",Baku,2025-09-06,Business,258428
TRP-2985963,Fahad Yousafzai,مکان 127 گلی 16 Gulgasht Multan,Jeddah,2024-11-13,Business,481740
TRP-1152165,F.Yousafzai,"House 127, Street 16, Gulgasht, Multan",Kuala Lumpur,2025-11-23,First,572925
TRP-4566919,F.Yousafzai,مکان 127 گلی 16 Gulgasht Multan,Dubai,2024-06-27,First,472225
TRP-4945059,Mian Javeria Wazir,H#188 St-23 NorthNazimabad Karachi,Dubai,2025-01-31,Business,375367
TRP-6459285,J.Wazir,مکان 188 گلی 23 North Nazimabad کراچی,Jeddah,2025-11-12,First,484976
TRP-7893949,Laiba Gill,مکان 320 گلی 10 Madina Town Faisalabad,Istanbul,2024-08-21,First,477888
TRP-7604287,Malik Laiba Gill,"House 320, Street 10, Madina Town, Faisalabad",Kuala Lumpur,2025-03-23,Business,601657
TRP-9610916,Laiba Gill,H#320 St-10 MadinaTown Faisalabad,Istanbul,2026-01-14,Business,445384
TRP-3551867,Laiba Gill,H#320 St-10 MadinaTown Faisalabad,London,2024-06-24,First,1281894
TRP-3045824,Laiba Gill,H#320 St-10 MadinaTown Faisalabad,Dubai,2024-01-21,Business,329206
TRP-8641057,Laiba Gill,"House No. 320, Gali 10, Madina Town, Faisalabad",Kuala Lumpur,2025-07-10,First,492986
TRP-4208531,Rana Bilal Butt,مکان 171 گلی 32 Chaklala Scheme 3 راولپنڈی,Jeddah,2025-10-26,First,333914
TRP-7874455,B. Butt,مکان 171 گلی 32 Chaklala Scheme 3 راولپنڈی,Baku,2025-09-14,First,334074
TRP-9403910,Bilal Butt,H#171 St-32 ChaklalaScheme3 Rawalpindi,Istanbul,2024-03-19,Business,344349
TRP-2327456,بلال بٹ,H#171 St-32 ChaklalaScheme3 Rawalpindi,Baku,2025-11-14,First,259659
TRP-2743311,بلال بٹ,"House No. 171, Gali 32, Chaklala Scheme 3, Rawalpindi",Istanbul,2024-07-10,Business,361629
TRP-9138668,B. Butt,مکان 171 گلی 32 Chaklala Scheme 3 راولپنڈی,Dubai,2024-07-18,First,473267
TRP-8210572,Rana Zubair Saddozai,"House No. 369, Gali 21, University Town, Peshawar",Istanbul,2026-01-19,Business,437264
TRP-2852480,Z.Saddozai,مکان 369 گلی 21 University Town Peshawar,Jeddah,2025-08-30,Business,407401
TRP-9681600,Javeria چوہدری,مکان 16 گلی 22 Chaklala Scheme 3 راولپنڈی,London,2025-07-10,Business,1244065
TRP-6273713,Javeria Chaudhry,"House 16, Street 22, Chaklala Scheme 3, Rawalpindi",Jeddah,2026-02-03,Business,368953
TRP-3049181,Javeria Chaudhry,"House No. 16, Gali 22, Chaklala Scheme 3, Rawalpindi",Istanbul,2025-12-06,First,454119
TRP-7914477,Javeria چوہدری,"House No. 16, Gali 22, Chaklala Scheme 3, Rawalpindi",London,2026-04-02,Business,873379
TRP-3934228,Javeria Chaudhry,"House 16, Street 22, Chaklala Scheme 3, Rawalpindi",Dubai,2024-02-08,First,474574
TRP-3758781,Khalid Mehsud,H#350 St-3 WapdaTown Lahore,Jeddah,2024-03-17,Business,397859
TRP-4863675,Khalid Mehsud,"House No. 350, Gali 3, Wapda Town, Lahore",Jeddah,2025-10-30,Business,346205
TRP-1831786,Khalid Mehsud,H#350 St-3 WapdaTown Lahore,Kuala Lumpur,2025-12-26,First,462676
TRP-8581028,K. Mehsud,H#350 St-3 WapdaTown Lahore,London,2025-03-04,Business,975674
TRP-7570337,K.Mehsud,"House 350, Street 3, Wapda Town, Lahore",Jeddah,2026-03-16,First,451554
TRP-3289710,K.Mehsud,مکان 350 گلی 3 Wapda Town لاہور,Kuala Lumpur,2026-05-19,Business,450666
TRP-7972190,Ubaid Shirazi,"House 307, Street 8, Cantt, Multan",Jeddah,2025-08-14,Business,362970
TRP-2509458,Ubaid Shirazi,مکان 307 گلی 8 Cantt Multan,Dubai,2025-07-30,First,365568
TRP-4271987,Ubaid Shirazi,مکان 307 گلی 8 Cantt Multan,Baku,2025-05-23,Business,349090
TRP-2117115,Ubaid Shirazi,H#307 St-8 Cantt Multan,Istanbul,2024-05-08,First,502964
TRP-6979384,Ubaid Shirazi,"House 307, Street 8, Cantt, Multan",Istanbul,2026-05-06,First,562351
TRP-5573519,Irfan Khattak,H#317 St-3 E-11/2 Islamabad,London,2024-09-27,First,796531
TRP-2745058,I. Khattak,"House 317, Street 3, E-11/2, Islamabad",Jeddah,2025-09-03,Business,409342
TRP-5717498,Irfan Janjua,"House 304, Street 38, Shah Rukn-e-Alam, Multan",Jeddah,2024-01-01,Business,451643
TRP-3549944,I. Janjua,"House No. 304, Gali 38, Shah Rukn-e-Alam, Multan",Istanbul,2026-01-25,Business,385135
TRP-4354120,I. Janjua,مکان 304 گلی 38 Shah Rukn-e-Alam Multan,Jeddah,2026-03-09,Business,529691
TRP-4268416,Sardar Salman Hashmi,"House 382, Street 24, G-13/1, Islamabad",Kuala Lumpur,2024-08-16,Business,651583
TRP-4325517,Chaudhary Salman Hashmi,H#382 St-24 G-13/1 Islamabad,Istanbul,2024-01-29,Business,357076
TRP-1580257,Salman Hashmi,مکان 382 گلی 24 G-13/1 اسلام آباد,Istanbul,2025-06-24,First,527314
TRP-6495451,Ibrahim Mehsud,"House 196, Street 39, F-8/3, Islamabad",Dubai,2026-04-23,First,370155
TRP-8024176,Mian Ibrahim Mehsud,H#196 St-39 F-8/3 Islamabad,Baku,2025-09-24,Business,347083
TRP-9245320,Rana Ibrahim Mehsud,"House 196, Street 39, F-8/3, Islamabad",London,2026-04-24,First,925612
TRP-1346028,I. Mehsud,مکان 196 گلی 39 F-8/3 اسلام آباد,London,2024-09-11,Business,1193947
TRP-1348200,Ibrahim Mehsud,H#196 St-39 F-8/3 Islamabad,Kuala Lumpur,2024-08-21,Business,523212
TRP-2113043,F. Warraich,H#264 St-30 WapdaTown Lahore,Dubai,2025-03-08,Business,394028
TRP-7908610,F.Warraich,مکان 264 گلی 30 Wapda Town لاہور,London,2025-07-04,First,1073583
TRP-7790623,F. Warraich,"House 264, Street 30, Wapda Town, Lahore",Baku,2024-09-07,First,360267
TRP-3364717,F.Warraich,"House No. 264, Gali 30, Wapda Town, Lahore",Baku,2026-04-02,Business,368461
TRP-5972394,Sardar Kinza Sandhu,"House 47, Street 26, Gulgasht, Multan",Istanbul,2025-09-29,Business,386892
TRP-4104709,Kinza Sandhu,"House No. 47, Gali 26, Gulgasht, Multan",London,2024-03-20,First,1010686
TRP-3513399,K.Sandhu,H#47 St-26 Gulgasht Multan,Kuala Lumpur,2024-01-03,First,457283
TRP-1442916,K. Sandhu,مکان 47 گلی 26 Gulgasht Multan,Kuala Lumpur,2024-11-16,Business,617728
TRP-7312511,Kinza Sandhu,"House No. 47, Gali 26, Gulgasht, Multan",London,2026-03-03,Business,1178111
TRP-9340848,Hassan Khattak,"House 379, Street 4, Peoples Colony, Faisalabad",Dubai,2026-05-30,Business,491936
TRP-6680592,Hassan Khattak,H#379 St-4 PeoplesColony Faisalabad,Jeddah,2024-05-30,Business,490562
TRP-8973129,Haji Hassan Khattak,H#379 St-4 PeoplesColony Faisalabad,London,2024-10-10,First,1092858
TRP-4691209,حسن Khattak,مکان 379 گلی 4 Peoples Colony Faisalabad,Jeddah,2024-08-30,Business,359705
TRP-8450783,H.Khattak,مکان 379 گلی 4 Peoples Colony Faisalabad,Istanbul,2025-05-27,First,404006
TRP-1777094,H. Khattak,"House No. 379, Gali 4, Peoples Colony, Faisalabad",Kuala Lumpur,2025-08-19,Business,531348
TRP-7151907,A. Durrani,"House 378, Street 21, Gulbahar, Peshawar",London,2026-05-21,Business,1299615
TRP-2430908,Amna Durrani,"House 378, Street 21, Gulbahar, Peshawar",London,2025-08-27,Business,884940
TRP-9044884,S. Chaudhry,مکان 243 گلی 8 Model Town لاہور,Istanbul,2024-02-21,Business,387456
TRP-7204159,S. Chaudhry,"House No. 243, Gali 8, Model Town, Lahore",Kuala Lumpur,2024-01-10,First,608771
TRP-3043080,Saqib Chaudhry,H#243 St-8 ModelTown Lahore,London,2025-04-24,Business,1256726
TRP-7679259,Saqib چوہدری,"House 243, Street 8, Model Town, Lahore",Jeddah,2025-02-28,First,559594
TRP-7704500,Mustafa Dar,"House 342, Street 31, DHA Phase 5, Lahore",Kuala Lumpur,2025-11-11,Business,593168
TRP-3040329,Mustafa Dar,"House No. 342, Gali 31, DHA Phase 5, Lahore",Kuala Lumpur,2025-07-16,First,487199
TRP-6189555,Rana Mustafa Dar,"House 342, Street 31, DHA Phase 5, Lahore",Istanbul,2024-05-13,First,515036
TRP-5985178,Mustafa Dar,"House 342, Street 31, DHA Phase 5, Lahore",Istanbul,2026-01-04,First,509357
TRP-2419464,Sardar Mustafa Dar,"House 342, Street 31, DHA Phase 5, Lahore",Baku,2026-02-12,Business,295490
TRP-5396946,Rana Mustafa Dar,H#342 St-31 DHAPhase5 Lahore,Dubai,2025-11-10,First,490417
TRP-5570109,Sardar Nasir Niazi,H#286 St-4 BahriaPhase4 Rawalpindi,Kuala Lumpur,2026-04-27,Business,389243
TRP-1170989,N.Niazi,"House 286, Street 4, Bahria Phase 4, Rawalpindi",London,2024-06-11,First,1155016
TRP-1283909,N.Niazi,"House 286, Street 4, Bahria Phase 4, Rawalpindi",Istanbul,2026-02-05,First,544506
TRP-6728957,Nasir Niazi,مکان 286 گلی 4 Bahria Phase 4 راولپنڈی,Baku,2025-09-20,First,383083
TRP-9458900,Nasir Niazi,"House 286, Street 4, Bahria Phase 4, Rawalpindi",Kuala Lumpur,2024-04-01,First,546609
TRP-2247786,Lubna Sandhu,H#363 St-29 ChaklalaScheme3 Rawalpindi,Dubai,2024-04-02,First,385634
TRP-1382194,L.Sandhu,"House 363, Street 29, Chaklala Scheme 3, Rawalpindi",Baku,2024-01-29,Business,365756
TRP-6680063,Sardar Lubna Sandhu,"House 363, Street 29, Chaklala Scheme 3, Rawalpindi",Kuala Lumpur,2024-04-02,First,564486
TRP-2156335,Adnan بٹ,"House 377, Street 18, Shah Rukn-e-Alam, Multan",Istanbul,2025-06-27,Business,404299
TRP-8675116,Adnan Butt,"House 377, Street 18, Shah Rukn-e-Alam, Multan",Istanbul,2025-06-02,First,507945
TRP-1053636,A. Butt,"House 377, Street 18, Shah Rukn-e-Alam, Multan",Istanbul,2025-12-24,First,557616
TRP-3196450,A. Butt,مکان 377 گلی 18 Shah Rukn-e-Alam Multan,Kuala Lumpur,2025-02-27,First,498225
TRP-8112545,A.Butt,"House No. 377, Gali 18, Shah Rukn-e-Alam, Multan",London,2025-01-11,First,1137931
TRP-1510500,Malik Ibrahim Cheema,مکان 171 گلی 34 Hayatabad Phase 3 Peshawar,Dubai,2024-07-11,Business,473891
TRP-9627092,Ibrahim Cheema,H#171 St-34 HayatabadPhase3 Peshawar,Jeddah,2024-08-30,First,487778
TRP-7144589,Ibrahim Cheema,H#171 St-34 HayatabadPhase3 Peshawar,London,2025-10-15,First,785799
TRP-6273614,B.Qureshi,"House 287, Street 4, Cantt, Multan",Baku,2026-05-30,First,383327
TRP-2073655,B. Qureshi,H#287 St-4 Cantt Multan,Jeddah,2024-12-13,Business,555711
TRP-8405855,Babar قریشی,مکان 287 گلی 4 Cantt Multan,Kuala Lumpur,2025-01-27,Business,410756
TRP-4051766,Mian Shahzad Wazir,"House No. 233, Gali 25, Peoples Colony, Faisalabad",Dubai,2026-02-12,First,477820
TRP-7900028,Shahzad Wazir,"House No. 233, Gali 25, Peoples Colony, Faisalabad",Kuala Lumpur,2024-08-18,Business,503632
TRP-1172289,M. Awan,مکان 256 گلی 23 DHA Phase 5 لاہور,Jeddah,2025-03-04,Business,559392
TRP-6313285,Mansoor Awan,"House 256, Street 23, DHA Phase 5, Lahore",Kuala Lumpur,2024-06-14,First,514108
TRP-4533066,Rana Mansoor Awan,مکان 256 گلی 23 DHA Phase 5 لاہور,Kuala Lumpur,2024-04-07,First,435186
TRP-7556229,M. Awan,"House 256, Street 23, DHA Phase 5, Lahore",Kuala Lumpur,2024-06-14,First,545547
TRP-2698266,Mansoor Awan,مکان 256 گلی 23 DHA Phase 5 لاہور,Baku,2025-05-06,First,343325
TRP-4102090,Sardar Mahnoor Hashmi,مکان 27 گلی 10 F-8/3 اسلام آباد,Jeddah,2025-06-27,Business,444976
TRP-5443488,M. Hashmi,مکان 27 گلی 10 F-8/3 اسلام آباد,London,2024-04-08,First,1114470
TRP-5963189,Mahnoor Hashmi,H#27 St-10 F-8/3 Islamabad,London,2025-03-09,Business,1286145
TRP-2991780,Malik Mahnoor Hashmi,"House No. 27, Gali 10, F-8/3, Islamabad",Jeddah,2025-03-04,First,412098
TRP-3018849,M.Hashmi,مکان 27 گلی 10 F-8/3 اسلام آباد,Istanbul,2025-01-01,Business,496679
TRP-5450360,M. Hashmi,H#27 St-10 F-8/3 Islamabad,London,2024-01-07,Business,1290246
TRP-9785043,R. Cheema,"House No. 101, Gali 10, Westridge, Rawalpindi",Istanbul,2025-12-22,First,530435
TRP-7821197,R. Cheema,مکان 101 گلی 10 Westridge راولپنڈی,London,2026-04-19,Business,803532
TRP-8262808,Rashid Cheema,مکان 101 گلی 10 Westridge راولپنڈی,Dubai,2025-04-07,First,303082
TRP-2237587,Chaudhary Rashid Cheema,H#101 St-10 Westridge Rawalpindi,London,2024-02-09,First,975286
TRP-6366886,I.Bukhari,مکان 7 گلی 8 Cantt Multan,London,2025-03-20,First,1334455
TRP-7210621,I. Bukhari,مکان 7 گلی 8 Cantt Multan,Jeddah,2024-01-17,First,554554
TRP-4557411,عمران Bukhari,مکان 7 گلی 8 Cantt Multan,Jeddah,2025-10-08,Business,419003
TRP-6129428,I.Bukhari,"House No. 7, Gali 8, Cantt, Multan",Istanbul,2025-01-06,First,453526
TRP-5707088,Imran Bukhari,مکان 7 گلی 8 Cantt Multan,London,2025-02-22,First,838138
TRP-1545240,Madiha Cheema,"House No. 295, Gali 39, Hayatabad Phase 3, Peshawar",Baku,2026-01-12,Business,291923
TRP-5011617,Madiha Cheema,H#295 St-39 HayatabadPhase3 Peshawar,Istanbul,2025-04-09,Business,553446
TRP-5509556,Hussain Awan,"House 150, Street 10, North Nazimabad, Karachi",Jeddah,2024-07-12,First,444106
TRP-9173181,H. Awan,مکان 150 گلی 10 North Nazimabad کراچی,Baku,2025-04-30,Business,371320
TRP-4689088,Rana Hussain Awan,"House No. 150, Gali 10, North Nazimabad, Karachi",Kuala Lumpur,2025-11-28,First,460295
TRP-7788845,Hussain Awan,H#150 St-10 NorthNazimabad Karachi,Istanbul,2026-01-24,Business,352893
TRP-6175057,H. Awan,"House 150, Street 10, North Nazimabad, Karachi",Istanbul,2024-10-17,Business,394384
TRP-6421560,S.Lodhi,H#49 St-38 Gulgasht Multan,London,2025-07-23,Business,1162125
TRP-5409908,S. Lodhi,مکان 49 گلی 38 Gulgasht Multan,Baku,2025-03-20,Business,322837
TRP-9213287,S.Lodhi,مکان 49 گلی 38 Gulgasht Multan,Baku,2024-09-04,First,365495
TRP-5772138,S. Lodhi,مکان 49 گلی 38 Gulgasht Multan,Dubai,2026-04-18,First,388903
TRP-1546771,H.Virk,مکان 127 گلی 5 G-13/1 اسلام آباد,Jeddah,2024-03-19,Business,555418
TRP-4079143,Haji Hina Virk,"House 127, Street 5, G-13/1, Islamabad",Jeddah,2026-03-06,First,380938
TRP-3880741,Iqra Afridi,H#374 St-16 G-10/2 Islamabad,Dubai,2026-03-19,First,401541
TRP-9014225,I.Afridi,"House No. 374, Gali 16, G-10/2, Islamabad",Kuala Lumpur,2026-03-08,First,456036
TRP-8991386,Iqra Afridi,"House No. 374, Gali 16, G-10/2, Islamabad",Jeddah,2025-11-07,Business,455085
TRP-8655824,Haji Iqra Afridi,مکان 374 گلی 16 G-10/2 اسلام آباد,Istanbul,2026-02-12,Business,479821
TRP-2659738,Syed Nadeem Yousafzai,"House 27, Street 25, Satellite Town, Rawalpindi",Kuala Lumpur,2024-05-02,First,482659
TRP-5436649,Haji Nadeem Yousafzai,H#27 St-25 SatelliteTown Rawalpindi,Kuala Lumpur,2026-05-06,Business,657183
TRP-2858361,Nadeem Yousafzai,"House 27, Street 25, Satellite Town, Rawalpindi",London,2024-10-21,First,1305098
TRP-5986398,Pervez Tarar,"House 25, Street 12, Chaklala Scheme 3, Rawalpindi",Jeddah,2026-03-05,Business,414114
TRP-6135953,Pervez Tarar,"House No. 25, Gali 12, Chaklala Scheme 3, Rawalpindi",Dubai,2024-05-03,First,413929
TRP-4732165,T. Sandhu,H#108 St-38 ChaklalaScheme3 Rawalpindi,Dubai,2024-09-28,First,509736
TRP-4870286,Tariq Sandhu,مکان 108 گلی 38 Chaklala Scheme 3 راولپنڈی,London,2024-03-11,Business,1066317
TRP-4308218,Malik Tariq Sandhu,مکان 108 گلی 38 Chaklala Scheme 3 راولپنڈی,London,2025-06-03,Business,1195837
TRP-8940841,Syed Tariq Sandhu,"House No. 108, Gali 38, Chaklala Scheme 3, Rawalpindi",Baku,2024-09-30,Business,374774
TRP-3640390,Tariq Sandhu,"House 108, Street 38, Chaklala Scheme 3, Rawalpindi",London,2025-01-07,Business,786895
TRP-9278315,Tariq Sandhu,مکان 108 گلی 38 Chaklala Scheme 3 راولپنڈی,Kuala Lumpur,2026-01-24,Business,459832
TRP-6876054,A.Bukhari,"House No. 99, Gali 29, Cantt, Multan",Baku,2024-05-10,Business,410378
TRP-9164213,A.Bukhari,"House No. 99, Gali 29, Cantt, Multan",Kuala Lumpur,2024-09-24,First,435090
TRP-7309802,Amna Bukhari,"House 99, Street 29, Cantt, Multan",Istanbul,2025-05-22,First,377581
TRP-1584947,Amna Bukhari,مکان 99 گلی 29 Cantt Multan,Kuala Lumpur,2025-06-02,First,653215
TRP-8799302,Amna Bukhari,مکان 99 گلی 29 Cantt Multan,Jeddah,2026-01-02,First,511451
TRP-5729426,Salman Gill,H#329 St-35 NorthNazimabad Karachi,Baku,2025-02-10,First,426104
TRP-1663213,Salman Gill,"House No. 329, Gali 35, North Nazimabad, Karachi",Dubai,2025-06-11,Business,472333
TRP-8253130,Mian Salman Gill,"House No. 329, Gali 35, North Nazimabad, Karachi",Jeddah,2024-01-08,First,331154
TRP-8143673,Malik Mehwish Sial,H#28 St-14 DHAPhase6 Karachi,Kuala Lumpur,2026-01-13,First,474037
TRP-4199814,Mehwish Sial,H#28 St-14 DHAPhase6 Karachi,London,2024-11-13,Business,820729
TRP-9403303,Mehwish Sial,H#28 St-14 DHAPhase6 Karachi,Istanbul,2024-09-10,Business,404387
TRP-5023835,عائشہ Mughal,H#182 St-37 ShahRukn-e-Alam Multan,Baku,2025-12-16,Business,401454
TRP-3323840,Ayesha Mughal,"House 182, Street 37, Shah Rukn-e-Alam, Multan",Dubai,2024-09-08,First,413224
TRP-5419552,Ayesha Mughal,H#182 St-37 ShahRukn-e-Alam Multan,Baku,2025-06-28,First,445595
TRP-8730561,Sardar Owais Bhatti,"House 48, Street 2, Satellite Town, Rawalpindi",Jeddah,2025-12-22,First,327778
TRP-4892395,O.Bhatti,H#48 St-2 SatelliteTown Rawalpindi,Jeddah,2024-12-04,Business,481246
TRP-8537335,Hassan Siddiqui,"House 39, Street 17, I-8/4, Islamabad",Dubai,2025-06-02,First,453921
TRP-4964811,H.Siddiqui,"House No. 39, Gali 17, I-8/4, Islamabad",Istanbul,2026-02-26,First,382608
TRP-7805492,Sardar Hassan Siddiqui,"House 39, Street 17, I-8/4, Islamabad",Kuala Lumpur,2026-04-04,First,515536
TRP-8537189,Hassan Siddiqui,"House 39, Street 17, I-8/4, Islamabad",Istanbul,2024-03-22,Business,422397
TRP-5469939,Z.Wazir,H#165 St-31 Gulshan-e-Iqbal Karachi,Dubai,2024-09-13,First,299447
TRP-8368375,Z.Wazir,"House No. 165, Gali 31, Gulshan-e-Iqbal, Karachi",Baku,2026-05-19,First,381968
TRP-5182567,Sardar Zeeshan Wazir,H#165 St-31 Gulshan-e-Iqbal Karachi,Istanbul,2025-05-31,Business,554776
TRP-3517614,H.Rizvi,"House No. 130, Gali 24, Model Town, Lahore",London,2024-09-09,First,1063142
TRP-9709241,H.Rizvi,"House No. 130, Gali 24, Model Town, Lahore",Jeddah,2025-06-20,First,495216
TRP-2343377,Malik Hina Rizvi,"House No. 130, Gali 24, Model Town, Lahore",Istanbul,2026-04-30,Business,450002
TRP-9164456,H. Mehsud,"House No. 270, Gali 12, Madina Town, Faisalabad",Baku,2025-12-21,First,361448
TRP-8357422,Hina Mehsud,"House 270, Street 12, Madina Town, Faisalabad",Baku,2024-09-19,First,299219
TRP-7852610,H. Mehsud,H#270 St-12 MadinaTown Faisalabad,Istanbul,2026-03-17,Business,546274
TRP-3952795,H. Mehsud,"House No. 270, Gali 12, Madina Town, Faisalabad",Istanbul,2024-04-26,Business,540704
TRP-4667401,Nasir Gondal,مکان 80 گلی 20 Gulgasht Multan,Istanbul,2025-04-02,Business,447688
TRP-9020881,Nasir Gondal,H#80 St-20 Gulgasht Multan,Dubai,2025-12-08,First,395550
TRP-3754389,Malik Nasir Gondal,"House 80, Street 20, Gulgasht, Multan",Kuala Lumpur,2025-12-28,Business,665323
TRP-5989864,Nasir Gondal,"House 80, Street 20, Gulgasht, Multan",Baku,2026-01-12,First,325173
TRP-9565360,Nasir Gondal,"House No. 80, Gali 20, Gulgasht, Multan",Dubai,2026-03-05,Business,300207
TRP-2253673,N. Gondal,"House 80, Street 20, Gulgasht, Multan",Kuala Lumpur,2024-07-10,First,518051
TRP-7802518,Rauf Baig,H#149 St-19 NorthNazimabad Karachi,Jeddah,2024-08-19,Business,458147
TRP-5865571,R.Baig,H#149 St-19 NorthNazimabad Karachi,Baku,2026-05-26,Business,445146
TRP-3792324,R.Baig,"House 149, Street 19, North Nazimabad, Karachi",Baku,2025-11-09,First,444442
TRP-7507775,Rauf Baig,H#149 St-19 NorthNazimabad Karachi,Dubai,2025-07-15,Business,481145
TRP-8436890,R.Baig,مکان 149 گلی 19 North Nazimabad کراچی,Jeddah,2024-02-11,Business,427384
TRP-1436203,Rauf Baig,مکان 149 گلی 19 North Nazimabad کراچی,Dubai,2026-03-17,First,367883
TRP-6735018,Mansoor Chaudhry,"House No. 279, Gali 14, I-8/4, Islamabad",London,2025-01-13,Business,1313548
TRP-6440665,M.Chaudhry,"House 279, Street 14, I-8/4, Islamabad",Istanbul,2024-05-11,Business,541605
TRP-6420411,Mansoor چوہدری,"House 279, Street 14, I-8/4, Islamabad",Kuala Lumpur,2026-04-21,Business,634123
TRP-3227762,Mansoor Chaudhry,"House 279, Street 14, I-8/4, Islamabad",Baku,2025-10-19,Business,321386
TRP-4793495,M. Chaudhry,"House 279, Street 14, I-8/4, Islamabad",Baku,2024-06-17,First,411867
TRP-3572729,Mansoor چوہدری,مکان 279 گلی 14 I-8/4 اسلام آباد,Baku,2025-06-16,First,266404
TRP-1602821,Mian Uzma Kazmi,مکان 105 گلی 21 F-8/3 اسلام آباد,London,2024-03-10,First,1137668
TRP-3717180,Uzma Kazmi,H#105 St-21 F-8/3 Islamabad,Dubai,2024-10-10,Business,371053
TRP-6728655,Khadija Malik,H#185 St-22 WapdaTown Lahore,Jeddah,2026-01-07,First,554934
TRP-8432850,Rana Khadija Malik,مکان 185 گلی 22 Wapda Town لاہور,London,2024-05-06,First,1007283
TRP-4653303,K. Malik,"House No. 185, Gali 22, Wapda Town, Lahore",Jeddah,2025-04-19,First,327117
TRP-2326357,K. Malik,"House 185, Street 22, Wapda Town, Lahore",Baku,2024-07-03,First,420218
TRP-8597706,K. Malik,مکان 185 گلی 22 Wapda Town لاہور,Istanbul,2024-06-27,Business,444720
TRP-5563542,Khadija Malik,"House 185, Street 22, Wapda Town, Lahore",Istanbul,2026-02-06,First,591992
TRP-5325602,Ehsan Tareen,مکان 241 گلی 7 D Ground Faisalabad,London,2024-12-12,First,906019
TRP-6677126,Ehsan Tareen,مکان 241 گلی 7 D Ground Faisalabad,Istanbul,2025-09-10,First,397401
TRP-1323842,Ehsan Tareen,"House No. 241, Gali 7, D Ground, Faisalabad",Jeddah,2025-03-13,First,452963
TRP-4539313,Ehsan Tareen,"House 241, Street 7, D Ground, Faisalabad",Baku,2026-04-09,Business,257995
TRP-1838312,Malik Ehsan Tareen,مکان 241 گلی 7 D Ground Faisalabad,Istanbul,2024-09-26,First,347917
TRP-6748962,Sardar Atif Bukhari,"House No. 56, Gali 3, D Ground, Faisalabad",Istanbul,2025-10-08,First,446024
TRP-8316295,Malik Atif Bukhari,"House No. 56, Gali 3, D Ground, Faisalabad",London,2024-05-23,Business,1065623
TRP-1601195,A. Bukhari,"House No. 56, Gali 3, D Ground, Faisalabad",Dubai,2024-05-22,Business,395578
TRP-4294722,Atif Bukhari,"House No. 56, Gali 3, D Ground, Faisalabad",Dubai,2024-09-13,Business,365738
TRP-8850317,A. Bukhari,مکان 56 گلی 3 D Ground Faisalabad,Dubai,2025-05-06,First,503692
TRP-8448596,Haji Atif Bukhari,"House 56, Street 3, D Ground, Faisalabad",London,2024-10-27,Business,884808
TRP-8175214,U. Sandhu,H#233 St-25 Gulgasht Multan,Kuala Lumpur,2025-05-22,Business,444315
TRP-4771479,Haji Umar Sandhu,H#233 St-25 Gulgasht Multan,Baku,2025-04-14,Business,269883
TRP-3270591,Faisal Kayani,"House No. 324, Gali 38, Madina Town, Faisalabad",Kuala Lumpur,2024-06-25,First,483271
TRP-9937492,F. Kayani,"House 324, Street 38, Madina Town, Faisalabad",London,2026-01-19,Business,1037898
TRP-5284177,F.Kayani,"House No. 324, Gali 38, Madina Town, Faisalabad",Istanbul,2025-02-05,Business,464293
TRP-6537260,S.Abbasi,H#43 St-7 Gulbahar Peshawar,Kuala Lumpur,2025-06-24,First,573392
TRP-2572461,Sardar Sadia Abbasi,"House No. 43, Gali 7, Gulbahar, Peshawar",Baku,2025-09-02,Business,282815
TRP-6370622,S.Abbasi,مکان 43 گلی 7 Gulbahar Peshawar,Baku,2026-05-01,First,291634
TRP-2597521,M. Durrani,"House No. 320, Gali 26, Gulberg III, Lahore",Istanbul,2024-12-11,First,549983
TRP-7797554,Haji Mansoor Durrani,مکان 320 گلی 26 Gulberg III لاہور,Jeddah,2025-05-22,Business,481428
TRP-7375220,M. Durrani,"House No. 320, Gali 26, Gulberg III, Lahore",Baku,2026-04-21,Business,347421
TRP-5272162,U.Khan,H#18 St-18 MadinaTown Faisalabad,Kuala Lumpur,2024-08-19,Business,619085
TRP-8159799,U. Khan,مکان 18 گلی 18 Madina Town Faisalabad,Baku,2024-04-19,First,259053
TRP-2459000,Z.Malik,مکان 242 گلی 39 Gulbahar Peshawar,Baku,2026-03-19,First,272770
TRP-6477968,Z.Malik,مکان 242 گلی 39 Gulbahar Peshawar,Dubai,2025-04-07,Business,369188
TRP-2339314,Zara Malik,"House 242, Street 39, Gulbahar, Peshawar",Jeddah,2024-01-12,First,357149
TRP-8172220,I. Khokhar,"House 47, Street 12, G-10/2, Islamabad",Jeddah,2025-11-01,First,539017
TRP-6347569,Malik Iqra Khokhar,H#47 St-12 G-10/2 Islamabad,Istanbul,2025-05-21,Business,504764
TRP-7454697,I.Khokhar,H#47 St-12 G-10/2 Islamabad,Istanbul,2024-08-13,Business,563589
TRP-4757309,I. Khokhar,مکان 47 گلی 12 G-10/2 اسلام آباد,London,2026-04-21,Business,847654
TRP-8993104,Iqra Khokhar,مکان 47 گلی 12 G-10/2 اسلام آباد,Jeddah,2024-12-03,Business,339545
TRP-1960190,I.Khokhar,"House No. 47, Gali 12, G-10/2, Islamabad",London,2025-07-02,Business,1240966
TRP-6432929,Sardar Tooba Shirazi,"House 189, Street 24, Bahria Phase 4, Rawalpindi",Baku,2024-09-18,First,447126
TRP-3836155,T. Shirazi,"House 189, Street 24, Bahria Phase 4, Rawalpindi",Dubai,2024-01-05,Business,502441
TRP-2741756,R. Khattak,"House No. 222, Gali 8, Cantt, Multan",Kuala Lumpur,2024-07-06,Business,609856
TRP-2656379,Rashid Khattak,"House No. 222, Gali 8, Cantt, Multan",Jeddah,2024-12-28,First,375199
TRP-2766289,R. Khattak,"House No. 222, Gali 8, Cantt, Multan",Istanbul,2026-02-26,Business,530648
TRP-1635243,Adnan Warraich,"House 140, Street 1, Chaklala Scheme 3, Rawalpindi",Jeddah,2024-05-22,First,367459
TRP-1274229,Adnan Warraich,"House 140, Street 1, Chaklala Scheme 3, Rawalpindi",Baku,2024-04-29,Business,426042
TRP-7886892,Waseem Mirza,H#172 St-30 G-13/1 Islamabad,Dubai,2026-01-04,First,334184
TRP-1262343,W. Mirza,"House 172, Street 30, G-13/1, Islamabad",Dubai,2026-04-28,Business,306290
TRP-5949627,Waseem Mirza,"House 172, Street 30, G-13/1, Islamabad",Dubai,2024-12-19,Business,403728
TRP-5485284,T.Awan,H#16 St-14 DHAPhase5 Lahore,Baku,2025-12-29,First,412902
TRP-9123420,T.Awan,"House 16, Street 14, DHA Phase 5, Lahore",Baku,2026-05-11,Business,406726
TRP-5941423,Talha Awan,H#16 St-14 DHAPhase5 Lahore,Dubai,2025-12-03,Business,353417
TRP-8673975,Talha Awan,"House 16, Street 14, DHA Phase 5, Lahore",Jeddah,2024-03-17,Business,347696
TRP-8845681,Junaid Niazi,"House No. 133, Gali 24, Satellite Town, Rawalpindi",Istanbul,2025-10-04,Business,583175
TRP-1329877,J.Niazi,H#133 St-24 SatelliteTown Rawalpindi,Dubai,2025-11-26,Business,491571
TRP-7520305,Junaid Niazi,"House No. 133, Gali 24, Satellite Town, Rawalpindi",Kuala Lumpur,2025-03-05,First,534706
TRP-6284701,Naveed Joiya,H#127 St-16 DGround Faisalabad,Istanbul,2024-01-30,Business,521401
TRP-5111005,Naveed Joiya,مکان 127 گلی 16 D Ground Faisalabad,Dubai,2024-11-01,Business,419262
TRP-4243851,Naveed Joiya,"House 127, Street 16, D Ground, Faisalabad",Kuala Lumpur,2024-10-24,First,625160
TRP-4671923,N.Joiya,H#127 St-16 DGround Faisalabad,Baku,2025-12-19,Business,394978
TRP-3947264,Naveed Joiya,"House 127, Street 16, D Ground, Faisalabad",Dubai,2026-02-15,Business,488289
TRP-7256830,N.Joiya,"House No. 127, Gali 16, D Ground, Faisalabad",Baku,2025-12-27,Business,318152
TRP-9535533,Haji Kinza Yousafzai,"House 166, Street 11, Bahria Phase 4, Rawalpindi",Dubai,2024-03-24,First,516802
TRP-4568304,K.Yousafzai,"House 166, Street 11, Bahria Phase 4, Rawalpindi",Baku,2025-12-28,Business,369475
TRP-7815585,Chaudhary Tooba Tarar,H#234 St-18 JoharTown Lahore,Istanbul,2025-10-25,Business,570305
TRP-7690292,T. Tarar,"House 234, Street 18, Johar Town, Lahore",Dubai,2025-02-23,Business,486637
TRP-5568111,Syed Bushra Kazmi,"House No. 265, Gali 8, D Ground, Faisalabad",Kuala Lumpur,2026-05-06,Business,500009
TRP-6457555,Bushra Kazmi,مکان 265 گلی 8 D Ground Faisalabad,Kuala Lumpur,2025-04-26,Business,437343
TRP-4793488,Bushra Kazmi,مکان 265 گلی 8 D Ground Faisalabad,London,2024-02-22,Business,901221
TRP-8229956,Bilal Qureshi,"House 391, Street 34, Shah Rukn-e-Alam, Multan",Kuala Lumpur,2024-11-02,Business,417577
TRP-2025611,B. Qureshi,مکان 391 گلی 34 Shah Rukn-e-Alam Multan,Istanbul,2024-10-10,First,436239
TRP-2334396,Sardar Bilal Qureshi,"House No. 391, Gali 34, Shah Rukn-e-Alam, Multan",Baku,2024-02-20,Business,269654
TRP-4533842,بلال قریشی,مکان 391 گلی 34 Shah Rukn-e-Alam Multan,Istanbul,2024-07-17,Business,342230
TRP-3574326,بلال قریشی,مکان 391 گلی 34 Shah Rukn-e-Alam Multan,London,2025-07-10,Business,802208
TRP-8812192,B. Qureshi,"House No. 391, Gali 34, Shah Rukn-e-Alam, Multan",Jeddah,2025-07-31,Business,449665
TRP-6611056,Syed Mubashir Kazmi,"House 262, Street 13, Westridge, Rawalpindi",Kuala Lumpur,2024-05-03,Business,538369
TRP-2995868,M. Kazmi,"House No. 262, Gali 13, Westridge, Rawalpindi",London,2025-07-25,Business,943109
TRP-5718636,Syed Mubashir Kazmi,H#262 St-13 Westridge Rawalpindi,Kuala Lumpur,2024-11-22,First,497895
TRP-8459220,M. Kazmi,H#262 St-13 Westridge Rawalpindi,Jeddah,2025-02-22,First,367287
TRP-8246057,M.Kazmi,"House No. 262, Gali 13, Westridge, Rawalpindi",Dubai,2024-06-29,Business,302913
TRP-6457706,Sardar Mubashir Kazmi,"House 262, Street 13, Westridge, Rawalpindi",Dubai,2025-04-26,First,356793
TRP-1846669,Syed Kamran Warraich,"House No. 379, Gali 38, B-17, Islamabad",Istanbul,2024-02-06,First,481690
TRP-2351472,K. Warraich,"House 379, Street 38, B-17, Islamabad",Kuala Lumpur,2026-01-22,First,439105
TRP-9166481,Kamran Warraich,H#379 St-38 B-17 Islamabad,Kuala Lumpur,2026-03-26,Business,441918
TRP-6406321,K.Warraich,H#379 St-38 B-17 Islamabad,Istanbul,2024-03-30,First,496309
TRP-5518034,K.Warraich,H#379 St-38 B-17 Islamabad,London,2025-11-05,First,978945
TRP-8116907,Rana Kamran Warraich,مکان 379 گلی 38 B-17 اسلام آباد,Istanbul,2025-09-02,Business,423124
TRP-4532949,F.Kayani,مکان 7 گلی 7 DHA Phase 5 لاہور,Istanbul,2025-09-25,Business,545028
TRP-5901020,فاطمہ Kayani,"House 7, Street 7, DHA Phase 5, Lahore",Istanbul,2024-03-01,First,552118
TRP-4000766,Rana Fatima Kayani,مکان 7 گلی 7 DHA Phase 5 لاہور,Istanbul,2026-03-29,First,469808
TRP-8557121,Fatima Kayani,"House 7, Street 7, DHA Phase 5, Lahore",Jeddah,2024-11-08,First,409809
TRP-2684486,F. Kayani,"House 7, Street 7, DHA Phase 5, Lahore",Jeddah,2024-08-30,First,486919
TRP-3504336,فاطمہ Kayani,H#7 St-7 DHAPhase5 Lahore,Istanbul,2024-12-02,First,590835
TRP-1944069,Syed Mansoor Naqvi,H#102 St-32 Westridge Rawalpindi,Baku,2024-03-04,Business,403172
TRP-6486823,Mansoor Naqvi,H#102 St-32 Westridge Rawalpindi,Dubai,2025-04-04,Business,340649
TRP-1892126,Syed Mansoor Naqvi,"House No. 102, Gali 32, Westridge, Rawalpindi",Istanbul,2024-11-02,Business,362333
TRP-3071044,M. Naqvi,"House No. 102, Gali 32, Westridge, Rawalpindi",London,2024-11-10,Business,1335218
TRP-1461720,B. Siddiqui,H#97 St-12 Cantt Multan,Baku,2026-02-13,First,421704
TRP-6109181,B. Siddiqui,"House 97, Street 12, Cantt, Multan",Istanbul,2024-02-02,Business,390507
TRP-7276552,Chaudhary Bushra Siddiqui,H#97 St-12 Cantt Multan,London,2026-03-28,Business,1246714
TRP-8321422,Bushra Siddiqui,"House No. 97, Gali 12, Cantt, Multan",Jeddah,2025-04-10,Business,400332
TRP-7054144,F.Mehsud,مکان 34 گلی 37 D Ground Faisalabad,London,2026-03-30,First,1181377
TRP-2386489,F.Mehsud,H#34 St-37 DGround Faisalabad,London,2025-03-19,Business,1068881
TRP-1868912,فاطمہ Mehsud,مکان 34 گلی 37 D Ground Faisalabad,Jeddah,2025-01-29,Business,561842
TRP-6082514,فاطمہ Mehsud,"House 34, Street 37, D Ground, Faisalabad",Dubai,2025-01-20,First,313586
TRP-6841466,Z.Zaidi,مکان 170 گلی 13 Wapda Town لاہور,Kuala Lumpur,2025-11-14,First,539733
TRP-4788986,Haji Zara Zaidi,"House 170, Street 13, Wapda Town, Lahore",Jeddah,2025-09-13,First,547481
TRP-7845225,Z. Zaidi,"House 170, Street 13, Wapda Town, Lahore",Dubai,2026-04-03,Business,417508
TRP-6680636,Zara Zaidi,"House No. 170, Gali 13, Wapda Town, Lahore",Dubai,2025-03-17,First,517658
TRP-9684442,Z. Zaidi,"House 170, Street 13, Wapda Town, Lahore",Baku,2025-09-16,First,377258
TRP-8778185,Z.Zaidi,مکان 170 گلی 13 Wapda Town لاہور,Jeddah,2025-01-06,Business,449053
TRP-5505340,I. Shirazi,"House No. 331, Gali 13, Peoples Colony, Faisalabad",Kuala Lumpur,2024-02-28,Business,548000
TRP-1582088,Syed Iqra Shirazi,"House 331, Street 13, Peoples Colony, Faisalabad",Istanbul,2025-10-22,Business,407544
TRP-2829123,I.Shirazi,مکان 331 گلی 13 Peoples Colony Faisalabad,Kuala Lumpur,2024-01-28,First,632770
TRP-5297003,I.Shirazi,H#331 St-13 PeoplesColony Faisalabad,London,2025-08-23,Business,946812
TRP-1342024,Mian Iqra Shirazi,"House No. 331, Gali 13, Peoples Colony, Faisalabad",Baku,2024-05-06,Business,443499
TRP-8589791,Noor Joiya,"House 56, Street 18, University Town, Peshawar",Jeddah,2025-11-25,Business,394786
TRP-6464112,Noor Joiya,مکان 56 گلی 18 University Town Peshawar,Dubai,2024-11-12,First,336063
TRP-6313687,Saad Tarar,"House 253, Street 26, DHA Phase 5, Lahore",London,2024-02-10,First,1037483
TRP-9607907,Saad Tarar,"House No. 253, Gali 26, DHA Phase 5, Lahore",Istanbul,2026-01-24,Business,518617
TRP-7592928,S.Tarar,H#253 St-26 DHAPhase5 Lahore,London,2024-01-23,First,1190665
TRP-2784564,Ahmed Sandhu,"House No. 204, Gali 14, Peoples Colony, Faisalabad",Istanbul,2025-04-04,First,423765
TRP-5482778,Chaudhary Ahmed Sandhu,مکان 204 گلی 14 Peoples Colony Faisalabad,Kuala Lumpur,2025-12-10,First,636003
TRP-4412098,L.Virk,"House 381, Street 14, Hayatabad Phase 3, Peshawar",Baku,2025-05-18,Business,411346
TRP-4510597,L. Virk,مکان 381 گلی 14 Hayatabad Phase 3 Peshawar,Baku,2024-07-28,Business,375314
TRP-8859052,L. Virk,"House 381, Street 14, Hayatabad Phase 3, Peshawar",Dubai,2024-07-10,Business,475316
TRP-2185128,D.Ansari,"House 106, Street 32, University Town, Peshawar",Kuala Lumpur,2026-05-08,Business,440804
TRP-6660684,Danish Ansari,H#106 St-32 UniversityTown Peshawar,Dubai,2024-02-20,Business,438218
TRP-7906620,Danish Ansari,H#106 St-32 UniversityTown Peshawar,Kuala Lumpur,2024-12-22,First,557348
TRP-3882101,D. Ansari,"House No. 106, Gali 32, University Town, Peshawar",London,2025-07-06,First,856532
TRP-9266603,N. Kazmi,مکان 267 گلی 7 Peoples Colony Faisalabad,London,2026-05-06,First,1031889
TRP-5582189,Nadia Kazmi,مکان 267 گلی 7 Peoples Colony Faisalabad,Kuala Lumpur,2025-08-05,Business,629734
TRP-8179597,N. Kazmi,"House 267, Street 7, Peoples Colony, Faisalabad",Istanbul,2026-04-12,Business,447008
TRP-8086104,Malik Nadia Kazmi,مکان 267 گلی 7 Peoples Colony Faisalabad,Kuala Lumpur,2026-02-18,First,502871
TRP-5160721,Chaudhary Nadia Kazmi,"House No. 267, Gali 7, Peoples Colony, Faisalabad",Jeddah,2025-03-09,Business,398488
TRP-2890790,F. Bangash,H#251 St-8 UniversityTown Peshawar,Kuala Lumpur,2026-02-23,First,503560
TRP-2636168,F.Bangash,"House 251, Street 8, University Town, Peshawar",Baku,2024-04-19,Business,315563
TRP-6839900,Kinza بٹ,"House No. 244, Gali 17, Clifton Block 2, Karachi",Kuala Lumpur,2026-03-21,Business,664538
TRP-4373407,Kinza بٹ,H#244 St-17 CliftonBlock2 Karachi,Kuala Lumpur,2025-06-16,First,525292
TRP-8045416,Kinza Butt,"House 244, Street 17, Clifton Block 2, Karachi",Dubai,2025-08-10,First,391184
TRP-9972709,Noman Rizvi,"House No. 324, Gali 5, D Ground, Faisalabad",Kuala Lumpur,2024-05-06,Business,623006
TRP-6203818,N. Rizvi,مکان 324 گلی 5 D Ground Faisalabad,Baku,2025-04-30,Business,261450
TRP-2422692,Noman Rizvi,"House 324, Street 5, D Ground, Faisalabad",Dubai,2024-10-05,Business,381794
TRP-5026896,Noman Rizvi,"House No. 324, Gali 5, D Ground, Faisalabad",Dubai,2024-05-03,Business,386450
TRP-6147441,Noman Rizvi,"House 324, Street 5, D Ground, Faisalabad",Dubai,2025-06-16,Business,360864
TRP-4944924,Tariq Cheema,"House 333, Street 37, Bahria Phase 4, Rawalpindi",Jeddah,2025-03-20,Business,553035
TRP-3262317,T.Cheema,"House 333, Street 37, Bahria Phase 4, Rawalpindi",Istanbul,2025-08-13,Business,464592
TRP-1658413,Haji Tariq Cheema,مکان 333 گلی 37 Bahria Phase 4 راولپنڈی,Jeddah,2025-08-04,First,329432
TRP-8903528,Malik Junaid Lodhi,مکان 357 گلی 23 E-11/2 اسلام آباد,London,2025-01-08,Business,897819
TRP-6521962,Malik Junaid Lodhi,"House No. 357, Gali 23, E-11/2, Islamabad",Baku,2024-03-05,Business,268527
TRP-7756372,Junaid Lodhi,مکان 357 گلی 23 E-11/2 اسلام آباد,Kuala Lumpur,2025-12-01,Business,654693
TRP-5853618,Rauf Khattak,"House No. 134, Gali 11, Gulberg III, Lahore",Kuala Lumpur,2024-10-21,First,444399
TRP-2787584,R. Khattak,"House No. 134, Gali 11, Gulberg III, Lahore",Dubai,2025-03-07,Business,461690
TRP-1790707,Rauf Khattak,مکان 134 گلی 11 Gulberg III لاہور,Jeddah,2026-03-16,Business,511798
TRP-5681581,Hina Durrani,"House No. 313, Gali 4, Westridge, Rawalpindi",Jeddah,2026-04-26,First,424666
TRP-1560564,Hina Durrani,"House No. 313, Gali 4, Westridge, Rawalpindi",Baku,2025-01-29,First,265910
TRP-6182250,Hina Durrani,مکان 313 گلی 4 Westridge راولپنڈی,Kuala Lumpur,2025-07-25,Business,408849
TRP-3742222,Hina Durrani,H#313 St-4 Westridge Rawalpindi,Dubai,2024-02-10,Business,418200
TRP-9643474,Haji Hina Durrani,H#313 St-4 Westridge Rawalpindi,London,2025-07-16,Business,1348647
TRP-6107213,Malik Hina Durrani,"House No. 313, Gali 4, Westridge, Rawalpindi",Kuala Lumpur,2026-02-11,Business,557950
TRP-7134839,Tariq ملک,"House 388, Street 27, Peoples Colony, Faisalabad",Istanbul,2024-04-12,First,463320
TRP-3960904,Tariq ملک,"House 388, Street 27, Peoples Colony, Faisalabad",Dubai,2025-01-11,First,314987
TRP-1876224,Tariq ملک,"House 388, Street 27, Peoples Colony, Faisalabad",Istanbul,2025-08-22,Business,588155
TRP-9187909,Tariq Malik,"House 388, Street 27, Peoples Colony, Faisalabad",London,2025-11-27,Business,1202590
TRP-1375453,Syed Tariq Malik,"House 388, Street 27, Peoples Colony, Faisalabad",Istanbul,2024-05-15,First,412016
TRP-9195280,Tariq Mughal,H#393 St-40 NorthNazimabad Karachi,Jeddah,2024-06-27,Business,327122
TRP-4433923,T.Mughal,"House 393, Street 40, North Nazimabad, Karachi",Dubai,2024-11-01,First,417011
TRP-9650590,T. Mughal,H#393 St-40 NorthNazimabad Karachi,Jeddah,2026-03-26,Business,447234
TRP-3220300,T. Mughal,"House No. 393, Gali 40, North Nazimabad, Karachi",Kuala Lumpur,2025-04-06,First,405698
TRP-5457010,H.Kakar,"House No. 207, Gali 37, Westridge, Rawalpindi",Kuala Lumpur,2026-01-19,Business,657234
TRP-9824634,H.Kakar,"House No. 207, Gali 37, Westridge, Rawalpindi",Dubai,2025-02-20,First,462191
TRP-1342368,H.Kakar,مکان 207 گلی 37 Westridge راولپنڈی,Istanbul,2025-03-17,Business,441415
TRP-9253455,Talha Shirazi,"House 344, Street 39, Chaklala Scheme 3, Rawalpindi",Baku,2024-08-13,First,256888
TRP-8079734,T. Shirazi,"House No. 344, Gali 39, Chaklala Scheme 3, Rawalpindi",Dubai,2025-09-04,First,514102
TRP-9234328,Talha Shirazi,مکان 344 گلی 39 Chaklala Scheme 3 راولپنڈی,Baku,2025-06-08,Business,369898
TRP-8810033,Talha Shirazi,H#344 St-39 ChaklalaScheme3 Rawalpindi,London,2026-02-03,First,1196632
TRP-3606150,T. Shirazi,H#344 St-39 ChaklalaScheme3 Rawalpindi,Kuala Lumpur,2024-03-24,Business,386478
TRP-7440851,Talha Shirazi,مکان 344 گلی 39 Chaklala Scheme 3 راولپنڈی,Dubai,2024-02-27,Business,427666
TRP-6137717,Haji Sufyan Tarar,"House No. 111, Gali 1, Cantt, Multan",Kuala Lumpur,2026-01-25,Business,615027
TRP-9920609,Sufyan Tarar,مکان 111 گلی 1 Cantt Multan,Kuala Lumpur,2024-09-09,Business,394523
TRP-9378970,Mian Sufyan Tarar,مکان 111 گلی 1 Cantt Multan,Kuala Lumpur,2025-01-31,Business,486755
TRP-7131001,Sufyan Tarar,"House No. 111, Gali 1, Cantt, Multan",Istanbul,2024-09-27,Business,515227
TRP-9484825,S.Tarar,مکان 111 گلی 1 Cantt Multan,Kuala Lumpur,2024-09-09,First,443942
TRP-2730476,Q. Siddiqui,H#230 St-5 BahriaPhase4 Rawalpindi,Istanbul,2025-10-21,Business,446637
TRP-4492979,Malik Qasim Siddiqui,"House 230, Street 5, Bahria Phase 4, Rawalpindi",Istanbul,2026-01-19,Business,489355
TRP-8198152,Q. Siddiqui,"House 230, Street 5, Bahria Phase 4, Rawalpindi",Istanbul,2025-03-21,First,370272
TRP-1783827,Q.Siddiqui,"House 230, Street 5, Bahria Phase 4, Rawalpindi",Jeddah,2025-12-03,First,423889
TRP-3685995,Syed Qasim Malik,مکان 294 گلی 29 Johar Town لاہور,Dubai,2024-11-16,First,523673
TRP-4547833,Qasim ملک,H#294 St-29 JoharTown Lahore,Dubai,2024-05-04,Business,513438
TRP-6678434,Qasim Malik,مکان 294 گلی 29 Johar Town لاہور,London,2025-07-14,Business,1157748
TRP-2770320,Qasim ملک,"House No. 294, Gali 29, Johar Town, Lahore",Dubai,2025-11-11,First,514158
TRP-9736571,Chaudhary Zara Rizvi,"House 338, Street 11, Satellite Town, Rawalpindi",Jeddah,2026-05-17,First,436508
TRP-6811697,Sardar Zara Rizvi,"House No. 338, Gali 11, Satellite Town, Rawalpindi",Istanbul,2026-02-14,Business,553313
TRP-2986156,Malik Zara Rizvi,H#338 St-11 SatelliteTown Rawalpindi,Istanbul,2026-01-03,Business,438388
TRP-3966106,Zara Rizvi,H#338 St-11 SatelliteTown Rawalpindi,Jeddah,2025-06-03,Business,496647
TRP-5153918,Zara Rizvi,"House 338, Street 11, Satellite Town, Rawalpindi",Jeddah,2025-07-30,First,379265
TRP-1061159,Zara Rizvi,"House No. 338, Gali 11, Satellite Town, Rawalpindi",London,2026-04-03,Business,1221013
TRP-4464663,Chaudhary Danish Rizvi,"House 1, Street 26, Wapda Town, Lahore",Baku,2025-02-28,First,440107
TRP-1728052,D.Rizvi,مکان 1 گلی 26 Wapda Town لاہور,Dubai,2024-01-05,First,476919
TRP-5897272,D.Rizvi,مکان 1 گلی 26 Wapda Town لاہور,Baku,2024-11-19,Business,301291
TRP-2053988,Chaudhary Danish Rizvi,"House No. 1, Gali 26, Wapda Town, Lahore",Istanbul,2025-04-25,Business,528742
TRP-3870360,Arsalan Sandhu,"House No. 196, Gali 40, University Town, Peshawar",Baku,2025-09-10,Business,364564
TRP-2244684,Arsalan Sandhu,H#196 St-40 UniversityTown Peshawar,Kuala Lumpur,2024-03-03,Business,671401
TRP-2207037,Arsalan Sandhu,H#196 St-40 UniversityTown Peshawar,Baku,2025-01-16,Business,368860
TRP-3802086,Syed Arsalan Sandhu,مکان 196 گلی 40 University Town Peshawar,Istanbul,2026-05-21,First,501762
TRP-9374561,Arsalan Sandhu,H#196 St-40 UniversityTown Peshawar,Jeddah,2024-03-19,Business,506775
TRP-2487825,Syed Anas Awan,مکان 262 گلی 22 Gulshan-e-Iqbal کراچی,Istanbul,2026-05-23,First,500000
TRP-9687764,A.Awan,"House No. 262, Gali 22, Gulshan-e-Iqbal, Karachi",London,2025-03-31,Business,880631
TRP-6898674,Anas Awan,مکان 262 گلی 22 Gulshan-e-Iqbal کراچی,Dubai,2024-08-23,Business,376875
TRP-2925837,A. Awan,H#262 St-22 Gulshan-e-Iqbal Karachi,Kuala Lumpur,2025-03-02,First,632809
TRP-2719046,Anas Awan,"House 262, Street 22, Gulshan-e-Iqbal, Karachi",Baku,2024-02-13,First,262325
TRP-2938802,Gul Zaidi,"House No. 321, Gali 34, Shah Rukn-e-Alam, Multan",Kuala Lumpur,2025-07-02,Business,516344
TRP-5765684,G.Zaidi,"House 321, Street 34, Shah Rukn-e-Alam, Multan",Dubai,2025-08-02,Business,312695
TRP-7879582,D.Sheikh,مکان 342 گلی 30 North Nazimabad کراچی,Jeddah,2025-01-05,First,419039
TRP-3076148,Haji Danish Sheikh,مکان 342 گلی 30 North Nazimabad کراچی,Jeddah,2024-07-06,First,512450
TRP-5091747,D.Sheikh,مکان 342 گلی 30 North Nazimabad کراچی,London,2025-09-11,Business,1176884
TRP-7547581,Syed Farhan Niazi,"House No. 83, Gali 8, Peoples Colony, Faisalabad",Baku,2026-02-20,Business,390835
TRP-4460112,F.Niazi,مکان 83 گلی 8 Peoples Colony Faisalabad,Dubai,2025-08-20,First,355011
TRP-5937411,Farhan Niazi,H#83 St-8 PeoplesColony Faisalabad,Dubai,2025-07-22,Business,394063
TRP-8313370,Farhan Niazi,"House 83, Street 8, Peoples Colony, Faisalabad",Istanbul,2025-10-29,Business,581575
TRP-6195971,Farhan Niazi,"House 83, Street 8, Peoples Colony, Faisalabad",London,2025-09-07,Business,955004
TRP-4095381,Farhan Niazi,H#83 St-8 PeoplesColony Faisalabad,Dubai,2025-02-16,First,335096
TRP-1087767,Haji Laiba Rajput,مکان 93 گلی 13 Cantt Multan,Jeddah,2024-02-10,First,519910
TRP-1058902,L.Rajput,مکان 93 گلی 13 Cantt Multan,Dubai,2025-09-25,Business,352529
TRP-6705869,L. Rajput,مکان 93 گلی 13 Cantt Multan,Kuala Lumpur,2025-03-26,Business,425012
TRP-1659111,Syed Gul Bukhari,"House 341, Street 4, Shah Rukn-e-Alam, Multan",Baku,2025-08-01,First,281617
TRP-3522787,Sardar Gul Bukhari,H#341 St-4 ShahRukn-e-Alam Multan,Jeddah,2025-05-29,First,485018
TRP-5010138,Gul Bukhari,H#341 St-4 ShahRukn-e-Alam Multan,Baku,2026-02-11,Business,354564
TRP-9223120,Rana Gul Bukhari,مکان 341 گلی 4 Shah Rukn-e-Alam Multan,Istanbul,2024-02-04,Business,388490
TRP-3324381,Yasir Awan,"House No. 294, Gali 15, G-13/1, Islamabad",London,2026-02-06,First,1141456
TRP-6061152,Y. Awan,H#294 St-15 G-13/1 Islamabad,Istanbul,2024-11-26,First,574123
TRP-1843777,Syed Wajahat Bhatti,"House 202, Street 25, Peoples Colony, Faisalabad",Baku,2026-01-29,First,277139
TRP-6468333,W.Bhatti,"House 202, Street 25, Peoples Colony, Faisalabad",Kuala Lumpur,2025-05-25,Business,406158
TRP-7345142,Chaudhary Wajahat Bhatti,مکان 202 گلی 25 Peoples Colony Faisalabad,Baku,2026-05-01,Business,339515
TRP-1446097,Wajahat Bhatti,"House No. 202, Gali 25, Peoples Colony, Faisalabad",Kuala Lumpur,2024-11-20,Business,483652
TRP-3010964,W.Bhatti,"House No. 202, Gali 25, Peoples Colony, Faisalabad",Kuala Lumpur,2024-08-28,Business,411890
TRP-8186229,H. Ansari,"House 78, Street 19, F-8/3, Islamabad",London,2026-01-07,Business,833861
TRP-7310731,H.Ansari,مکان 78 گلی 19 F-8/3 اسلام آباد,Istanbul,2024-08-07,Business,559999
TRP-7203262,H.Ansari,"House 78, Street 19, F-8/3, Islamabad",Baku,2024-11-12,Business,290739
TRP-8128843,M. Sandhu,"House No. 148, Gali 4, Clifton Block 2, Karachi",Jeddah,2024-06-05,Business,508918
TRP-5760419,Mehwish Sandhu,مکان 148 گلی 4 Clifton Block 2 کراچی,Kuala Lumpur,2026-05-20,Business,646639
TRP-8430561,G.Bangash,"House 4, Street 12, Gulbahar, Peshawar",London,2025-08-11,First,1272733
TRP-4336305,G. Bangash,"House 4, Street 12, Gulbahar, Peshawar",Jeddah,2026-02-10,First,510668
TRP-4562833,Gul Bangash,"House 4, Street 12, Gulbahar, Peshawar",Istanbul,2024-07-08,First,458310
TRP-4766373,Malik Gul Bangash,"House 4, Street 12, Gulbahar, Peshawar",Istanbul,2025-10-03,Business,438286
TRP-5683632,G. Bangash,"House 4, Street 12, Gulbahar, Peshawar",Jeddah,2025-06-22,First,552977
TRP-2478020,K.Kazmi,"House 275, Street 24, DHA Phase 6, Karachi",London,2026-03-13,First,799778
TRP-3130712,Khadija Kazmi,"House No. 275, Gali 24, DHA Phase 6, Karachi",Istanbul,2024-02-04,First,525039
TRP-3719714,K.Kazmi,"House 275, Street 24, DHA Phase 6, Karachi",Baku,2025-09-20,First,274208
TRP-9977808,K.Kazmi,"House No. 275, Gali 24, DHA Phase 6, Karachi",Dubai,2024-03-09,First,496684
TRP-7113887,Waqas Kakar,"House 110, Street 4, Gulberg III, Lahore",Istanbul,2025-09-08,First,449516
TRP-5392965,Mian Waqas Kakar,"House No. 110, Gali 4, Gulberg III, Lahore",Baku,2026-03-05,First,394646
TRP-7064445,Waqas Kakar,مکان 110 گلی 4 Gulberg III لاہور,Kuala Lumpur,2026-04-26,First,550164
TRP-3772339,Haji Bilal Gill,"House No. 114, Gali 36, Gulgasht, Multan",Jeddah,2025-12-09,First,482285
TRP-4480719,Bilal Gill,"House No. 114, Gali 36, Gulgasht, Multan",Kuala Lumpur,2024-06-02,First,401238
TRP-5343415,Bilal Gill,"House 114, Street 36, Gulgasht, Multan",Baku,2025-08-28,Business,415385
TRP-4461950,B.Gill,مکان 114 گلی 36 Gulgasht Multan,Baku,2026-03-07,Business,411833
TRP-3054499,بلال Gill,"House 114, Street 36, Gulgasht, Multan",Kuala Lumpur,2024-01-09,First,521888
TRP-6644491,Zeeshan شیخ,"House No. 71, Gali 2, Clifton Block 2, Karachi",Istanbul,2026-02-09,Business,461437
TRP-1753864,Chaudhary Zeeshan Sheikh,"House 71, Street 2, Clifton Block 2, Karachi",Jeddah,2024-05-27,First,489421
TRP-6282225,Atif ملک,"House 130, Street 27, Bahria Phase 4, Rawalpindi",Dubai,2024-02-04,First,489800
TRP-4329378,Mian Atif Malik,مکان 130 گلی 27 Bahria Phase 4 راولپنڈی,Jeddah,2025-10-15,Business,563381
TRP-9843362,Atif ملک,مکان 130 گلی 27 Bahria Phase 4 راولپنڈی,London,2024-05-11,First,1311284
TRP-7234490,Atif Malik,H#130 St-27 BahriaPhase4 Rawalpindi,Istanbul,2025-11-03,Business,559870
TRP-2421447,Hassan Joiya,"House 212, Street 17, Gulbahar, Peshawar",Istanbul,2024-10-15,First,596135
TRP-2048667,H.Joiya,مکان 212 گلی 17 Gulbahar Peshawar,Istanbul,2025-11-17,First,403897
TRP-9215354,Rana Muhammad Orakzai,H#202 St-35 ModelTown Lahore,Kuala Lumpur,2024-06-09,Business,436937
TRP-3870227,محمد Orakzai,"House 202, Street 35, Model Town, Lahore",Kuala Lumpur,2024-11-19,Business,545700
TRP-5121687,محمد Orakzai,H#202 St-35 ModelTown Lahore,London,2024-11-01,First,1014424
TRP-9906074,M.Orakzai,H#202 St-35 ModelTown Lahore,London,2026-04-13,Business,783044
TRP-5184814,Mian Haris Sial,"House No. 172, Gali 17, Clifton Block 2, Karachi",Jeddah,2025-05-20,Business,461169
TRP-6758165,H.Sial,H#172 St-17 CliftonBlock2 Karachi,London,2026-05-20,First,932120
TRP-6690568,Sardar Haris Sial,H#172 St-17 CliftonBlock2 Karachi,London,2024-09-15,First,1217485
TRP-7672647,Saad Mehsud,"House 199, Street 12, G-10/2, Islamabad",London,2024-08-27,First,1312098
TRP-3166656,Saad Mehsud,H#199 St-12 G-10/2 Islamabad,Istanbul,2024-03-07,First,569929
TRP-8032369,Saad Mehsud,"House 199, Street 12, G-10/2, Islamabad",Jeddah,2024-12-05,First,374326
TRP-3644920,S.Mehsud,مکان 199 گلی 12 G-10/2 اسلام آباد,Dubai,2025-05-26,First,459983
TRP-2463330,Saad Mehsud,"House 199, Street 12, G-10/2, Islamabad",London,2024-07-17,Business,1126009
TRP-2610707,S. Mehsud,"House 199, Street 12, G-10/2, Islamabad",London,2026-04-25,Business,1102404
TRP-2710908,A.Saddozai,"House No. 30, Gali 15, Peoples Colony, Faisalabad",Dubai,2025-04-09,Business,347495
TRP-2147564,A. Saddozai,مکان 30 گلی 15 Peoples Colony Faisalabad,London,2025-04-23,First,998896
TRP-7399506,F.Gondal,H#237 St-39 JoharTown Lahore,Kuala Lumpur,2025-03-18,First,612545
TRP-7585423,Malik Farhan Gondal,مکان 237 گلی 39 Johar Town لاہور,Dubai,2026-01-12,Business,343440
TRP-2105877,Sardar Farhan Gondal,مکان 237 گلی 39 Johar Town لاہور,Istanbul,2024-05-07,Business,377588
TRP-9116172,F. Gondal,"House 237, Street 39, Johar Town, Lahore",Baku,2026-05-19,Business,362183
TRP-3174071,F.Gondal,"House No. 237, Gali 39, Johar Town, Lahore",Kuala Lumpur,2024-09-25,First,445019
TRP-8184664,M. Rajput,H#49 St-3 NorthNazimabad Karachi,Jeddah,2024-06-24,Business,341821
TRP-3505868,Mansoor Rajput,"House No. 49, Gali 3, North Nazimabad, Karachi",Dubai,2025-10-14,Business,369995
TRP-7481586,Mansoor Rajput,مکان 49 گلی 3 North Nazimabad کراچی,London,2024-02-12,First,1311282
TRP-8939072,Mansoor Rajput,مکان 49 گلی 3 North Nazimabad کراچی,London,2025-05-12,Business,1320173
TRP-7256874,Mansoor Rajput,"House 49, Street 3, North Nazimabad, Karachi",Jeddah,2025-07-29,First,529994
TRP-7568769,N. Siddiqui,"House 215, Street 38, Wapda Town, Lahore",Baku,2025-06-28,Business,420381
TRP-7432495,N.Siddiqui,"House No. 215, Gali 38, Wapda Town, Lahore",Istanbul,2025-12-30,First,400749
TRP-4012757,K.Khan,"House No. 235, Gali 20, D Ground, Faisalabad",Baku,2025-11-12,First,257797
TRP-6998133,Kamran Khan,H#235 St-20 DGround Faisalabad,Jeddah,2024-12-02,Business,468779
TRP-9109222,K.Khan,مکان 235 گلی 20 D Ground Faisalabad,Baku,2024-04-20,Business,449278
TRP-3973775,Kamran خان,H#235 St-20 DGround Faisalabad,Dubai,2026-03-17,First,307708
TRP-8784598,K. Khan,مکان 235 گلی 20 D Ground Faisalabad,Kuala Lumpur,2025-05-14,Business,406178
TRP-4155233,Kamran Khan,"House No. 235, Gali 20, D Ground, Faisalabad",Baku,2026-03-04,Business,260911
TRP-7999257,Faisal Zaidi,H#285 St-13 DGround Faisalabad,Kuala Lumpur,2024-04-28,Business,562703
TRP-1463778,Faisal Zaidi,"House No. 285, Gali 13, D Ground, Faisalabad",Kuala Lumpur,2025-05-03,First,543659
TRP-6072485,F.Zaidi,"House 285, Street 13, D Ground, Faisalabad",London,2025-01-04,First,1226655
TRP-6188983,F. Zaidi,H#285 St-13 DGround Faisalabad,Baku,2024-06-30,First,338465
TRP-1206658,Faisal Zaidi,"House 285, Street 13, D Ground, Faisalabad",London,2025-06-17,First,1193185
TRP-9927175,Faisal Zaidi,مکان 285 گلی 13 D Ground Faisalabad,Dubai,2024-12-26,Business,425784
TRP-8120467,B. Khan,مکان 109 گلی 3 G-10/2 اسلام آباد,Kuala Lumpur,2024-03-11,Business,608023
TRP-9262808,بلال خان,مکان 109 گلی 3 G-10/2 اسلام آباد,Jeddah,2025-12-19,First,471502
TRP-9544928,عمران Orakzai,مکان 119 گلی 18 G-10/2 اسلام آباد,Baku,2025-05-19,First,272996
TRP-8214799,I. Orakzai,"House 119, Street 18, G-10/2, Islamabad",Baku,2024-03-03,Business,361261
TRP-5415118,Imran Orakzai,مکان 119 گلی 18 G-10/2 اسلام آباد,Jeddah,2025-06-28,First,539574
TRP-3075192,عمران Orakzai,"House No. 119, Gali 18, G-10/2, Islamabad",Kuala Lumpur,2026-01-28,First,643306
TRP-4789375,Zeeshan Mehsud,مکان 167 گلی 11 Wapda Town لاہور,Jeddah,2024-02-12,First,403921
TRP-1361456,Z.Mehsud,مکان 167 گلی 11 Wapda Town لاہور,London,2024-09-22,First,1179313
TRP-9313724,Z. Mehsud,مکان 167 گلی 11 Wapda Town لاہور,Jeddah,2024-03-29,First,346227
TRP-1981673,Z. Mehsud,مکان 167 گلی 11 Wapda Town لاہور,London,2025-05-16,First,1142202
TRP-6421732,Sadia Gondal,H#70 St-38 Westridge Rawalpindi,London,2026-02-07,Business,892623
TRP-8457951,Malik Sadia Gondal,"House No. 70, Gali 38, Westridge, Rawalpindi",Dubai,2024-04-30,Business,352639
TRP-6574878,Sadia Gondal,"House 70, Street 38, Westridge, Rawalpindi",Jeddah,2025-09-19,First,473950
TRP-6658044,Sadia Gondal,H#70 St-38 Westridge Rawalpindi,Dubai,2024-02-09,First,437505
TRP-4309266,T. Bhatti,H#217 St-38 Westridge Rawalpindi,London,2024-11-05,Business,1001481
TRP-3956499,Tooba Bhatti,H#217 St-38 Westridge Rawalpindi,Jeddah,2025-05-20,First,549789
TRP-9657914,Tooba Bhatti,"House 217, Street 38, Westridge, Rawalpindi",London,2024-05-01,Business,910092
TRP-3614920,T.Bhatti,"House 217, Street 38, Westridge, Rawalpindi",Kuala Lumpur,2024-07-30,First,606967
TRP-2645660,Haji Tooba Bhatti,"House 217, Street 38, Westridge, Rawalpindi",Kuala Lumpur,2025-12-01,First,429888
TRP-4450659,T.Bhatti,مکان 217 گلی 38 Westridge راولپنڈی,Dubai,2024-12-12,Business,396457
TRP-6848119,R.Rizvi,H#387 St-30 HayatabadPhase3 Peshawar,Kuala Lumpur,2025-04-10,Business,596752
TRP-9630621,R.Rizvi,H#387 St-30 HayatabadPhase3 Peshawar,London,2024-10-22,Business,1342582
TRP-2492468,Rabia Rizvi,H#387 St-30 HayatabadPhase3 Peshawar,Kuala Lumpur,2025-11-02,Business,404514
TRP-4713932,Haji Rabia Rizvi,مکان 387 گلی 30 Hayatabad Phase 3 Peshawar,London,2025-10-21,First,1336597
TRP-7154246,R.Rizvi,مکان 387 گلی 30 Hayatabad Phase 3 Peshawar,Jeddah,2025-01-17,Business,526498
TRP-3812003,احمد Cheema,"House 385, Street 28, Madina Town, Faisalabad",Dubai,2024-09-10,Business,389909
TRP-6437082,Ahmed Cheema,"House 385, Street 28, Madina Town, Faisalabad",Jeddah,2026-01-14,First,348584
TRP-9430544,A.Cheema,مکان 385 گلی 28 Madina Town Faisalabad,Kuala Lumpur,2024-01-01,Business,647848
TRP-4328481,Ahmed Cheema,مکان 385 گلی 28 Madina Town Faisalabad,Istanbul,2025-12-28,Business,407445
TRP-5182758,Ahmed Cheema,مکان 385 گلی 28 Madina Town Faisalabad,Jeddah,2024-04-06,First,518190
TRP-6366105,A.Cheema,"House No. 385, Gali 28, Madina Town, Faisalabad",Kuala Lumpur,2025-12-09,Business,646124
TRP-8028386,Zafar Kazmi,مکان 164 گلی 23 Gulshan-e-Iqbal کراچی,Kuala Lumpur,2025-09-16,Business,536939
TRP-7288113,Z. Kazmi,"House 164, Street 23, Gulshan-e-Iqbal, Karachi",Kuala Lumpur,2025-02-28,Business,475120
TRP-7976239,Zafar Kazmi,"House 164, Street 23, Gulshan-e-Iqbal, Karachi",Jeddah,2024-10-14,First,413083
TRP-9460507,Syed Zafar Kazmi,"House No. 164, Gali 23, Gulshan-e-Iqbal, Karachi",Kuala Lumpur,2024-12-19,Business,627186
TRP-1398499,Z. Kazmi,مکان 164 گلی 23 Gulshan-e-Iqbal کراچی,Baku,2024-09-25,Business,317931
TRP-7187507,Zafar Kazmi,H#164 St-23 Gulshan-e-Iqbal Karachi,Jeddah,2024-09-21,First,539350
TRP-3364892,Tariq بٹ,"House No. 336, Gali 11, DHA Phase 5, Lahore",Istanbul,2025-08-22,Business,345783
TRP-9153257,Tariq Butt,"House No. 336, Gali 11, DHA Phase 5, Lahore",Istanbul,2025-06-22,Business,377865
TRP-2692749,T. Butt,مکان 336 گلی 11 DHA Phase 5 لاہور,Dubai,2025-09-18,First,321773
TRP-8463639,T. Butt,"House 336, Street 11, DHA Phase 5, Lahore",London,2026-01-23,First,983197
TRP-3660514,R.Tareen,"House No. 239, Gali 2, Wapda Town, Lahore",Jeddah,2024-11-08,Business,360486
TRP-5170434,R.Tareen,H#239 St-2 WapdaTown Lahore,Baku,2025-07-19,Business,363700
TRP-1096459,R. Tareen,مکان 239 گلی 2 Wapda Town لاہور,Dubai,2025-08-30,Business,346920
TRP-4482433,Rauf Tareen,"House No. 239, Gali 2, Wapda Town, Lahore",Istanbul,2026-01-07,Business,495705
TRP-7949423,Talha Janjua,"House No. 104, Gali 30, Westridge, Rawalpindi",London,2026-04-21,First,967681
TRP-8311414,Talha Janjua,"House 104, Street 30, Westridge, Rawalpindi",Istanbul,2024-02-01,Business,462043
TRP-8344428,T.Janjua,"House 104, Street 30, Westridge, Rawalpindi",Istanbul,2025-09-08,First,516725
TRP-8481290,Haji Talha Janjua,"House No. 104, Gali 30, Westridge, Rawalpindi",London,2024-06-17,First,1163452
TRP-4866032,T. Janjua,"House 104, Street 30, Westridge, Rawalpindi",Dubai,2025-10-20,Business,395809
TRP-9612048,Talha Janjua,مکان 104 گلی 30 Westridge راولپنڈی,Kuala Lumpur,2024-07-11,First,509624
TRP-6925736,Fahad Janjua,مکان 50 گلی 34 Clifton Block 2 کراچی,Kuala Lumpur,2024-11-23,First,475093
TRP-4951894,Fahad Janjua,"House No. 50, Gali 34, Clifton Block 2, Karachi",Kuala Lumpur,2026-05-03,First,513517
TRP-5287530,F. Janjua,مکان 50 گلی 34 Clifton Block 2 کراچی,Dubai,2024-05-31,First,522143
TRP-5014753,F. Janjua,H#50 St-34 CliftonBlock2 Karachi,Baku,2025-11-29,Business,294113
TRP-6818599,Fahad Janjua,H#50 St-34 CliftonBlock2 Karachi,Dubai,2024-07-28,Business,484546
TRP-1827495,N. Kayani,مکان 73 گلی 37 Wapda Town لاہور,Dubai,2024-02-04,Business,472451
TRP-1739500,Nadeem Kayani,مکان 73 گلی 37 Wapda Town لاہور,Baku,2024-06-22,Business,414609
TRP-3156207,N. Kayani,H#73 St-37 WapdaTown Lahore,London,2024-04-22,Business,1224444
TRP-8414684,Mian Nadeem Kayani,مکان 73 گلی 37 Wapda Town لاہور,Dubai,2024-10-21,Business,467325
TRP-5850127,Luqman Mughal,مکان 233 گلی 2 Chaklala Scheme 3 راولپنڈی,Istanbul,2025-09-30,Business,417905
TRP-5282550,L. Mughal,"House 233, Street 2, Chaklala Scheme 3, Rawalpindi",Baku,2025-09-25,Business,443159
TRP-1224846,Luqman Mughal,"House 233, Street 2, Chaklala Scheme 3, Rawalpindi",Jeddah,2024-03-14,Business,356533
TRP-8391352,L.Mughal,"House No. 233, Gali 2, Chaklala Scheme 3, Rawalpindi",Jeddah,2024-07-28,Business,431571
TRP-9145796,Sardar Tariq Malik,H#46 St-22 G-13/1 Islamabad,Baku,2025-02-03,First,321889
TRP-6016458,T. Malik,مکان 46 گلی 22 G-13/1 اسلام آباد,London,2026-01-17,First,1100983
TRP-4269397,Mian Tariq Malik,"House No. 46, Gali 22, G-13/1, Islamabad",Jeddah,2024-05-10,Business,368479
TRP-1744578,Tariq ملک,"House No. 46, Gali 22, G-13/1, Islamabad",Istanbul,2025-08-17,Business,467952
TRP-7174217,Tariq ملک,"House No. 46, Gali 22, G-13/1, Islamabad",London,2024-12-29,Business,884493
TRP-1184787,Syed Tariq Malik,"House 46, Street 22, G-13/1, Islamabad",Kuala Lumpur,2026-04-30,First,579540
TRP-6391901,G.Saddozai,"House 3, Street 16, Madina Town, Faisalabad",Istanbul,2025-07-05,Business,599057
TRP-9555831,Syed Gul Saddozai,"House No. 3, Gali 16, Madina Town, Faisalabad",London,2025-03-04,First,1186518
TRP-6259031,G. Chaudhry,H#369 St-24 NorthNazimabad Karachi,Kuala Lumpur,2024-03-08,Business,581302
TRP-5350672,G.Chaudhry,مکان 369 گلی 24 North Nazimabad کراچی,Istanbul,2024-09-03,Business,360314
TRP-1513387,G. Chaudhry,مکان 369 گلی 24 North Nazimabad کراچی,Kuala Lumpur,2024-06-18,Business,511580
TRP-1154165,Ghulam چوہدری,مکان 369 گلی 24 North Nazimabad کراچی,London,2024-08-11,First,1086345
TRP-7121298,Ghulam چوہدری,H#369 St-24 NorthNazimabad Karachi,London,2024-08-15,First,1117547
TRP-1725082,Ghulam Chaudhry,"House No. 369, Gali 24, North Nazimabad, Karachi",London,2026-05-22,Business,877388
TRP-2130585,Khalid Malik,"House 227, Street 19, Hayatabad Phase 3, Peshawar",Dubai,2025-06-19,First,402662
TRP-7842579,Khalid Malik,مکان 227 گلی 19 Hayatabad Phase 3 Peshawar,Kuala Lumpur,2024-08-06,First,413883
TRP-2378254,Khalid ملک,"House No. 227, Gali 19, Hayatabad Phase 3, Peshawar",Kuala Lumpur,2025-12-28,First,437360
TRP-9403732,Haji Anas Bhatti,"House 220, Street 17, Madina Town, Faisalabad",Jeddah,2024-07-29,Business,371925
TRP-2915158,A.Bhatti,H#220 St-17 MadinaTown Faisalabad,Jeddah,2025-12-04,Business,415545
TRP-1559663,Anas Bhatti,H#220 St-17 MadinaTown Faisalabad,Istanbul,2024-01-14,First,462880
TRP-3679033,I. Mughal,"House No. 156, Gali 23, D Ground, Faisalabad",Baku,2026-04-30,First,260278
TRP-5626039,I.Mughal,"House 156, Street 23, D Ground, Faisalabad",Istanbul,2025-12-20,First,393397
TRP-6879580,Irfan Mughal,"House 156, Street 23, D Ground, Faisalabad",London,2025-11-12,First,904816
TRP-5688793,Haji Irfan Mughal,مکان 156 گلی 23 D Ground Faisalabad,London,2025-05-22,First,1060271
TRP-7446972,Irfan Mughal,"House No. 156, Gali 23, D Ground, Faisalabad",Kuala Lumpur,2025-02-19,First,465572
TRP-8045131,Khalid Abbasi,"House 206, Street 13, Westridge, Rawalpindi",Istanbul,2024-09-08,First,504693
TRP-2997006,K. Abbasi,مکان 206 گلی 13 Westridge راولپنڈی,Jeddah,2026-01-31,Business,338688
TRP-7932106,K. Abbasi,H#206 St-13 Westridge Rawalpindi,London,2025-06-12,Business,844124
TRP-2748541,Haji Khalid Abbasi,"House No. 206, Gali 13, Westridge, Rawalpindi",Jeddah,2025-01-19,First,373086
TRP-5615098,Q.Joiya,H#327 St-9 NorthNazimabad Karachi,Istanbul,2024-04-04,Business,475814
TRP-9089691,Q. Joiya,"House No. 327, Gali 9, North Nazimabad, Karachi",Jeddah,2025-06-13,Business,562423
TRP-5457848,Qasim Joiya,H#327 St-9 NorthNazimabad Karachi,London,2024-11-27,First,1066520
TRP-2927478,Qasim Joiya,H#327 St-9 NorthNazimabad Karachi,Kuala Lumpur,2024-06-12,Business,590557
TRP-5858003,Q. Joiya,"House 327, Street 9, North Nazimabad, Karachi",Jeddah,2024-06-01,First,392560
TRP-4238533,Haji Qasim Joiya,H#327 St-9 NorthNazimabad Karachi,Jeddah,2025-06-13,First,337503
TRP-2469833,Ubaid Gill,"House 60, Street 13, Gulberg III, Lahore",Baku,2024-08-04,First,365689
TRP-9922865,Rana Ubaid Gill,"House 60, Street 13, Gulberg III, Lahore",London,2025-02-23,First,1228314
TRP-2296234,Chaudhary Ubaid Gill,H#60 St-13 GulbergIII Lahore,Dubai,2024-08-13,Business,397604
TRP-9973477,T. Sandhu,H#194 St-9 Cantt Multan,Kuala Lumpur,2026-01-23,First,559998
TRP-2424303,Talha Sandhu,H#194 St-9 Cantt Multan,Istanbul,2025-08-02,Business,404906
TRP-5528378,Haji Pervez Gilani,مکان 82 گلی 32 Gulbahar Peshawar,London,2024-03-19,First,1094221
TRP-7646068,Pervez Gilani,"House 82, Street 32, Gulbahar, Peshawar",Kuala Lumpur,2025-09-02,First,522653
TRP-8732654,P.Gilani,"House 82, Street 32, Gulbahar, Peshawar",Jeddah,2026-01-19,Business,435268
TRP-6384478,P. Gilani,مکان 82 گلی 32 Gulbahar Peshawar,Dubai,2025-02-21,Business,345741
TRP-1605921,P. Gilani,مکان 82 گلی 32 Gulbahar Peshawar,Istanbul,2026-02-17,Business,475764
TRP-6705671,Haji Khalid Mehsud,H#355 St-2 Gulgasht Multan,London,2025-12-04,Business,861004
TRP-3446276,Khalid Mehsud,مکان 355 گلی 2 Gulgasht Multan,Jeddah,2025-06-18,Business,429769
TRP-1646724,A.Gondal,H#176 St-34 Cantt Multan,Baku,2025-06-24,First,337096
TRP-6232215,Ali Gondal,"House No. 176, Gali 34, Cantt, Multan",Dubai,2024-07-08,First,373297
TRP-4110492,A.Gondal,مکان 176 گلی 34 Cantt Multan,London,2024-04-29,Business,1129219
TRP-9448049,Sardar Ali Gondal,مکان 176 گلی 34 Cantt Multan,London,2025-05-09,First,939497
TRP-2265095,Z.Naqvi,"House No. 339, Gali 2, DHA Phase 5, Lahore",Istanbul,2025-05-10,Business,406822
TRP-4552057,Zainab Naqvi,"House 339, Street 2, DHA Phase 5, Lahore",Kuala Lumpur,2025-09-17,First,457915
TRP-4593928,Rana Zainab Naqvi,"House 339, Street 2, DHA Phase 5, Lahore",Kuala Lumpur,2024-02-02,First,661149
TRP-8208362,Z. Naqvi,مکان 339 گلی 2 DHA Phase 5 لاہور,London,2025-10-01,Business,1137560
TRP-2228566,Zainab Naqvi,"House 339, Street 2, DHA Phase 5, Lahore",Jeddah,2025-07-06,First,420643
TRP-5565738,F. Zaidi,مکان 165 گلی 36 Bahria Phase 4 راولپنڈی,Baku,2024-01-26,Business,334580
TRP-1651811,Haji Farhan Zaidi,H#165 St-36 BahriaPhase4 Rawalpindi,Istanbul,2025-09-29,Business,595336
TRP-2875690,Farhan Zaidi,"House 165, Street 36, Bahria Phase 4, Rawalpindi",London,2024-01-06,Business,897056
TRP-8957160,Farhan Zaidi,مکان 165 گلی 36 Bahria Phase 4 راولپنڈی,Kuala Lumpur,2025-02-04,Business,410002
TRP-2060107,Malik Imran Bhatti,"House 47, Street 25, Chaklala Scheme 3, Rawalpindi",Dubai,2024-12-27,Business,346616
TRP-1194742,Imran Bhatti,"House No. 47, Gali 25, Chaklala Scheme 3, Rawalpindi",Dubai,2024-02-10,First,516100
TRP-5532646,I.Bhatti,مکان 47 گلی 25 Chaklala Scheme 3 راولپنڈی,Jeddah,2026-05-06,Business,469987
TRP-6083982,Imran Bhatti,"House No. 47, Gali 25, Chaklala Scheme 3, Rawalpindi",London,2025-10-19,First,805162
TRP-1648206,I. Bhatti,مکان 47 گلی 25 Chaklala Scheme 3 راولپنڈی,Dubai,2024-08-11,Business,350090
TRP-2864108,Nadeem Orakzai,"House 277, Street 19, Peoples Colony, Faisalabad",Dubai,2025-08-04,Business,514297
TRP-7537252,N.Orakzai,"House No. 277, Gali 19, Peoples Colony, Faisalabad",London,2025-05-14,Business,1140219
TRP-4512919,N.Orakzai,مکان 277 گلی 19 Peoples Colony Faisalabad,Dubai,2025-12-09,First,356576
TRP-3042023,Nadeem Orakzai,"House No. 277, Gali 19, Peoples Colony, Faisalabad",Kuala Lumpur,2025-07-02,First,533838
TRP-3840792,N. Orakzai,H#277 St-19 PeoplesColony Faisalabad,London,2026-02-09,First,1207611
TRP-8099136,زینب Janjua,مکان 190 گلی 3 Clifton Block 2 کراچی,Kuala Lumpur,2024-03-15,Business,536600
TRP-2288532,Zainab Janjua,"House No. 190, Gali 3, Clifton Block 2, Karachi",Kuala Lumpur,2026-05-16,First,509291
TRP-3005918,Z.Malik,"House No. 70, Gali 2, Chaklala Scheme 3, Rawalpindi",Jeddah,2025-09-11,First,473076
TRP-8300339,Z.Malik,"House 70, Street 2, Chaklala Scheme 3, Rawalpindi",Jeddah,2025-02-01,First,411471
TRP-2848747,Zafar Malik,H#70 St-2 ChaklalaScheme3 Rawalpindi,Jeddah,2024-06-04,Business,361596
TRP-6026156,Sardar Fahad Zaidi,"House No. 288, Gali 8, B-17, Islamabad",Istanbul,2025-02-19,Business,416209
TRP-8861151,F. Zaidi,"House No. 288, Gali 8, B-17, Islamabad",Istanbul,2026-03-05,Business,343380
TRP-8288257,F.Zaidi,"House No. 288, Gali 8, B-17, Islamabad",Jeddah,2025-11-06,First,550426
TRP-3945525,Fahad Zaidi,"House 288, Street 8, B-17, Islamabad",Jeddah,2024-01-06,Business,543422
TRP-5590286,Malik Fahad Zaidi,H#288 St-8 B-17 Islamabad,Jeddah,2024-06-17,Business,333981
TRP-1711591,Syed Zafar Sheikh,"House No. 92, Gali 17, Johar Town, Lahore",Baku,2025-01-24,First,425206
TRP-4665027,Zafar Sheikh,"House No. 92, Gali 17, Johar Town, Lahore",Jeddah,2024-05-18,Business,371403
TRP-9874865,Z.Sheikh,"House No. 92, Gali 17, Johar Town, Lahore",Istanbul,2025-03-08,Business,472556
TRP-7687874,Zafar Sheikh,مکان 92 گلی 17 Johar Town لاہور,Baku,2025-06-07,First,307062
TRP-1505143,Zafar شیخ,"House 92, Street 17, Johar Town, Lahore",Istanbul,2024-11-24,First,577390
TRP-4039776,A.Lodhi,مکان 40 گلی 17 Gulbahar Peshawar,Jeddah,2025-11-05,First,332292
TRP-2431150,Amna Lodhi,مکان 40 گلی 17 Gulbahar Peshawar,Jeddah,2024-11-11,Business,545527
TRP-2327706,Amna Lodhi,H#40 St-17 Gulbahar Peshawar,Jeddah,2024-11-22,First,504589
TRP-4446621,A.Lodhi,مکان 40 گلی 17 Gulbahar Peshawar,Dubai,2025-07-23,First,434604
TRP-6023370,N. Sheikh,"House No. 173, Gali 34, North Nazimabad, Karachi",Dubai,2024-08-13,Business,447300
TRP-6815360,Malik Naveed Sheikh,مکان 173 گلی 34 North Nazimabad کراچی,Baku,2026-02-09,First,314152
TRP-3151713,N. Sheikh,"House No. 173, Gali 34, North Nazimabad, Karachi",London,2025-05-09,First,1264501
TRP-7696864,Mian Naveed Sheikh,H#173 St-34 NorthNazimabad Karachi,Jeddah,2026-02-03,First,365227
TRP-9144169,Obaid Gilani,مکان 328 گلی 15 Model Town لاہور,Jeddah,2026-02-04,Business,550874
TRP-6792679,O.Gilani,H#328 St-15 ModelTown Lahore,Jeddah,2025-05-18,First,350164
TRP-4675608,A. Afridi,"House No. 317, Gali 29, North Nazimabad, Karachi",Istanbul,2025-12-19,Business,410051
TRP-3063067,Ahmed Afridi,H#317 St-29 NorthNazimabad Karachi,Baku,2024-12-02,First,377360
TRP-4015414,A.Afridi,مکان 317 گلی 29 North Nazimabad کراچی,Istanbul,2025-02-10,First,432528
TRP-1575066,Ahmed Afridi,مکان 317 گلی 29 North Nazimabad کراچی,Jeddah,2024-08-10,Business,512209
TRP-3991334,Mian Yasir Niazi,H#14 St-14 PeoplesColony Faisalabad,Jeddah,2026-03-22,Business,519888
TRP-3458062,Y.Niazi,مکان 14 گلی 14 Peoples Colony Faisalabad,Kuala Lumpur,2026-05-27,Business,462622
TRP-7102039,Y.Niazi,H#14 St-14 PeoplesColony Faisalabad,Jeddah,2024-06-08,First,411667
TRP-3380877,Mian Yasir Niazi,H#14 St-14 PeoplesColony Faisalabad,Dubai,2024-08-08,Business,349388
TRP-6437620,Wajahat Naqvi,H#110 St-5 Gulshan-e-Iqbal Karachi,Istanbul,2025-12-03,First,351956
TRP-5572239,Syed Wajahat Naqvi,"House 110, Street 5, Gulshan-e-Iqbal, Karachi",Jeddah,2026-04-26,First,435747
TRP-8724071,Wajahat Naqvi,"House 110, Street 5, Gulshan-e-Iqbal, Karachi",Dubai,2024-12-30,First,447291
TRP-3244940,Mian Iqra Warraich,"House 304, Street 20, Hayatabad Phase 3, Peshawar",Istanbul,2025-12-28,First,508202
TRP-1219326,Iqra Warraich,H#304 St-20 HayatabadPhase3 Peshawar,Jeddah,2024-08-29,Business,339251
TRP-4081748,Iqra Warraich,H#304 St-20 HayatabadPhase3 Peshawar,Jeddah,2024-11-17,Business,509967
TRP-2003563,I.Warraich,H#304 St-20 HayatabadPhase3 Peshawar,London,2024-10-02,First,852504
TRP-7349015,I.Warraich,H#304 St-20 HayatabadPhase3 Peshawar,London,2024-10-24,Business,1264416
TRP-9554120,Nadia Afridi,"House No. 360, Gali 19, Westridge, Rawalpindi",Kuala Lumpur,2024-12-31,First,467457
TRP-9544435,Nadia Afridi,مکان 360 گلی 19 Westridge راولپنڈی,London,2024-09-08,First,915967
TRP-4324849,Nadia Afridi,H#360 St-19 Westridge Rawalpindi,Istanbul,2026-01-26,First,360015
TRP-5002189,J.Mughal,"House No. 15, Gali 8, Wapda Town, Lahore",Kuala Lumpur,2024-12-14,First,513894
TRP-6148653,J. Mughal,"House No. 15, Gali 8, Wapda Town, Lahore",Baku,2024-12-02,First,438607
TRP-2085557,J.Mughal,"House 15, Street 8, Wapda Town, Lahore",Kuala Lumpur,2024-12-22,First,544981
TRP-3958292,J.Mughal,H#15 St-8 WapdaTown Lahore,Kuala Lumpur,2024-03-23,Business,578611
TRP-7698327,Noman Cheema,"House 90, Street 32, Chaklala Scheme 3, Rawalpindi",London,2026-03-27,Business,1225767
TRP-1324916,Chaudhary Noman Cheema,H#90 St-32 ChaklalaScheme3 Rawalpindi,London,2024-05-21,Business,943421
TRP-6692239,Noman Cheema,مکان 90 گلی 32 Chaklala Scheme 3 راولپنڈی,Kuala Lumpur,2024-08-17,Business,497404
TRP-5457048,N. Cheema,مکان 90 گلی 32 Chaklala Scheme 3 راولپنڈی,Istanbul,2024-06-12,First,356082
TRP-9579231,N. Cheema,مکان 90 گلی 32 Chaklala Scheme 3 راولپنڈی,Baku,2025-03-27,Business,266742
TRP-9630478,H.Zaidi,مکان 301 گلی 36 I-8/4 اسلام آباد,Istanbul,2024-07-04,Business,517114
TRP-2405711,H. Zaidi,H#301 St-36 I-8/4 Islamabad,Kuala Lumpur,2024-05-01,Business,414960
TRP-7214802,Malik Hafsa Zaidi,مکان 301 گلی 36 I-8/4 اسلام آباد,Kuala Lumpur,2025-09-10,First,607660
TRP-2316196,H.Zaidi,"House No. 301, Gali 36, I-8/4, Islamabad",Baku,2024-06-10,Business,392934
TRP-7444026,Hafsa Zaidi,H#301 St-36 I-8/4 Islamabad,Dubai,2024-05-26,First,301233
TRP-1907358,H.Durrani,مکان 117 گلی 1 DHA Phase 6 کراچی,Baku,2024-04-22,First,370066
TRP-5624284,H.Durrani,"House No. 117, Gali 1, DHA Phase 6, Karachi",Baku,2024-08-21,First,359013
TRP-3197386,K.Tareen,"House 65, Street 2, Clifton Block 2, Karachi",Kuala Lumpur,2024-02-07,Business,564813
TRP-1100933,Khadija Tareen,مکان 65 گلی 2 Clifton Block 2 کراچی,Kuala Lumpur,2024-12-16,Business,549894
TRP-9094798,Mian Khadija Tareen,مکان 65 گلی 2 Clifton Block 2 کراچی,Baku,2024-12-21,Business,268337
TRP-1157701,Khadija Tareen,H#65 St-2 CliftonBlock2 Karachi,Baku,2024-06-13,First,300777
TRP-1240053,Khadija Tareen,H#65 St-2 CliftonBlock2 Karachi,London,2025-09-23,Business,905669
TRP-3230827,Sardar Yousuf Kazmi,H#113 St-32 ModelTown Lahore,Kuala Lumpur,2024-04-28,First,394857
TRP-3896662,Yousuf Kazmi,"House 113, Street 32, Model Town, Lahore",Dubai,2024-10-21,First,300620
TRP-4052875,Y. Kazmi,"House No. 113, Gali 32, Model Town, Lahore",Dubai,2025-05-14,First,422165
TRP-3048878,S. Malik,مکان 233 گلی 22 Cantt Multan,London,2025-05-10,First,966535
TRP-9259379,Sana ملک,H#233 St-22 Cantt Multan,London,2024-01-09,First,1132101
