meter_ref_no,consumer_name,installation_address,avg_monthly_bill_pkr,connection_type
MTR-41309099,T.Siddiqui,مکان 141 گلی 16 B-17 اسلام آباد,357180,Domestic
MTR-14136232,M. Sial,H#48 St-14 G-10/2 Islamabad,58788,Domestic
MTR-93348828,S. Joiya,H#4 St-11 MadinaTown Faisalabad,27609,Commercial
MTR-68087047,A.Raja,مکان 184 گلی 23 Clifton Block 2 کراچی,320070,Domestic
MTR-80204163,Sardar Khalid Raja,"House No. 322, Gali 40, Madina Town, Faisalabad",56523,Commercial
MTR-71459213,Zubair راجہ,"52-25 Hayatabad Phase 3, Peshawar",31948,Commercial
MTR-12986213,F. Lodhi,H#332 St-5 Gulgasht Multan,57105,Domestic
MTR-48129457,Khalid Lodhi,"286-15 Gulgasht, Multan",6349,Domestic
MTR-45472873,Sajid Chaudhry,"House 109, Street 32, Chaklala Scheme 3, Rawalpindi",23894,Domestic
MTR-64653981,K.Sial,مکان 186 گلی 15 Madina Town Faisalabad,7005,Domestic
MTR-39022555,Adnan Afridi,"House 306, Street 5, Westridge, Rawalpindi",18196,Domestic
MTR-70195738,Malik Hafsa Durrani,"House No. 275, Gali 18, B-17, Islamabad",18133,Domestic
MTR-44057736,Noor Durrani,"391-12 Wapda Town, Lahore",361012,Domestic
MTR-63566592,Sardar Owais Janjua,"House No. 291, Gali 6, F-8/3, Islamabad",12692,Domestic
MTR-78601597,B. Rajput,H#136 St-34 PeoplesColony Faisalabad,9690,Domestic
MTR-47344670,Madiha Niazi,"House 225, Street 34, Gulshan-e-Iqbal, Karachi",35679,Domestic
MTR-38617102,Mahnoor Zaidi,"4-5 Bahria Phase 4, Rawalpindi",6991,Domestic
MTR-91296702,فاطمہ Janjua,"110-35 Model Town, Lahore",8362,Domestic
MTR-66157785,U. Qureshi,H#221 St-23 B-17 Islamabad,32533,Domestic
MTR-37586308,Sardar Imran Warraich,"House No. 56, Gali 16, Shah Rukn-e-Alam, Multan",50260,Domestic
MTR-42502527,Waseem Khokhar,"House 227, Street 36, Satellite Town, Rawalpindi",15198,Domestic
MTR-17244245,J.Tarar,مکان 110 گلی 26 North Nazimabad کراچی,16909,Domestic
MTR-90213329,Ubaid Mirza,"80-13 North Nazimabad, Karachi",246344,Domestic
MTR-15998983,عمران شیخ,"258-34 Madina Town, Faisalabad",14750,Commercial
MTR-15591248,I.Chaudhry,مکان 207 گلی 8 Cantt Multan,37352,Domestic
MTR-35975112,Syed Nadeem Dar,"House No. 161, Gali 16, Gulgasht, Multan",201216,Domestic
MTR-61002447,Faisal Khan,"House 38, Street 35, Clifton Block 2, Karachi",8435,Commercial
MTR-90490408,Y. Sandhu,H#225 St-35 JoharTown Lahore,322885,Commercial
MTR-39416977,Haji Bushra Qureshi,"House No. 60, Gali 7, Chaklala Scheme 3, Rawalpindi",324925,Commercial
MTR-28906449,Usman Khan,"House 327, Street 17, Johar Town, Lahore",26450,Commercial
MTR-46287573,Javeria Abbasi,"House 190, Street 38, Peoples Colony, Faisalabad",37453,Commercial
MTR-23115897,عثمان Gill,"342-7 Bahria Phase 4, Rawalpindi",412975,Domestic
MTR-87124734,Saad Tarar,"House 378, Street 22, F-8/3, Islamabad",7418,Domestic
MTR-70995860,Khalid بٹ,"114-13 University Town, Peshawar",18787,Commercial
MTR-86205634,N.Cheema,مکان 396 گلی 18 DHA Phase 5 لاہور,14669,Domestic
MTR-27236582,B.Malik,مکان 92 گلی 38 I-8/4 اسلام آباد,186194,Domestic
MTR-49068079,Saqib Sial,"House 60, Street 25, D Ground, Faisalabad",357037,Domestic
MTR-33508440,Chaudhary Ibrahim Sial,"House No. 170, Gali 40, B-17, Islamabad",33171,Domestic
MTR-10571999,A. Warraich,H#284 St-9 ShahRukn-e-Alam Multan,193349,Domestic
MTR-20741296,Nasir Zaidi,"House 156, Street 19, Hayatabad Phase 3, Peshawar",242252,Commercial
MTR-97235411,Rehan Kazmi,"338-6 DHA Phase 6, Karachi",17180,Domestic
MTR-43853894,Gul Niazi,"House 76, Street 2, Bahria Phase 4, Rawalpindi",6764,Domestic
MTR-61343672,Sardar Ubaid Tarar,"House No. 100, Gali 25, Gulgasht, Multan",167304,Domestic
MTR-87502343,Qasim Gondal,"26-36 Westridge, Rawalpindi",13920,Domestic
MTR-23109745,H. Zaidi,H#387 St-29 MadinaTown Faisalabad,129388,Domestic
MTR-57029564,Y.Joiya,مکان 327 گلی 18 Johar Town لاہور,187699,Domestic
MTR-93568775,Haji Irfan Janjua,"House No. 164, Gali 35, Gulberg III, Lahore",34942,Commercial
MTR-79595566,Lubna Dar,"House 209, Street 22, E-11/2, Islamabad",29601,Commercial
MTR-49327336,L.Kakar,مکان 11 گلی 37 D Ground Faisalabad,23215,Domestic
MTR-53357953,L. Cheema,H#208 St-11 Gulgasht Multan,15484,Commercial
MTR-17462790,Rabia Wazir,"330-28 G-10/2, Islamabad",56691,Domestic
MTR-55753342,Haji Zainab Sheikh,"House No. 333, Gali 5, Johar Town, Lahore",7901,Domestic
MTR-24774041,A.Janjua,مکان 343 گلی 8 Westridge راولپنڈی,45831,Domestic
MTR-85480965,J.Shirazi,مکان 368 گلی 8 D Ground Faisalabad,54787,Commercial
MTR-75175079,Amna Mehsud,"House 367, Street 13, North Nazimabad, Karachi",228013,Commercial
MTR-59818487,Asad Sial,"363-10 Model Town, Lahore",22060,Domestic
MTR-47862613,Malik Wajahat Sial,"House No. 304, Gali 18, Gulbahar, Peshawar",6312,Commercial
MTR-31040273,Wajahat Gilani,"195-22 D Ground, Faisalabad",317967,Domestic
MTR-81539870,N.Cheema,مکان 360 گلی 18 Wapda Town لاہور,22200,Domestic
MTR-85188624,Syed Mustafa Zaidi,"House No. 354, Gali 31, Hayatabad Phase 3, Peshawar",41817,Commercial
MTR-88818874,J. Janjua,H#189 St-31 WapdaTown Lahore,10289,Commercial
MTR-46475851,B. Gill,H#139 St-20 ShahRukn-e-Alam Multan,40541,Domestic
MTR-91103559,Maryam Tareen,"99-14 Cantt, Multan",15243,Domestic
MTR-96691736,Umar Mirza,"House 92, Street 20, Chaklala Scheme 3, Rawalpindi",19283,Commercial
MTR-72719553,Sadia Mirza,"House 327, Street 32, Cantt, Multan",156352,Domestic
MTR-63355943,Rana Adnan Gilani,"House No. 128, Gali 8, DHA Phase 5, Lahore",40894,Commercial
MTR-39266348,Mubashir Bukhari,"292-40 Gulshan-e-Iqbal, Karachi",253097,Domestic
MTR-35031616,Mian Waqas Janjua,"House No. 81, Gali 1, Satellite Town, Rawalpindi",25840,Domestic
MTR-98573777,Lubna Mirza,"House 37, Street 15, Shah Rukn-e-Alam, Multan",53917,Commercial
MTR-71119118,Uzma Abbasi,"House 37, Street 4, Johar Town, Lahore",29901,Commercial
MTR-23879465,K.Warraich,مکان 277 گلی 32 Wapda Town لاہور,204564,Commercial
MTR-38159410,H.Raja,مکان 392 گلی 18 Satellite Town راولپنڈی,126744,Domestic
MTR-10575014,W. Ansari,H#326 St-32 MadinaTown Faisalabad,45428,Domestic
MTR-36191515,Chaudhary Waqas Cheema,"House No. 148, Gali 26, North Nazimabad, Karachi",21469,Domestic
MTR-21846501,Chaudhary Anas Afridi,"House No. 105, Gali 18, Clifton Block 2, Karachi",12949,Commercial
MTR-18158813,H.Malik,مکان 123 گلی 11 Gulgasht Multan,317111,Commercial
MTR-51568151,Fahad Khokhar,"79-32 B-17, Islamabad",7139,Domestic
MTR-17273282,Yasir Khokhar,"197-13 Peoples Colony, Faisalabad",52204,Commercial
MTR-72541552,E. Kazmi,H#145 St-20 DHAPhase5 Lahore,171307,Domestic
MTR-54256849,F.Cheema,مکان 194 گلی 30 D Ground Faisalabad,55132,Commercial
MTR-23873812,Malik Usman Bhatti,"House No. 362, Gali 25, Shah Rukn-e-Alam, Multan",41556,Domestic
MTR-87931150,Zeeshan Joiya,"234-1 G-13/1, Islamabad",298315,Domestic
MTR-21413833,Ehsan Yousafzai,"333-6 Shah Rukn-e-Alam, Multan",401859,Domestic
MTR-82846503,S. Mughal,H#15 St-3 ShahRukn-e-Alam Multan,41071,Commercial
MTR-63738922,Y. Naqvi,H#88 St-12 DHAPhase6 Karachi,419712,Domestic
MTR-41991528,Danish Khokhar,"236-17 Shah Rukn-e-Alam, Multan",218384,Commercial
MTR-85824617,Syed Sufyan Gill,"House No. 328, Gali 28, Madina Town, Faisalabad",3439,Commercial
MTR-90054740,A.Janjua,مکان 295 گلی 19 Gulshan-e-Iqbal کراچی,36070,Domestic
MTR-43832258,Gul Tareen,"349-9 Gulgasht, Multan",50890,Domestic
MTR-44625815,Rida Awan,"168-27 I-8/4, Islamabad",11400,Domestic
MTR-66630797,Hina Kazmi,"132-31 Johar Town, Lahore",6971,Commercial
MTR-20724650,Syed Ubaid Sandhu,"House No. 345, Gali 17, Gulgasht, Multan",305426,Domestic
MTR-95366281,Nimra Zaidi,"114-5 Wapda Town, Lahore",29458,Domestic
MTR-79108609,M.Hashmi,مکان 121 گلی 35 G-10/2 اسلام آباد,296033,Domestic
MTR-18281633,Mahnoor Saddozai,"House 213, Street 7, Cantt, Multan",24398,Domestic
MTR-29990089,Rehan Joiya,"House 186, Street 7, DHA Phase 6, Karachi",35949,Domestic
MTR-12959768,Hamza Khokhar,"109-39 B-17, Islamabad",13551,Domestic
MTR-45163181,N.Chaudhry,مکان 107 گلی 38 Gulbahar Peshawar,6821,Commercial
MTR-40036360,Muhammad Lodhi,"House 67, Street 35, Hayatabad Phase 3, Peshawar",4369,Domestic
MTR-22629912,Haji Ahmed Gill,"House No. 302, Gali 21, Hayatabad Phase 3, Peshawar",28559,Domestic
MTR-70905581,H. Siddiqui,H#244 St-29 Cantt Multan,380010,Domestic
MTR-39018227,U.Durrani,مکان 267 گلی 20 Gulbahar Peshawar,5991,Domestic
MTR-13211324,Hafsa قریشی,"38-6 North Nazimabad, Karachi",42579,Domestic
MTR-83021172,Rauf Joiya,"174-30 Westridge, Rawalpindi",213460,Domestic
MTR-45843604,K. Sandhu,H#35 St-6 Westridge Rawalpindi,397241,Commercial
MTR-18970696,N. Sheikh,H#288 St-22 DGround Faisalabad,15164,Commercial
MTR-42913331,S.Qureshi,مکان 189 گلی 8 Wapda Town لاہور,16114,Domestic
MTR-73398160,Chaudhary Mehwish Mehsud,"House No. 14, Gali 39, Gulgasht, Multan",389256,Domestic
MTR-64944172,Farhan Khan,"House 290, Street 26, Bahria Phase 4, Rawalpindi",380822,Commercial
MTR-74241397,P. Khokhar,H#190 St-20 JoharTown Lahore,41195,Domestic
MTR-31386369,Sardar Gul Raja,"House No. 339, Gali 28, Model Town, Lahore",41230,Commercial
MTR-94120268,Syed Fahad Gill,"House No. 146, Gali 38, Clifton Block 2, Karachi",56435,Commercial
MTR-39857789,M. Dar,H#393 St-9 JoharTown Lahore,50348,Domestic
MTR-88068296,Sardar Saad Awan,"House No. 257, Gali 36, DHA Phase 6, Karachi",39519,Commercial
MTR-58100262,Rana Ubaid Chaudhry,"House No. 295, Gali 28, University Town, Peshawar",53245,Commercial
MTR-72779379,A.Mughal,مکان 236 گلی 24 Gulbahar Peshawar,196793,Domestic
MTR-53698864,H.Raja,مکان 382 گلی 22 Gulshan-e-Iqbal کراچی,149863,Commercial
MTR-14320951,Hina Kazmi,"180-10 Chaklala Scheme 3, Rawalpindi",40485,Commercial
MTR-87115184,Z. Chaudhry,H#238 St-37 Westridge Rawalpindi,30580,Commercial
MTR-13477862,Kamran Rajput,"House 141, Street 38, Gulshan-e-Iqbal, Karachi",15021,Domestic
MTR-55102920,H.Sheikh,مکان 40 گلی 6 Gulberg III لاہور,306773,Domestic
MTR-84405920,T. Qureshi,H#366 St-6 UniversityTown Peshawar,211802,Domestic
MTR-69466854,Ibrahim Sandhu,"House 210, Street 22, Model Town, Lahore",57633,Domestic
MTR-21381979,I. Kayani,H#309 St-10 Gulgasht Multan,40433,Domestic
MTR-62382269,S. Shirazi,H#159 St-36 Cantt Multan,329081,Domestic
MTR-25402457,Uzma Wazir,"10-24 Gulshan-e-Iqbal, Karachi",4583,Commercial
MTR-80650419,Umar Gondal,"House 40, Street 19, Bahria Phase 4, Rawalpindi",394287,Commercial
MTR-57774108,Iqra Virk,"93-40 Bahria Phase 4, Rawalpindi",50568,Commercial
MTR-90810071,Sufyan Yousafzai,"House 120, Street 35, Model Town, Lahore",30015,Domestic
MTR-31750551,W. Kakar,H#258 St-34 ModelTown Lahore,24125,Commercial
MTR-98291620,T.Kazmi,مکان 47 گلی 15 Westridge راولپنڈی,49134,Domestic
MTR-35960560,Jawad Janjua,"192-15 Clifton Block 2, Karachi",365017,Domestic
MTR-68898994,Naveed بٹ,"357-9 Model Town, Lahore",52087,Domestic
MTR-76993101,A.Zaidi,مکان 271 گلی 28 Gulgasht Multan,45575,Domestic
MTR-30183757,P.Afridi,مکان 235 گلی 5 Gulbahar Peshawar,255258,Domestic
MTR-19370518,Madiha Abbasi,"1-40 Model Town, Lahore",298728,Domestic
MTR-25986076,K.Naqvi,مکان 260 گلی 36 D Ground Faisalabad,340508,Domestic
MTR-94282757,A.Gill,مکان 177 گلی 16 Hayatabad Phase 3 Peshawar,24566,Domestic
MTR-49905846,Uzma Ansari,"House 238, Street 31, Gulbahar, Peshawar",8678,Commercial
MTR-28533215,حسین Mirza,"103-3 Satellite Town, Rawalpindi",11441,Domestic
MTR-70865408,Y. Kayani,H#98 St-19 B-17 Islamabad,47886,Domestic
MTR-65428338,Syed Rauf Warraich,"House No. 198, Gali 22, Shah Rukn-e-Alam, Multan",16937,Domestic
MTR-79030109,S. Raja,H#41 St-28 ShahRukn-e-Alam Multan,29209,Domestic
MTR-58857090,B.Mirza,مکان 309 گلی 28 Model Town لاہور,36619,Domestic
MTR-47972567,Hussain Awan,"House 399, Street 24, F-8/3, Islamabad",37215,Domestic
MTR-36054934,H.Saddozai,مکان 266 گلی 25 Westridge راولپنڈی,442974,Domestic
MTR-45049385,Javeria Hashmi,"70-5 Satellite Town, Rawalpindi",9952,Commercial
MTR-28426489,Farah Gill,"House 282, Street 35, Cantt, Multan",343283,Domestic
MTR-37000081,I.Kazmi,مکان 103 گلی 9 Satellite Town راولپنڈی,297813,Domestic
MTR-34189826,W.Zaidi,مکان 34 گلی 20 Satellite Town راولپنڈی,16274,Domestic
MTR-80909990,F. Awan,H#231 St-30 DHAPhase5 Lahore,366145,Domestic
MTR-13748682,R. Kazmi,H#64 St-34 HayatabadPhase3 Peshawar,47739,Commercial
MTR-86629448,F. Naqvi,H#129 St-13 DHAPhase5 Lahore,36892,Domestic
MTR-25775968,Ayesha Khattak,"House 88, Street 40, Bahria Phase 4, Rawalpindi",16308,Domestic
MTR-36347568,Malik Zara Dar,"House No. 214, Gali 40, Gulbahar, Peshawar",17292,Domestic
MTR-23496493,Y. Mehsud,H#233 St-5 Gulshan-e-Iqbal Karachi,187864,Domestic
MTR-18265396,Rana Ehsan Shirazi,"House No. 368, Gali 21, Chaklala Scheme 3, Rawalpindi",224934,Domestic
MTR-46463454,M.Tarar,مکان 168 گلی 37 Bahria Phase 4 راولپنڈی,13140,Commercial
MTR-24335019,Sardar Anas Niazi,"House No. 47, Gali 26, Clifton Block 2, Karachi",150732,Commercial
MTR-19042921,Irfan Hashmi,"House 345, Street 31, D Ground, Faisalabad",329379,Domestic
MTR-32603398,R.Sandhu,مکان 188 گلی 3 University Town Peshawar,269165,Domestic
MTR-41651568,L.Kazmi,مکان 320 گلی 40 Gulshan-e-Iqbal کراچی,26195,Commercial
MTR-70154848,Nadia Sandhu,"102-39 Hayatabad Phase 3, Peshawar",17579,Domestic
MTR-14804397,Madiha Cheema,"House 266, Street 30, University Town, Peshawar",29330,Domestic
MTR-87384329,Malik Waqas Warraich,"House No. 154, Gali 38, D Ground, Faisalabad",388062,Domestic
MTR-53668412,Mubashir Rajput,"House 189, Street 22, Hayatabad Phase 3, Peshawar",3188,Commercial
MTR-37939985,H.Shirazi,مکان 336 گلی 38 Gulshan-e-Iqbal کراچی,336777,Domestic
MTR-97757074,Rana Saba Durrani,"House No. 76, Gali 16, Madina Town, Faisalabad",55769,Commercial
MTR-81811723,Pervez Abbasi,"House 211, Street 33, DHA Phase 6, Karachi",16058,Commercial
MTR-20174070,Rana Nadia Bhatti,"House No. 270, Gali 25, Shah Rukn-e-Alam, Multan",34959,Domestic
MTR-12793163,Gul Kakar,"349-17 Gulbahar, Peshawar",17948,Domestic
MTR-60703814,Shoaib Niazi,"House 361, Street 14, University Town, Peshawar",376440,Domestic
MTR-58546163,W.Mirza,مکان 347 گلی 35 G-13/1 اسلام آباد,17160,Domestic
MTR-20026524,Sardar Madiha Raja,"House No. 336, Gali 17, Model Town, Lahore",56607,Domestic
MTR-42891532,Obaid Cheema,"52-9 Shah Rukn-e-Alam, Multan",301211,Domestic
MTR-68752317,Z.Khattak,مکان 165 گلی 19 Chaklala Scheme 3 راولپنڈی,372209,Domestic
MTR-28215592,S. Tarar,H#19 St-26 HayatabadPhase3 Peshawar,48491,Domestic
MTR-28969722,Babar Mirza,"69-33 North Nazimabad, Karachi",29585,Commercial
MTR-67361937,Uzma Kayani,"House 8, Street 22, Cantt, Multan",277295,Domestic
MTR-39128328,Q.Kazmi,مکان 206 گلی 7 DHA Phase 5 لاہور,7341,Domestic
MTR-80051593,Haji Nadeem Virk,"House No. 386, Gali 18, Westridge, Rawalpindi",281796,Commercial
MTR-47984879,I.Wazir,مکان 158 گلی 11 E-11/2 اسلام آباد,54649,Domestic
MTR-15282825,Jawad Yousafzai,"House 69, Street 31, Bahria Phase 4, Rawalpindi",220429,Domestic
MTR-74930142,M.Wazir,مکان 391 گلی 16 Hayatabad Phase 3 Peshawar,324153,Domestic
MTR-94257504,Fahad Mehsud,"47-33 Westridge, Rawalpindi",242613,Domestic
MTR-88667093,Haji Rabia Sheikh,"House No. 345, Gali 20, Madina Town, Faisalabad",223231,Domestic
MTR-35884872,U.Sial,مکان 278 گلی 4 DHA Phase 5 لاہور,264955,Domestic
MTR-27073410,Uzma Durrani,"House 192, Street 25, Shah Rukn-e-Alam, Multan",314001,Domestic
MTR-69168009,Zara Gill,"House 276, Street 26, F-8/3, Islamabad",7214,Domestic
MTR-95441352,Wajahat Mehsud,"House 218, Street 35, Gulgasht, Multan",29587,Domestic
MTR-99651742,U.Durrani,مکان 17 گلی 27 Hayatabad Phase 3 Peshawar,45274,Domestic
MTR-30979589,T.Shirazi,مکان 25 گلی 16 Gulgasht Multan,197256,Commercial
MTR-48258184,I. Awan,H#120 St-37 MadinaTown Faisalabad,49626,Domestic
MTR-34473033,B. Naqvi,H#154 St-18 Westridge Rawalpindi,230450,Commercial
MTR-94988229,Haji Bilal Gill,"House No. 196, Gali 34, Gulgasht, Multan",36901,Domestic
MTR-43999405,Maryam Rajput,"House 154, Street 10, Bahria Phase 4, Rawalpindi",246334,Commercial
MTR-36151974,L.Janjua,مکان 170 گلی 6 Johar Town لاہور,188375,Domestic
MTR-17862793,Sajid Virk,"House 309, Street 3, Gulgasht, Multan",56048,Commercial
MTR-33883836,M.Khan,مکان 380 گلی 8 Bahria Phase 4 راولپنڈی,6517,Domestic
MTR-54706953,Atif Kakar,"House 239, Street 35, Model Town, Lahore",170253,Domestic
MTR-83618142,W.Qureshi,مکان 241 گلی 21 Gulbahar Peshawar,24014,Domestic
MTR-84645277,Rashid Malik,"House 300, Street 38, Wapda Town, Lahore",48437,Domestic
MTR-64609754,R.Janjua,مکان 132 گلی 32 Gulshan-e-Iqbal کراچی,8493,Commercial
MTR-27305539,Naveed Durrani,"House 95, Street 35, Madina Town, Faisalabad",3657,Domestic
MTR-31932394,B.Tareen,مکان 71 گلی 15 E-11/2 اسلام آباد,128334,Domestic
MTR-49329526,Imran Yousafzai,"House 316, Street 31, Gulgasht, Multan",258924,Commercial
MTR-33020527,A. Naqvi,H#275 St-19 ShahRukn-e-Alam Multan,51549,Domestic
MTR-13554750,Hina Abbasi,"318-34 Bahria Phase 4, Rawalpindi",22486,Commercial
MTR-10221153,U. Gilani,H#154 St-6 BahriaPhase4 Rawalpindi,17890,Domestic
MTR-96883337,I.Afridi,مکان 88 گلی 6 B-17 اسلام آباد,4010,Domestic
MTR-38048221,H.Butt,مکان 355 گلی 37 Bahria Phase 4 راولپنڈی,430306,Domestic
MTR-83928378,Saad Bhatti,"House 301, Street 10, F-8/3, Islamabad",293517,Domestic
MTR-48160814,Luqman Mehsud,"House 197, Street 9, Madina Town, Faisalabad",55306,Domestic
MTR-18208127,Syed Faisal Cheema,"House No. 305, Gali 26, D Ground, Faisalabad",241323,Domestic
MTR-72345485,S.Virk,مکان 349 گلی 38 DHA Phase 6 کراچی,164937,Domestic
MTR-40670085,Haji Adnan Virk,"House No. 79, Gali 25, Gulgasht, Multan",55374,Domestic
MTR-21784695,Sufyan Sandhu,"53-9 University Town, Peshawar",186848,Domestic
MTR-87810564,Obaid Qureshi,"House 182, Street 36, G-10/2, Islamabad",40417,Domestic
MTR-26173422,L. Kakar,H#287 St-16 B-17 Islamabad,15283,Domestic
MTR-57350072,Sajid Niazi,"75-5 Model Town, Lahore",57019,Domestic
MTR-27089237,I.Kayani,مکان 305 گلی 40 Westridge راولپنڈی,36291,Domestic
MTR-77857232,Rana Babar Yousafzai,"House No. 226, Gali 22, Gulshan-e-Iqbal, Karachi",36595,Domestic
MTR-61665474,Haji Zafar Bhatti,"House No. 164, Gali 19, Westridge, Rawalpindi",42780,Domestic
MTR-94952013,Rana Ibrahim Siddiqui,"House No. 304, Gali 35, Peoples Colony, Faisalabad",300898,Domestic
MTR-82790574,B.Abbasi,مکان 194 گلی 5 Shah Rukn-e-Alam Multan,244630,Domestic
MTR-43723221,J. Tarar,H#185 St-35 PeoplesColony Faisalabad,355767,Commercial
MTR-58111940,U. Yousafzai,H#331 St-26 G-13/1 Islamabad,26478,Commercial
MTR-64689300,Malik Fatima Saddozai,"House No. 298, Gali 37, D Ground, Faisalabad",223050,Domestic
MTR-41974298,M.Orakzai,مکان 177 گلی 2 Peoples Colony Faisalabad,6042,Domestic
MTR-49885623,F. Durrani,H#160 St-22 ChaklalaScheme3 Rawalpindi,34690,Commercial
MTR-68086830,Sufyan Durrani,"164-5 Shah Rukn-e-Alam, Multan",8155,Domestic
MTR-56184665,Haji Asad Mehsud,"House No. 380, Gali 16, Hayatabad Phase 3, Peshawar",276864,Domestic
MTR-65459856,D. Warraich,H#96 St-28 Cantt Multan,247213,Commercial
MTR-14639830,Malik Fahad Kayani,"House No. 271, Gali 21, Shah Rukn-e-Alam, Multan",59552,Domestic
MTR-65642914,Ubaid Yousafzai,"House 315, Street 38, Chaklala Scheme 3, Rawalpindi",40077,Commercial
MTR-45712217,Rana Talha Sandhu,"House No. 262, Gali 25, Cantt, Multan",37711,Domestic
MTR-52518752,M. Afridi,H#331 St-12 DGround Faisalabad,52677,Domestic
MTR-74052253,Taimoor Yousafzai,"5-32 I-8/4, Islamabad",149908,Commercial
MTR-37931703,Haji Zubair Butt,"House No. 276, Gali 19, Johar Town, Lahore",375204,Domestic
MTR-31036217,Fahad Lodhi,"188-35 Gulbahar, Peshawar",32539,Commercial
MTR-97805700,M.Butt,مکان 179 گلی 6 Gulshan-e-Iqbal کراچی,17244,Domestic
MTR-71245618,Rana Rabia Gill,"House No. 306, Gali 35, Madina Town, Faisalabad",385420,Domestic
MTR-53065760,Mian Gul Qureshi,"House No. 31, Gali 18, Westridge, Rawalpindi",427669,Commercial
MTR-76330771,Haji Gul Warraich,"House No. 296, Gali 18, DHA Phase 6, Karachi",358061,Domestic
MTR-34801184,N.Kazmi,مکان 356 گلی 24 Shah Rukn-e-Alam Multan,58458,Domestic
MTR-19835291,Haji Rida Khokhar,"House No. 358, Gali 23, Gulgasht, Multan",17966,Commercial
MTR-93603480,A. Lodhi,H#173 St-36 GulbergIII Lahore,5563,Domestic
MTR-79924996,Mian Usman Qureshi,"House No. 9, Gali 8, Shah Rukn-e-Alam, Multan",17376,Commercial
MTR-30289477,H. Orakzai,H#82 St-18 ChaklalaScheme3 Rawalpindi,31270,Domestic
MTR-91607781,B.Warraich,مکان 372 گلی 15 Shah Rukn-e-Alam Multan,53847,Domestic
MTR-55805059,S. Bukhari,H#5 St-1 Westridge Rawalpindi,29506,Commercial
MTR-16922216,Uzma Mehsud,"House 272, Street 37, Satellite Town, Rawalpindi",25400,Domestic
MTR-86478552,S. Saddozai,H#316 St-29 Westridge Rawalpindi,11213,Commercial
MTR-53340517,Rida Virk,"162-9 Model Town, Lahore",126984,Domestic
MTR-47255211,N.Shirazi,مکان 338 گلی 20 DHA Phase 5 لاہور,261960,Commercial
MTR-77846804,A.Hashmi,مکان 124 گلی 32 Clifton Block 2 کراچی,16634,Domestic
MTR-99276880,Rana Shahzad Virk,"House No. 216, Gali 24, Gulbahar, Peshawar",42504,Commercial
MTR-94606102,Chaudhary Ahmed Kayani,"House No. 31, Gali 26, Satellite Town, Rawalpindi",294162,Domestic
MTR-66846463,Mian Tariq Afridi,"House No. 316, Gali 10, D Ground, Faisalabad",326610,Commercial
MTR-16766972,Malik Adnan Rizvi,"House No. 301, Gali 5, Model Town, Lahore",31055,Domestic
MTR-34617406,Rana Fahad Khokhar,"House No. 29, Gali 20, D Ground, Faisalabad",19717,Domestic
MTR-58144301,W. Hashmi,H#265 St-17 WapdaTown Lahore,3881,Commercial
MTR-87024940,R.Siddiqui,مکان 172 گلی 28 Hayatabad Phase 3 Peshawar,216737,Commercial
MTR-26495865,A. Khokhar,H#29 St-32 MadinaTown Faisalabad,15642,Commercial
MTR-44042812,Amna Mehsud,"117-33 Cantt, Multan",32039,Domestic
MTR-67767878,Luqman Abbasi,"House 284, Street 27, Satellite Town, Rawalpindi",17177,Domestic
MTR-13546116,Sajid چوہدری,"62-33 Madina Town, Faisalabad",9827,Commercial
MTR-77909494,K. Khokhar,H#397 St-20 UniversityTown Peshawar,34624,Commercial
MTR-39831245,Rabia Niazi,"House 125, Street 30, Gulgasht, Multan",224240,Commercial
MTR-93369614,R. Niazi,H#272 St-16 F-8/3 Islamabad,324360,Domestic
MTR-85063585,D.Naqvi,مکان 235 گلی 6 Gulshan-e-Iqbal کراچی,363907,Commercial
MTR-94046237,M.Gilani,مکان 340 گلی 9 E-11/2 اسلام آباد,5131,Domestic
MTR-23056527,Haji Kinza Saddozai,"House No. 232, Gali 18, Gulberg III, Lahore",15186,Domestic
MTR-76547190,Asad Abbasi,"House 231, Street 30, F-8/3, Islamabad",42336,Commercial
MTR-17334879,T.Niazi,مکان 62 گلی 6 Gulshan-e-Iqbal کراچی,8977,Domestic
MTR-31716474,Rashid راجہ,"183-26 Cantt, Multan",15620,Commercial
MTR-21752570,حسن Warraich,"285-36 University Town, Peshawar",10336,Domestic
MTR-75208696,H.Khan,مکان 67 گلی 13 F-8/3 اسلام آباد,151274,Commercial
MTR-43316955,Malik Ali Chaudhry,"House No. 66, Gali 6, Westridge, Rawalpindi",21902,Domestic
MTR-70422743,Syed Adnan Butt,"House No. 316, Gali 16, D Ground, Faisalabad",373578,Domestic
MTR-25261984,Zafar Rizvi,"House 177, Street 37, University Town, Peshawar",25745,Domestic
MTR-53804142,Iqra Gondal,"30-31 I-8/4, Islamabad",48663,Domestic
MTR-33441641,Sajid Rizvi,"House 29, Street 15, Gulbahar, Peshawar",58949,Domestic
MTR-97183463,Kinza Gill,"361-23 Peoples Colony, Faisalabad",13461,Domestic
MTR-58663294,Z. Niazi,H#20 St-6 Westridge Rawalpindi,239024,Commercial
MTR-19878799,Syed Babar Yousafzai,"House No. 175, Gali 12, Bahria Phase 4, Rawalpindi",440497,Commercial
MTR-51842904,Rida Sial,"House 250, Street 21, Gulbahar, Peshawar",412537,Domestic
MTR-73488552,Khalid Niazi,"House 151, Street 9, Gulgasht, Multan",31611,Domestic
MTR-45126325,M.Gondal,مکان 54 گلی 32 Gulgasht Multan,48502,Domestic
MTR-35276538,Junaid Afridi,"344-22 B-17, Islamabad",36282,Domestic
MTR-70783063,F.Kayani,مکان 369 گلی 1 Hayatabad Phase 3 Peshawar,288416,Domestic
MTR-48657405,O.Hashmi,مکان 280 گلی 25 Gulshan-e-Iqbal کراچی,210130,Commercial
MTR-34848503,Z.Malik,مکان 54 گلی 5 Gulberg III لاہور,282451,Commercial
MTR-32689560,N. Baig,H#339 St-19 Gulshan-e-Iqbal Karachi,40931,Domestic
MTR-17779113,Sardar Adnan Sheikh,"House No. 219, Gali 6, DHA Phase 5, Lahore",36103,Domestic
MTR-14472238,Junaid Afridi,"House 243, Street 8, DHA Phase 5, Lahore",15181,Domestic
MTR-39557237,Chaudhary Salman Khattak,"House No. 95, Gali 24, Madina Town, Faisalabad",37082,Commercial
MTR-27042809,Wajahat Kayani,"House 289, Street 4, Chaklala Scheme 3, Rawalpindi",34567,Domestic
MTR-13045941,Mahnoor Gondal,"199-34 Peoples Colony, Faisalabad",12917,Domestic
MTR-19603857,S. Mughal,H#65 St-3 BahriaPhase4 Rawalpindi,3393,Domestic
MTR-65343852,R. Shirazi,H#373 St-5 GulbergIII Lahore,34194,Domestic
MTR-78067549,S.Khokhar,مکان 359 گلی 40 Hayatabad Phase 3 Peshawar,166754,Commercial
MTR-47452871,R. Bukhari,H#55 St-37 PeoplesColony Faisalabad,7454,Domestic
MTR-63324328,L. Khattak,H#20 St-12 NorthNazimabad Karachi,400829,Commercial
MTR-71510769,H. Warraich,H#26 St-31 JoharTown Lahore,8254,Domestic
MTR-96585737,Owais Lodhi,"357-7 University Town, Peshawar",202623,Domestic
MTR-87781486,Chaudhary Sajid Durrani,"House No. 97, Gali 29, Clifton Block 2, Karachi",16513,Domestic
MTR-57946297,Fatima Mughal,"House 364, Street 33, I-8/4, Islamabad",43484,Commercial
MTR-68077795,Haris شیخ,"234-4 Satellite Town, Rawalpindi",10081,Domestic
MTR-36557364,Mansoor Afridi,"16-16 B-17, Islamabad",8775,Domestic
MTR-82259385,M.Zaidi,مکان 84 گلی 17 Gulberg III لاہور,47627,Commercial
MTR-86071767,Shoaib Khattak,"House 138, Street 27, Bahria Phase 4, Rawalpindi",4675,Domestic
MTR-18805293,S. Shirazi,H#115 St-17 HayatabadPhase3 Peshawar,14728,Commercial
MTR-20301098,Ubaid Kayani,"155-34 Westridge, Rawalpindi",202043,Commercial
MTR-65704535,J. Zaidi,H#312 St-19 Gulgasht Multan,47783,Domestic
MTR-61362770,Tooba Bhatti,"134-20 University Town, Peshawar",4591,Commercial
MTR-40511801,Nasir Wazir,"370-2 Johar Town, Lahore",184937,Commercial
MTR-82059413,حسین Bukhari,"98-22 Gulgasht, Multan",22266,Domestic
MTR-68179173,Junaid Wazir,"151-7 Peoples Colony, Faisalabad",3749,Domestic
MTR-47633060,Hafsa Cheema,"House 114, Street 23, Cantt, Multan",45399,Commercial
MTR-75886030,Wajahat Siddiqui,"House 325, Street 38, Clifton Block 2, Karachi",8860,Commercial
MTR-29366732,Hamza Mehsud,"House 212, Street 4, Gulshan-e-Iqbal, Karachi",218570,Domestic
MTR-59436200,Ubaid Abbasi,"399-6 Johar Town, Lahore",287827,Domestic
MTR-40350155,W. Dar,H#296 St-11 HayatabadPhase3 Peshawar,354919,Commercial
MTR-79544433,Syed Nasir Sial,"House No. 3, Gali 3, North Nazimabad, Karachi",14329,Commercial
MTR-75166911,Umar ملک,"321-16 Cantt, Multan",28445,Domestic
MTR-71793066,Mahnoor Niazi,"House 24, Street 20, Satellite Town, Rawalpindi",331689,Commercial
MTR-91314538,Rehan Durrani,"259-11 G-13/1, Islamabad",13485,Domestic
MTR-41324203,Sadia Kayani,"106-1 DHA Phase 6, Karachi",349791,Commercial
MTR-74564099,Laiba Orakzai,"54-33 Westridge, Rawalpindi",5386,Domestic
MTR-43368961,H.Shirazi,مکان 268 گلی 13 Chaklala Scheme 3 راولپنڈی,35380,Domestic
MTR-33641606,Malik Noman Orakzai,"House No. 121, Gali 1, Gulshan-e-Iqbal, Karachi",291418,Domestic
MTR-66864161,F. Chaudhry,H#52 St-17 Gulgasht Multan,186399,Domestic
MTR-95315100,Haji Saad Butt,"House No. 185, Gali 21, University Town, Peshawar",45434,Domestic
MTR-17056731,B.Khattak,مکان 184 گلی 29 Chaklala Scheme 3 راولپنڈی,11606,Domestic
MTR-91160751,Chaudhary Fahad Warraich,"House No. 140, Gali 25, North Nazimabad, Karachi",24621,Domestic
MTR-15816545,Waqas Qureshi,"House 292, Street 29, North Nazimabad, Karachi",160695,Domestic
MTR-93113065,Zafar Hashmi,"House 226, Street 3, E-11/2, Islamabad",190460,Domestic
MTR-26341998,Haji Farah Cheema,"House No. 353, Gali 40, D Ground, Faisalabad",41088,Commercial
MTR-16535119,Syed Adnan Zaidi,"House No. 6, Gali 11, Peoples Colony, Faisalabad",59112,Domestic
MTR-69994192,A.Janjua,مکان 26 گلی 33 Gulberg III لاہور,5899,Commercial
MTR-64454112,U.Joiya,مکان 230 گلی 6 Gulbahar Peshawar,7813,Commercial
MTR-39073687,A.Qureshi,مکان 19 گلی 36 North Nazimabad کراچی,16274,Domestic
MTR-91181333,M. Kazmi,H#336 St-30 PeoplesColony Faisalabad,4609,Domestic
MTR-77677978,N.Tarar,مکان 313 گلی 13 I-8/4 اسلام آباد,127300,Commercial
MTR-66111752,M. Cheema,H#24 St-38 E-11/2 Islamabad,221241,Domestic
MTR-38145336,Anas خان,"25-36 D Ground, Faisalabad",4999,Domestic
MTR-66574013,Javeria Bukhari,"House 54, Street 25, Bahria Phase 4, Rawalpindi",7021,Commercial
MTR-83608713,Laiba Orakzai,"House 141, Street 26, Hayatabad Phase 3, Peshawar",59391,Commercial
MTR-40018132,Sardar Mubashir Orakzai,"House No. 365, Gali 36, Madina Town, Faisalabad",443112,Domestic
MTR-87147665,Gul Awan,"92-33 Gulgasht, Multan",125077,Domestic
MTR-23488183,A.Wazir,مکان 346 گلی 35 Shah Rukn-e-Alam Multan,37146,Commercial
MTR-67784036,R.Sheikh,مکان 103 گلی 18 Cantt Multan,8080,Commercial
MTR-14341104,Noman Tareen,"184-29 Peoples Colony, Faisalabad",333007,Domestic
MTR-58721761,Malik Fatima Orakzai,"House No. 196, Gali 25, DHA Phase 5, Lahore",240943,Domestic
MTR-26399375,Shoaib Afridi,"332-24 Gulgasht, Multan",15493,Commercial
MTR-14698131,Taimoor Ansari,"House 96, Street 12, Cantt, Multan",360227,Commercial
MTR-61626882,N. Awan,H#3 St-22 ChaklalaScheme3 Rawalpindi,10273,Commercial
MTR-67412973,B.Kakar,مکان 339 گلی 20 Gulgasht Multan,6895,Domestic
MTR-20075844,H.Gondal,مکان 259 گلی 11 Satellite Town راولپنڈی,33824,Commercial
MTR-18618261,Bushra Cheema,"151-14 Gulberg III, Lahore",6178,Domestic
MTR-68012969,Chaudhary Ahmed Siddiqui,"House No. 229, Gali 16, Shah Rukn-e-Alam, Multan",239376,Domestic
MTR-10510117,Fahad Virk,"371-19 Wapda Town, Lahore",4162,Domestic
MTR-23305397,M.Butt,مکان 165 گلی 33 Johar Town لاہور,337225,Domestic
MTR-79395409,Malik Uzma Chaudhry,"House No. 79, Gali 2, Gulgasht, Multan",46417,Commercial
MTR-68658956,Kashif Zaidi,"117-17 G-13/1, Islamabad",202189,Commercial
MTR-98582540,Ali Virk,"House 274, Street 1, Cantt, Multan",4095,Domestic
MTR-80449660,A. Qureshi,H#311 St-6 GulbergIII Lahore,17271,Commercial
MTR-26232261,Y. Mughal,H#70 St-26 PeoplesColony Faisalabad,354651,Commercial
MTR-88394636,A.Zaidi,مکان 73 گلی 8 Gulbahar Peshawar,289634,Commercial
MTR-65185265,Owais Dar,"House 372, Street 23, Gulgasht, Multan",49571,Domestic
MTR-82595012,M. Kayani,H#93 St-37 SatelliteTown Rawalpindi,145373,Commercial
MTR-47761076,Farah Chaudhry,"House 102, Street 38, DHA Phase 5, Lahore",367274,Domestic
MTR-63890670,Syed Irfan Yousafzai,"House No. 163, Gali 32, F-8/3, Islamabad",181172,Domestic
MTR-83409743,Haji Saqib Sial,"House No. 161, Gali 16, Satellite Town, Rawalpindi",44158,Commercial
MTR-94713208,Z. Khokhar,H#397 St-20 Gulshan-e-Iqbal Karachi,339459,Commercial
MTR-10055873,Naveed Rizvi,"House 376, Street 5, Chaklala Scheme 3, Rawalpindi",59083,Domestic
MTR-39511127,Mahnoor Dar,"House 134, Street 35, G-13/1, Islamabad",52561,Domestic
MTR-83798260,N. Khokhar,H#47 St-26 DGround Faisalabad,17469,Domestic
MTR-16239416,فاطمہ Awan,"92-37 DHA Phase 6, Karachi",49934,Commercial
MTR-67611394,Usman Butt,"House 53, Street 34, Shah Rukn-e-Alam, Multan",420282,Commercial
MTR-74744682,S. Kayani,H#265 St-26 DHAPhase6 Karachi,11049,Domestic
MTR-93347196,A. Awan,H#118 St-5 DHAPhase6 Karachi,21396,Commercial
MTR-68305346,Laiba Bangash,"House 339, Street 15, Hayatabad Phase 3, Peshawar",159074,Domestic
MTR-10953635,M.Mughal,مکان 12 گلی 16 Shah Rukn-e-Alam Multan,321489,Domestic
MTR-95893370,I. Mughal,H#265 St-26 JoharTown Lahore,368086,Domestic
MTR-40829947,Tariq Dar,"House 247, Street 11, North Nazimabad, Karachi",5306,Domestic
MTR-75531771,Mian Nimra Wazir,"House No. 86, Gali 22, Madina Town, Faisalabad",51378,Domestic
MTR-81945281,Asad Malik,"House 77, Street 39, Westridge, Rawalpindi",307732,Commercial
MTR-17296126,S. Rajput,H#309 St-35 Cantt Multan,30913,Commercial
MTR-52417035,Kinza Naqvi,"247-25 DHA Phase 6, Karachi",16009,Commercial
MTR-45056819,Danish راجہ,"279-27 Wapda Town, Lahore",334733,Domestic
MTR-66091188,S.Khan,مکان 353 گلی 21 DHA Phase 6 کراچی,385103,Commercial
MTR-55098584,Kashif Kayani,"House 217, Street 37, Gulbahar, Peshawar",34791,Commercial
MTR-24655989,O. Zaidi,H#248 St-12 Gulbahar Peshawar,6435,Commercial
MTR-37871826,Farhan Kakar,"377-9 Shah Rukn-e-Alam, Multan",15639,Domestic
MTR-46748030,Malik Rehan Kazmi,"House No. 282, Gali 40, Gulshan-e-Iqbal, Karachi",34447,Domestic
MTR-89893537,N. Yousafzai,H#147 St-39 Gulgasht Multan,48805,Commercial
MTR-37106023,Umar بٹ,"262-34 Gulbahar, Peshawar",25735,Domestic
MTR-29727981,Sardar Zara Khan,"House No. 142, Gali 26, Satellite Town, Rawalpindi",34740,Domestic
MTR-32991438,Lubna Chaudhry,"House 146, Street 36, G-13/1, Islamabad",54557,Commercial
MTR-64747242,U. Warraich,H#134 St-12 PeoplesColony Faisalabad,33009,Commercial
MTR-49121639,E.Siddiqui,مکان 132 گلی 35 Gulbahar Peshawar,196325,Commercial
MTR-12903358,Gul Orakzai,"House 212, Street 23, Chaklala Scheme 3, Rawalpindi",12984,Domestic
MTR-43502426,Irfan راجہ,"39-36 Gulshan-e-Iqbal, Karachi",50894,Commercial
MTR-36656301,N. Gill,H#62 St-6 SatelliteTown Rawalpindi,8323,Commercial
MTR-20472982,J. Yousafzai,H#295 St-18 ModelTown Lahore,30779,Commercial
MTR-17918347,Haji Ubaid Siddiqui,"House No. 236, Gali 21, Gulgasht, Multan",188474,Domestic
MTR-14836308,M.Kayani,مکان 122 گلی 18 Chaklala Scheme 3 راولپنڈی,22961,Domestic
MTR-23205315,Sardar Noman Tarar,"House No. 187, Gali 26, Shah Rukn-e-Alam, Multan",53717,Commercial
MTR-34794263,Syed Zeeshan Durrani,"House No. 285, Gali 28, Johar Town, Lahore",57132,Commercial
MTR-68182481,S.Tarar,مکان 323 گلی 34 DHA Phase 6 کراچی,49900,Domestic
MTR-76130294,M. Qureshi,H#31 St-14 Cantt Multan,373381,Domestic
MTR-55683490,Mian Ibrahim Zaidi,"House No. 177, Gali 2, Madina Town, Faisalabad",15976,Domestic
MTR-69085048,Amna Gilani,"House 276, Street 12, Gulgasht, Multan",142182,Domestic
MTR-48178852,Taimoor راجہ,"238-10 Gulshan-e-Iqbal, Karachi",408894,Domestic
MTR-60746971,Noman Mughal,"49-5 Clifton Block 2, Karachi",3323,Domestic
MTR-49488658,T.Qureshi,مکان 80 گلی 6 Wapda Town لاہور,284998,Domestic
MTR-61511246,S.Naqvi,مکان 15 گلی 3 Hayatabad Phase 3 Peshawar,16409,Commercial
MTR-19169109,Sajid Zaidi,"358-35 DHA Phase 6, Karachi",352806,Domestic
MTR-40160087,Hina Afridi,"159-23 Gulgasht, Multan",259729,Commercial
MTR-63720332,J. Hashmi,H#154 St-1 UniversityTown Peshawar,221273,Domestic
MTR-64197839,O.Zaidi,مکان 128 گلی 11 North Nazimabad کراچی,58364,Domestic
MTR-92437241,Sardar Sana Tareen,"House No. 356, Gali 18, Gulbahar, Peshawar",20870,Domestic
MTR-78834628,Talha Awan,"House 327, Street 30, DHA Phase 5, Lahore",353553,Domestic
MTR-14479122,Chaudhary Ali Abbasi,"House No. 12, Gali 12, G-13/1, Islamabad",367083,Domestic
MTR-82454714,D.Raja,مکان 253 گلی 14 Satellite Town راولپنڈی,15906,Domestic
MTR-79707569,K.Butt,مکان 385 گلی 10 DHA Phase 5 لاہور,280361,Commercial
MTR-92161748,U.Kayani,مکان 7 گلی 8 University Town Peshawar,180700,Domestic
MTR-44357784,S. Naqvi,H#247 St-20 I-8/4 Islamabad,42798,Domestic
MTR-60968846,Malik Arsalan Afridi,"House No. 8, Gali 11, Gulshan-e-Iqbal, Karachi",15485,Commercial
MTR-73489348,U. Bukhari,H#244 St-39 Gulbahar Peshawar,57631,Commercial
MTR-39228094,Hafsa Yousafzai,"31-23 DHA Phase 5, Lahore",219614,Commercial
MTR-59670305,N. Khattak,H#225 St-13 UniversityTown Peshawar,22713,Domestic
MTR-19286409,Mustafa Bangash,"278-32 Gulshan-e-Iqbal, Karachi",44227,Domestic
MTR-41012210,Waseem Shirazi,"House 83, Street 5, Gulbahar, Peshawar",8027,Domestic
MTR-26834553,Haji Ibrahim Khokhar,"House No. 260, Gali 25, B-17, Islamabad",39569,Domestic
MTR-69319593,B. Rizvi,H#98 St-34 UniversityTown Peshawar,46207,Commercial
MTR-24039920,U. Bhatti,H#268 St-5 G-10/2 Islamabad,36398,Domestic
MTR-34808328,Umar قریشی,"329-25 G-13/1, Islamabad",16551,Domestic
MTR-25732356,A.Dar,مکان 41 گلی 30 Shah Rukn-e-Alam Multan,5634,Domestic
MTR-34002532,Syed Maryam Virk,"House No. 270, Gali 16, Bahria Phase 4, Rawalpindi",53682,Domestic
MTR-99614433,G. Khokhar,H#219 St-7 Gulgasht Multan,45878,Commercial
MTR-83670555,Maryam Shirazi,"House 162, Street 36, Gulshan-e-Iqbal, Karachi",329254,Domestic
MTR-41584042,A. Shirazi,H#193 St-36 BahriaPhase4 Rawalpindi,14993,Domestic
MTR-88077127,N.Butt,مکان 9 گلی 34 Wapda Town لاہور,5925,Commercial
MTR-68518592,Saqib Malik,"House 142, Street 36, Gulbahar, Peshawar",30437,Domestic
MTR-21676352,Adnan Awan,"House 299, Street 16, Gulberg III, Lahore",357294,Domestic
MTR-36482710,Tariq Kakar,"179-28 I-8/4, Islamabad",222305,Domestic
MTR-74945658,عائشہ Orakzai,"26-26 Bahria Phase 4, Rawalpindi",32017,Commercial
MTR-93455674,Mansoor Abbasi,"43-31 Chaklala Scheme 3, Rawalpindi",40419,Domestic
MTR-62491448,R. Kakar,H#391 St-9 Cantt Multan,32071,Domestic
MTR-75255584,Syed Nadia Yousafzai,"House No. 127, Gali 16, Gulgasht, Multan",374133,Domestic
MTR-21971638,Junaid Gill,"House 320, Street 10, Madina Town, Faisalabad",304449,Domestic
MTR-77404022,Rana Fahad Saddozai,"House No. 318, Gali 10, F-8/3, Islamabad",6793,Domestic
MTR-52944385,Taimoor Rajput,"108-35 I-8/4, Islamabad",321325,Domestic
MTR-17353817,Rida Abbasi,"343-2 Gulgasht, Multan",19428,Commercial
MTR-49861261,Bushra Wazir,"House 10, Street 19, DHA Phase 5, Lahore",17332,Domestic
MTR-47587772,Sardar Saqib Hashmi,"House No. 273, Gali 6, Gulbahar, Peshawar",336823,Domestic
MTR-89203413,A.Butt,مکان 171 گلی 32 Chaklala Scheme 3 راولپنڈی,288178,Commercial
MTR-50223399,A. Kazmi,H#321 St-17 DHAPhase5 Lahore,16079,Domestic
MTR-98643632,O. Shirazi,H#278 St-9 ModelTown Lahore,56600,Domestic
MTR-41359875,Rauf Kakar,"House 163, Street 5, Bahria Phase 4, Rawalpindi",30104,Domestic
MTR-65869436,Rida Malik,"House 212, Street 27, University Town, Peshawar",12858,Domestic
MTR-49045434,Shahzad Ansari,"House 316, Street 18, G-13/1, Islamabad",17253,Domestic
MTR-40086927,Chaudhary Ghulam Raja,"House No. 69, Gali 33, Shah Rukn-e-Alam, Multan",3572,Domestic
MTR-32028979,Yousuf Awan,"116-3 Bahria Phase 4, Rawalpindi",42332,Domestic
MTR-24075789,N. Chaudhry,H#316 St-32 Westridge Rawalpindi,172644,Domestic
MTR-79242042,S. Qureshi,H#22 St-16 NorthNazimabad Karachi,52907,Commercial
MTR-13277473,S. Tareen,H#98 St-19 Cantt Multan,136743,Commercial
MTR-87344674,Zubair Yousafzai,"House 265, Street 10, B-17, Islamabad",385673,Domestic
MTR-42341292,Tariq Naqvi,"373-33 Shah Rukn-e-Alam, Multan",48536,Commercial
MTR-44888723,Babar Gilani,"77-11 Gulbahar, Peshawar",46661,Commercial
MTR-31306671,Sardar Irfan Afridi,"House No. 68, Gali 13, Satellite Town, Rawalpindi",236626,Domestic
MTR-73899930,زینب خان,"122-14 Madina Town, Faisalabad",363930,Domestic
MTR-15615341,I.Khan,مکان 318 گلی 36 Chaklala Scheme 3 راولپنڈی,55242,Commercial
MTR-92904734,S. Mughal,H#313 St-39 ShahRukn-e-Alam Multan,331031,Domestic
MTR-67210297,S. Kakar,H#189 St-25 GulbergIII Lahore,317981,Domestic
MTR-95742245,J. Lodhi,H#212 St-34 WapdaTown Lahore,364698,Domestic
MTR-59746896,Chaudhary Hina Raja,"House No. 219, Gali 39, Gulshan-e-Iqbal, Karachi",17282,Domestic
MTR-96334517,Haji Shahzad Yousafzai,"House No. 267, Gali 32, Madina Town, Faisalabad",44259,Commercial
MTR-25034708,Mian Muhammad Siddiqui,"House No. 321, Gali 8, E-11/2, Islamabad",39999,Domestic
MTR-89112811,N.Afridi,مکان 328 گلی 13 Satellite Town راولپنڈی,48311,Domestic
MTR-38016976,M.Siddiqui,مکان 175 گلی 26 Shah Rukn-e-Alam Multan,39363,Commercial
MTR-95845468,G.Rajput,مکان 331 گلی 9 Clifton Block 2 کراچی,6003,Commercial
MTR-17570684,O. Saddozai,H#154 St-37 G-13/1 Islamabad,20493,Domestic
MTR-28357154,Ghulam چوہدری,"16-22 Chaklala Scheme 3, Rawalpindi",380549,Commercial
MTR-60968569,Owais Bangash,"House 364, Street 3, University Town, Peshawar",11284,Domestic
MTR-97041452,T.Niazi,مکان 90 گلی 8 Chaklala Scheme 3 راولپنڈی,176253,Domestic
MTR-54800719,Z. Kazmi,H#175 St-31 BahriaPhase4 Rawalpindi,4417,Domestic
MTR-34476690,Sana Mehsud,"House 371, Street 3, Bahria Phase 4, Rawalpindi",42965,Domestic
MTR-11660977,H. Shirazi,H#171 St-30 HayatabadPhase3 Peshawar,360895,Commercial
MTR-75179947,Tooba Dar,"House 99, Street 19, Johar Town, Lahore",209429,Domestic
MTR-30446594,Waqas Lodhi,"319-36 G-10/2, Islamabad",39690,Commercial
MTR-23958876,Sajid Abbasi,"House 294, Street 16, Shah Rukn-e-Alam, Multan",7582,Commercial
MTR-28939421,Sufyan Sheikh,"House 242, Street 4, Satellite Town, Rawalpindi",274312,Commercial
MTR-31865257,Lubna Shirazi,"354-29 D Ground, Faisalabad",10141,Domestic
MTR-51081915,Mian Maryam Raja,"House No. 291, Gali 9, University Town, Peshawar",33130,Domestic
MTR-48499243,Haji Yousuf Gondal,"House No. 316, Gali 17, Bahria Phase 4, Rawalpindi",15830,Domestic
MTR-75916881,A.Khokhar,مکان 34 گلی 31 Clifton Block 2 کراچی,9097,Domestic
MTR-31961696,Farhan Shirazi,"House 261, Street 7, Peoples Colony, Faisalabad",222416,Domestic
MTR-91018229,Syed Maryam Khokhar,"House No. 123, Gali 40, North Nazimabad, Karachi",52995,Domestic
MTR-91712256,Noman Orakzai,"House 223, Street 37, Madina Town, Faisalabad",185447,Domestic
MTR-91518447,F.Bukhari,مکان 167 گلی 36 Madina Town Faisalabad,8648,Domestic
MTR-73921720,Iqra قریشی,"395-25 Gulgasht, Multan",18924,Commercial
MTR-11311251,Chaudhary Khadija Tareen,"House No. 388, Gali 10, Cantt, Multan",59400,Domestic
MTR-92548470,H. Dar,H#154 St-37 ShahRukn-e-Alam Multan,431061,Domestic
MTR-32593799,S.Awan,مکان 332 گلی 2 G-10/2 اسلام آباد,29934,Domestic
MTR-52934943,Haji Ubaid Orakzai,"House No. 320, Gali 12, Madina Town, Faisalabad",9829,Commercial
MTR-70947503,G.Gondal,مکان 310 گلی 1 Westridge راولپنڈی,372122,Commercial
MTR-21636994,Z.Gilani,مکان 20 گلی 37 DHA Phase 5 لاہور,225258,Domestic
MTR-42603602,Rana Tariq Abbasi,"House No. 270, Gali 18, Gulgasht, Multan",11303,Domestic
MTR-22935037,Y. Rajput,H#340 St-5 Gulgasht Multan,16315,Domestic
MTR-60242890,Maryam Kakar,"House 233, Street 33, E-11/2, Islamabad",52607,Domestic
MTR-67222343,Z. Mughal,H#306 St-20 B-17 Islamabad,326592,Commercial
MTR-57867162,Amna Sheikh,"House 378, Street 40, Shah Rukn-e-Alam, Multan",30323,Domestic
MTR-11485944,Waseem Kayani,"House 141, Street 17, Chaklala Scheme 3, Rawalpindi",283829,Commercial
MTR-55848506,Jawad Ansari,"249-12 Johar Town, Lahore",6150,Domestic
MTR-12719502,Malik Adnan Hashmi,"House No. 395, Gali 25, University Town, Peshawar",231850,Domestic
MTR-62780352,B. Khattak,H#27 St-11 DHAPhase5 Lahore,211694,Domestic
MTR-39225148,M.Gondal,مکان 243 گلی 17 North Nazimabad کراچی,40981,Domestic
MTR-57468325,K.Mehsud,مکان 350 گلی 3 Wapda Town لاہور,328212,Domestic
MTR-86664869,Babar Lodhi,"131-38 DHA Phase 5, Lahore",274408,Commercial
MTR-50417759,S.Cheema,مکان 93 گلی 21 Gulgasht Multan,50349,Domestic
MTR-78654323,Hina قریشی,"180-15 Shah Rukn-e-Alam, Multan",35237,Commercial
MTR-70739673,I. Shirazi,H#307 St-8 Cantt Multan,154373,Domestic
MTR-79180517,F. Orakzai,H#151 St-30 ChaklalaScheme3 Rawalpindi,369535,Domestic
MTR-31117014,Haji Kashif Mughal,"House No. 142, Gali 4, Hayatabad Phase 3, Peshawar",54427,Commercial
MTR-51530273,S. Joiya,H#103 St-40 E-11/2 Islamabad,19232,Commercial
MTR-88518976,Chaudhary Rehan Yousafzai,"House No. 227, Gali 17, Cantt, Multan",234531,Domestic
MTR-75768647,Taimoor ملک,"335-1 DHA Phase 6, Karachi",252661,Commercial
MTR-61344561,Amna خان,"395-32 D Ground, Faisalabad",16384,Domestic
MTR-32093514,Zainab Gondal,"House 353, Street 31, E-11/2, Islamabad",48892,Domestic
MTR-80592379,Nasir Sheikh,"House 47, Street 24, Gulgasht, Multan",9877,Commercial
MTR-84673191,Uzma Baig,"197-13 Satellite Town, Rawalpindi",360730,Domestic
MTR-12409073,Saba Joiya,"72-3 Cantt, Multan",47384,Commercial
MTR-66509667,A.Rizvi,مکان 9 گلی 3 University Town Peshawar,45174,Domestic
MTR-95322774,R.Khattak,مکان 235 گلی 35 Gulgasht Multan,58855,Domestic
MTR-29871717,M.Khattak,مکان 317 گلی 3 E-11/2 اسلام آباد,150212,Domestic
MTR-50105049,Malik Zeeshan Khokhar,"House No. 303, Gali 5, Peoples Colony, Faisalabad",4322,Domestic
MTR-49824577,Kamran Baig,"378-26 Gulshan-e-Iqbal, Karachi",15723,Commercial
MTR-19146881,Usman Bukhari,"House 33, Street 8, Chaklala Scheme 3, Rawalpindi",369871,Domestic
MTR-68920059,Sufyan Janjua,"House 69, Street 7, Peoples Colony, Faisalabad",15285,Commercial
MTR-58748830,M.Khan,مکان 362 گلی 38 Satellite Town راولپنڈی,51666,Domestic
MTR-82059052,Haji Tooba Lodhi,"House No. 211, Gali 16, Madina Town, Faisalabad",49332,Domestic
MTR-56457932,Nimra Sandhu,"260-15 Gulbahar, Peshawar",22424,Domestic
MTR-24363603,H. Rajput,H#82 St-3 DHAPhase6 Karachi,139395,Commercial
MTR-93708861,Mehwish Tareen,"54-4 Clifton Block 2, Karachi",257696,Domestic
MTR-87741469,Faisal Janjua,"304-38 Shah Rukn-e-Alam, Multan",172480,Domestic
MTR-70469400,F.Bhatti,مکان 122 گلی 27 Satellite Town راولپنڈی,336301,Domestic
MTR-10898691,بلال Sial,"313-30 Bahria Phase 4, Rawalpindi",177904,Commercial
MTR-57304458,S. Gill,H#172 St-9 JoharTown Lahore,45525,Commercial
MTR-30734365,Ubaid Tarar,"House 113, Street 19, Chaklala Scheme 3, Rawalpindi",8725,Domestic
MTR-50938136,S.Tarar,مکان 251 گلی 14 Gulbahar Peshawar,48097,Domestic
MTR-29766241,Y.Janjua,مکان 297 گلی 15 Model Town لاہور,5956,Commercial
MTR-68665225,Yousuf Durrani,"18-28 Gulbahar, Peshawar",9906,Commercial
MTR-17528601,Malik Anas Janjua,"House No. 386, Gali 1, G-13/1, Islamabad",33689,Domestic
MTR-38452823,علی Rajput,"83-30 Shah Rukn-e-Alam, Multan",171648,Domestic
MTR-34674994,L. Warraich,H#321 St-30 ChaklalaScheme3 Rawalpindi,20434,Domestic
MTR-83907211,Zubair Sial,"358-40 University Town, Peshawar",27246,Domestic
MTR-25151053,Imran Kazmi,"House 27, Street 8, Shah Rukn-e-Alam, Multan",27991,Domestic
MTR-56935086,Saad Khattak,"House 35, Street 36, D Ground, Faisalabad",223887,Commercial
MTR-12061822,Zafar Saddozai,"360-14 Gulbahar, Peshawar",134821,Domestic
MTR-78572190,W. Sheikh,H#177 St-29 I-8/4 Islamabad,127830,Domestic
MTR-77123542,G. Rizvi,H#318 St-24 ModelTown Lahore,51856,Domestic
MTR-17403416,Irfan Chaudhry,"House 142, Street 8, F-8/3, Islamabad",234290,Commercial
MTR-59953878,Ali Mirza,"House 243, Street 23, DHA Phase 6, Karachi",21621,Domestic
MTR-61645477,Danish Naqvi,"211-38 Shah Rukn-e-Alam, Multan",313810,Commercial
MTR-20186639,Ubaid Niazi,"157-11 Peoples Colony, Faisalabad",8753,Domestic
MTR-23154594,R.Gill,مکان 86 گلی 40 Model Town لاہور,12190,Domestic
MTR-10348938,Chaudhary Adnan Mughal,"House No. 22, Gali 21, Satellite Town, Rawalpindi",28887,Domestic
MTR-60109016,N. Bangash,H#163 St-23 B-17 Islamabad,4348,Domestic
MTR-81962567,Mubashir Siddiqui,"256-10 E-11/2, Islamabad",4270,Domestic
MTR-84653674,Ayesha Cheema,"House 152, Street 31, Gulgasht, Multan",387500,Commercial
MTR-44768879,Syed Javeria Siddiqui,"House No. 21, Gali 9, Shah Rukn-e-Alam, Multan",185489,Domestic
MTR-72225091,Syed Taimoor Gill,"House No. 29, Gali 39, I-8/4, Islamabad",16722,Commercial
MTR-56594910,Haris Malik,"House 229, Street 6, G-13/1, Islamabad",21933,Domestic
MTR-23797661,I.Wazir,مکان 76 گلی 28 Model Town لاہور,22182,Domestic
MTR-86099387,Rana Owais Joiya,"House No. 45, Gali 14, Gulbahar, Peshawar",27067,Domestic
MTR-39900061,Rida Tarar,"House 74, Street 14, Satellite Town, Rawalpindi",41320,Domestic
MTR-25089603,S. Khan,H#213 St-12 Gulshan-e-Iqbal Karachi,22594,Commercial
MTR-24431556,Z.Zaidi,مکان 155 گلی 38 Clifton Block 2 کراچی,22672,Domestic
MTR-96095674,Malik Adnan Kayani,"House No. 64, Gali 19, Model Town, Lahore",171391,Domestic
MTR-26195804,W.Hashmi,مکان 382 گلی 24 G-13/1 اسلام آباد,425377,Domestic
MTR-60216928,Jawad Kazmi,"9-17 Gulgasht, Multan",57543,Domestic
MTR-53929002,Ghulam Mughal,"185-27 I-8/4, Islamabad",237303,Commercial
MTR-24293894,Fatima Baig,"House 94, Street 7, Gulbahar, Peshawar",14246,Commercial
MTR-79916149,Mubashir Lodhi,"353-24 Gulgasht, Multan",38844,Domestic
MTR-97431715,J.Kakar,مکان 175 گلی 11 North Nazimabad کراچی,15997,Commercial
MTR-16349546,N.Yousafzai,مکان 273 گلی 36 Gulgasht Multan,15381,Domestic
MTR-87632980,علی Rajput,"354-24 Gulberg III, Lahore",55338,Domestic
MTR-34371470,حسن Saddozai,"114-9 Hayatabad Phase 3, Peshawar",56477,Commercial
MTR-86742766,Q. Orakzai,H#40 St-2 HayatabadPhase3 Peshawar,28981,Domestic
MTR-18832346,M. Sheikh,H#130 St-3 CliftonBlock2 Karachi,14148,Domestic
MTR-70948126,Sardar Noman Bukhari,"House No. 344, Gali 23, Bahria Phase 4, Rawalpindi",7561,Commercial
MTR-98489917,I. Mughal,H#3 St-7 Gulbahar Peshawar,195724,Commercial
MTR-79846999,G.Qureshi,مکان 195 گلی 28 Chaklala Scheme 3 راولپنڈی,52612,Domestic
MTR-84181689,Malik Hamza Khokhar,"House No. 70, Gali 32, G-13/1, Islamabad",25413,Domestic
MTR-36647283,L.Mirza,مکان 352 گلی 29 Gulshan-e-Iqbal کراچی,7136,Domestic
MTR-29971063,S. Wazir,H#62 St-10 Cantt Multan,5604,Commercial
MTR-67075728,Chaudhary Kamran Sandhu,"House No. 103, Gali 39, Chaklala Scheme 3, Rawalpindi",260787,Domestic
MTR-64196147,Rana Uzma Warraich,"House No. 342, Gali 39, Model Town, Lahore",46305,Domestic
MTR-41749637,Asad Siddiqui,"House 255, Street 15, Model Town, Lahore",34434,Domestic
MTR-22514977,A.Mehsud,مکان 196 گلی 39 F-8/3 اسلام آباد,443652,Commercial
MTR-92939671,زینب Rizvi,"221-8 G-10/2, Islamabad",264663,Domestic
MTR-44130373,حسین Ansari,"400-20 D Ground, Faisalabad",20339,Commercial
MTR-33967699,Chaudhary Mustafa Tareen,"House No. 346, Gali 32, G-13/1, Islamabad",286727,Domestic
MTR-72788025,A.Sheikh,مکان 254 گلی 38 Gulshan-e-Iqbal کراچی,35786,Domestic
MTR-67269701,M.Butt,مکان 179 گلی 38 Chaklala Scheme 3 راولپنڈی,291821,Domestic
MTR-50620176,O.Gill,مکان 126 گلی 16 B-17 اسلام آباد,29703,Commercial
MTR-13870620,F.Cheema,مکان 276 گلی 21 Satellite Town راولپنڈی,313539,Domestic
MTR-24198996,Sajid Malik,"House 302, Street 2, Shah Rukn-e-Alam, Multan",142165,Domestic
MTR-48445053,Zeeshan Orakzai,"173-32 Cantt, Multan",43859,Domestic
MTR-90132527,Chaudhary Haris Hashmi,"House No. 275, Gali 14, Cantt, Multan",15388,Commercial
MTR-30144542,Shoaib Yousafzai,"368-38 Cantt, Multan",55959,Domestic
MTR-48672520,Pervez Warraich,"264-30 Wapda Town, Lahore",416068,Domestic
MTR-92838591,A.Hashmi,مکان 138 گلی 35 Westridge راولپنڈی,54870,Domestic
MTR-11793071,R.Janjua,مکان 223 گلی 27 Chaklala Scheme 3 راولپنڈی,31205,Domestic
MTR-93419051,Uzma Mughal,"121-26 Wapda Town, Lahore",46642,Domestic
MTR-65770626,Bushra Zaidi,"370-32 Satellite Town, Rawalpindi",249291,Commercial
MTR-73455892,O. Sandhu,H#47 St-26 Gulgasht Multan,228819,Domestic
MTR-15964134,Chaudhary Rashid Qureshi,"House No. 141, Gali 29, Bahria Phase 4, Rawalpindi",368726,Domestic
MTR-38916898,Mian Fahad Bhatti,"House No. 244, Gali 16, Madina Town, Faisalabad",366597,Domestic
MTR-88847117,Hafsa Siddiqui,"House 227, Street 25, Peoples Colony, Faisalabad",53071,Domestic
MTR-49360048,M.Dar,مکان 225 گلی 21 Hayatabad Phase 3 Peshawar,17517,Domestic
MTR-88110887,Rana Uzma Awan,"House No. 103, Gali 20, E-11/2, Islamabad",20476,Domestic
MTR-63029666,Iqra Mehsud,"232-31 Gulshan-e-Iqbal, Karachi",296715,Domestic
MTR-48080929,Haris راجہ,"94-26 Gulshan-e-Iqbal, Karachi",14961,Domestic
MTR-44386130,U. Yousafzai,H#46 St-30 Cantt Multan,392016,Domestic
MTR-17292377,Malik Iqra Kayani,"House No. 189, Gali 11, Satellite Town, Rawalpindi",137239,Domestic
MTR-14242335,Gul Hashmi,"366-14 F-8/3, Islamabad",256658,Domestic
MTR-61256544,R. Dar,H#145 St-13 PeoplesColony Faisalabad,35464,Domestic
MTR-45423654,Sardar Javeria Warraich,"House No. 366, Gali 25, Cantt, Multan",44339,Domestic
MTR-25287748,Mian Bilal Cheema,"House No. 182, Gali 39, Westridge, Rawalpindi",149818,Domestic
MTR-53244554,E.Khokhar,مکان 163 گلی 34 Satellite Town راولپنڈی,28954,Domestic
MTR-15683967,A. Lodhi,H#221 St-19 ShahRukn-e-Alam Multan,47751,Commercial
MTR-25818960,S. Saddozai,H#285 St-29 DHAPhase6 Karachi,41991,Domestic
MTR-68984208,Y. Kayani,H#224 St-8 Westridge Rawalpindi,15862,Commercial
MTR-39338934,Mustafa Khokhar,"House 369, Street 10, Clifton Block 2, Karachi",3140,Domestic
MTR-17800425,Junaid Saddozai,"House 289, Street 38, Madina Town, Faisalabad",6453,Domestic
MTR-76346709,Pervez چوہدری,"347-7 Westridge, Rawalpindi",15126,Commercial
MTR-87822315,M. Sandhu,H#166 St-10 PeoplesColony Faisalabad,365736,Domestic
MTR-79507273,I.Wazir,مکان 23 گلی 40 I-8/4 اسلام آباد,15999,Domestic
MTR-22362611,Irfan Bhatti,"House 381, Street 5, Hayatabad Phase 3, Peshawar",34666,Domestic
MTR-42189979,Arsalan Kakar,"House 46, Street 2, University Town, Peshawar",26466,Domestic
MTR-50451459,H. Niazi,H#377 St-20 NorthNazimabad Karachi,16300,Domestic
MTR-25954186,F.Baig,مکان 199 گلی 31 North Nazimabad کراچی,8324,Domestic
MTR-13229121,M.Ansari,مکان 48 گلی 3 North Nazimabad کراچی,51956,Domestic
MTR-80292305,A. Naqvi,H#269 St-6 Gulgasht Multan,17576,Domestic
MTR-17314576,Mubashir Abbasi,"House 128, Street 34, Chaklala Scheme 3, Rawalpindi",57736,Domestic
MTR-37068987,F. Qureshi,H#212 St-7 MadinaTown Faisalabad,49786,Domestic
MTR-39123909,A.Malik,مکان 339 گلی 30 B-17 اسلام آباد,16053,Domestic
MTR-30400994,Mian Saqib Bukhari,"House No. 388, Gali 29, Shah Rukn-e-Alam, Multan",54473,Commercial
MTR-69488672,L.Kayani,مکان 55 گلی 28 Gulbahar Peshawar,30742,Domestic
MTR-83302858,Zara Rajput,"337-39 North Nazimabad, Karachi",189854,Domestic
MTR-92901038,Mubashir Raja,"House 8, Street 13, Bahria Phase 4, Rawalpindi",28024,Commercial
MTR-29192610,Zara Janjua,"45-20 DHA Phase 6, Karachi",48522,Commercial
MTR-32577756,Chaudhary Adnan Saddozai,"House No. 249, Gali 31, Shah Rukn-e-Alam, Multan",43635,Domestic
MTR-75035657,بلال Cheema,"323-28 G-10/2, Islamabad",195249,Domestic
MTR-37095431,Sardar Fatima Bukhari,"House No. 348, Gali 32, Gulgasht, Multan",154595,Domestic
MTR-68410842,I. Durrani,H#177 St-29 Westridge Rawalpindi,14402,Domestic
MTR-37454677,Rana Laiba Bangash,"House No. 68, Gali 19, Shah Rukn-e-Alam, Multan",11038,Commercial
MTR-88572932,N. Dar,H#342 St-31 DHAPhase5 Lahore,235822,Domestic
MTR-63417728,A. Niazi,H#286 St-4 BahriaPhase4 Rawalpindi,376963,Domestic
MTR-70116087,K. Cheema,H#317 St-15 CliftonBlock2 Karachi,20189,Commercial
MTR-55122143,Ghulam Kakar,"House 137, Street 10, G-13/1, Islamabad",32034,Commercial
MTR-39567095,Haji Ubaid Tareen,"House No. 313, Gali 40, G-10/2, Islamabad",51732,Domestic
MTR-35485725,Hamza Baig,"394-1 North Nazimabad, Karachi",359283,Domestic
MTR-15572689,Sajid Sandhu,"185-16 Shah Rukn-e-Alam, Multan",36096,Commercial
MTR-96619895,Obaid Tarar,"House 16, Street 29, Gulshan-e-Iqbal, Karachi",17595,Domestic
MTR-55289919,Nasir Kakar,"House 32, Street 26, Westridge, Rawalpindi",12069,Commercial
MTR-94846976,S.Mirza,مکان 349 گلی 36 North Nazimabad کراچی,16448,Domestic
MTR-12479805,Malik Mehwish Abbasi,"House No. 229, Gali 14, Shah Rukn-e-Alam, Multan",55468,Domestic
MTR-78352741,Haris Niazi,"276-22 G-10/2, Islamabad",51739,Commercial
MTR-53762094,فاطمہ Zaidi,"175-11 Wapda Town, Lahore",16764,Domestic
MTR-22564154,Chaudhary Noor Sial,"House No. 375, Gali 4, Peoples Colony, Faisalabad",49999,Domestic
MTR-12751535,T.Niazi,مکان 3 گلی 30 D Ground Faisalabad,34883,Domestic
MTR-67426887,Haji Irfan Wazir,"House No. 294, Gali 9, Gulbahar, Peshawar",42842,Domestic
MTR-94326819,Rana Ibrahim Khokhar,"House No. 365, Gali 28, F-8/3, Islamabad",149802,Domestic
MTR-13575379,A.Afridi,مکان 353 گلی 32 North Nazimabad کراچی,31139,Domestic
MTR-33644270,Sardar Shahzad Bangash,"House No. 61, Gali 14, D Ground, Faisalabad",19726,Commercial
MTR-56571722,Haji Hamza Shirazi,"House No. 57, Gali 8, University Town, Peshawar",360178,Domestic
MTR-21438340,Mian Irfan Dar,"House No. 2, Gali 8, Westridge, Rawalpindi",384189,Commercial
MTR-13686218,Owais Gilani,"194-31 Gulshan-e-Iqbal, Karachi",368897,Commercial
MTR-62920955,F. Joiya,H#46 St-40 ChaklalaScheme3 Rawalpindi,4479,Commercial
MTR-24457499,Rana Zainab Butt,"House No. 377, Gali 18, Shah Rukn-e-Alam, Multan",376631,Commercial
MTR-96799802,N. Khattak,H#287 St-6 B-17 Islamabad,370777,Domestic
MTR-61130431,Yousuf Kazmi,"338-35 G-10/2, Islamabad",52412,Commercial
MTR-21751710,Malik Tariq Rizvi,"House No. 206, Gali 38, Madina Town, Faisalabad",217426,Domestic
MTR-65181235,H.Naqvi,مکان 132 گلی 6 Model Town لاہور,38008,Domestic
MTR-18840266,S. Abbasi,H#348 St-11 ModelTown Lahore,40339,Commercial
MTR-78896670,Mubashir Virk,"73-27 I-8/4, Islamabad",44614,Domestic
MTR-90712405,Iqra Bukhari,"House 261, Street 33, Westridge, Rawalpindi",25297,Domestic
MTR-73759274,K.Rajput,مکان 325 گلی 15 E-11/2 اسلام آباد,17929,Domestic
MTR-73333991,S. Niazi,H#229 St-6 MadinaTown Faisalabad,392358,Domestic
MTR-70205541,Y. Rizvi,H#22 St-1 NorthNazimabad Karachi,12160,Commercial
MTR-79821740,Imran Rajput,"House 129, Street 25, Wapda Town, Lahore",54817,Commercial
MTR-97349257,علی Orakzai,"312-31 Satellite Town, Rawalpindi",179448,Commercial
MTR-34500794,Lubna Hashmi,"276-6 University Town, Peshawar",237287,Commercial
MTR-64220728,Ghulam Virk,"House 184, Street 25, Gulbahar, Peshawar",44512,Commercial
MTR-59119852,Sufyan خان,"389-18 Satellite Town, Rawalpindi",242587,Commercial
MTR-24477980,Danish Hashmi,"House 144, Street 32, DHA Phase 5, Lahore",9235,Commercial
MTR-49425206,M. Siddiqui,H#292 St-33 UniversityTown Peshawar,163787,Domestic
MTR-78808552,Kamran Bukhari,"House 66, Street 17, Satellite Town, Rawalpindi",11856,Domestic
MTR-33811587,Gul Khattak,"House 222, Street 27, I-8/4, Islamabad",264667,Commercial
MTR-36339331,Chaudhary Usman Durrani,"House No. 143, Gali 27, Satellite Town, Rawalpindi",28102,Domestic
MTR-74216979,T. Gilani,H#378 St-15 HayatabadPhase3 Peshawar,32380,Commercial
MTR-56387341,K.Afridi,مکان 15 گلی 31 Cantt Multan,18232,Commercial
MTR-21624138,Mian Tariq Sheikh,"House No. 161, Gali 5, E-11/2, Islamabad",35220,Domestic
MTR-98433793,Kamran Qureshi,"House 287, Street 4, Cantt, Multan",259858,Domestic
MTR-97260464,Iqra Wazir,"House 233, Street 25, Peoples Colony, Faisalabad",346135,Domestic
MTR-89397645,Haji Ubaid Naqvi,"House No. 99, Gali 7, Wapda Town, Lahore",16002,Domestic
MTR-76070241,A. Awan,H#132 St-23 Gulgasht Multan,43207,Commercial
MTR-24184917,I. Awan,H#224 St-33 WapdaTown Lahore,166893,Commercial
MTR-15937860,E.Mirza,مکان 266 گلی 38 DHA Phase 5 لاہور,6098,Domestic
MTR-37251859,بلال Sial,"103-13 Johar Town, Lahore",307145,Domestic
MTR-14793584,Mian Wajahat Shirazi,"House No. 297, Gali 37, Shah Rukn-e-Alam, Multan",16919,Domestic
MTR-38889439,Chaudhary Ubaid Butt,"House No. 2, Gali 15, DHA Phase 6, Karachi",389969,Commercial
MTR-25393958,Khalid Dar,"House 4, Street 24, DHA Phase 6, Karachi",261812,Commercial
MTR-74005989,Noor Ansari,"House 126, Street 12, Wapda Town, Lahore",10149,Domestic
MTR-39555534,Gul Awan,"174-14 Clifton Block 2, Karachi",4876,Domestic
MTR-31882552,J.Naqvi,مکان 223 گلی 5 Gulbahar Peshawar,38596,Domestic
MTR-87177603,Rana Javeria Sandhu,"House No. 220, Gali 16, Wapda Town, Lahore",31749,Domestic
MTR-53309767,Atif Janjua,"House 144, Street 9, B-17, Islamabad",180048,Commercial
MTR-99146035,Madiha Sandhu,"House 248, Street 32, D Ground, Faisalabad",6257,Domestic
MTR-75684450,A. Mughal,H#131 St-36 UniversityTown Peshawar,281345,Domestic
MTR-90472481,Danish Bukhari,"House 263, Street 40, E-11/2, Islamabad",177487,Domestic
MTR-27923741,Anas Bhatti,"13-12 Model Town, Lahore",50784,Commercial
MTR-62551119,Zubair Kazmi,"House 330, Street 6, D Ground, Faisalabad",30018,Domestic
MTR-38533771,Haji Ahmed Kakar,"House No. 178, Gali 26, Gulberg III, Lahore",158548,Domestic
MTR-40750921,A. Awan,H#256 St-23 DHAPhase5 Lahore,433322,Domestic
MTR-16930834,Syed Atif Bukhari,"House No. 17, Gali 9, G-13/1, Islamabad",43775,Domestic
MTR-84221865,K. Rizvi,H#244 St-7 DHAPhase6 Karachi,14384,Domestic
MTR-20234940,Junaid قریشی,"91-3 Gulgasht, Multan",19919,Domestic
MTR-86271265,Mian Irfan Dar,"House No. 338, Gali 34, Chaklala Scheme 3, Rawalpindi",123970,Domestic
MTR-52102153,Atif Tarar,"House 57, Street 9, DHA Phase 6, Karachi",50638,Domestic
MTR-29387805,Shahzad Dar,"House 364, Street 31, Model Town, Lahore",48087,Domestic
MTR-27579803,W. Baig,H#229 St-5 F-8/3 Islamabad,31356,Domestic
MTR-34335725,Ubaid Khokhar,"House 378, Street 6, Peoples Colony, Faisalabad",15588,Domestic
MTR-44528421,K. Gilani,H#358 St-3 E-11/2 Islamabad,128320,Domestic
MTR-46377480,K.Orakzai,مکان 112 گلی 32 Gulgasht Multan,36142,Commercial
MTR-28833128,A.Kakar,مکان 210 گلی 29 University Town Peshawar,46101,Domestic
MTR-67426004,K. Siddiqui,H#168 St-30 Cantt Multan,221175,Domestic
MTR-89105780,Madiha Joiya,"House 143, Street 11, Westridge, Rawalpindi",48136,Domestic
MTR-14224455,Junaid چوہدری,"347-18 Cantt, Multan",24037,Domestic
MTR-44796709,G.Rizvi,مکان 357 گلی 4 Westridge راولپنڈی,19659,Domestic
MTR-72998256,Iqra Khan,"House 393, Street 13, E-11/2, Islamabad",42553,Commercial
MTR-91519577,Hassan Khan,"House 349, Street 5, Johar Town, Lahore",57259,Commercial
MTR-73323698,H.Gondal,مکان 183 گلی 21 Satellite Town راولپنڈی,59983,Domestic
MTR-91443262,Rehan Khokhar,"House 337, Street 18, Satellite Town, Rawalpindi",14028,Domestic
MTR-17812261,M. Kakar,H#53 St-35 MadinaTown Faisalabad,383276,Commercial
MTR-41411644,G.Kakar,مکان 171 گلی 12 Cantt Multan,46223,Domestic
MTR-57805752,Khalid Kazmi,"House 120, Street 33, Gulgasht, Multan",415589,Domestic
MTR-71111149,Owais Janjua,"388-16 Shah Rukn-e-Alam, Multan",32309,Domestic
MTR-55538740,H.Abbasi,مکان 329 گلی 3 DHA Phase 6 کراچی,8253,Commercial
MTR-37465443,Sardar Waseem Bhatti,"House No. 267, Gali 27, Cantt, Multan",52506,Commercial
MTR-11768180,Noman Rizvi,"House 128, Street 15, B-17, Islamabad",19609,Domestic
MTR-98661344,K. Hashmi,H#27 St-10 F-8/3 Islamabad,422955,Domestic
MTR-50238512,Arsalan Kazmi,"House 372, Street 30, E-11/2, Islamabad",187076,Domestic
MTR-90492220,Y.Niazi,مکان 230 گلی 13 Wapda Town لاہور,20530,Commercial
MTR-12892492,I.Rizvi,مکان 132 گلی 25 Bahria Phase 4 راولپنڈی,30830,Commercial
MTR-61061660,F. Cheema,H#101 St-10 Westridge Rawalpindi,332418,Domestic
MTR-93605619,N. Tarar,H#197 St-32 Gulshan-e-Iqbal Karachi,4884,Domestic
MTR-92068463,Luqman Gilani,"391-28 Bahria Phase 4, Rawalpindi",130966,Domestic
MTR-81331363,Saba Bangash,"House 358, Street 10, Cantt, Multan",43932,Commercial
MTR-24132049,Chaudhary Laiba Bukhari,"House No. 7, Gali 8, Cantt, Multan",278257,Domestic
MTR-21207382,Mian Sana Baig,"House No. 219, Gali 17, DHA Phase 6, Karachi",8170,Domestic
MTR-82122616,Kinza Niazi,"252-1 F-8/3, Islamabad",188302,Domestic
MTR-95604799,R. Sial,H#192 St-12 BahriaPhase4 Rawalpindi,392302,Domestic
MTR-48130720,Taimoor Gilani,"96-13 Hayatabad Phase 3, Peshawar",8371,Domestic
MTR-71533151,Sufyan Afridi,"326-11 Peoples Colony, Faisalabad",24324,Domestic
MTR-49602383,Ehsan ملک,"245-32 Peoples Colony, Faisalabad",5792,Commercial
MTR-46301784,Farah Bukhari,"House 50, Street 14, Hayatabad Phase 3, Peshawar",247097,Domestic
MTR-42558253,Sajid Hashmi,"House 310, Street 28, Gulshan-e-Iqbal, Karachi",16828,Commercial
MTR-43067977,Farah Warraich,"House 183, Street 22, Clifton Block 2, Karachi",283811,Commercial
MTR-59340207,حسن Shirazi,"144-16 G-13/1, Islamabad",365752,Domestic
MTR-63660271,M.Afridi,مکان 9 گلی 24 University Town Peshawar,422919,Commercial
MTR-27300149,Farhan Sial,"House 376, Street 25, Clifton Block 2, Karachi",27023,Domestic
MTR-22539365,حسین Awan,"155-36 Clifton Block 2, Karachi",178348,Commercial
MTR-50160553,Mian Arsalan Janjua,"House No. 386, Gali 6, Bahria Phase 4, Rawalpindi",13414,Domestic
MTR-52027658,Malik Luqman Kakar,"House No. 369, Gali 17, Johar Town, Lahore",156607,Commercial
MTR-17391979,Javeria Cheema,"House 295, Street 39, Hayatabad Phase 3, Peshawar",170159,Domestic
MTR-34573824,Rana Zara Khattak,"House No. 224, Gali 15, Gulbahar, Peshawar",55551,Commercial
MTR-14591836,E. Saddozai,H#382 St-8 PeoplesColony Faisalabad,10812,Domestic
MTR-59625009,محمد Niazi,"275-13 G-13/1, Islamabad",17115,Domestic
MTR-90190173,Sana Wazir,"114-7 D Ground, Faisalabad",42285,Domestic
MTR-42702753,Shoaib Hashmi,"76-39 Shah Rukn-e-Alam, Multan",57364,Domestic
MTR-17811111,Javeria Siddiqui,"245-14 Wapda Town, Lahore",3648,Commercial
MTR-96032560,A. Bangash,H#359 St-4 BahriaPhase4 Rawalpindi,6997,Commercial
MTR-33083305,I. Orakzai,H#50 St-9 Westridge Rawalpindi,46988,Commercial
MTR-56298388,A.Awan,مکان 150 گلی 10 North Nazimabad کراچی,246746,Domestic
MTR-68897926,Gul Abbasi,"348-11 North Nazimabad, Karachi",15542,Domestic
MTR-76413316,H.Kazmi,مکان 304 گلی 28 Shah Rukn-e-Alam Multan,22922,Domestic
MTR-82605852,A.Siddiqui,مکان 63 گلی 32 G-10/2 اسلام آباد,155389,Commercial
MTR-21056969,Zafar Lodhi,"House 49, Street 38, Gulgasht, Multan",257037,Domestic
MTR-99936244,Zeeshan Bhatti,"276-12 B-17, Islamabad",16152,Commercial
MTR-62835135,Sardar Mustafa Chaudhry,"House No. 276, Gali 8, D Ground, Faisalabad",219305,Commercial
MTR-68119076,Haji Saqib Siddiqui,"House No. 295, Gali 14, F-8/3, Islamabad",44569,Commercial
MTR-47465984,عائشہ Niazi,"88-28 Wapda Town, Lahore",10885,Domestic
MTR-25451710,Javeria قریشی,"122-3 Cantt, Multan",11981,Domestic
MTR-16077355,Chaudhary Sadia Dar,"House No. 143, Gali 9, Madina Town, Faisalabad",57776,Domestic
MTR-38582041,Zara Mughal,"House 43, Street 17, North Nazimabad, Karachi",56368,Domestic
MTR-43209848,T.Orakzai,مکان 366 گلی 24 Cantt Multan,17160,Domestic
MTR-59727946,Rauf Virk,"127-5 G-13/1, Islamabad",408095,Commercial
MTR-97697872,B. Afridi,H#171 St-18 I-8/4 Islamabad,56438,Domestic
MTR-15276125,Sardar Khalid Qureshi,"House No. 90, Gali 34, Hayatabad Phase 3, Peshawar",345494,Domestic
MTR-93460501,A. Mirza,H#312 St-7 MadinaTown Faisalabad,27574,Domestic
MTR-81318173,Z.Bukhari,مکان 5 گلی 33 Chaklala Scheme 3 راولپنڈی,384220,Commercial
MTR-40626642,Sardar Bilal Durrani,"House No. 363, Gali 16, Shah Rukn-e-Alam, Multan",222785,Domestic
MTR-28940766,W.Kazmi,مکان 220 گلی 34 Gulberg III لاہور,264010,Domestic
MTR-98974702,S. Afridi,H#374 St-16 G-10/2 Islamabad,407092,Domestic
MTR-19507065,A. Sial,H#375 St-9 Gulgasht Multan,6274,Commercial
MTR-70378043,K. Siddiqui,H#316 St-13 CliftonBlock2 Karachi,51367,Domestic
MTR-73728470,L.Joiya,مکان 90 گلی 5 Bahria Phase 4 راولپنڈی,13248,Commercial
MTR-96265795,Anas Virk,"58-22 Chaklala Scheme 3, Rawalpindi",54907,Domestic
MTR-98044662,Nadeem Dar,"House 324, Street 37, B-17, Islamabad",338370,Domestic
MTR-46691719,Wajahat Yousafzai,"House 30, Street 23, University Town, Peshawar",53343,Domestic
MTR-13917405,Haji Muhammad Gill,"House No. 206, Gali 23, Cantt, Multan",55012,Domestic
MTR-68575336,Q.Ansari,مکان 56 گلی 29 Madina Town Faisalabad,312740,Domestic
MTR-31973942,Lubna Baig,"House 146, Street 3, F-8/3, Islamabad",37449,Domestic
MTR-27460000,Sardar Waqas Wazir,"House No. 341, Gali 18, Westridge, Rawalpindi",160129,Commercial
MTR-71018478,Haji Madiha Awan,"House No. 257, Gali 25, Model Town, Lahore",17097,Domestic
MTR-16918425,عائشہ خان,"122-4 Gulbahar, Peshawar",246595,Domestic
MTR-26236628,Mustafa Raja,"House 127, Street 40, University Town, Peshawar",29354,Domestic
MTR-21477571,Chaudhary Nadeem Orakzai,"House No. 102, Gali 31, Westridge, Rawalpindi",17217,Commercial
MTR-56179442,S. Afridi,H#62 St-9 BahriaPhase4 Rawalpindi,16743,Domestic
MTR-63220644,علی Yousafzai,"27-25 Satellite Town, Rawalpindi",308783,Domestic
MTR-86141392,E.Sial,مکان 262 گلی 28 Clifton Block 2 کراچی,21396,Commercial
MTR-75181819,Sardar Madiha Tarar,"House No. 25, Gali 12, Chaklala Scheme 3, Rawalpindi",211826,Commercial
MTR-76223246,Mian Yousuf Lodhi,"House No. 221, Gali 12, Peoples Colony, Faisalabad",25624,Commercial
MTR-87629845,Haji Farah Khan,"House No. 395, Gali 9, Gulgasht, Multan",4796,Commercial
MTR-91434606,Laiba Sandhu,"House 108, Street 38, Chaklala Scheme 3, Rawalpindi",159982,Domestic
MTR-96010792,U. Bukhari,H#99 St-29 Cantt Multan,164758,Domestic
MTR-27596534,Mian Maryam Durrani,"House No. 66, Gali 13, Satellite Town, Rawalpindi",14032,Commercial
MTR-67210295,Taimoor Afridi,"224-5 Cantt, Multan",16831,Commercial
MTR-78222499,Iqra Lodhi,"149-3 Cantt, Multan",5845,Domestic
MTR-22061707,Laiba Lodhi,"2-11 Bahria Phase 4, Rawalpindi",135105,Domestic
MTR-75635752,Noor Naqvi,"113-19 Gulberg III, Lahore",37719,Domestic
MTR-37326407,Haji Zubair Butt,"House No. 143, Gali 9, Cantt, Multan",123783,Domestic
MTR-64467002,Sardar Zara Gill,"House No. 189, Gali 21, Gulgasht, Multan",40542,Domestic
MTR-44658555,Malik Atif Sheikh,"House No. 183, Gali 15, Cantt, Multan",226246,Domestic
MTR-43247883,Chaudhary Asad Durrani,"House No. 196, Gali 17, Gulgasht, Multan",55935,Domestic
MTR-18857492,Noman Bukhari,"House 80, Street 29, Shah Rukn-e-Alam, Multan",5568,Domestic
MTR-14838693,Anas Ansari,"91-13 DHA Phase 6, Karachi",47077,Domestic
MTR-86255616,W. Ansari,H#352 St-39 UniversityTown Peshawar,313877,Domestic
MTR-44031562,Uzma Warraich,"270-9 B-17, Islamabad",35823,Domestic
MTR-38024674,Mian Ahmed Tareen,"House No. 23, Gali 9, Gulbahar, Peshawar",17714,Domestic
MTR-28032936,Haji Ahmed Khan,"House No. 278, Gali 22, Hayatabad Phase 3, Peshawar",9628,Domestic
MTR-21003430,W.Niazi,مکان 80 گلی 16 Model Town لاہور,195963,Domestic
MTR-86153758,Usman Qureshi,"House 53, Street 33, Madina Town, Faisalabad",32531,Commercial
MTR-96365163,Luqman Abbasi,"House 116, Street 25, Gulberg III, Lahore",58331,Commercial
MTR-78690775,Malik Ghulam Chaudhry,"House No. 61, Gali 24, Madina Town, Faisalabad",392045,Domestic
MTR-80433430,K.Siddiqui,مکان 373 گلی 18 Madina Town Faisalabad,37601,Domestic
MTR-18738677,Syed Ghulam Bhatti,"House No. 247, Gali 27, North Nazimabad, Karachi",10614,Commercial
MTR-82288074,Pervez Zaidi,"House 273, Street 35, North Nazimabad, Karachi",257123,Domestic
MTR-59905491,Kinza راجہ,"2-14 Chaklala Scheme 3, Rawalpindi",6030,Commercial
MTR-46995986,F.Sandhu,مکان 151 گلی 30 Hayatabad Phase 3 Peshawar,29364,Domestic
MTR-62308423,Imran Saddozai,"House 357, Street 10, Satellite Town, Rawalpindi",18058,Domestic
MTR-39231925,B. Bukhari,H#305 St-11 E-11/2 Islamabad,24974,Commercial
MTR-31081566,A.Gilani,مکان 77 گلی 12 University Town Peshawar,14114,Domestic
MTR-51435026,Obaid Durrani,"House 331, Street 1, Model Town, Lahore",3437,Domestic
MTR-82722660,L. Tareen,H#6 St-26 BahriaPhase4 Rawalpindi,135479,Domestic
MTR-79815373,D.Sial,مکان 48 گلی 34 Chaklala Scheme 3 راولپنڈی,242429,Commercial
MTR-69595430,Talha Saddozai,"House 40, Street 30, D Ground, Faisalabad",37206,Domestic
MTR-73808364,U. Sial,H#56 St-7 ChaklalaScheme3 Rawalpindi,15632,Commercial
MTR-88904612,Zainab Qureshi,"House 306, Street 1, F-8/3, Islamabad",11555,Domestic
MTR-86154619,Sajid Raja,"House 23, Street 37, D Ground, Faisalabad",21070,Domestic
MTR-31689291,Syed Ahmed Gill,"House No. 204, Gali 33, University Town, Peshawar",51009,Commercial
MTR-18039145,K. Mehsud,H#209 St-33 I-8/4 Islamabad,401061,Domestic
MTR-15204391,Mahnoor بٹ,"78-30 Johar Town, Lahore",13254,Domestic
MTR-40216008,Rashid Kakar,"257-34 Cantt, Multan",14995,Domestic
MTR-58173282,Z. Sandhu,H#21 St-25 MadinaTown Faisalabad,135295,Domestic
MTR-37000411,Z.Khan,مکان 281 گلی 6 Chaklala Scheme 3 راولپنڈی,19935,Domestic
MTR-26448983,Y. Kayani,H#333 St-9 UniversityTown Peshawar,48759,Domestic
MTR-36463870,Nasir Tarar,"349-9 Gulbahar, Peshawar",3176,Domestic
MTR-94346003,Tariq Mehsud,"House 135, Street 3, North Nazimabad, Karachi",5336,Domestic
MTR-43334670,A.Qureshi,مکان 82 گلی 37 Model Town لاہور,7117,Domestic
MTR-25386579,Chaudhary Salman Gill,"House No. 329, Gali 35, North Nazimabad, Karachi",372019,Commercial
MTR-75867760,Haris Warraich,"163-22 DHA Phase 5, Lahore",216008,Domestic
MTR-82123662,U.Butt,مکان 241 گلی 10 Peoples Colony Faisalabad,14133,Domestic
MTR-95484286,Ibrahim Sial,"House 28, Street 14, DHA Phase 6, Karachi",268200,Domestic
MTR-96143391,Sardar Kamran Lodhi,"House No. 153, Gali 29, Clifton Block 2, Karachi",14820,Domestic
MTR-10430704,J.Mughal,مکان 182 گلی 37 Shah Rukn-e-Alam Multan,155093,Domestic
MTR-23866987,Atif Wazir,"381-21 Gulbahar, Peshawar",148126,Domestic
MTR-72128681,Fahad Mehsud,"267-1 Gulshan-e-Iqbal, Karachi",5941,Commercial
MTR-53266435,Rana Hussain Dar,"House No. 216, Gali 35, Cantt, Multan",48934,Commercial
MTR-48190890,Gul Gilani,"187-2 I-8/4, Islamabad",415113,Domestic
MTR-75566886,Mian Obaid Tarar,"House No. 278, Gali 28, Gulberg III, Lahore",155255,Commercial
MTR-83472632,Saad Zaidi,"House 278, Street 28, Peoples Colony, Faisalabad",28227,Domestic
MTR-39548059,Salman Qureshi,"House 9, Street 40, B-17, Islamabad",5178,Domestic
MTR-19473226,Z.Afridi,مکان 342 گلی 19 Clifton Block 2 کراچی,396727,Commercial
MTR-67523832,B.Kayani,مکان 345 گلی 16 Model Town لاہور,35274,Domestic
MTR-40407124,S.Saddozai,مکان 172 گلی 11 Madina Town Faisalabad,15535,Domestic
MTR-45093976,M. Khattak,H#296 St-28 CliftonBlock2 Karachi,6874,Domestic
MTR-48561656,W. Sial,H#364 St-9 SatelliteTown Rawalpindi,11685,Domestic
MTR-39317789,Waqas Bhatti,"48-2 Satellite Town, Rawalpindi",434005,Domestic
MTR-68158754,A.Virk,مکان 376 گلی 9 B-17 اسلام آباد,156444,Domestic
MTR-92948505,Umar Rizvi,"House 372, Street 25, Hayatabad Phase 3, Peshawar",9587,Domestic
MTR-17466509,علی Afridi,"57-30 Peoples Colony, Faisalabad",18330,Domestic
MTR-43055872,Malik Salman Chaudhry,"House No. 107, Gali 26, Gulshan-e-Iqbal, Karachi",57434,Domestic
MTR-28119954,N. Mehsud,H#161 St-29 NorthNazimabad Karachi,4501,Domestic
MTR-91993652,Rabia Afridi,"61-22 Peoples Colony, Faisalabad",315981,Domestic
MTR-88001609,H. Baig,H#275 St-2 PeoplesColony Faisalabad,7487,Domestic
MTR-42689336,Mian Rehan Malik,"House No. 113, Gali 6, Johar Town, Lahore",31342,Domestic
MTR-18110163,Haji Farhan Bangash,"House No. 151, Gali 30, D Ground, Faisalabad",17874,Domestic
MTR-87433173,Sardar Saad Baig,"House No. 144, Gali 26, Gulgasht, Multan",13728,Domestic
MTR-83272628,R.Joiya,مکان 164 گلی 40 Gulshan-e-Iqbal کراچی,57219,Domestic
MTR-66167887,Malik Jawad Afridi,"House No. 231, Gali 11, Hayatabad Phase 3, Peshawar",309496,Domestic
MTR-79220859,U. Naqvi,H#16 St-8 ModelTown Lahore,56764,Commercial
MTR-35108570,Rehan Wazir,"House 75, Street 21, Gulberg III, Lahore",49279,Domestic
MTR-83818977,Haji Asad Zaidi,"House No. 344, Gali 5, Wapda Town, Lahore",5371,Commercial
MTR-38519308,Haris شیخ,"256-3 University Town, Peshawar",158318,Domestic
MTR-17038605,A. Bukhari,H#296 St-2 DHAPhase6 Karachi,46984,Domestic
MTR-74974720,حسین Rizvi,"173-2 Peoples Colony, Faisalabad",314974,Commercial
MTR-16878332,Farhan Warraich,"397-21 G-13/1, Islamabad",59155,Commercial
MTR-14188088,Mian Anas Khattak,"House No. 317, Gali 7, I-8/4, Islamabad",17751,Domestic
MTR-57684954,Mian Javeria Durrani,"House No. 88, Gali 6, DHA Phase 6, Karachi",5147,Commercial
MTR-39265047,عثمان Siddiqui,"39-17 I-8/4, Islamabad",158700,Domestic
MTR-10500116,Hamza Awan,"386-38 Johar Town, Lahore",347004,Domestic
MTR-15006326,Z. Wazir,H#165 St-31 Gulshan-e-Iqbal Karachi,270756,Domestic
MTR-22698735,Mian Bushra Khattak,"House No. 356, Gali 5, Cantt, Multan",52888,Domestic
MTR-11596365,Wajahat Virk,"House 54, Street 22, Westridge, Rawalpindi",7619,Commercial
MTR-28176707,L.Khokhar,مکان 259 گلی 7 Cantt Multan,6085,Commercial
MTR-62285716,Malik Fatima Baig,"House No. 97, Gali 5, University Town, Peshawar",56145,Commercial
MTR-71118042,Rashid Khokhar,"57-16 B-17, Islamabad",34433,Commercial
MTR-36084915,G.Kayani,مکان 44 گلی 23 G-13/1 اسلام آباد,195922,Domestic
MTR-70383443,B. Sheikh,H#190 St-7 Gulshan-e-Iqbal Karachi,29689,Commercial
MTR-74197226,Saad Shirazi,"House 312, Street 32, Wapda Town, Lahore",29264,Commercial
MTR-55882479,Nimra Orakzai,"201-26 Shah Rukn-e-Alam, Multan",31726,Commercial
MTR-74744790,F.Afridi,مکان 148 گلی 1 Wapda Town لاہور,383871,Commercial
MTR-97571787,Javeria Janjua,"House 349, Street 5, Chaklala Scheme 3, Rawalpindi",37611,Domestic
MTR-32846949,Farah Rajput,"House 11, Street 12, Gulshan-e-Iqbal, Karachi",12907,Commercial
MTR-52952643,I.Gill,مکان 251 گلی 16 Clifton Block 2 کراچی,269901,Commercial
MTR-57165162,D. Naqvi,H#387 St-10 PeoplesColony Faisalabad,58326,Domestic
MTR-90922964,F. Rizvi,H#130 St-24 ModelTown Lahore,296195,Commercial
MTR-42533446,Haji Fahad Lodhi,"House No. 373, Gali 2, Gulgasht, Multan",15798,Domestic
MTR-57451543,A. Malik,H#185 St-14 Westridge Rawalpindi,20787,Domestic
MTR-44646315,Saba Mehsud,"270-12 Madina Town, Faisalabad",161180,Commercial
MTR-13056530,Umar Butt,"House 360, Street 22, D Ground, Faisalabad",361978,Commercial
MTR-55913198,Irfan Siddiqui,"351-10 E-11/2, Islamabad",238056,Commercial
MTR-52104405,Mubashir Hashmi,"151-1 DHA Phase 5, Lahore",12242,Domestic
MTR-90547120,B. Hashmi,H#221 St-23 DHAPhase5 Lahore,17441,Domestic
MTR-28686854,A.Wazir,مکان 80 گلی 6 Gulbahar Peshawar,233263,Domestic
MTR-30101289,S. Butt,H#128 St-25 Gulshan-e-Iqbal Karachi,8222,Domestic
MTR-73744923,Owais Ansari,"House 348, Street 21, Madina Town, Faisalabad",16084,Domestic
MTR-91728985,M. Niazi,H#291 St-30 I-8/4 Islamabad,24600,Domestic
MTR-25417491,J. Bhatti,H#365 St-23 DGround Faisalabad,219418,Domestic
MTR-14781675,W. Malik,H#393 St-27 PeoplesColony Faisalabad,349931,Domestic
MTR-70054314,Ubaid شیخ,"139-7 G-10/2, Islamabad",286127,Domestic
MTR-49725601,Babar شیخ,"300-33 B-17, Islamabad",368485,Domestic
MTR-28519758,Naveed Gondal,"House 80, Street 20, Gulgasht, Multan",171757,Commercial
MTR-39815956,M.Abbasi,مکان 267 گلی 7 Peoples Colony Faisalabad,38202,Commercial
MTR-68291210,B. Yousafzai,H#75 St-2 E-11/2 Islamabad,216252,Commercial
MTR-52820120,زینب Baig,"149-19 North Nazimabad, Karachi",275765,Commercial
MTR-87382334,K.Qureshi,مکان 218 گلی 10 North Nazimabad کراچی,311195,Domestic
MTR-83246253,Ubaid Lodhi,"184-33 F-8/3, Islamabad",200133,Domestic
MTR-62992060,Chaudhary Kamran Ansari,"House No. 181, Gali 37, Cantt, Multan",17128,Domestic
MTR-23296297,Mubashir Warraich,"House 248, Street 25, B-17, Islamabad",151574,Domestic
MTR-51154570,Shahzad Orakzai,"House 298, Street 23, Wapda Town, Lahore",47491,Domestic
MTR-50391494,D. Qureshi,H#256 St-31 Cantt Multan,12356,Commercial
MTR-87150078,Malik Rida Virk,"House No. 33, Gali 4, University Town, Peshawar",7734,Domestic
MTR-76368080,Tooba Gilani,"House 101, Street 17, Peoples Colony, Faisalabad",39112,Commercial
MTR-69680141,Rauf Naqvi,"House 45, Street 38, Hayatabad Phase 3, Peshawar",7425,Domestic
MTR-94392799,Rana Ibrahim Kakar,"House No. 175, Gali 12, Clifton Block 2, Karachi",261119,Domestic
MTR-11362154,Rabia راجہ,"52-8 Chaklala Scheme 3, Rawalpindi",147453,Domestic
MTR-76327270,S. Mirza,H#200 St-23 UniversityTown Peshawar,391844,Commercial
MTR-64426605,Sana Yousafzai,"House 205, Street 40, Madina Town, Faisalabad",293966,Commercial
MTR-21862890,Z. Malik,H#216 St-17 I-8/4 Islamabad,41772,Commercial
MTR-28791400,Bushra Sheikh,"House 38, Street 37, Westridge, Rawalpindi",7814,Domestic
MTR-43521997,Mehwish Raja,"House 67, Street 18, Madina Town, Faisalabad",203639,Domestic
MTR-40658768,Farhan Sial,"117-2 Gulshan-e-Iqbal, Karachi",442774,Domestic
MTR-11329716,S. Rajput,H#393 St-25 E-11/2 Islamabad,58561,Commercial
MTR-66879211,Hamza Yousafzai,"100-22 Gulberg III, Lahore",50627,Commercial
MTR-98319319,Danish Tarar,"House 291, Street 3, Gulgasht, Multan",30991,Domestic
MTR-64637674,Talha Mirza,"House 180, Street 39, I-8/4, Islamabad",20240,Domestic
MTR-15076504,Bushra چوہدری,"279-14 I-8/4, Islamabad",412411,Domestic
MTR-80793233,Rana Zara Janjua,"House No. 164, Gali 35, Madina Town, Faisalabad",4690,Domestic
MTR-32834401,M. Lodhi,H#71 St-34 F-8/3 Islamabad,51373,Domestic
MTR-24631001,H. Janjua,H#333 St-30 ShahRukn-e-Alam Multan,49588,Domestic
MTR-59732009,M. Raja,H#313 St-25 I-8/4 Islamabad,145139,Domestic
MTR-53901861,Noman Virk,"273-4 Westridge, Rawalpindi",15797,Domestic
MTR-64759163,N. Tareen,H#388 St-2 PeoplesColony Faisalabad,6576,Domestic
MTR-64940186,Asad Zaidi,"House 274, Street 30, Gulshan-e-Iqbal, Karachi",23130,Domestic
MTR-47280369,Wajahat Saddozai,"8-18 Bahria Phase 4, Rawalpindi",33529,Commercial
MTR-95452044,حسین Yousafzai,"138-17 Gulberg III, Lahore",360167,Domestic
MTR-80303508,Nadeem Ansari,"House 9, Street 29, North Nazimabad, Karachi",270522,Domestic
MTR-74511927,Rehan Tarar,"House 41, Street 18, G-13/1, Islamabad",163892,Domestic
MTR-70750199,W.Kayani,مکان 66 گلی 15 University Town Peshawar,15056,Domestic
MTR-73234267,Talha Mehsud,"House 297, Street 21, Madina Town, Faisalabad",15444,Domestic
MTR-30100918,K.Malik,مکان 277 گلی 3 Shah Rukn-e-Alam Multan,50593,Domestic
MTR-67980701,Fahad Kazmi,"105-21 F-8/3, Islamabad",435769,Domestic
MTR-12756067,R.Malik,مکان 185 گلی 22 Wapda Town لاہور,393701,Domestic
MTR-42260213,عثمان Mirza,"55-39 Satellite Town, Rawalpindi",17558,Domestic
MTR-22715558,K.Bangash,مکان 194 گلی 38 Johar Town لاہور,25491,Commercial
MTR-47061706,Shoaib Gilani,"House 323, Street 36, D Ground, Faisalabad",5304,Domestic
MTR-38710184,Y.Wazir,مکان 226 گلی 21 D Ground Faisalabad,30995,Domestic
MTR-59294687,D.Khokhar,مکان 355 گلی 16 DHA Phase 5 لاہور,33145,Domestic
MTR-94855336,M. Janjua,H#346 St-38 UniversityTown Peshawar,35503,Domestic
MTR-62062140,Tariq Tarar,"295-32 DHA Phase 6, Karachi",18230,Domestic
MTR-45177708,N.Tareen,مکان 241 گلی 7 D Ground Faisalabad,310920,Domestic
MTR-29633563,Fatima Naqvi,"House 182, Street 9, North Nazimabad, Karachi",27687,Commercial
MTR-46383631,E.Bukhari,مکان 56 گلی 3 D Ground Faisalabad,424608,Domestic
MTR-75183437,Z. Tareen,H#376 St-12 DHAPhase6 Karachi,8892,Domestic
MTR-85396335,Mahnoor Sandhu,"House 233, Street 25, Gulgasht, Multan",413814,Domestic
MTR-66315540,Danish Niazi,"25-37 Gulshan-e-Iqbal, Karachi",43904,Commercial
MTR-74431084,Chaudhary Saqib Tareen,"House No. 22, Gali 14, Bahria Phase 4, Rawalpindi",12143,Commercial
MTR-57134261,Z. Gill,H#61 St-19 JoharTown Lahore,13555,Commercial
MTR-37137733,N.Shirazi,مکان 119 گلی 18 Hayatabad Phase 3 Peshawar,16379,Domestic
MTR-44661028,H.Shirazi,مکان 276 گلی 13 G-13/1 اسلام آباد,19195,Domestic
MTR-86945236,Rida Joiya,"233-19 Peoples Colony, Faisalabad",314024,Domestic
MTR-46441106,Naveed Lodhi,"House 60, Street 23, Gulgasht, Multan",57428,Domestic
MTR-84404123,W.Khokhar,مکان 263 گلی 5 Gulgasht Multan,12422,Domestic
MTR-75370127,Saqib Baig,"House 339, Street 3, Gulbahar, Peshawar",39406,Domestic
MTR-81126448,G.Baig,مکان 78 گلی 32 Model Town لاہور,26323,Domestic
MTR-79002791,S.Durrani,مکان 2 گلی 28 Cantt Multan,28738,Domestic
MTR-54385680,J. Kayani,H#324 St-38 MadinaTown Faisalabad,177377,Domestic
MTR-97048624,D. Mirza,H#251 St-26 ShahRukn-e-Alam Multan,33915,Commercial
MTR-56253322,L. Awan,H#251 St-39 UniversityTown Peshawar,28571,Domestic
MTR-95356766,Malik Obaid Sheikh,"House No. 134, Gali 21, Madina Town, Faisalabad",25785,Commercial
MTR-91523702,Sajid Hashmi,"174-3 Cantt, Multan",359248,Domestic
MTR-25238151,Haji Maryam Dar,"House No. 57, Gali 40, Gulbahar, Peshawar",202071,Domestic
MTR-50444045,W.Rizvi,مکان 149 گلی 11 DHA Phase 6 کراچی,268546,Domestic
MTR-74453962,Mian Mubashir Malik,"House No. 18, Gali 18, Bahria Phase 4, Rawalpindi",5015,Domestic
MTR-13782292,Tariq Chaudhry,"House 370, Street 27, G-13/1, Islamabad",251787,Commercial
MTR-71278047,U. Shirazi,H#166 St-28 UniversityTown Peshawar,226613,Domestic
MTR-74505463,N.Khattak,مکان 193 گلی 19 Madina Town Faisalabad,340083,Domestic
MTR-99316511,Irfan Orakzai,"House 126, Street 25, D Ground, Faisalabad",12966,Domestic
MTR-90291738,Taimoor Gondal,"House 204, Street 15, Peoples Colony, Faisalabad",31237,Commercial
MTR-27511429,Nasir Yousafzai,"House 268, Street 37, University Town, Peshawar",192326,Domestic
MTR-94611216,Ehsan Abbasi,"353-37 I-8/4, Islamabad",354674,Domestic
MTR-88512902,زینب Hashmi,"165-30 Johar Town, Lahore",339446,Domestic
MTR-60309706,حسین Sial,"321-34 DHA Phase 6, Karachi",19104,Domestic
MTR-91000400,R.Mirza,مکان 139 گلی 34 Gulgasht Multan,181763,Domestic
MTR-69535863,Sana Mehsud,"266-39 Chaklala Scheme 3, Rawalpindi",5984,Domestic
MTR-90699573,Syed Junaid Naqvi,"House No. 6, Gali 21, Shah Rukn-e-Alam, Multan",47300,Commercial
MTR-43204444,Owais Orakzai,"House 356, Street 7, Bahria Phase 4, Rawalpindi",16922,Commercial
MTR-45359441,Iqra Mughal,"House 326, Street 36, I-8/4, Islamabad",52360,Domestic
MTR-24028994,Khadija Durrani,"House 320, Street 26, Gulberg III, Lahore",392009,Domestic
MTR-78835430,W.Ansari,مکان 53 گلی 9 Wapda Town لاہور,318568,Commercial
MTR-88528338,Rana Laiba Lodhi,"House No. 316, Gali 31, Gulbahar, Peshawar",15698,Commercial
MTR-54341093,Mehwish Abbasi,"House 244, Street 1, Bahria Phase 4, Rawalpindi",289486,Domestic
MTR-35917782,Q.Wazir,مکان 155 گلی 33 Gulshan-e-Iqbal کراچی,15055,Domestic
MTR-22003040,Ghulam Niazi,"163-34 Gulbahar, Peshawar",9020,Domestic
MTR-64426050,Madiha Abbasi,"287-29 University Town, Peshawar",5407,Commercial
MTR-76914150,Mian Farhan Ansari,"House No. 239, Gali 23, I-8/4, Islamabad",51689,Commercial
MTR-84704036,H. Joiya,H#100 St-1 WapdaTown Lahore,12626,Domestic
MTR-93338395,A. Khan,H#18 St-18 MadinaTown Faisalabad,338961,Domestic
MTR-24307150,A.Malik,مکان 242 گلی 39 Gulbahar Peshawar,354446,Domestic
MTR-74954093,Hussain Sandhu,"House 366, Street 10, G-13/1, Islamabad",5530,Commercial
MTR-62793703,عمران Joiya,"32-21 Gulgasht, Multan",407732,Commercial
MTR-30251058,Malik Babar Mehsud,"House No. 364, Gali 11, University Town, Peshawar",10247,Domestic
MTR-77644551,Pervez Wazir,"34-13 Cantt, Multan",26690,Commercial
MTR-90927854,Chaudhary Waseem Shirazi,"House No. 89, Gali 1, Westridge, Rawalpindi",57909,Commercial
MTR-92950407,Rabia Khokhar,"47-12 G-10/2, Islamabad",360467,Commercial
MTR-36148409,A.Dar,مکان 236 گلی 6 Shah Rukn-e-Alam Multan,7752,Domestic
MTR-16924775,Owais Sheikh,"House 92, Street 18, Gulshan-e-Iqbal, Karachi",56121,Commercial
MTR-67354961,Sajid Baig,"House 133, Street 29, Chaklala Scheme 3, Rawalpindi",159979,Domestic
MTR-26437650,U.Naqvi,مکان 19 گلی 38 DHA Phase 6 کراچی,189407,Domestic
MTR-37792618,Mian Hafsa Mirza,"House No. 359, Gali 33, Chaklala Scheme 3, Rawalpindi",10069,Commercial
MTR-86876218,R.Khokhar,مکان 60 گلی 34 DHA Phase 5 لاہور,191587,Commercial
MTR-55427762,Chaudhary Bushra Bukhari,"House No. 360, Gali 7, I-8/4, Islamabad",166996,Commercial
MTR-74776520,Uzma قریشی,"157-11 Chaklala Scheme 3, Rawalpindi",243205,Commercial
MTR-18104419,U.Bukhari,مکان 223 گلی 26 D Ground Faisalabad,19643,Commercial
MTR-37833814,Z.Mehsud,مکان 21 گلی 15 Gulshan-e-Iqbal کراچی,8862,Commercial
MTR-74578853,Chaudhary Nasir Bukhari,"House No. 263, Gali 11, F-8/3, Islamabad",12266,Domestic
MTR-93359115,Mian Naveed Awan,"House No. 28, Gali 6, Shah Rukn-e-Alam, Multan",59817,Domestic
MTR-95963658,Muhammad Wazir,"House 89, Street 20, Bahria Phase 4, Rawalpindi",8135,Commercial
MTR-22100781,S.Durrani,مکان 351 گلی 36 Bahria Phase 4 راولپنڈی,46779,Domestic
MTR-29860189,S.Mehsud,مکان 242 گلی 25 DHA Phase 6 کراچی,30204,Commercial
MTR-54607236,N.Kakar,مکان 346 گلی 28 Gulberg III لاہور,49964,Commercial
MTR-90715356,Chaudhary Shoaib Shirazi,"House No. 189, Gali 24, Bahria Phase 4, Rawalpindi",394719,Commercial
MTR-72510751,U. Gondal,H#97 St-3 Westridge Rawalpindi,20753,Domestic
MTR-75316426,Q.Abbasi,مکان 199 گلی 31 Gulberg III لاہور,50376,Domestic
MTR-25458755,Chaudhary Wajahat Raja,"House No. 336, Gali 26, DHA Phase 5, Lahore",236218,Commercial
MTR-21725041,Hafsa Khokhar,"House 335, Street 26, E-11/2, Islamabad",27594,Domestic
MTR-16055630,Malik Laiba Joiya,"House No. 400, Gali 31, Madina Town, Faisalabad",12963,Domestic
MTR-50259317,Mian Rida Khokhar,"House No. 238, Gali 19, Clifton Block 2, Karachi",29207,Domestic
MTR-45355912,Mian Kashif Sial,"House No. 393, Gali 2, Gulberg III, Lahore",49889,Domestic
MTR-91630214,Taimoor Bhatti,"House 306, Street 8, DHA Phase 5, Lahore",37005,Commercial
MTR-28894885,T.Rizvi,مکان 373 گلی 10 F-8/3 اسلام آباد,15342,Domestic
MTR-90040720,Yasir Durrani,"House 292, Street 30, Gulbahar, Peshawar",32790,Domestic
MTR-72431702,Khalid Kazmi,"173-20 Cantt, Multan",9081,Domestic
MTR-95538878,N.Khattak,مکان 222 گلی 8 Cantt Multan,247356,Commercial
MTR-77534370,J.Sheikh,مکان 243 گلی 14 Wapda Town لاہور,239766,Domestic
MTR-75745076,L.Warraich,مکان 140 گلی 1 Chaklala Scheme 3 راولپنڈی,194587,Commercial
MTR-41859872,W. Shirazi,H#163 St-7 Gulbahar Peshawar,58000,Commercial
MTR-96624353,M.Mirza,مکان 312 گلی 30 Gulgasht Multan,16003,Domestic
MTR-30081246,E.Cheema,مکان 228 گلی 10 Gulberg III لاہور,200043,Domestic
MTR-22091081,K.Warraich,مکان 293 گلی 6 B-17 اسلام آباد,32850,Domestic
MTR-45691187,Chaudhary Pervez Tareen,"House No. 285, Gali 32, I-8/4, Islamabad",373930,Commercial
MTR-94605103,Syed Obaid Gill,"House No. 215, Gali 39, Hayatabad Phase 3, Peshawar",50857,Domestic
MTR-87523264,A. Rizvi,H#116 St-26 MadinaTown Faisalabad,20197,Domestic
MTR-88689194,N. Mirza,H#172 St-30 G-13/1 Islamabad,282397,Domestic
MTR-27018963,Malik Umar Afridi,"House No. 115, Gali 9, G-13/1, Islamabad",447257,Domestic
MTR-46913398,علی Bhatti,"86-37 Peoples Colony, Faisalabad",351497,Domestic
MTR-68749654,Sadia Kazmi,"House 83, Street 30, Hayatabad Phase 3, Peshawar",13166,Commercial
MTR-76337139,Atif Awan,"House 16, Street 14, DHA Phase 5, Lahore",297590,Domestic
MTR-31677011,Saad Khokhar,"57-39 D Ground, Faisalabad",162138,Domestic
MTR-72286972,H.Mehsud,مکان 267 گلی 31 Shah Rukn-e-Alam Multan,11752,Domestic
MTR-60194003,H. Bangash,H#332 St-35 Gulbahar Peshawar,53589,Commercial
MTR-94235746,Sardar Noor Kakar,"House No. 205, Gali 33, I-8/4, Islamabad",52051,Domestic
MTR-32325517,Sardar Khadija Tareen,"House No. 370, Gali 11, Hayatabad Phase 3, Peshawar",13303,Domestic
MTR-96177087,N. Kayani,H#329 St-5 I-8/4 Islamabad,38773,Commercial
MTR-20599782,B.Joiya,مکان 291 گلی 18 Shah Rukn-e-Alam Multan,327826,Domestic
MTR-27904479,S. Sandhu,H#366 St-19 MadinaTown Faisalabad,408578,Commercial
MTR-54323419,Adnan Saddozai,"66-10 Gulbahar, Peshawar",222723,Domestic
MTR-99183233,Haji Khadija Niazi,"House No. 133, Gali 24, Satellite Town, Rawalpindi",363208,Domestic
MTR-89949322,U. Abbasi,H#161 St-34 DGround Faisalabad,24023,Domestic
MTR-83323080,Rana Saad Rajput,"House No. 343, Gali 5, Clifton Block 2, Karachi",26129,Commercial
MTR-59463294,Laiba Kakar,"House 333, Street 13, Cantt, Multan",14816,Domestic
MTR-26435996,Syed Hina Gondal,"House No. 187, Gali 3, Cantt, Multan",40037,Domestic
MTR-39158577,I. Joiya,H#127 St-16 DGround Faisalabad,398504,Commercial
MTR-77740695,عثمان Shirazi,"143-6 Wapda Town, Lahore",59745,Domestic
MTR-79047441,D. Janjua,H#245 St-30 DGround Faisalabad,7022,Domestic
MTR-18225265,احمد Bukhari,"369-29 Clifton Block 2, Karachi",34915,Commercial
MTR-56856904,Sardar Iqra Lodhi,"House No. 169, Gali 33, DHA Phase 6, Karachi",26582,Domestic
MTR-21782785,Ehsan Lodhi,"258-20 Gulgasht, Multan",17561,Commercial
MTR-20386940,Rana Yousuf Hashmi,"House No. 34, Gali 28, Bahria Phase 4, Rawalpindi",222517,Domestic
MTR-65480769,Umar Kakar,"110-20 F-8/3, Islamabad",305585,Domestic
MTR-72987414,Mubashir Yousafzai,"House 166, Street 11, Bahria Phase 4, Rawalpindi",151977,Domestic
MTR-31979178,Sana Rajput,"214-18 Gulgasht, Multan",58543,Commercial
MTR-39878165,B.Durrani,مکان 231 گلی 20 Gulberg III لاہور,17837,Commercial
MTR-33829243,I. Tarar,H#234 St-18 JoharTown Lahore,377691,Domestic
MTR-97903700,Hassan Bhatti,"House 167, Street 36, North Nazimabad, Karachi",239603,Domestic
MTR-75759343,A.Chaudhry,مکان 167 گلی 31 Bahria Phase 4 راولپنڈی,25078,Domestic
MTR-51589099,Y. Lodhi,H#193 St-4 DGround Faisalabad,227293,Domestic
MTR-38617049,Irfan Siddiqui,"House 384, Street 5, DHA Phase 6, Karachi",291911,Domestic
MTR-20427759,Sardar Kinza Bangash,"House No. 185, Gali 29, Shah Rukn-e-Alam, Multan",17053,Domestic
MTR-62495573,B.Baig,مکان 133 گلی 17 Gulgasht Multan,226010,Commercial
MTR-76345758,Mustafa Sheikh,"House 31, Street 33, Gulbahar, Peshawar",4463,Domestic
MTR-40650407,M.Hashmi,مکان 171 گلی 5 Wapda Town لاہور,5058,Domestic
MTR-62945874,Waqas Kazmi,"House 294, Street 30, Hayatabad Phase 3, Peshawar",147366,Commercial
MTR-11853061,Wajahat Joiya,"334-22 Cantt, Multan",147542,Domestic
MTR-86417149,R.Malik,مکان 4 گلی 40 Gulshan-e-Iqbal کراچی,53144,Domestic
MTR-73045855,N.Gondal,مکان 394 گلی 21 D Ground Faisalabad,6056,Commercial
MTR-49741669,A.Baig,مکان 106 گلی 20 Hayatabad Phase 3 Peshawar,251359,Domestic
MTR-82334365,Rana Shahzad Rizvi,"House No. 168, Gali 21, DHA Phase 5, Lahore",26390,Domestic
MTR-32625303,D.Dar,مکان 14 گلی 9 University Town Peshawar,376658,Domestic
MTR-54298467,N.Virk,مکان 225 گلی 26 E-11/2 اسلام آباد,14494,Domestic
MTR-24493624,S. Kazmi,H#265 St-8 DGround Faisalabad,407729,Domestic
MTR-39228502,Rana Pervez Baig,"House No. 260, Gali 24, Satellite Town, Rawalpindi",10529,Domestic
MTR-57887366,Muhammad Virk,"House 205, Street 7, University Town, Peshawar",383887,Commercial
MTR-65857990,M. Gondal,H#334 St-25 Cantt Multan,304571,Domestic
MTR-36716348,R. Janjua,H#66 St-34 SatelliteTown Rawalpindi,46984,Domestic
MTR-57803717,Bushra Mirza,"House 213, Street 11, Wapda Town, Lahore",8299,Domestic
MTR-86953554,T. Sandhu,H#16 St-32 F-8/3 Islamabad,38932,Domestic
MTR-60652891,Iqra Durrani,"81-7 Peoples Colony, Faisalabad",243728,Commercial
MTR-15165331,F.Rajput,مکان 275 گلی 29 North Nazimabad کراچی,372112,Commercial
MTR-49615376,S. Bhatti,H#188 St-40 Gulgasht Multan,14218,Domestic
MTR-27159044,Sardar Haris Awan,"House No. 74, Gali 15, Bahria Phase 4, Rawalpindi",8406,Commercial
MTR-38270305,Yasir Gondal,"374-20 Johar Town, Lahore",396493,Domestic
MTR-32527156,Shahzad Bhatti,"339-10 Gulshan-e-Iqbal, Karachi",54238,Commercial
MTR-34622515,Talha Khan,"House 122, Street 11, Satellite Town, Rawalpindi",320335,Commercial
MTR-93026922,Umar Afridi,"House 208, Street 29, Gulbahar, Peshawar",251124,Commercial
MTR-40930788,B. Qureshi,H#391 St-34 ShahRukn-e-Alam Multan,233585,Domestic
MTR-22909231,Zeeshan Gondal,"62-36 Clifton Block 2, Karachi",332146,Commercial
MTR-85632908,Tariq Kazmi,"House 262, Street 13, Westridge, Rawalpindi",343377,Domestic
MTR-80392760,Rabia Naqvi,"House 273, Street 24, Peoples Colony, Faisalabad",25803,Domestic
MTR-38161795,H. Mughal,H#317 St-15 Gulgasht Multan,42472,Commercial
MTR-21599340,Z. Virk,H#244 St-30 MadinaTown Faisalabad,51167,Domestic
MTR-64362660,Noman Durrani,"House 35, Street 4, D Ground, Faisalabad",13625,Domestic
MTR-40908898,Syed Mansoor Mughal,"House No. 201, Gali 38, Shah Rukn-e-Alam, Multan",51001,Domestic
MTR-88526730,N. Warraich,H#379 St-38 B-17 Islamabad,255921,Commercial
MTR-92377644,A.Afridi,مکان 160 گلی 34 G-13/1 اسلام آباد,441357,Commercial
MTR-21915874,زینب Saddozai,"79-5 Madina Town, Faisalabad",13003,Domestic
MTR-93114242,Fahad Afridi,"House 300, Street 11, North Nazimabad, Karachi",33716,Domestic
MTR-82255185,Arsalan Wazir,"House 216, Street 4, North Nazimabad, Karachi",207477,Domestic
MTR-42454583,Farah Kayani,"7-7 DHA Phase 5, Lahore",232022,Domestic
MTR-36997274,Syed Asad Kakar,"House No. 250, Gali 36, Gulbahar, Peshawar",189478,Commercial
MTR-18358976,K.Butt,مکان 303 گلی 7 Peoples Colony Faisalabad,34585,Commercial
MTR-54931314,Haji Mansoor Bangash,"House No. 178, Gali 29, Cantt, Multan",3434,Commercial
MTR-37296222,R. Wazir,H#291 St-12 F-8/3 Islamabad,15057,Domestic
MTR-32577551,R.Khokhar,مکان 184 گلی 23 University Town Peshawar,13021,Domestic
MTR-83971066,Ubaid Orakzai,"394-11 Shah Rukn-e-Alam, Multan",120166,Commercial
MTR-88645519,Saad Hashmi,"House 171, Street 23, Hayatabad Phase 3, Peshawar",16995,Domestic
MTR-94404113,Noor راجہ,"161-40 Shah Rukn-e-Alam, Multan",26730,Commercial
MTR-76702073,Rana Farhan Cheema,"House No. 186, Gali 11, University Town, Peshawar",29934,Commercial
MTR-42518949,A.Orakzai,مکان 152 گلی 36 Gulgasht Multan,316877,Commercial
MTR-63363099,S.Bangash,مکان 208 گلی 17 D Ground Faisalabad,23240,Domestic
MTR-96940267,Asad Saddozai,"House 315, Street 37, University Town, Peshawar",15708,Domestic
MTR-20462392,Sadia Abbasi,"House 14, Street 32, Shah Rukn-e-Alam, Multan",150991,Commercial
MTR-15211507,Umar Tarar,"House 322, Street 37, Westridge, Rawalpindi",200720,Domestic
MTR-82071012,A.Bhatti,مکان 40 گلی 9 Madina Town Faisalabad,14532,Domestic
MTR-95600852,Lubna Rajput,"54-39 Madina Town, Faisalabad",23826,Commercial
MTR-76951879,Haji Ubaid Yousafzai,"House No. 303, Gali 28, North Nazimabad, Karachi",274394,Domestic
MTR-79811096,Rana Rauf Bangash,"House No. 203, Gali 14, Hayatabad Phase 3, Peshawar",28657,Domestic
MTR-89524477,Obaid Abbasi,"349-38 Gulbahar, Peshawar",10393,Domestic
MTR-47812521,Syed Hamza Kakar,"House No. 33, Gali 34, G-13/1, Islamabad",10729,Domestic
MTR-56202628,Talha Malik,"House 374, Street 8, Shah Rukn-e-Alam, Multan",399870,Commercial
MTR-46495334,Luqman Tarar,"House 71, Street 22, North Nazimabad, Karachi",49587,Domestic
MTR-93662780,K.Hashmi,مکان 134 گلی 26 F-8/3 اسلام آباد,300278,Domestic
MTR-98666490,Chaudhary Zeeshan Naqvi,"House No. 311, Gali 4, DHA Phase 5, Lahore",42310,Commercial
MTR-85079343,M. Bhatti,H#15 St-37 Gulshan-e-Iqbal Karachi,27084,Domestic
MTR-69339611,Talha Rizvi,"House 50, Street 10, Chaklala Scheme 3, Rawalpindi",175270,Domestic
MTR-64184135,A.Abbasi,مکان 16 گلی 40 University Town Peshawar,9052,Domestic
MTR-75698559,F.Mehsud,مکان 52 گلی 32 Bahria Phase 4 راولپنڈی,11903,Domestic
MTR-43473573,Bushra Zaidi,"House 230, Street 8, University Town, Peshawar",21513,Commercial
MTR-43928821,M. Baig,H#22 St-23 UniversityTown Peshawar,35776,Commercial
MTR-42139634,H. Gilani,H#273 St-34 DGround Faisalabad,38901,Domestic
MTR-37795233,Rana Haris Mirza,"House No. 207, Gali 28, Shah Rukn-e-Alam, Multan",303587,Commercial
MTR-35273131,Nadia Rajput,"House 157, Street 32, Madina Town, Faisalabad",33514,Domestic
MTR-87160862,O.Bukhari,مکان 278 گلی 12 Gulgasht Multan,44824,Domestic
MTR-43919378,Luqman Baig,"House 27, Street 28, Wapda Town, Lahore",41536,Domestic
MTR-45518034,Syed Rehan Qureshi,"House No. 114, Gali 21, DHA Phase 6, Karachi",344234,Commercial
MTR-39275454,احمد بٹ,"353-8 DHA Phase 6, Karachi",10415,Domestic
MTR-53751265,Rana Saad Virk,"House No. 191, Gali 26, Hayatabad Phase 3, Peshawar",57881,Domestic
MTR-95127886,Qasim Mehsud,"321-20 D Ground, Faisalabad",19581,Domestic
MTR-76818811,K.Lodhi,مکان 399 گلی 32 Hayatabad Phase 3 Peshawar,241771,Domestic
MTR-37506795,S. Wazir,H#37 St-8 Cantt Multan,42327,Domestic
MTR-64659151,J. Saddozai,H#146 St-35 ModelTown Lahore,15327,Domestic
MTR-19962679,H.Raja,مکان 103 گلی 9 Madina Town Faisalabad,42472,Domestic
MTR-85101364,S. Gill,H#330 St-4 DHAPhase6 Karachi,375690,Domestic
MTR-34190053,T. Afridi,H#337 St-29 ChaklalaScheme3 Rawalpindi,435028,Commercial
MTR-87662905,R. Zaidi,H#58 St-5 DHAPhase5 Lahore,263911,Domestic
MTR-95733377,Jawad Butt,"House 351, Street 15, Satellite Town, Rawalpindi",55381,Domestic
MTR-95522426,Syed Rabia Siddiqui,"House No. 391, Gali 3, Hayatabad Phase 3, Peshawar",399536,Domestic
MTR-89341855,A.Khattak,مکان 352 گلی 40 Gulshan-e-Iqbal کراچی,391175,Domestic
MTR-54828718,F.Afridi,مکان 79 گلی 30 North Nazimabad کراچی,25005,Domestic
MTR-65420062,Luqman Kayani,"House 379, Street 2, Chaklala Scheme 3, Rawalpindi",208369,Domestic
MTR-83859351,Z. Gondal,H#321 St-23 DHAPhase6 Karachi,318496,Domestic
MTR-94150159,S. Virk,H#173 St-21 Gulshan-e-Iqbal Karachi,28454,Commercial
MTR-16370666,Sadia Mughal,"265-28 Shah Rukn-e-Alam, Multan",49747,Commercial
MTR-63539335,S. Saddozai,H#394 St-10 Gulgasht Multan,317124,Domestic
MTR-45936865,Y.Saddozai,مکان 162 گلی 40 Westridge راولپنڈی,38152,Commercial
MTR-89015206,Syed Tariq Malik,"House No. 170, Gali 6, G-10/2, Islamabad",50103,Domestic
MTR-51838285,O. Chaudhry,H#162 St-38 WapdaTown Lahore,54702,Domestic
MTR-84211554,Z.Zaidi,مکان 84 گلی 27 Bahria Phase 4 راولپنڈی,281562,Domestic
MTR-33205321,Y. Orakzai,H#59 St-10 JoharTown Lahore,3398,Domestic
MTR-20338958,K.Rajput,مکان 301 گلی 24 Satellite Town راولپنڈی,7868,Commercial
MTR-61819728,F. Gilani,H#44 St-24 GulbergIII Lahore,52406,Domestic
MTR-32969694,A.Siddiqui,مکان 101 گلی 21 Gulbahar Peshawar,13627,Domestic
MTR-97843670,Sardar Ali Yousafzai,"House No. 87, Gali 24, Madina Town, Faisalabad",10990,Commercial
MTR-86781199,Mustafa Bhatti,"House 333, Street 16, Satellite Town, Rawalpindi",41541,Domestic
MTR-97919525,Haji Bushra Khokhar,"House No. 171, Gali 36, Cantt, Multan",253114,Domestic
MTR-20343037,K. Baig,H#199 St-3 NorthNazimabad Karachi,15417,Domestic
MTR-18311102,Syed Obaid Bangash,"House No. 178, Gali 17, Johar Town, Lahore",54570,Commercial
MTR-35862937,F. Raja,H#164 St-33 Gulbahar Peshawar,24557,Commercial
MTR-46934135,J. Chaudhry,H#399 St-6 BahriaPhase4 Rawalpindi,9399,Domestic
MTR-30872064,Faisal Abbasi,"House 236, Street 22, D Ground, Faisalabad",204533,Domestic
MTR-26335575,Syed Talha Raja,"House No. 2, Gali 28, Cantt, Multan",57852,Commercial
MTR-66500732,S. Naqvi,H#102 St-32 Westridge Rawalpindi,296954,Domestic
MTR-19607241,S.Ansari,مکان 41 گلی 12 Peoples Colony Faisalabad,245194,Commercial
MTR-96973536,K.Siddiqui,مکان 97 گلی 12 Cantt Multan,286184,Commercial
MTR-17066712,Mian Iqra Tarar,"House No. 147, Gali 14, D Ground, Faisalabad",50972,Commercial
MTR-54148036,Zara Mehsud,"387-11 Gulberg III, Lahore",46695,Domestic
MTR-95266095,K.Mehsud,مکان 34 گلی 37 D Ground Faisalabad,165272,Commercial
MTR-85351933,Haji Anas Niazi,"House No. 161, Gali 35, University Town, Peshawar",264751,Domestic
MTR-55488652,Wajahat Bhatti,"238-30 University Town, Peshawar",11241,Domestic
MTR-32961592,حسن Awan,"196-10 University Town, Peshawar",8931,Commercial
MTR-42154010,Chaudhary Saad Abbasi,"House No. 112, Gali 7, Peoples Colony, Faisalabad",51103,Domestic
MTR-22160890,Malik Ali Hashmi,"House No. 156, Gali 36, DHA Phase 6, Karachi",315751,Domestic
MTR-39070976,Rauf Mughal,"House 181, Street 7, Clifton Block 2, Karachi",56607,Domestic
MTR-93054826,Sana Hashmi,"214-32 Hayatabad Phase 3, Peshawar",279306,Commercial
MTR-84065119,M. Siddiqui,H#272 St-19 PeoplesColony Faisalabad,360220,Commercial
MTR-63157938,K.Malik,مکان 214 گلی 16 Gulshan-e-Iqbal کراچی,167086,Domestic
MTR-22863671,Mustafa Gilani,"161-33 Clifton Block 2, Karachi",22222,Domestic
MTR-31235759,Rana Wajahat Shirazi,"House No. 35, Gali 29, Shah Rukn-e-Alam, Multan",53844,Domestic
MTR-32553543,Yousuf Janjua,"House 168, Street 23, Satellite Town, Rawalpindi",12604,Domestic
MTR-61891537,Hina Kazmi,"House 193, Street 28, Johar Town, Lahore",50463,Commercial
MTR-19891177,Malik Hassan Khattak,"House No. 41, Gali 24, Shah Rukn-e-Alam, Multan",29643,Commercial
MTR-52168820,I.Joiya,مکان 56 گلی 18 University Town Peshawar,340939,Domestic
MTR-22470237,Malik Mahnoor Awan,"House No. 64, Gali 4, DHA Phase 5, Lahore",21343,Commercial
MTR-34127810,Syed Sadia Malik,"House No. 331, Gali 21, Shah Rukn-e-Alam, Multan",11891,Domestic
MTR-84618453,U.Mirza,مکان 388 گلی 37 Wapda Town لاہور,263352,Domestic
MTR-59058779,K. Chaudhry,H#53 St-34 BahriaPhase4 Rawalpindi,8533,Domestic
MTR-88470770,T. Tarar,H#253 St-26 DHAPhase5 Lahore,176239,Domestic
MTR-44594420,Sadia Raja,"House 230, Street 11, Hayatabad Phase 3, Peshawar",24739,Commercial
MTR-10271822,بلال Khattak,"116-31 Gulbahar, Peshawar",15632,Domestic
MTR-75688806,عائشہ Bhatti,"388-26 Model Town, Lahore",45779,Commercial
MTR-93470566,Sadia چوہدری,"302-3 F-8/3, Islamabad",20916,Domestic
MTR-41491587,Khadija Sandhu,"204-14 Peoples Colony, Faisalabad",183743,Commercial
MTR-66274951,Mian Nadia Sandhu,"House No. 82, Gali 13, Madina Town, Faisalabad",43683,Domestic
MTR-20831324,M.Siddiqui,مکان 232 گلی 2 Shah Rukn-e-Alam Multan,17582,Domestic
MTR-39822095,عثمان Virk,"381-14 Hayatabad Phase 3, Peshawar",183637,Commercial
MTR-60121281,I.Khokhar,مکان 321 گلی 15 B-17 اسلام آباد,16503,Domestic
MTR-85260236,Sardar Rehan Ansari,"House No. 106, Gali 32, University Town, Peshawar",189870,Commercial
MTR-30805246,Syed Zafar Zaidi,"House No. 342, Gali 16, Madina Town, Faisalabad",9386,Domestic
MTR-48648395,B.Khan,مکان 156 گلی 29 DHA Phase 5 لاہور,23366,Commercial
MTR-24549741,U.Baig,مکان 39 گلی 18 Gulshan-e-Iqbal کراچی,6440,Commercial
MTR-25153624,U.Bukhari,مکان 140 گلی 18 Gulgasht Multan,249733,Domestic
MTR-17011931,Kamran Warraich,"16-3 Shah Rukn-e-Alam, Multan",23576,Commercial
MTR-47792987,Chaudhary Amna Butt,"House No. 395, Gali 18, Cantt, Multan",54282,Commercial
MTR-21357094,Irfan Sandhu,"189-30 G-13/1, Islamabad",178015,Commercial
MTR-83790896,A. Saddozai,H#209 St-12 ShahRukn-e-Alam Multan,4558,Domestic
MTR-48190048,R. Mehsud,H#346 St-35 UniversityTown Peshawar,263778,Commercial
MTR-94555999,B. Gill,H#231 St-35 ShahRukn-e-Alam Multan,8448,Commercial
MTR-43509098,R. Shirazi,H#324 St-11 WapdaTown Lahore,58817,Domestic
MTR-13167292,Fahad Kazmi,"267-7 Peoples Colony, Faisalabad",276426,Commercial
MTR-63521574,H.Bangash,مکان 251 گلی 8 University Town Peshawar,211957,Domestic
MTR-66089510,Amna Gill,"House 353, Street 7, Shah Rukn-e-Alam, Multan",14171,Domestic
MTR-46996132,Syed Madiha Khan,"House No. 56, Gali 32, Gulbahar, Peshawar",15083,Domestic
MTR-53937979,N. Rizvi,H#98 St-2 Cantt Multan,37934,Commercial
MTR-92144623,Kamran Kayani,"217-23 Clifton Block 2, Karachi",35284,Commercial
MTR-33371457,Mubashir Sial,"House 245, Street 40, D Ground, Faisalabad",167500,Commercial
MTR-88113629,H. Kayani,H#197 St-35 ShahRukn-e-Alam Multan,358152,Domestic
MTR-46003095,K. Butt,H#244 St-17 CliftonBlock2 Karachi,387628,Domestic
MTR-26202488,U. Virk,H#124 St-39 ShahRukn-e-Alam Multan,249031,Commercial
MTR-89515163,T. Dar,H#49 St-1 MadinaTown Faisalabad,236299,Domestic
MTR-62664472,T.Khokhar,مکان 199 گلی 35 Wapda Town لاہور,284353,Domestic
MTR-96624167,Taimoor Mirza,"House 21, Street 19, Hayatabad Phase 3, Peshawar",161393,Domestic
MTR-62584546,H.Rajput,مکان 3 گلی 25 DHA Phase 6 کراچی,55960,Commercial
MTR-87382746,Hafsa Bukhari,"118-29 University Town, Peshawar",30685,Commercial
MTR-17068216,S.Hashmi,مکان 11 گلی 34 Model Town لاہور,362686,Domestic
MTR-41537737,Syed Rauf Zaidi,"House No. 35, Gali 5, Shah Rukn-e-Alam, Multan",124856,Domestic
MTR-88872621,Naveed Siddiqui,"45-37 F-8/3, Islamabad",6703,Domestic
MTR-56816713,Sardar Nadia Kayani,"House No. 337, Gali 12, Clifton Block 2, Karachi",28373,Domestic
MTR-52831203,R.Niazi,مکان 6 گلی 24 Westridge راولپنڈی,379389,Domestic
MTR-96478274,Khadija Naqvi,"House 71, Street 21, I-8/4, Islamabad",335471,Domestic
MTR-25456243,Rehan Qureshi,"House 284, Street 35, Westridge, Rawalpindi",24289,Domestic
MTR-97323757,Z. Kazmi,H#85 St-16 G-13/1 Islamabad,216195,Domestic
MTR-18670524,R.Butt,مکان 400 گلی 26 University Town Peshawar,373631,Domestic
MTR-50309147,S. Rajput,H#209 St-11 DGround Faisalabad,248355,Domestic
MTR-47456936,Rauf Shirazi,"House 34, Street 36, E-11/2, Islamabad",42986,Commercial
MTR-19957984,W.Khattak,مکان 156 گلی 35 University Town Peshawar,140435,Commercial
MTR-79360690,Javeria Bukhari,"350-39 Gulgasht, Multan",46268,Commercial
MTR-64810146,Ehsan Rizvi,"House 324, Street 5, D Ground, Faisalabad",444849,Domestic
MTR-84513202,A.Janjua,مکان 179 گلی 20 Peoples Colony Faisalabad,196099,Commercial
MTR-63971677,Iqra Sial,"House 97, Street 40, Gulgasht, Multan",252803,Domestic
MTR-67184402,N.Khokhar,مکان 89 گلی 8 D Ground Faisalabad,14805,Commercial
MTR-94825241,Talha Khattak,"192-16 University Town, Peshawar",327407,Domestic
MTR-26203573,R.Kayani,مکان 130 گلی 8 Peoples Colony Faisalabad,30088,Commercial
MTR-90918991,A.Khokhar,مکان 142 گلی 33 D Ground Faisalabad,18351,Commercial
MTR-71534307,Malik Saba Hashmi,"House No. 244, Gali 28, Peoples Colony, Faisalabad",36323,Domestic
MTR-91378679,Malik Bilal Butt,"House No. 143, Gali 7, Hayatabad Phase 3, Peshawar",14510,Domestic
MTR-35211204,N. Butt,H#31 St-1 Gulgasht Multan,172309,Domestic
MTR-10502513,Shoaib Yousafzai,"385-18 D Ground, Faisalabad",42678,Domestic
MTR-62060725,Shoaib Mughal,"105-35 University Town, Peshawar",337790,Commercial
MTR-18151109,Sajid Hashmi,"House 127, Street 27, G-10/2, Islamabad",46287,Domestic
MTR-11616907,S.Lodhi,مکان 123 گلی 20 G-10/2 اسلام آباد,50752,Commercial
MTR-32872776,T. Tarar,H#227 St-10 ShahRukn-e-Alam Multan,238025,Domestic
MTR-58345173,N.Mehsud,مکان 269 گلی 22 North Nazimabad کراچی,294357,Domestic
MTR-82415141,L. Dar,H#361 St-5 JoharTown Lahore,53598,Domestic
MTR-92702084,U.Orakzai,مکان 366 گلی 2 E-11/2 اسلام آباد,51126,Commercial
MTR-48101420,R. Durrani,H#46 St-28 NorthNazimabad Karachi,28533,Domestic
MTR-43877522,Zafar Mughal,"House 300, Street 34, Bahria Phase 4, Rawalpindi",17464,Domestic
MTR-38328332,Bilal Tareen,"House 363, Street 11, Satellite Town, Rawalpindi",57903,Commercial
MTR-99118191,Taimoor Abbasi,"House 224, Street 18, Johar Town, Lahore",51993,Domestic
MTR-31206272,Danish Raja,"House 294, Street 12, Peoples Colony, Faisalabad",13860,Domestic
MTR-13829392,Ali Baig,"House 40, Street 5, D Ground, Faisalabad",19742,Domestic
MTR-90453868,S.Tareen,مکان 79 گلی 35 Johar Town لاہور,8798,Domestic
MTR-49677204,F.Malik,مکان 30 گلی 26 D Ground Faisalabad,44162,Domestic
MTR-81135114,Arsalan Shirazi,"House 294, Street 18, University Town, Peshawar",183115,Domestic
MTR-83776088,W.Afridi,مکان 35 گلی 25 Peoples Colony Faisalabad,328735,Domestic
MTR-20735539,G. Tareen,H#269 St-30 NorthNazimabad Karachi,334544,Domestic
MTR-56331285,Junaid Kazmi,"65-3 University Town, Peshawar",39357,Domestic
MTR-89167493,K. Virk,H#13 St-21 GulbergIII Lahore,347949,Commercial
MTR-39783273,Rashid Joiya,"389-9 Gulbahar, Peshawar",36271,Domestic
MTR-17427542,S. Kayani,H#239 St-30 NorthNazimabad Karachi,260000,Domestic
MTR-72895019,Haji Yasir Abbasi,"House No. 152, Gali 24, Cantt, Multan",12507,Domestic
MTR-30579520,Faisal Shirazi,"House 263, Street 36, Gulberg III, Lahore",48316,Domestic
MTR-36242317,O.Kazmi,مکان 52 گلی 10 Satellite Town راولپنڈی,126876,Commercial
MTR-46338962,S. Sandhu,H#207 St-22 E-11/2 Islamabad,55268,Domestic
MTR-21685322,بلال Naqvi,"225-32 Peoples Colony, Faisalabad",4109,Domestic
MTR-64268053,Waseem Warraich,"House 23, Street 20, Satellite Town, Rawalpindi",327867,Domestic
MTR-57631002,A.Sial,مکان 131 گلی 14 D Ground Faisalabad,35755,Commercial
MTR-33936784,K.Gondal,مکان 345 گلی 32 DHA Phase 6 کراچی,236079,Domestic
MTR-32242360,Nadeem Gilani,"House 380, Street 22, D Ground, Faisalabad",408498,Commercial
MTR-29660496,I. Kakar,H#12 St-28 BahriaPhase4 Rawalpindi,33065,Commercial
MTR-47871148,Haji Bilal Bukhari,"House No. 55, Gali 10, Gulberg III, Lahore",149740,Domestic
MTR-35012377,Nimra Rajput,"397-21 Cantt, Multan",27618,Commercial
MTR-41630107,Arsalan Mirza,"173-11 Bahria Phase 4, Rawalpindi",51143,Commercial
MTR-86395488,A. Abbasi,H#253 St-6 MadinaTown Faisalabad,43084,Domestic
MTR-96207979,Zubair Sandhu,"House 359, Street 23, Gulgasht, Multan",8196,Domestic
MTR-77591704,Chaudhary Zeeshan Butt,"House No. 21, Gali 40, Peoples Colony, Faisalabad",10097,Commercial
MTR-97599121,A. Lodhi,H#316 St-34 MadinaTown Faisalabad,53117,Domestic
MTR-37330306,Waqas Khattak,"264-7 Gulbahar, Peshawar",52601,Domestic
MTR-11425019,E.Wazir,مکان 232 گلی 23 Westridge راولپنڈی,417224,Domestic
MTR-11061677,A.Niazi,مکان 108 گلی 16 Shah Rukn-e-Alam Multan,54674,Commercial
MTR-20296943,Rashid قریشی,"77-5 DHA Phase 6, Karachi",32008,Commercial
MTR-62761409,Malik Rauf Tarar,"House No. 343, Gali 36, B-17, Islamabad",243223,Domestic
MTR-38414013,M. Baig,H#26 St-3 DHAPhase5 Lahore,308466,Domestic
MTR-35379754,Kashif Tarar,"172-10 E-11/2, Islamabad",322936,Domestic
MTR-75958261,N.Ansari,مکان 395 گلی 1 Clifton Block 2 کراچی,58571,Commercial
MTR-47306919,Malik Ayesha Baig,"House No. 171, Gali 33, Bahria Phase 4, Rawalpindi",7036,Commercial
MTR-85148656,M.Baig,مکان 233 گلی 38 Clifton Block 2 کراچی,43363,Commercial
MTR-68997249,O.Bukhari,مکان 243 گلی 27 Cantt Multan,5427,Domestic
MTR-61901393,Sardar Shoaib Joiya,"House No. 2, Gali 28, Westridge, Rawalpindi",13509,Domestic
MTR-42720083,Pervez ملک,"393-20 D Ground, Faisalabad",52133,Domestic
MTR-25682992,Z.Malik,مکان 384 گلی 17 F-8/3 اسلام آباد,44571,Commercial
MTR-29505450,M. Janjua,H#92 St-8 I-8/4 Islamabad,12532,Domestic
MTR-10669811,Wajahat Kazmi,"House 343, Street 40, E-11/2, Islamabad",43245,Commercial
MTR-19268614,U.Rizvi,مکان 318 گلی 6 DHA Phase 5 لاہور,15789,Domestic
MTR-56729642,Z.Tareen,مکان 16 گلی 22 Shah Rukn-e-Alam Multan,10387,Commercial
MTR-73664781,R.Mughal,مکان 397 گلی 38 Westridge راولپنڈی,4153,Commercial
MTR-66839176,A. Khattak,H#22 St-3 JoharTown Lahore,33925,Commercial
MTR-46997111,Syed Zara Cheema,"House No. 162, Gali 30, Clifton Block 2, Karachi",246669,Domestic
MTR-36907772,Rana Mahnoor Awan,"House No. 284, Gali 36, North Nazimabad, Karachi",19102,Commercial
MTR-51410073,Maryam Sial,"55-4 DHA Phase 5, Lahore",5568,Commercial
MTR-11065190,E.Tarar,مکان 187 گلی 5 G-13/1 اسلام آباد,47189,Commercial
MTR-99946703,Atif Ansari,"71-34 Cantt, Multan",17759,Domestic
MTR-73363330,Babar Bhatti,"House 296, Street 14, F-8/3, Islamabad",24369,Commercial
MTR-38779672,M. Zaidi,H#280 St-20 DGround Faisalabad,11826,Commercial
MTR-37402502,Owais Tarar,"171-18 B-17, Islamabad",13864,Domestic
MTR-60663201,محمد قریشی,"241-24 Clifton Block 2, Karachi",56052,Domestic
MTR-90136886,T.Cheema,مکان 333 گلی 37 Bahria Phase 4 راولپنڈی,404838,Domestic
MTR-77453901,Hafsa Kazmi,"House 3, Street 34, Westridge, Rawalpindi",243245,Domestic
MTR-11088680,Syed Rauf Dar,"House No. 199, Gali 13, D Ground, Faisalabad",364947,Domestic
MTR-90276947,Haji Obaid Bukhari,"House No. 128, Gali 40, Gulberg III, Lahore",185968,Commercial
MTR-15347989,Nasir Bukhari,"House 354, Street 9, Chaklala Scheme 3, Rawalpindi",51727,Commercial
MTR-36517977,D. Janjua,H#375 St-5 Cantt Multan,5041,Commercial
MTR-95882770,Muhammad Khattak,"House 357, Street 1, Satellite Town, Rawalpindi",363502,Domestic
MTR-69445144,N. Khattak,H#189 St-21 HayatabadPhase3 Peshawar,19393,Domestic
MTR-57074797,Tooba Abbasi,"House 181, Street 13, Westridge, Rawalpindi",163688,Commercial
MTR-42158442,M.Sial,مکان 32 گلی 4 DHA Phase 6 کراچی,272372,Commercial
MTR-62913779,Rashid Mirza,"House 219, Street 1, Johar Town, Lahore",326915,Domestic
MTR-45553002,U. Gondal,H#353 St-18 DHAPhase6 Karachi,266158,Commercial
MTR-34466699,Naveed Malik,"House 331, Street 32, Hayatabad Phase 3, Peshawar",14600,Domestic
MTR-35239235,S.Durrani,مکان 131 گلی 7 Wapda Town لاہور,264499,Domestic
MTR-18335810,R. Qureshi,H#130 St-16 ChaklalaScheme3 Rawalpindi,399007,Domestic
MTR-46964522,Rana Adnan Malik,"House No. 215, Gali 37, Wapda Town, Lahore",44655,Commercial
MTR-45035754,Noor Tareen,"357-18 Gulshan-e-Iqbal, Karachi",14609,Commercial
MTR-75019157,Rabia Gilani,"195-31 DHA Phase 5, Lahore",52103,Domestic
MTR-40810822,Ghulam Rajput,"273-22 Hayatabad Phase 3, Peshawar",28231,Domestic
MTR-19590951,A. Gilani,H#211 St-3 BahriaPhase4 Rawalpindi,10221,Domestic
MTR-70067909,Haji Asad Mehsud,"House No. 368, Gali 9, Madina Town, Faisalabad",22065,Commercial
MTR-52212828,A.Bukhari,مکان 144 گلی 38 Clifton Block 2 کراچی,4826,Commercial
MTR-89630682,Syed Hamza Raja,"House No. 307, Gali 35, University Town, Peshawar",24648,Domestic
MTR-84558907,Mian Bushra Tareen,"House No. 4, Gali 32, Gulgasht, Multan",36602,Commercial
MTR-29421004,Amna Lodhi,"House 357, Street 23, E-11/2, Islamabad",427573,Commercial
MTR-98040209,Malik Ubaid Sheikh,"House No. 116, Gali 40, Shah Rukn-e-Alam, Multan",3848,Domestic
MTR-10583242,Ibrahim Afridi,"352-28 University Town, Peshawar",36710,Commercial
MTR-97671253,J. Butt,H#351 St-27 PeoplesColony Faisalabad,26590,Commercial
MTR-46280610,A. Sial,H#137 St-34 BahriaPhase4 Rawalpindi,20728,Domestic
MTR-31792504,T. Sial,H#143 St-21 Westridge Rawalpindi,17381,Domestic
MTR-34877557,D.Awan,مکان 261 گلی 39 Satellite Town راولپنڈی,327017,Commercial
MTR-67837993,Hina Rizvi,"134-22 I-8/4, Islamabad",141653,Commercial
MTR-13426901,Syed Naveed Gondal,"House No. 46, Gali 34, Gulgasht, Multan",356173,Domestic
MTR-96972557,Z. Raja,H#236 St-11 ShahRukn-e-Alam Multan,4392,Domestic
MTR-72482201,F. Orakzai,H#16 St-6 B-17 Islamabad,400464,Commercial
MTR-28828711,Sufyan Rizvi,"30-39 Shah Rukn-e-Alam, Multan",47639,Domestic
MTR-54544463,I. Hashmi,H#78 St-12 PeoplesColony Faisalabad,39074,Domestic
MTR-36665107,A. Sial,H#23 St-39 CliftonBlock2 Karachi,54030,Commercial
MTR-18601004,Salman Sandhu,"House 141, Street 34, Gulgasht, Multan",22702,Domestic
MTR-31239305,A.Lodhi,مکان 165 گلی 24 Peoples Colony Faisalabad,15926,Commercial
MTR-86862855,R.Butt,مکان 21 گلی 31 D Ground Faisalabad,141869,Domestic
MTR-82671893,Haji Nadia Khokhar,"House No. 9, Gali 40, Madina Town, Faisalabad",40506,Domestic
MTR-95781722,Hamza Warraich,"House 64, Street 36, Wapda Town, Lahore",347976,Domestic
MTR-66581403,Sadia Rajput,"House 265, Street 13, DHA Phase 6, Karachi",30763,Domestic
MTR-27933507,Y.Abbasi,مکان 73 گلی 26 Cantt Multan,344416,Domestic
MTR-21470362,Mian Farah Durrani,"House No. 153, Gali 11, Model Town, Lahore",32402,Domestic
MTR-62398014,R. Qureshi,H#43 St-30 GulbergIII Lahore,21506,Domestic
MTR-18801334,Jawad Tareen,"96-26 DHA Phase 5, Lahore",445420,Domestic
MTR-84058589,R.Malik,مکان 241 گلی 25 Cantt Multan,168521,Domestic
MTR-45222467,A.Malik,مکان 375 گلی 7 Hayatabad Phase 3 Peshawar,42024,Domestic
MTR-84045232,A. Dar,H#392 St-23 BahriaPhase4 Rawalpindi,18607,Domestic
MTR-59207199,M. Durrani,H#53 St-6 BahriaPhase4 Rawalpindi,272737,Domestic
MTR-71922927,Z. Sheikh,H#124 St-38 PeoplesColony Faisalabad,17176,Domestic
MTR-42344399,Shoaib بٹ,"371-5 Clifton Block 2, Karachi",8802,Commercial
MTR-19557308,L.Qureshi,مکان 399 گلی 36 North Nazimabad کراچی,46623,Commercial
MTR-78377306,حسن Bukhari,"399-27 I-8/4, Islamabad",227742,Commercial
MTR-29752246,Y.Orakzai,مکان 242 گلی 32 Gulshan-e-Iqbal کراچی,14962,Commercial
MTR-85552244,N.Mehsud,مکان 189 گلی 40 Westridge راولپنڈی,40575,Commercial
MTR-43495853,H.Naqvi,مکان 147 گلی 7 Gulgasht Multan,28306,Commercial
MTR-62806417,Ehsan Malik,"House 388, Street 27, Peoples Colony, Faisalabad",428157,Commercial
MTR-57118073,S. Naqvi,H#383 St-3 MadinaTown Faisalabad,184889,Domestic
MTR-30681137,Q.Sial,مکان 24 گلی 34 Gulbahar Peshawar,10582,Commercial
MTR-76175302,Usman Baig,"House 267, Street 14, Hayatabad Phase 3, Peshawar",51431,Commercial
MTR-58757590,Luqman Abbasi,"38-21 Shah Rukn-e-Alam, Multan",57072,Domestic
MTR-76089595,G.Sheikh,مکان 261 گلی 36 University Town Peshawar,227176,Domestic
MTR-65200579,Nadia Khattak,"269-17 Bahria Phase 4, Rawalpindi",28041,Domestic
MTR-99419582,Hina Joiya,"176-20 Hayatabad Phase 3, Peshawar",254533,Commercial
MTR-69367996,Danish Khattak,"House 371, Street 8, Wapda Town, Lahore",289203,Domestic
MTR-86617520,A. Sandhu,H#363 St-5 DGround Faisalabad,179228,Domestic
MTR-23515162,K.Mughal,مکان 393 گلی 40 North Nazimabad کراچی,393964,Domestic
MTR-44456864,Zubair ملک,"159-37 Gulbahar, Peshawar",34536,Domestic
MTR-74615662,Z. Kakar,H#207 St-37 Westridge Rawalpindi,363791,Domestic
MTR-87079850,Adnan Warraich,"House 235, Street 27, Cantt, Multan",35122,Commercial
MTR-70955129,S.Shirazi,مکان 344 گلی 39 Chaklala Scheme 3 راولپنڈی,437906,Commercial
MTR-52483577,Irfan خان,"340-8 Model Town, Lahore",43168,Commercial
MTR-43264679,Nasir Bukhari,"279-10 University Town, Peshawar",28609,Commercial
MTR-94417781,F. Tarar,H#111 St-1 Cantt Multan,189730,Commercial
MTR-34838208,U.Naqvi,مکان 173 گلی 8 Wapda Town لاہور,326230,Domestic
MTR-16495595,Syed Mahnoor Kakar,"House No. 140, Gali 3, Wapda Town, Lahore",31291,Domestic
MTR-59698240,Mehwish Cheema,"25-5 Hayatabad Phase 3, Peshawar",449187,Commercial
MTR-53660869,Sardar Saba Shirazi,"House No. 165, Gali 4, B-17, Islamabad",192444,Commercial
MTR-71233627,S. Khattak,H#26 St-24 DHAPhase6 Karachi,16391,Commercial
MTR-11314008,Sufyan Shirazi,"84-4 Model Town, Lahore",166856,Domestic
MTR-17996239,F.Malik,مکان 382 گلی 32 Peoples Colony Faisalabad,205923,Domestic
MTR-30422717,Chaudhary Kamran Kakar,"House No. 12, Gali 26, University Town, Peshawar",11638,Commercial
MTR-43306963,H. Khokhar,H#68 St-21 SatelliteTown Rawalpindi,9052,Domestic
MTR-30935379,Asad Khokhar,"House 238, Street 1, Peoples Colony, Faisalabad",357904,Domestic
MTR-59496650,F. Gondal,H#122 St-33 UniversityTown Peshawar,322465,Domestic
MTR-24320131,K.Siddiqui,مکان 230 گلی 5 Bahria Phase 4 راولپنڈی,231312,Domestic
MTR-42436940,K. Bhatti,H#203 St-19 F-8/3 Islamabad,34072,Commercial
MTR-24505512,Arsalan Joiya,"53-26 Chaklala Scheme 3, Rawalpindi",10498,Commercial
MTR-52051079,Mian Farah Kazmi,"House No. 39, Gali 1, Bahria Phase 4, Rawalpindi",210028,Domestic
MTR-78594524,Asad Afridi,"House 266, Street 27, Chaklala Scheme 3, Rawalpindi",6622,Domestic
MTR-73461593,S. Gondal,H#119 St-35 UniversityTown Peshawar,379055,Commercial
MTR-52724207,Gul Wazir,"398-22 DHA Phase 5, Lahore",41584,Domestic
MTR-97627963,S. Butt,H#18 St-39 UniversityTown Peshawar,228113,Domestic
MTR-83785516,Rana Ayesha Mirza,"House No. 153, Gali 39, Cantt, Multan",404990,Commercial
MTR-93819862,Irfan Gill,"House 385, Street 3, North Nazimabad, Karachi",46593,Domestic
MTR-10160718,T. Virk,H#277 St-12 DHAPhase6 Karachi,20288,Commercial
MTR-19120061,Syed Mehwish Chaudhry,"House No. 340, Gali 30, Gulgasht, Multan",59441,Commercial
MTR-11776605,N.Gilani,مکان 368 گلی 10 North Nazimabad کراچی,15844,Commercial
MTR-42896462,Uzma Rizvi,"1-26 Wapda Town, Lahore",167491,Commercial
MTR-29155472,B.Sandhu,مکان 196 گلی 40 University Town Peshawar,369631,Commercial
MTR-64635319,Zainab Ansari,"House 176, Street 24, Gulbahar, Peshawar",17909,Domestic
MTR-63802059,Haris Awan,"151-12 Wapda Town, Lahore",297663,Domestic
MTR-52733593,Mansoor Gondal,"280-37 Hayatabad Phase 3, Peshawar",24629,Domestic
MTR-87560803,Talha Rizvi,"370-31 University Town, Peshawar",5635,Domestic
MTR-15248849,N.Bukhari,مکان 176 گلی 34 Bahria Phase 4 راولپنڈی,8635,Commercial
MTR-75532361,A.Zaidi,مکان 190 گلی 24 Shah Rukn-e-Alam Multan,6877,Domestic
MTR-66433074,Atif ملک,"388-32 Madina Town, Faisalabad",23687,Domestic
MTR-32871912,G.Kazmi,مکان 39 گلی 8 Gulbahar Peshawar,56025,Domestic
MTR-47930047,K. Janjua,H#45 St-24 DHAPhase5 Lahore,53437,Commercial
MTR-77376943,Chaudhary Asad Bhatti,"House No. 104, Gali 7, University Town, Peshawar",6418,Commercial
MTR-81646483,Yousuf Durrani,"50-16 Gulbahar, Peshawar",47806,Commercial
MTR-20333495,Malik Hina Siddiqui,"House No. 269, Gali 31, Gulgasht, Multan",28339,Commercial
MTR-40350627,S.Janjua,مکان 270 گلی 36 Gulbahar Peshawar,17650,Domestic
MTR-57822113,Qasim Tarar,"House 396, Street 38, I-8/4, Islamabad",226476,Domestic
MTR-85107550,Junaid Awan,"262-22 Gulshan-e-Iqbal, Karachi",220952,Domestic
MTR-39604156,F.Janjua,مکان 167 گلی 21 Satellite Town راولپنڈی,33425,Domestic
MTR-85992959,S.Dar,مکان 218 گلی 36 Gulgasht Multan,47575,Commercial
MTR-73660127,N. Mirza,H#77 St-1 ShahRukn-e-Alam Multan,392151,Domestic
MTR-53752160,N. Chaudhry,H#89 St-35 PeoplesColony Faisalabad,17164,Domestic
MTR-81351034,Uzma خان,"320-6 Shah Rukn-e-Alam, Multan",181093,Commercial
MTR-27125018,Nadeem Hashmi,"House 368, Street 36, Bahria Phase 4, Rawalpindi",51691,Commercial
MTR-70096335,Nasir Naqvi,"341-30 Cantt, Multan",201257,Domestic
MTR-25471328,Ibrahim Zaidi,"House 248, Street 9, Shah Rukn-e-Alam, Multan",21971,Commercial
MTR-32214708,Syed Fatima Kakar,"House No. 380, Gali 30, Gulbahar, Peshawar",51437,Commercial
MTR-10130916,Sadia Ansari,"62-31 Shah Rukn-e-Alam, Multan",44279,Domestic
MTR-99175850,Madiha Durrani,"15-21 Bahria Phase 4, Rawalpindi",7621,Commercial
MTR-43506284,R.Saddozai,مکان 52 گلی 28 DHA Phase 6 کراچی,29432,Domestic
MTR-15191667,Arsalan Mughal,"360-16 Gulberg III, Lahore",235949,Domestic
MTR-83396891,A.Cheema,مکان 296 گلی 32 Gulberg III لاہور,432157,Domestic
MTR-57234643,H.Hashmi,مکان 110 گلی 32 Cantt Multan,26118,Domestic
MTR-25240036,G. Tareen,H#187 St-26 F-8/3 Islamabad,40774,Domestic
MTR-78877267,Nadeem Tareen,"House 311, Street 30, Madina Town, Faisalabad",237637,Domestic
MTR-48779278,عثمان Baig,"155-16 I-8/4, Islamabad",179285,Domestic
MTR-53657313,W. Dar,H#293 St-6 Gulbahar Peshawar,11284,Commercial
MTR-44976629,Amna Tarar,"108-38 Clifton Block 2, Karachi",17024,Domestic
MTR-84449280,L. Kakar,H#46 St-8 Gulgasht Multan,28015,Commercial
MTR-36086229,U. Siddiqui,H#17 St-29 DGround Faisalabad,13070,Commercial
MTR-54122684,N.Saddozai,مکان 19 گلی 19 Cantt Multan,54027,Domestic
MTR-61539837,Bushra Ansari,"House 398, Street 34, Gulshan-e-Iqbal, Karachi",32693,Commercial
MTR-91718218,A.Zaidi,مکان 321 گلی 34 Shah Rukn-e-Alam Multan,199926,Domestic
MTR-61042082,Iqra Mirza,"9-38 DHA Phase 6, Karachi",28772,Domestic
MTR-94367968,Syed Zara Khan,"House No. 367, Gali 37, Hayatabad Phase 3, Peshawar",236844,Commercial
MTR-93910943,Chaudhary Zeeshan Gondal,"House No. 73, Gali 18, Clifton Block 2, Karachi",26496,Commercial
MTR-80600793,Luqman Niazi,"House 109, Street 2, Hayatabad Phase 3, Peshawar",37180,Commercial
MTR-76505483,B. Sial,H#315 St-11 I-8/4 Islamabad,26038,Domestic
MTR-86843713,Rana Sufyan Durrani,"House No. 221, Gali 28, Cantt, Multan",34983,Domestic
MTR-71560611,Y.Sheikh,مکان 316 گلی 24 G-10/2 اسلام آباد,251109,Domestic
MTR-76203853,N.Chaudhry,مکان 303 گلی 23 Model Town لاہور,13088,Domestic
MTR-75077881,Z.Qureshi,مکان 237 گلی 28 Chaklala Scheme 3 راولپنڈی,23448,Domestic
MTR-27066650,F. Siddiqui,H#14 St-27 F-8/3 Islamabad,24352,Commercial
MTR-44653835,Mustafa Mughal,"House 279, Street 1, Clifton Block 2, Karachi",15250,Commercial
MTR-19191117,Noor Qureshi,"House 238, Street 6, DHA Phase 5, Lahore",146798,Domestic
MTR-27791510,بلال Khokhar,"171-6 Cantt, Multan",4762,Domestic
MTR-49574590,Maryam Naqvi,"229-28 Shah Rukn-e-Alam, Multan",49315,Domestic
MTR-39486352,Nadia Khan,"House 344, Street 13, Johar Town, Lahore",16901,Domestic
MTR-38187402,Mansoor Sial,"House 41, Street 23, Hayatabad Phase 3, Peshawar",12355,Domestic
MTR-72685587,علی بٹ,"207-27 I-8/4, Islamabad",173906,Domestic
MTR-21039496,F.Sheikh,مکان 342 گلی 30 North Nazimabad کراچی,288381,Domestic
MTR-39321196,زینب Kakar,"367-37 Peoples Colony, Faisalabad",26222,Domestic
MTR-36927712,S.Ansari,مکان 313 گلی 39 I-8/4 اسلام آباد,6249,Domestic
MTR-24838554,Mian Mansoor Shirazi,"House No. 328, Gali 15, Madina Town, Faisalabad",304483,Domestic
MTR-75254875,Pervez Virk,"384-19 D Ground, Faisalabad",53458,Commercial
MTR-36294400,I. Sheikh,H#293 St-18 NorthNazimabad Karachi,298995,Domestic
MTR-99242793,K. Bangash,H#85 St-28 UniversityTown Peshawar,59890,Domestic
MTR-26401026,Zainab Mughal,"House 211, Street 4, G-10/2, Islamabad",9004,Domestic
MTR-65730429,Tariq Janjua,"House 293, Street 33, Wapda Town, Lahore",10327,Commercial
MTR-92193709,S. Malik,H#258 St-38 Gulgasht Multan,14548,Domestic
MTR-22302665,N.Niazi,مکان 83 گلی 8 Peoples Colony Faisalabad,202864,Commercial
MTR-42945634,A.Sandhu,مکان 277 گلی 12 Clifton Block 2 کراچی,32224,Domestic
MTR-44555636,S. Rajput,H#93 St-13 Cantt Multan,364920,Domestic
MTR-33747952,W.Kazmi,مکان 85 گلی 39 Gulshan-e-Iqbal کراچی,300621,Domestic
MTR-79455882,M. Bukhari,H#341 St-4 ShahRukn-e-Alam Multan,323256,Domestic
MTR-11222996,K.Sial,مکان 219 گلی 3 I-8/4 اسلام آباد,351675,Domestic
MTR-24349717,J. Zaidi,H#171 St-25 PeoplesColony Faisalabad,9087,Domestic
MTR-98444752,F.Khattak,مکان 150 گلی 3 DHA Phase 6 کراچی,59876,Commercial
MTR-14426070,N.Kayani,مکان 14 گلی 18 Madina Town Faisalabad,16832,Commercial
MTR-57551178,Mian Adnan Zaidi,"House No. 198, Gali 10, DHA Phase 5, Lahore",302244,Domestic
MTR-57947404,Z. Awan,H#294 St-15 G-13/1 Islamabad,205215,Domestic
MTR-50879304,Syed Rauf Awan,"House No. 246, Gali 10, Model Town, Lahore",52187,Domestic
MTR-39364667,S. Niazi,H#58 St-38 F-8/3 Islamabad,438078,Domestic
MTR-94556704,Rehan Rajput,"1-22 Shah Rukn-e-Alam, Multan",30238,Domestic
MTR-85954462,Zeeshan Warraich,"85-24 DHA Phase 5, Lahore",54625,Commercial
MTR-46441977,Qasim Bhatti,"House 99, Street 19, Cantt, Multan",10120,Commercial
MTR-79508381,Zafar Saddozai,"65-17 G-13/1, Islamabad",234827,Domestic
MTR-73950670,M.Warraich,مکان 50 گلی 18 DHA Phase 6 کراچی,239601,Commercial
MTR-94275348,S. Bhatti,H#202 St-25 PeoplesColony Faisalabad,336920,Domestic
MTR-59597415,Mian Kinza Bukhari,"House No. 160, Gali 33, North Nazimabad, Karachi",17247,Domestic
MTR-75091955,A.Cheema,مکان 161 گلی 4 Madina Town Faisalabad,400196,Domestic
MTR-34194899,L. Khattak,H#264 St-38 SatelliteTown Rawalpindi,27601,Commercial
MTR-96746347,Malik Muhammad Sheikh,"House No. 336, Gali 37, G-13/1, Islamabad",8020,Domestic
MTR-42132516,A. Sial,H#8 St-20 JoharTown Lahore,4239,Domestic
MTR-70919115,Y.Sandhu,مکان 196 گلی 9 Model Town لاہور,58839,Commercial
MTR-50901860,Mansoor Afridi,"312-23 Wapda Town, Lahore",6768,Commercial
MTR-68968288,Waqas Ansari,"House 78, Street 19, F-8/3, Islamabad",215408,Domestic
MTR-24527112,N.Awan,مکان 314 گلی 5 University Town Peshawar,30028,Domestic
MTR-26150689,Rana Salman Sandhu,"House No. 129, Gali 35, Gulbahar, Peshawar",8754,Commercial
MTR-40629307,Ahmed Qureshi,"House 247, Street 32, North Nazimabad, Karachi",18555,Domestic
MTR-41751724,S. Khan,H#229 St-9 UniversityTown Peshawar,8057,Domestic
MTR-26776283,R.Durrani,مکان 28 گلی 14 F-8/3 اسلام آباد,14801,Commercial
MTR-19632593,J. Sandhu,H#90 St-20 WapdaTown Lahore,54548,Domestic
MTR-97951749,I. Tareen,H#17 St-28 DHAPhase5 Lahore,286468,Domestic
MTR-35141075,Haris چوہدری,"100-10 F-8/3, Islamabad",16524,Commercial
MTR-38369260,Nadia Rizvi,"38-31 DHA Phase 6, Karachi",279134,Commercial
MTR-83226985,U. Kayani,H#17 St-25 JoharTown Lahore,227420,Commercial
MTR-12580320,Syed Sufyan Rajput,"House No. 264, Gali 5, Madina Town, Faisalabad",32944,Domestic
MTR-14588975,N. Kayani,H#273 St-14 CliftonBlock2 Karachi,408312,Domestic
MTR-65550623,Lubna Zaidi,"House 329, Street 21, G-10/2, Islamabad",352539,Commercial
MTR-47923252,فاطمہ Wazir,"377-25 Wapda Town, Lahore",344638,Domestic
MTR-29737115,J. Shirazi,H#162 St-31 I-8/4 Islamabad,32076,Commercial
MTR-36604210,H.Awan,مکان 120 گلی 3 Model Town لاہور,22263,Domestic
MTR-46568802,Malik Shahzad Dar,"House No. 333, Gali 15, Gulbahar, Peshawar",45398,Domestic
MTR-65875659,A.Siddiqui,مکان 282 گلی 32 Gulgasht Multan,40984,Commercial
MTR-11088189,Sana Kazmi,"House 296, Street 36, B-17, Islamabad",46324,Commercial
MTR-94786799,A.Ansari,مکان 2 گلی 2 Bahria Phase 4 راولپنڈی,142767,Domestic
MTR-99397616,Usman Malik,"House 306, Street 36, D Ground, Faisalabad",320376,Domestic
MTR-33722925,U.Sandhu,مکان 148 گلی 4 Clifton Block 2 کراچی,214895,Domestic
MTR-92737428,M. Kazmi,H#248 St-18 HayatabadPhase3 Peshawar,38000,Domestic
MTR-83240534,Mahnoor Bhatti,"51-3 Gulbahar, Peshawar",6178,Domestic
MTR-32524500,Talha خان,"169-38 Gulberg III, Lahore",54182,Domestic
MTR-61442703,Rauf Sial,"217-18 Shah Rukn-e-Alam, Multan",17151,Commercial
MTR-92871113,Mubashir راجہ,"361-15 Cantt, Multan",58356,Domestic
MTR-79490666,M.Bukhari,مکان 241 گلی 3 Wapda Town لاہور,11870,Commercial
MTR-40015184,Rauf Tarar,"House 151, Street 36, Peoples Colony, Faisalabad",389883,Domestic
MTR-28249194,Nasir Mughal,"House 8, Street 34, North Nazimabad, Karachi",307299,Domestic
MTR-98093294,R.Siddiqui,مکان 315 گلی 5 North Nazimabad کراچی,385591,Domestic
MTR-83902307,U.Chaudhry,مکان 194 گلی 2 Madina Town Faisalabad,15948,Domestic
MTR-30980460,Sadia Khan,"House 189, Street 9, Gulbahar, Peshawar",138272,Domestic
MTR-82234661,Syed Ubaid Hashmi,"House No. 362, Gali 6, Gulshan-e-Iqbal, Karachi",378767,Commercial
MTR-29253448,Z.Rizvi,مکان 283 گلی 10 Gulgasht Multan,305775,Commercial
MTR-52801386,W. Abbasi,H#172 St-33 MadinaTown Faisalabad,15439,Commercial
MTR-28919276,N. Durrani,H#68 St-7 GulbergIII Lahore,203207,Domestic
MTR-62518541,Saqib Sial,"House 65, Street 1, Gulbahar, Peshawar",280343,Commercial
MTR-29171573,L. Gilani,H#26 St-5 B-17 Islamabad,18536,Domestic
MTR-33849797,Ubaid Mughal,"House 143, Street 31, Bahria Phase 4, Rawalpindi",430851,Commercial
MTR-35530167,Rana Muhammad Sheikh,"House No. 267, Gali 34, E-11/2, Islamabad",142359,Commercial
MTR-74622961,N.Tarar,مکان 278 گلی 24 E-11/2 اسلام آباد,4537,Commercial
MTR-74461670,Uzma Orakzai,"House 47, Street 8, Hayatabad Phase 3, Peshawar",35522,Domestic
MTR-67458700,Chaudhary Asad Wazir,"House No. 96, Gali 28, I-8/4, Islamabad",6748,Domestic
MTR-45255791,M. Rajput,H#259 St-37 DHAPhase5 Lahore,47566,Commercial
MTR-63431770,R. Naqvi,H#304 St-36 NorthNazimabad Karachi,45067,Domestic
MTR-41168570,Malik Waseem Rajput,"House No. 212, Gali 6, Hayatabad Phase 3, Peshawar",45240,Domestic
MTR-56082095,Maryam Raja,"House 19, Street 17, Satellite Town, Rawalpindi",13459,Domestic
MTR-39306350,Mian Mehwish Warraich,"House No. 36, Gali 30, Bahria Phase 4, Rawalpindi",21772,Domestic
MTR-51841640,Syed Mahnoor Zaidi,"House No. 154, Gali 35, Chaklala Scheme 3, Rawalpindi",53136,Domestic
MTR-18565781,Syed Khalid Afridi,"House No. 208, Gali 9, University Town, Peshawar",31405,Domestic
MTR-72780697,Rana Waseem Bangash,"House No. 185, Gali 29, E-11/2, Islamabad",48610,Domestic
MTR-27328446,Waqas Dar,"House 374, Street 1, Peoples Colony, Faisalabad",30584,Domestic
MTR-30103274,Chaudhary Saba Orakzai,"House No. 342, Gali 39, DHA Phase 5, Lahore",8504,Domestic
MTR-89358613,عائشہ Virk,"352-2 G-13/1, Islamabad",4575,Domestic
MTR-74633956,Luqman Sheikh,"House 91, Street 11, Gulgasht, Multan",42120,Domestic
MTR-89064021,Kinza Raja,"House 1, Street 6, Cantt, Multan",4859,Commercial
MTR-18429397,Ghulam Sheikh,"House 214, Street 4, F-8/3, Islamabad",50002,Commercial
MTR-24400694,Haji Farhan Khattak,"House No. 302, Gali 17, Gulgasht, Multan",288153,Domestic
MTR-55878515,A. Qureshi,H#361 St-13 UniversityTown Peshawar,331290,Commercial
MTR-27680042,U.Malik,مکان 25 گلی 1 Satellite Town راولپنڈی,10801,Commercial
MTR-98076074,Chaudhary Noman Orakzai,"House No. 2, Gali 18, Peoples Colony, Faisalabad",345524,Domestic
MTR-35030082,Malik Mehwish Orakzai,"House No. 33, Gali 5, University Town, Peshawar",5472,Commercial
MTR-57822937,M.Yousafzai,مکان 178 گلی 16 Chaklala Scheme 3 راولپنڈی,54107,Commercial
MTR-40965791,F.Butt,مکان 250 گلی 37 E-11/2 اسلام آباد,183535,Domestic
MTR-90466999,Malik Ayesha Lodhi,"House No. 65, Gali 14, Gulgasht, Multan",416606,Commercial
MTR-58337015,Ali Khan,"House 235, Street 25, North Nazimabad, Karachi",27901,Commercial
MTR-80735987,Ahmed Chaudhry,"House 195, Street 21, DHA Phase 6, Karachi",58624,Domestic
MTR-36351828,Malik Maryam Kayani,"House No. 322, Gali 12, Satellite Town, Rawalpindi",20976,Domestic
MTR-89431862,K.Khan,مکان 293 گلی 3 Cantt Multan,46799,Domestic
MTR-41315414,Fatima Kayani,"House 78, Street 8, Satellite Town, Rawalpindi",46298,Domestic
MTR-17974966,M.Khan,مکان 234 گلی 22 Gulberg III لاہور,12695,Domestic
MTR-10706205,Salman Mughal,"House 304, Street 28, D Ground, Faisalabad",41389,Domestic
MTR-47745793,Pervez Wazir,"House 5, Street 10, Hayatabad Phase 3, Peshawar",18210,Commercial
MTR-79798629,W. Khokhar,H#306 St-9 B-17 Islamabad,6561,Commercial
MTR-48241391,S. Bangash,H#4 St-12 Gulbahar Peshawar,312050,Domestic
MTR-74045238,Fahad Kazmi,"House 275, Street 24, DHA Phase 6, Karachi",220853,Domestic
MTR-33620771,J. Rajput,H#196 St-36 SatelliteTown Rawalpindi,6252,Commercial
MTR-28465630,M. Tareen,H#310 St-14 Gulbahar Peshawar,6963,Domestic
MTR-37885600,K. Rajput,H#170 St-20 ChaklalaScheme3 Rawalpindi,35532,Domestic
MTR-34801211,Waqas خان,"283-14 F-8/3, Islamabad",10259,Domestic
MTR-92266588,Malik Naveed Wazir,"House No. 130, Gali 6, Satellite Town, Rawalpindi",196326,Domestic
MTR-54156790,H. Saddozai,H#216 St-24 G-10/2 Islamabad,33127,Commercial
MTR-85134564,S. Saddozai,H#19 St-14 F-8/3 Islamabad,11083,Commercial
MTR-53483604,Madiha Joiya,"House 66, Street 7, Gulshan-e-Iqbal, Karachi",12829,Commercial
MTR-66837017,Ayesha Raja,"House 25, Street 27, Gulshan-e-Iqbal, Karachi",393231,Domestic
MTR-94753865,F. Bangash,H#119 St-29 Gulbahar Peshawar,5548,Domestic
MTR-29372444,Sardar Mehwish Rizvi,"House No. 394, Gali 5, Bahria Phase 4, Rawalpindi",242218,Commercial
MTR-70801845,Y.Niazi,مکان 82 گلی 38 Clifton Block 2 کراچی,53574,Domestic
MTR-17548033,Malik Kamran Yousafzai,"House No. 84, Gali 10, North Nazimabad, Karachi",338509,Commercial
MTR-19203076,Chaudhary Ayesha Sheikh,"House No. 286, Gali 24, Model Town, Lahore",53650,Domestic
MTR-27971580,A.Raja,مکان 202 گلی 24 D Ground Faisalabad,44196,Domestic
MTR-32571433,Mubashir Khattak,"221-26 E-11/2, Islamabad",22937,Domestic
MTR-47347669,Hamza Raja,"House 131, Street 14, Johar Town, Lahore",189449,Domestic
MTR-76500179,S. Mehsud,H#348 St-33 SatelliteTown Rawalpindi,299309,Domestic
MTR-35010572,Hafsa Yousafzai,"319-27 B-17, Islamabad",18357,Commercial
MTR-54479534,Nadeem Gondal,"123-9 Chaklala Scheme 3, Rawalpindi",189532,Domestic
MTR-66279011,Sardar Shoaib Janjua,"House No. 18, Gali 16, Johar Town, Lahore",333198,Commercial
MTR-71978681,H. Sandhu,H#190 St-30 ShahRukn-e-Alam Multan,37505,Commercial
MTR-83387785,N.Bukhari,مکان 138 گلی 22 Gulgasht Multan,43280,Commercial
MTR-20986325,S. Warraich,H#33 St-28 NorthNazimabad Karachi,42090,Domestic
MTR-62590888,Talha Tareen,"166-24 DHA Phase 6, Karachi",4203,Domestic
MTR-92896196,Haji Irfan Sheikh,"House No. 334, Gali 35, Shah Rukn-e-Alam, Multan",15872,Domestic
MTR-36670848,M.Kakar,مکان 110 گلی 4 Gulberg III لاہور,159838,Commercial
MTR-11399891,Asad Mehsud,"House 274, Street 8, G-10/2, Islamabad",22419,Domestic
MTR-78711219,Tariq Sandhu,"House 229, Street 6, Gulgasht, Multan",54555,Domestic
MTR-50073971,Saad Sial,"House 133, Street 18, Madina Town, Faisalabad",38467,Domestic
MTR-32032704,Uzma Mehsud,"271-27 B-17, Islamabad",191684,Domestic
MTR-73238682,Sardar Amna Sial,"House No. 209, Gali 13, Gulshan-e-Iqbal, Karachi",19352,Domestic
MTR-40854282,Haji Uzma Butt,"House No. 359, Gali 23, Gulbahar, Peshawar",14726,Domestic
MTR-44509181,A.Khattak,مکان 24 گلی 3 D Ground Faisalabad,45149,Domestic
MTR-98623720,Kamran Niazi,"House 238, Street 13, Chaklala Scheme 3, Rawalpindi",57899,Domestic
MTR-27998055,Farhan Bangash,"House 91, Street 2, Westridge, Rawalpindi",47297,Domestic
MTR-37389247,Mehwish Gill,"350-14 Gulbahar, Peshawar",220630,Domestic
MTR-64528455,H.Rajput,مکان 26 گلی 36 Clifton Block 2 کراچی,54655,Domestic
MTR-29774373,Hamza Tareen,"House 103, Street 25, Peoples Colony, Faisalabad",31987,Domestic
MTR-90969140,Lubna Tareen,"133-26 Wapda Town, Lahore",14771,Domestic
MTR-11122042,Rashid Dar,"House 73, Street 11, Bahria Phase 4, Rawalpindi",46444,Domestic
MTR-99177346,Malik Farhan Zaidi,"House No. 290, Gali 10, Gulgasht, Multan",22226,Domestic
MTR-41749826,Sardar Nimra Cheema,"House No. 336, Gali 4, Chaklala Scheme 3, Rawalpindi",35391,Commercial
MTR-94157626,D. Zaidi,H#335 St-36 DHAPhase5 Lahore,46065,Commercial
MTR-28368311,Kamran Sandhu,"369-18 E-11/2, Islamabad",155775,Domestic
MTR-83764275,Rabia Wazir,"House 370, Street 25, G-13/1, Islamabad",173706,Domestic
MTR-87073529,T. Sheikh,H#71 St-2 CliftonBlock2 Karachi,152625,Domestic
MTR-18846123,Z.Awan,مکان 46 گلی 10 Gulgasht Multan,47096,Domestic
MTR-60978383,M. Rajput,H#309 St-12 SatelliteTown Rawalpindi,3323,Domestic
MTR-33933362,Haji Ehsan Orakzai,"House No. 274, Gali 40, D Ground, Faisalabad",44032,Domestic
MTR-91158402,Malik Saba Mehsud,"House No. 355, Gali 20, D Ground, Faisalabad",12918,Domestic
MTR-13142978,Mian Owais Baig,"House No. 345, Gali 38, G-13/1, Islamabad",37585,Domestic
MTR-79888085,Mian Hamza Bukhari,"House No. 13, Gali 23, I-8/4, Islamabad",217146,Domestic
MTR-61956413,I. Rajput,H#26 St-1 B-17 Islamabad,30075,Domestic
MTR-18763692,Anas Warraich,"House 230, Street 38, Wapda Town, Lahore",7947,Commercial
MTR-76939759,Farhan Sial,"House 132, Street 22, Cantt, Multan",15806,Commercial
MTR-71963970,Y. Baig,H#379 St-25 G-13/1 Islamabad,26184,Commercial
MTR-37671752,Malik Sufyan Raja,"House No. 290, Gali 23, B-17, Islamabad",36994,Domestic
MTR-10415005,Mian Javeria Sandhu,"House No. 369, Gali 1, Madina Town, Faisalabad",36894,Commercial
MTR-98433300,Mehwish Warraich,"House 212, Street 28, Gulberg III, Lahore",12483,Domestic
MTR-78814754,S. Niazi,H#38 St-20 ShahRukn-e-Alam Multan,13569,Commercial
MTR-57297237,Yasir Tareen,"362-17 Peoples Colony, Faisalabad",21516,Domestic
MTR-32377620,Obaid Kayani,"389-36 G-13/1, Islamabad",380522,Domestic
MTR-33103553,Shahzad Shirazi,"House 371, Street 14, Shah Rukn-e-Alam, Multan",4292,Commercial
MTR-46218982,Malik Zeeshan Janjua,"House No. 5, Gali 37, Satellite Town, Rawalpindi",49751,Domestic
MTR-48480037,Sardar Usman Rajput,"House No. 266, Gali 23, Gulberg III, Lahore",59167,Domestic
MTR-74237618,S. Butt,H#22 St-20 SatelliteTown Rawalpindi,48913,Commercial
MTR-75090596,Rashid Durrani,"House 291, Street 4, Peoples Colony, Faisalabad",25554,Domestic
MTR-81761391,Noman Durrani,"171-26 University Town, Peshawar",25756,Commercial
MTR-41735390,Saba Mehsud,"House 2, Street 36, University Town, Peshawar",57212,Commercial
MTR-22859094,Sadia Niazi,"House 357, Street 21, Chaklala Scheme 3, Rawalpindi",41944,Commercial
MTR-45945798,Mian Bilal Dar,"House No. 98, Gali 27, Johar Town, Lahore",30964,Domestic
MTR-86821343,Zubair Ansari,"107-7 Model Town, Lahore",222556,Commercial
MTR-57177667,S.Bangash,مکان 292 گلی 18 Cantt Multan,9282,Commercial
MTR-53566685,S. Khattak,H#225 St-19 ShahRukn-e-Alam Multan,12024,Commercial
MTR-34666962,Waseem Sial,"House 93, Street 29, Gulshan-e-Iqbal, Karachi",21224,Commercial
MTR-21391341,Nimra Gondal,"House 9, Street 9, F-8/3, Islamabad",33374,Domestic
MTR-62266381,D. Malik,H#130 St-27 BahriaPhase4 Rawalpindi,269247,Domestic
MTR-60872376,Ubaid Sandhu,"225-28 Hayatabad Phase 3, Peshawar",15957,Domestic
MTR-73045373,Haji Mustafa Mughal,"House No. 111, Gali 18, Satellite Town, Rawalpindi",55095,Domestic
MTR-57782706,Rana Imran Joiya,"House No. 212, Gali 17, Gulbahar, Peshawar",228991,Domestic
MTR-49644096,Rana Atif Kayani,"House No. 319, Gali 39, Clifton Block 2, Karachi",42013,Commercial
MTR-66989263,Sardar Maryam Joiya,"House No. 323, Gali 10, Westridge, Rawalpindi",28505,Domestic
MTR-75445878,K.Orakzai,مکان 202 گلی 35 Model Town لاہور,284324,Commercial
MTR-69699745,H.Naqvi,مکان 121 گلی 23 Clifton Block 2 کراچی,11986,Commercial
MTR-89171958,Ubaid شیخ,"150-3 University Town, Peshawar",23832,Domestic
MTR-80649851,Javeria Gill,"House 377, Street 8, Chaklala Scheme 3, Rawalpindi",24052,Commercial
MTR-46530021,L. Saddozai,H#113 St-36 JoharTown Lahore,29952,Domestic
MTR-67361213,Adnan Abbasi,"House 91, Street 25, E-11/2, Islamabad",9483,Domestic
MTR-15488617,Fatima Shirazi,"House 7, Street 18, Madina Town, Faisalabad",7325,Domestic
MTR-68836922,H.Virk,مکان 351 گلی 23 Gulbahar Peshawar,13197,Domestic
MTR-18940797,Malik Anas Kayani,"House No. 94, Gali 26, D Ground, Faisalabad",390935,Commercial
MTR-42405969,S.Ansari,مکان 243 گلی 21 North Nazimabad کراچی,29459,Commercial
MTR-61637746,Malik Tariq Warraich,"House No. 43, Gali 10, Wapda Town, Lahore",18309,Commercial
MTR-57194515,A.Bukhari,مکان 37 گلی 21 DHA Phase 5 لاہور,279643,Domestic
MTR-92999429,D.Sial,مکان 343 گلی 10 Westridge راولپنڈی,9709,Domestic
MTR-59616685,عثمان Sial,"172-17 Clifton Block 2, Karachi",151446,Commercial
MTR-46758609,U. Dar,H#115 St-35 Cantt Multan,207802,Domestic
MTR-46215686,Lubna Mughal,"House 43, Street 12, B-17, Islamabad",15330,Commercial
MTR-80924181,Chaudhary Mubashir Khan,"House No. 57, Gali 34, G-13/1, Islamabad",42830,Domestic
MTR-26426126,N.Mehsud,مکان 199 گلی 12 G-10/2 اسلام آباد,369510,Domestic
MTR-30719741,S.Naqvi,مکان 327 گلی 26 Model Town لاہور,50804,Domestic
MTR-71277836,Noor Awan,"338-12 Chaklala Scheme 3, Rawalpindi",12481,Domestic
MTR-92277792,Fahad Mirza,"House 262, Street 37, Shah Rukn-e-Alam, Multan",300442,Commercial
MTR-84005658,O. Bukhari,H#314 St-18 DGround Faisalabad,40136,Domestic
MTR-23878248,F. Saddozai,H#30 St-15 PeoplesColony Faisalabad,250131,Commercial
MTR-97650227,Chaudhary Lubna Khan,"House No. 179, Gali 13, G-10/2, Islamabad",137354,Commercial
MTR-25810357,Malik Zeeshan Khan,"House No. 168, Gali 12, DHA Phase 5, Lahore",282849,Commercial
MTR-10948563,Rana Ghulam Zaidi,"House No. 214, Gali 40, Cantt, Multan",162160,Domestic
MTR-99794227,Kinza Sial,"House 388, Street 28, Westridge, Rawalpindi",9786,Domestic
MTR-29097063,Rana Ayesha Yousafzai,"House No. 110, Gali 31, DHA Phase 6, Karachi",436326,Commercial
MTR-73639004,S.Warraich,مکان 127 گلی 28 Clifton Block 2 کراچی,6663,Commercial
MTR-25581085,Rana Adnan Wazir,"House No. 103, Gali 15, Peoples Colony, Faisalabad",339822,Domestic
MTR-49555245,Rida Gondal,"House 237, Street 39, Johar Town, Lahore",197001,Domestic
MTR-93251842,Nasir Rajput,"49-3 North Nazimabad, Karachi",204991,Domestic
MTR-36743833,Zara Lodhi,"319-9 Satellite Town, Rawalpindi",30851,Domestic
MTR-91423269,J. Siddiqui,H#215 St-38 WapdaTown Lahore,334581,Domestic
MTR-92660935,Syed Madiha Durrani,"House No. 193, Gali 24, Westridge, Rawalpindi",288326,Domestic
MTR-84601840,Naveed Bhatti,"House 158, Street 40, DHA Phase 6, Karachi",52161,Commercial
MTR-61378273,F.Sial,مکان 5 گلی 29 Gulgasht Multan,26584,Domestic
MTR-12635603,Rashid Tareen,"House 217, Street 38, Madina Town, Faisalabad",273850,Commercial
MTR-73914650,Rana Nadia Khan,"House No. 235, Gali 20, D Ground, Faisalabad",177470,Commercial
MTR-18318441,N.Lodhi,مکان 100 گلی 39 G-13/1 اسلام آباد,378278,Domestic
MTR-89011887,U. Naqvi,H#106 St-26 ShahRukn-e-Alam Multan,5989,Domestic
MTR-46064199,Khadija Rizvi,"House 149, Street 21, I-8/4, Islamabad",261882,Commercial
MTR-93687772,A. Bhatti,H#17 St-11 SatelliteTown Rawalpindi,29209,Domestic
MTR-60629453,Sadia Shirazi,"279-12 G-10/2, Islamabad",353939,Domestic
MTR-27180035,Muhammad Zaidi,"House 285, Street 13, D Ground, Faisalabad",434369,Domestic
MTR-84052922,N.Shirazi,مکان 135 گلی 7 Shah Rukn-e-Alam Multan,45886,Domestic
MTR-87634074,J.Khan,مکان 109 گلی 3 G-10/2 اسلام آباد,274041,Commercial
MTR-78415419,U. Dar,H#199 St-19 I-8/4 Islamabad,54509,Commercial
MTR-12676883,Syed Zainab Wazir,"House No. 222, Gali 29, University Town, Peshawar",10216,Commercial
MTR-39417251,Z.Siddiqui,مکان 83 گلی 27 Madina Town Faisalabad,17596,Domestic
MTR-74264687,Jawad Orakzai,"House 119, Street 18, G-10/2, Islamabad",380867,Domestic
MTR-61246054,Haji Zafar Lodhi,"House No. 217, Gali 36, Shah Rukn-e-Alam, Multan",4561,Domestic
MTR-65130654,Sardar Rashid Kakar,"House No. 166, Gali 23, Satellite Town, Rawalpindi",55473,Domestic
MTR-56081823,Syed Saad Ansari,"House No. 64, Gali 39, Hayatabad Phase 3, Peshawar",3174,Commercial
MTR-33159120,A. Sandhu,H#308 St-28 PeoplesColony Faisalabad,260169,Commercial
MTR-82247437,Muhammad Hashmi,"House 71, Street 19, Hayatabad Phase 3, Peshawar",32214,Domestic
MTR-83462300,Muhammad Saddozai,"House 66, Street 12, Westridge, Rawalpindi",8316,Commercial
MTR-79451102,Madiha Mehsud,"167-11 Wapda Town, Lahore",417516,Domestic
MTR-46271309,M.Bhatti,مکان 60 گلی 33 E-11/2 اسلام آباد,20295,Commercial
MTR-68639885,عمران Cheema,"327-4 G-13/1, Islamabad",290261,Commercial
MTR-16914333,Sajid Rajput,"House 327, Street 14, Chaklala Scheme 3, Rawalpindi",4359,Commercial
MTR-52531343,Rana Hussain Cheema,"House No. 262, Gali 35, Westridge, Rawalpindi",142954,Domestic
MTR-76897617,T.Chaudhry,مکان 123 گلی 34 Cantt Multan,200091,Commercial
MTR-25298374,M. Ansari,H#35 St-23 Gulbahar Peshawar,36965,Domestic
MTR-30744679,T.Bhatti,مکان 161 گلی 12 Cantt Multan,42886,Domestic
MTR-61479574,A. Durrani,H#263 St-4 Westridge Rawalpindi,129114,Domestic
MTR-40293903,Umar Mirza,"House 255, Street 6, Model Town, Lahore",222717,Domestic
MTR-95605862,Owais Gondal,"House 70, Street 38, Westridge, Rawalpindi",230947,Commercial
MTR-63278126,Malik Ehsan Sheikh,"House No. 295, Gali 38, D Ground, Faisalabad",352307,Commercial
MTR-97744957,E. Rajput,H#273 St-15 SatelliteTown Rawalpindi,31492,Domestic
MTR-79966564,Bushra Naqvi,"88-19 Gulberg III, Lahore",45078,Domestic
MTR-47811709,K. Sandhu,H#288 St-24 DHAPhase6 Karachi,52148,Domestic
MTR-69925917,Mahnoor شیخ,"37-29 Bahria Phase 4, Rawalpindi",15175,Domestic
MTR-38290570,T. Shirazi,H#42 St-30 UniversityTown Peshawar,6700,Domestic
MTR-47432185,B.Qureshi,مکان 106 گلی 28 University Town Peshawar,7134,Domestic
MTR-59757312,T. Ansari,H#327 St-2 Cantt Multan,15204,Commercial
MTR-48722148,F.Kakar,مکان 126 گلی 40 G-13/1 اسلام آباد,8914,Domestic
MTR-65938369,Amna Khan,"House 378, Street 40, Hayatabad Phase 3, Peshawar",317201,Domestic
MTR-94990861,Rana Jawad Bhatti,"House No. 217, Gali 38, Westridge, Rawalpindi",391878,Commercial
MTR-73390015,A.Rizvi,مکان 387 گلی 30 Hayatabad Phase 3 Peshawar,323077,Domestic
MTR-72371941,Hamza Gilani,"House 6, Street 16, Satellite Town, Rawalpindi",21901,Commercial
MTR-96264459,Farhan Siddiqui,"22-37 Westridge, Rawalpindi",16067,Domestic
MTR-44701829,Kamran Cheema,"255-14 Gulgasht, Multan",37502,Domestic
MTR-87426370,Rana Saba Cheema,"House No. 385, Gali 28, Madina Town, Faisalabad",378336,Domestic
MTR-78526709,Sardar Luqman Virk,"House No. 291, Gali 12, Westridge, Rawalpindi",34282,Domestic
MTR-94463523,Mansoor Mehsud,"House 338, Street 9, Peoples Colony, Faisalabad",37006,Commercial
MTR-84844417,Khalid Kayani,"House 361, Street 27, DHA Phase 5, Lahore",16593,Domestic
MTR-52383842,Atif Afridi,"House 275, Street 20, Chaklala Scheme 3, Rawalpindi",6948,Domestic
MTR-11238262,Chaudhary Umar Wazir,"House No. 1, Gali 9, D Ground, Faisalabad",20976,Domestic
MTR-62118392,Mahnoor Bhatti,"12-37 Hayatabad Phase 3, Peshawar",197780,Domestic
MTR-16717346,J.Tareen,مکان 311 گلی 1 Gulbahar Peshawar,239493,Domestic
MTR-93045677,Mehwish Kazmi,"164-23 Gulshan-e-Iqbal, Karachi",347813,Domestic
MTR-16513553,M.Siddiqui,مکان 101 گلی 2 Gulshan-e-Iqbal کراچی,7672,Domestic
MTR-31361321,Noor Kakar,"House 104, Street 20, Hayatabad Phase 3, Peshawar",14470,Domestic
MTR-62955628,A. Dar,H#227 St-23 MadinaTown Faisalabad,152827,Commercial
MTR-47700161,U.Kazmi,مکان 215 گلی 2 Gulbahar Peshawar,52341,Domestic
MTR-29120786,J.Butt,مکان 336 گلی 11 DHA Phase 5 لاہور,304473,Domestic
MTR-77590546,Naveed خان,"34-2 Gulberg III, Lahore",315320,Domestic
MTR-49816604,S. Sandhu,H#283 St-5 HayatabadPhase3 Peshawar,325175,Commercial
MTR-59007774,R. Tareen,H#239 St-2 WapdaTown Lahore,321022,Commercial
MTR-39760777,Mian Noman Ansari,"House No. 41, Gali 32, Chaklala Scheme 3, Rawalpindi",57672,Commercial
MTR-29239938,Saad Tarar,"274-40 G-10/2, Islamabad",18594,Commercial
MTR-64672928,Z.Orakzai,مکان 26 گلی 31 DHA Phase 6 کراچی,163558,Commercial
MTR-91532275,Adnan Kakar,"305-22 G-10/2, Islamabad",30180,Domestic
MTR-38266007,H.Tarar,مکان 16 گلی 1 D Ground Faisalabad,32455,Domestic
MTR-98716606,Zeeshan Hashmi,"171-37 Bahria Phase 4, Rawalpindi",270739,Commercial
MTR-49610713,حسین Khattak,"83-6 DHA Phase 6, Karachi",25373,Domestic
MTR-20911507,Y.Chaudhry,مکان 254 گلی 10 Shah Rukn-e-Alam Multan,45796,Domestic
MTR-57110714,Obaid Siddiqui,"House 292, Street 11, Clifton Block 2, Karachi",393085,Domestic
MTR-58671129,Yasir Tarar,"House 116, Street 20, F-8/3, Islamabad",48103,Domestic
MTR-77447021,احمد Abbasi,"110-38 Johar Town, Lahore",14791,Domestic
MTR-33255537,R.Malik,مکان 157 گلی 29 Madina Town Faisalabad,52744,Domestic
MTR-54463732,P. Khattak,H#162 St-7 ShahRukn-e-Alam Multan,23927,Commercial
MTR-20260135,Khalid Butt,"House 55, Street 37, Satellite Town, Rawalpindi",7000,Commercial
MTR-17154872,Nasir Tareen,"House 376, Street 39, Shah Rukn-e-Alam, Multan",322687,Domestic
MTR-22242273,Nadeem Malik,"House 119, Street 29, D Ground, Faisalabad",56158,Domestic
MTR-80589783,Nimra Gilani,"House 224, Street 20, Satellite Town, Rawalpindi",254267,Domestic
MTR-91371863,M. Shirazi,H#66 St-13 Gulgasht Multan,42750,Domestic
MTR-89550375,S.Joiya,مکان 81 گلی 8 G-13/1 اسلام آباد,32077,Domestic
MTR-18107545,Talha Abbasi,"87-5 Cantt, Multan",17443,Commercial
MTR-87065058,احمد Gill,"107-14 DHA Phase 5, Lahore",246809,Commercial
MTR-33322984,Syed Yasir Mirza,"House No. 207, Gali 30, Gulgasht, Multan",58688,Commercial
MTR-61216213,Hamza Kayani,"House 2, Street 2, E-11/2, Islamabad",10314,Domestic
MTR-57911571,A.Janjua,مکان 104 گلی 30 Westridge راولپنڈی,300844,Domestic
MTR-73629207,Ahmed Rizvi,"House 173, Street 20, Gulbahar, Peshawar",15556,Domestic
MTR-55193367,Y.Butt,مکان 306 گلی 38 G-10/2 اسلام آباد,222897,Domestic
MTR-93599023,N.Janjua,مکان 50 گلی 34 Clifton Block 2 کراچی,335907,Commercial
MTR-18945324,K.Sandhu,مکان 391 گلی 16 Chaklala Scheme 3 راولپنڈی,153493,Domestic
MTR-48572183,Sardar Amna Shirazi,"House No. 146, Gali 38, Madina Town, Faisalabad",45121,Commercial
MTR-36655076,Z.Sheikh,مکان 137 گلی 2 Peoples Colony Faisalabad,210064,Domestic
MTR-23780909,عائشہ چوہدری,"353-21 Gulshan-e-Iqbal, Karachi",249640,Domestic
MTR-99977543,Haji Sadia Orakzai,"House No. 282, Gali 8, DHA Phase 5, Lahore",8730,Domestic
MTR-47368212,R.Malik,مکان 59 گلی 3 Model Town لاہور,47837,Domestic
MTR-68980412,Obaid Malik,"House 66, Street 36, G-10/2, Islamabad",23964,Domestic
MTR-33541825,N.Saddozai,مکان 66 گلی 37 Bahria Phase 4 راولپنڈی,56252,Commercial
MTR-82820442,M. Bangash,H#255 St-28 DHAPhase5 Lahore,15259,Domestic
MTR-34714123,Syed Owais Virk,"House No. 157, Gali 12, Cantt, Multan",3031,Domestic
MTR-36491642,L.Malik,مکان 46 گلی 22 G-13/1 اسلام آباد,428754,Domestic
MTR-59264953,Maryam Mughal,"388-7 Chaklala Scheme 3, Rawalpindi",316908,Domestic
MTR-36347043,F.Warraich,مکان 361 گلی 25 University Town Peshawar,34973,Domestic
MTR-62221463,Nimra Joiya,"262-18 North Nazimabad, Karachi",3092,Domestic
MTR-47252251,W.Bukhari,مکان 107 گلی 24 B-17 اسلام آباد,6060,Domestic
MTR-62434504,Sardar Ayesha Gilani,"House No. 75, Gali 9, Gulshan-e-Iqbal, Karachi",24232,Domestic
MTR-89061996,Chaudhary Noor Tarar,"House No. 281, Gali 10, Shah Rukn-e-Alam, Multan",11649,Commercial
MTR-57729283,K. Shirazi,H#84 St-23 ShahRukn-e-Alam Multan,7174,Domestic
MTR-49907228,J.Lodhi,مکان 330 گلی 6 University Town Peshawar,197933,Commercial
MTR-11870156,H.Abbasi,مکان 2 گلی 28 DHA Phase 6 کراچی,272775,Domestic
MTR-49808339,Ayesha Kazmi,"House 371, Street 5, Hayatabad Phase 3, Peshawar",11053,Domestic
MTR-73572499,A.Warraich,مکان 397 گلی 2 Gulshan-e-Iqbal کراچی,42946,Domestic
MTR-57034011,Malik Jawad Niazi,"House No. 43, Gali 12, Chaklala Scheme 3, Rawalpindi",146272,Domestic
MTR-33365221,Rana Mehwish Saddozai,"House No. 3, Gali 16, Madina Town, Faisalabad",402887,Commercial
MTR-34706443,B.Sheikh,مکان 32 گلی 13 Bahria Phase 4 راولپنڈی,17115,Domestic
MTR-31080484,L. Sheikh,H#142 St-3 G-10/2 Islamabad,12811,Domestic
MTR-22243745,A.Tareen,مکان 383 گلی 7 Shah Rukn-e-Alam Multan,12832,Domestic
MTR-28131995,S. Tareen,H#390 St-23 DHAPhase6 Karachi,38855,Domestic
MTR-33302626,Tooba Khokhar,"House 169, Street 24, Gulbahar, Peshawar",7149,Commercial
MTR-72738544,Shoaib Cheema,"House 362, Street 8, Peoples Colony, Faisalabad",385366,Domestic
MTR-69989489,Asad Sial,"354-33 G-13/1, Islamabad",26459,Domestic
MTR-17164613,Gul Shirazi,"325-25 Gulbahar, Peshawar",209154,Domestic
MTR-72162370,Ehsan Gondal,"215-36 E-11/2, Islamabad",289238,Commercial
MTR-46380619,Noor Bangash,"181-30 Madina Town, Faisalabad",246464,Domestic
MTR-22243452,Sardar Umar Kakar,"House No. 203, Gali 12, Bahria Phase 4, Rawalpindi",24099,Domestic
MTR-37542144,L.Wazir,مکان 283 گلی 23 University Town Peshawar,382452,Domestic
MTR-93660303,Sufyan Mehsud,"34-28 Shah Rukn-e-Alam, Multan",9115,Domestic
MTR-43485419,Chaudhary Kinza Saddozai,"House No. 165, Gali 4, Satellite Town, Rawalpindi",18304,Commercial
MTR-31837141,Zafar خان,"187-3 Bahria Phase 4, Rawalpindi",4955,Domestic
MTR-29094956,N. Rizvi,H#296 St-9 HayatabadPhase3 Peshawar,52612,Commercial
MTR-64582806,A.Niazi,مکان 218 گلی 39 B-17 اسلام آباد,51448,Commercial
MTR-36970702,Farah Yousafzai,"House 120, Street 20, University Town, Peshawar",34585,Domestic
MTR-26272909,Waseem Hashmi,"House 394, Street 10, Gulshan-e-Iqbal, Karachi",59471,Domestic
MTR-33241740,S.Cheema,مکان 71 گلی 35 DHA Phase 5 لاہور,5050,Domestic
MTR-72608315,D. Bukhari,H#255 St-33 WapdaTown Lahore,21907,Domestic
MTR-58120474,F. Shirazi,H#117 St-25 DHAPhase6 Karachi,186132,Domestic
MTR-77604789,J.Kakar,مکان 396 گلی 30 Model Town لاہور,15278,Domestic
MTR-86334201,Rana Hassan Khokhar,"House No. 257, Gali 30, Satellite Town, Rawalpindi",10897,Domestic
MTR-66540635,H. Malik,H#227 St-19 HayatabadPhase3 Peshawar,388996,Commercial
MTR-50699152,L.Sheikh,مکان 171 گلی 17 Bahria Phase 4 راولپنڈی,14433,Domestic
MTR-86509718,Hafsa Dar,"35-14 Westridge, Rawalpindi",230136,Domestic
MTR-56322758,Ghulam Shirazi,"271-28 Bahria Phase 4, Rawalpindi",15172,Commercial
MTR-81418194,Syed Nadeem Naqvi,"House No. 303, Gali 15, Madina Town, Faisalabad",4770,Commercial
MTR-38267065,M. Gill,H#352 St-34 HayatabadPhase3 Peshawar,354463,Domestic
MTR-45477028,Chaudhary Tariq Bhatti,"House No. 220, Gali 17, Madina Town, Faisalabad",314002,Domestic
MTR-49160298,T.Sheikh,مکان 257 گلی 39 Shah Rukn-e-Alam Multan,33967,Domestic
MTR-28405086,S.Khokhar,مکان 93 گلی 4 Cantt Multan,57882,Domestic
MTR-26855814,W. Sandhu,H#219 St-39 ShahRukn-e-Alam Multan,45553,Domestic
MTR-88472202,Waqas Yousafzai,"House 59, Street 19, Madina Town, Faisalabad",257583,Commercial
MTR-60754066,J. Ansari,H#297 St-1 E-11/2 Islamabad,26042,Commercial
MTR-77659371,Malik Obaid Gilani,"House No. 8, Gali 7, Gulbahar, Peshawar",328326,Commercial
MTR-74677370,عمران Sial,"37-29 Peoples Colony, Faisalabad",167049,Domestic
MTR-62445411,T. Kayani,H#296 St-15 ModelTown Lahore,49584,Domestic
MTR-21936735,R.Janjua,مکان 277 گلی 15 Peoples Colony Faisalabad,56662,Domestic
MTR-39350837,Farhan Yousafzai,"House 282, Street 21, Gulgasht, Multan",424274,Commercial
MTR-53256939,K. Mughal,H#93 St-35 UniversityTown Peshawar,20070,Domestic
MTR-11368069,Mubashir Kakar,"31-9 Madina Town, Faisalabad",249460,Domestic
MTR-46720284,Ali Joiya,"House 259, Street 35, Cantt, Multan",409822,Commercial
MTR-53623489,A. Mughal,H#6 St-7 G-13/1 Islamabad,37476,Domestic
MTR-74080432,Malik Jawad Kakar,"House No. 122, Gali 40, University Town, Peshawar",238028,Commercial
MTR-22443638,Rana Khadija Gondal,"House No. 179, Gali 13, Bahria Phase 4, Rawalpindi",4443,Commercial
MTR-31105796,Malik Ghulam Chaudhry,"House No. 192, Gali 22, F-8/3, Islamabad",4103,Domestic
MTR-91191452,E.Mirza,مکان 116 گلی 26 DHA Phase 5 لاہور,4113,Domestic
MTR-54784619,Umar Tareen,"99-11 Hayatabad Phase 3, Peshawar",273921,Commercial
MTR-18627930,M.Malik,مکان 383 گلی 35 Wapda Town لاہور,8139,Commercial
MTR-83736914,W.Bukhari,مکان 400 گلی 22 E-11/2 اسلام آباد,322214,Domestic
MTR-38736127,H. Abbasi,H#206 St-13 Westridge Rawalpindi,307553,Commercial
MTR-71848183,Kamran خان,"305-18 DHA Phase 6, Karachi",41353,Domestic
MTR-58413849,M. Awan,H#229 St-5 Westridge Rawalpindi,57268,Commercial
MTR-59838962,Kinza Malik,"House 62, Street 29, Madina Town, Faisalabad",325200,Commercial
MTR-57135158,S.Awan,مکان 98 گلی 11 DHA Phase 5 لاہور,21702,Domestic
MTR-74237061,G. Khan,H#139 St-14 DHAPhase5 Lahore,49423,Commercial
MTR-67316326,Sana Joiya,"327-9 North Nazimabad, Karachi",241305,Domestic
MTR-48137753,Adnan Raja,"House 121, Street 17, D Ground, Faisalabad",41741,Domestic
MTR-75638921,Arsalan Tareen,"House 182, Street 7, Westridge, Rawalpindi",28917,Commercial
MTR-98537168,Rauf Lodhi,"171-33 G-13/1, Islamabad",9846,Domestic
MTR-63240121,Junaid Kakar,"364-31 Model Town, Lahore",205496,Commercial
MTR-81854701,Zafar Awan,"House 399, Street 11, Gulgasht, Multan",12207,Domestic
MTR-17542762,T. Gill,H#326 St-26 Gulgasht Multan,355502,Domestic
MTR-38795474,M. Tareen,H#331 St-1 JoharTown Lahore,9927,Commercial
MTR-91587147,I. Gilani,H#305 St-1 PeoplesColony Faisalabad,46958,Commercial
MTR-44686278,U.Awan,مکان 1 گلی 17 North Nazimabad کراچی,18201,Domestic
MTR-82546679,Z.Mirza,مکان 10 گلی 15 Cantt Multan,13777,Commercial
MTR-82050726,S.Janjua,مکان 276 گلی 40 Johar Town لاہور,7398,Commercial
MTR-52455050,Salman Bukhari,"House 3, Street 3, Westridge, Rawalpindi",232180,Domestic
MTR-33600705,Haji Hussain Bhatti,"House No. 205, Gali 8, Gulshan-e-Iqbal, Karachi",4451,Commercial
MTR-55829084,Syed Irfan Dar,"House No. 366, Gali 23, Gulgasht, Multan",294223,Commercial
MTR-83298173,Sajid Sial,"218-10 E-11/2, Islamabad",10848,Domestic
MTR-87354492,Chaudhary Ahmed Khattak,"House No. 133, Gali 19, Gulbahar, Peshawar",9928,Domestic
MTR-11275061,Luqman Gill,"House 60, Street 13, Gulberg III, Lahore",376626,Commercial
MTR-31698843,Z.Tarar,مکان 217 گلی 14 Hayatabad Phase 3 Peshawar,274910,Domestic
MTR-33201801,Q. Chaudhry,H#175 St-7 Gulshan-e-Iqbal Karachi,5245,Domestic
MTR-80195370,N.Yousafzai,مکان 89 گلی 20 Peoples Colony Faisalabad,218563,Commercial
MTR-70023228,Owais Lodhi,"40-32 University Town, Peshawar",215205,Domestic
MTR-45379645,Haris Kazmi,"294-17 University Town, Peshawar",48114,Domestic
MTR-82258561,M.Sandhu,مکان 194 گلی 9 Cantt Multan,427182,Domestic
MTR-23730993,S. Sial,H#137 St-5 Gulgasht Multan,357058,Domestic
MTR-71508652,Mian Saba Bhatti,"House No. 90, Gali 6, Gulshan-e-Iqbal, Karachi",5504,Commercial
MTR-55744995,Ali Butt,"House 245, Street 35, Peoples Colony, Faisalabad",55907,Domestic
MTR-27551156,Zeeshan Mirza,"259-34 Westridge, Rawalpindi",41511,Domestic
MTR-49599811,Chaudhary Tariq Rizvi,"House No. 334, Gali 23, University Town, Peshawar",28555,Commercial
MTR-91744098,D. Warraich,H#189 St-20 PeoplesColony Faisalabad,163367,Domestic
MTR-90233578,Imran Abbasi,"House 357, Street 11, North Nazimabad, Karachi",36999,Domestic
MTR-14156927,K.Khokhar,مکان 198 گلی 2 Gulgasht Multan,12906,Domestic
MTR-13536729,حسین Cheema,"362-16 F-8/3, Islamabad",375208,Domestic
MTR-29930220,Hassan Warraich,"House 341, Street 14, North Nazimabad, Karachi",14214,Domestic
MTR-69025186,Syed Fatima Khattak,"House No. 169, Gali 14, Madina Town, Faisalabad",282839,Domestic
MTR-49951859,A. Tarar,H#349 St-11 ChaklalaScheme3 Rawalpindi,13089,Domestic
MTR-47326804,Uzma Zaidi,"280-26 Clifton Block 2, Karachi",31927,Commercial
MTR-68201545,Kamran Warraich,"296-1 Hayatabad Phase 3, Peshawar",12141,Domestic
MTR-95765288,Gul Gilani,"House 82, Street 32, Gulbahar, Peshawar",343856,Commercial
MTR-42202041,D. Khokhar,H#378 St-1 E-11/2 Islamabad,37799,Domestic
MTR-80850147,Chaudhary Mahnoor Mirza,"House No. 106, Gali 38, Satellite Town, Rawalpindi",4879,Domestic
MTR-26794934,M. Mehsud,H#355 St-2 Gulgasht Multan,187483,Domestic
MTR-73825284,H. Virk,H#33 St-40 PeoplesColony Faisalabad,49358,Commercial
MTR-77940223,Wajahat Durrani,"213-31 Peoples Colony, Faisalabad",38772,Domestic
MTR-75231931,B. Gondal,H#176 St-34 Cantt Multan,232395,Commercial
MTR-95809989,Mian Zara Kazmi,"House No. 1, Gali 13, I-8/4, Islamabad",31158,Domestic
MTR-71790747,Obaid Afridi,"229-4 DHA Phase 5, Lahore",205914,Domestic
MTR-32459639,T.Chaudhry,مکان 206 گلی 10 DHA Phase 6 کراچی,50299,Domestic
MTR-71067112,Rana Mubashir Naqvi,"House No. 339, Gali 2, DHA Phase 5, Lahore",281263,Domestic
MTR-46669747,H. Awan,H#123 St-40 HayatabadPhase3 Peshawar,10574,Commercial
MTR-43384655,P. Baig,H#144 St-18 ShahRukn-e-Alam Multan,411686,Domestic
MTR-16840349,Mubashir Mughal,"House 111, Street 27, Shah Rukn-e-Alam, Multan",8699,Commercial
MTR-37760079,I.Janjua,مکان 283 گلی 18 F-8/3 اسلام آباد,53912,Commercial
MTR-88508582,عثمان Gill,"358-28 Johar Town, Lahore",374923,Domestic
MTR-93415352,J. Kakar,H#125 St-26 DHAPhase5 Lahore,22902,Domestic
MTR-28112877,A.Janjua,مکان 142 گلی 26 Madina Town Faisalabad,28763,Domestic
MTR-71398505,Khalid Warraich,"310-40 University Town, Peshawar",27697,Domestic
MTR-48608702,Rana Khadija Niazi,"House No. 342, Gali 12, Madina Town, Faisalabad",325043,Domestic
MTR-67566896,Mian Junaid Tarar,"House No. 66, Gali 1, D Ground, Faisalabad",3918,Domestic
MTR-30876558,Haji Khadija Tarar,"House No. 177, Gali 25, Bahria Phase 4, Rawalpindi",15578,Domestic
MTR-28369219,Haji Rida Zaidi,"House No. 165, Gali 36, Bahria Phase 4, Rawalpindi",325748,Commercial
MTR-79209421,Sardar Jawad Kakar,"House No. 155, Gali 8, Clifton Block 2, Karachi",26930,Domestic
MTR-76288321,Laiba Janjua,"103-39 I-8/4, Islamabad",15424,Commercial
MTR-53521780,A.Malik,مکان 149 گلی 20 G-10/2 اسلام آباد,7079,Domestic
MTR-89459940,Malik Owais Saddozai,"House No. 117, Gali 3, Gulgasht, Multan",17342,Domestic
MTR-94931255,Rana Noman Naqvi,"House No. 254, Gali 21, Gulbahar, Peshawar",27643,Domestic
MTR-99205855,Chaudhary Uzma Bhatti,"House No. 197, Gali 20, Gulbahar, Peshawar",41118,Commercial
MTR-16002599,I. Naqvi,H#173 St-15 BahriaPhase4 Rawalpindi,144735,Domestic
MTR-23931741,Nimra Kayani,"House 206, Street 9, D Ground, Faisalabad",12173,Domestic
MTR-76603912,Nasir Rizvi,"44-31 Satellite Town, Rawalpindi",247253,Domestic
MTR-68870926,Mian Hina Sial,"House No. 246, Gali 10, Madina Town, Faisalabad",5611,Domestic
MTR-71602151,M. Kayani,H#84 St-21 B-17 Islamabad,277475,Commercial
MTR-68727557,Zeeshan خان,"251-32 E-11/2, Islamabad",6134,Domestic
MTR-51018392,عمران Gondal,"388-37 Clifton Block 2, Karachi",27212,Domestic
MTR-19847731,M.Baig,مکان 100 گلی 14 Madina Town Faisalabad,195492,Commercial
MTR-87412371,Maryam Tarar,"House 397, Street 15, Hayatabad Phase 3, Peshawar",8073,Domestic
MTR-73907395,A.Chaudhry,مکان 37 گلی 31 Gulbahar Peshawar,371924,Domestic
MTR-50959702,B. Mughal,H#304 St-23 Gulbahar Peshawar,58202,Domestic
MTR-24870234,H.Shirazi,مکان 286 گلی 23 Hayatabad Phase 3 Peshawar,315512,Domestic
MTR-68108330,R. Saddozai,H#165 St-29 HayatabadPhase3 Peshawar,46143,Commercial
MTR-16812642,Mansoor Sheikh,"House 243, Street 1, Shah Rukn-e-Alam, Multan",19472,Commercial
MTR-64570637,M.Niazi,مکان 61 گلی 35 Gulberg III لاہور,13767,Domestic
MTR-94390547,Adnan Ansari,"House 13, Street 14, G-13/1, Islamabad",3584,Commercial
MTR-23037339,A.Kazmi,مکان 284 گلی 26 Wapda Town لاہور,310298,Commercial
MTR-57326741,Mansoor Bhatti,"47-25 Chaklala Scheme 3, Rawalpindi",360050,Domestic
MTR-11791414,S. Baig,H#310 St-30 F-8/3 Islamabad,8602,Commercial
MTR-58644216,Rauf Hashmi,"369-39 G-13/1, Islamabad",28576,Commercial
MTR-14374975,Iqra Orakzai,"277-19 Peoples Colony, Faisalabad",178518,Domestic
MTR-37719430,L. Virk,H#172 St-35 G-10/2 Islamabad,20204,Commercial
MTR-96783381,Haji Nasir Janjua,"House No. 58, Gali 39, Satellite Town, Rawalpindi",9530,Domestic
MTR-44611372,Haji Waqas Abbasi,"House No. 116, Gali 39, I-8/4, Islamabad",14327,Domestic
MTR-65669806,M.Lodhi,مکان 372 گلی 4 Model Town لاہور,288220,Commercial
MTR-85845398,Sardar Zubair Virk,"House No. 317, Gali 37, Cantt, Multan",9920,Commercial
MTR-98116671,Naveed Saddozai,"379-35 Clifton Block 2, Karachi",190882,Domestic
MTR-16568181,Chaudhary Taimoor Khan,"House No. 265, Gali 26, Westridge, Rawalpindi",48651,Domestic
MTR-22285638,Mansoor Janjua,"House 190, Street 3, Clifton Block 2, Karachi",195674,Domestic
MTR-40322713,Syed Nimra Rizvi,"House No. 6, Gali 14, Peoples Colony, Faisalabad",56924,Domestic
MTR-84457706,Tooba ملک,"70-2 Chaklala Scheme 3, Rawalpindi",434757,Domestic
MTR-28338022,Jawad Gilani,"119-8 Gulshan-e-Iqbal, Karachi",36836,Domestic
MTR-45562997,Naveed بٹ,"383-36 Gulberg III, Lahore",54665,Domestic
MTR-92688552,Hamza Zaidi,"288-8 B-17, Islamabad",411008,Domestic
MTR-35301112,I. Mirza,H#204 St-26 UniversityTown Peshawar,50489,Commercial
MTR-76360032,B. Bhatti,H#195 St-1 ShahRukn-e-Alam Multan,3616,Domestic
MTR-32656595,Z. Sial,H#6 St-19 E-11/2 Islamabad,33146,Commercial
MTR-12263754,G.Chaudhry,مکان 187 گلی 2 Wapda Town لاہور,43703,Domestic
MTR-21864909,Danish Mehsud,"House 47, Street 28, Gulgasht, Multan",49353,Domestic
MTR-26204814,Malik Amna Sheikh,"House No. 92, Gali 17, Johar Town, Lahore",297085,Commercial
MTR-19741652,Rabia Kayani,"House 193, Street 17, B-17, Islamabad",17281,Commercial
MTR-18991875,K.Sheikh,مکان 64 گلی 37 Model Town لاہور,209096,Commercial
MTR-10328705,Haji Mubashir Bangash,"House No. 220, Gali 22, DHA Phase 6, Karachi",17791,Domestic
MTR-24590084,Malik Anas Kayani,"House No. 287, Gali 30, Gulgasht, Multan",267514,Domestic
MTR-15434657,Yasir Saddozai,"House 243, Street 6, Shah Rukn-e-Alam, Multan",16125,Commercial
MTR-68994369,R. Ansari,H#309 St-24 SatelliteTown Rawalpindi,23086,Domestic
MTR-92792337,J.Bangash,مکان 246 گلی 14 D Ground Faisalabad,23035,Commercial
MTR-95684310,Nadia Awan,"House 391, Street 11, Johar Town, Lahore",15326,Domestic
MTR-91675239,Talha Kayani,"243-16 Westridge, Rawalpindi",143683,Domestic
MTR-79051653,Zara Abbasi,"House 123, Street 12, F-8/3, Islamabad",163977,Commercial
MTR-40184749,Q.Yousafzai,مکان 390 گلی 12 Bahria Phase 4 راولپنڈی,50587,Domestic
MTR-61607176,Haji Anas Wazir,"House No. 303, Gali 34, G-13/1, Islamabad",396321,Commercial
MTR-39241560,Tariq Cheema,"House 354, Street 22, University Town, Peshawar",51211,Domestic
MTR-78078762,H.Zaidi,مکان 16 گلی 1 Satellite Town راولپنڈی,401964,Domestic
MTR-52546530,S. Durrani,H#66 St-32 HayatabadPhase3 Peshawar,42303,Domestic
MTR-38022613,P.Durrani,مکان 18 گلی 26 D Ground Faisalabad,3436,Commercial
MTR-74340185,محمد Dar,"27-16 Madina Town, Faisalabad",44563,Commercial
MTR-84134807,M.Awan,مکان 44 گلی 3 Shah Rukn-e-Alam Multan,14223,Commercial
MTR-48061542,علی Mehsud,"243-24 Shah Rukn-e-Alam, Multan",156215,Domestic
MTR-53704347,Sardar Rabia Khan,"House No. 82, Gali 1, University Town, Peshawar",17376,Commercial
MTR-88179259,Sardar Ghulam Afridi,"House No. 135, Gali 27, University Town, Peshawar",56171,Commercial
MTR-48463009,Uzma Bukhari,"House 268, Street 14, Satellite Town, Rawalpindi",222005,Domestic
MTR-28202343,L.Lodhi,مکان 40 گلی 17 Gulbahar Peshawar,358136,Domestic
MTR-14995019,Shoaib Bukhari,"52-9 Model Town, Lahore",51412,Domestic
MTR-47227536,Babar Yousafzai,"174-15 Wapda Town, Lahore",45954,Commercial
MTR-77000367,R. Saddozai,H#71 St-13 Cantt Multan,22047,Domestic
MTR-48134586,Chaudhary Ehsan Warraich,"House No. 383, Gali 33, Shah Rukn-e-Alam, Multan",225899,Commercial
MTR-16206240,Noman Joiya,"House 280, Street 31, D Ground, Faisalabad",16590,Domestic
MTR-11736530,L.Orakzai,مکان 103 گلی 17 B-17 اسلام آباد,142858,Domestic
MTR-84171005,Iqra Rizvi,"201-2 University Town, Peshawar",206165,Commercial
MTR-22473197,Sardar Bilal Rizvi,"House No. 73, Gali 27, G-13/1, Islamabad",26692,Domestic
MTR-29507531,Rana Atif Gill,"House No. 351, Gali 33, Model Town, Lahore",290198,Domestic
MTR-25177263,Atif Bhatti,"House 253, Street 23, University Town, Peshawar",172161,Domestic
MTR-64824204,Pervez Virk,"167-7 Gulberg III, Lahore",49051,Domestic
MTR-73420820,M.Yousafzai,مکان 3 گلی 10 Gulshan-e-Iqbal کراچی,5637,Domestic
MTR-99376635,علی Kazmi,"163-31 Hayatabad Phase 3, Peshawar",13856,Commercial
MTR-87842425,U.Butt,مکان 138 گلی 10 Madina Town Faisalabad,48871,Domestic
MTR-80804934,R.Sheikh,مکان 377 گلی 35 D Ground Faisalabad,40502,Commercial
MTR-63913819,Farah Bukhari,"House 395, Street 28, G-13/1, Islamabad",371989,Commercial
MTR-47793899,Mian Mustafa Awan,"House No. 173, Gali 10, University Town, Peshawar",23757,Domestic
MTR-49179293,H.Khan,مکان 22 گلی 30 Gulberg III لاہور,235392,Domestic
MTR-79430744,A.Gilani,مکان 328 گلی 15 Model Town لاہور,378869,Domestic
MTR-91898279,Naveed Wazir,"87-40 Clifton Block 2, Karachi",4828,Domestic
MTR-90124204,Malik Danish Raja,"House No. 308, Gali 9, Wapda Town, Lahore",14223,Domestic
MTR-24376841,W. Baig,H#79 St-3 UniversityTown Peshawar,316803,Commercial
MTR-42554811,Rana Maryam Sial,"House No. 313, Gali 24, Gulshan-e-Iqbal, Karachi",7816,Domestic
MTR-86842377,Rana Hafsa Naqvi,"House No. 104, Gali 1, Cantt, Multan",40996,Domestic
MTR-93846469,Kinza Kazmi,"55-37 University Town, Peshawar",6801,Domestic
MTR-48711468,Qasim Malik,"House 185, Street 36, Gulgasht, Multan",125794,Commercial
MTR-68244321,Z.Naqvi,مکان 228 گلی 13 Satellite Town راولپنڈی,10120,Domestic
MTR-72287400,Chaudhary Bushra Khattak,"House No. 191, Gali 6, Cantt, Multan",251215,Domestic
MTR-21493542,Naveed Khokhar,"113-31 Cantt, Multan",54342,Domestic
MTR-62042092,Junaid Gondal,"House 19, Street 28, Clifton Block 2, Karachi",373606,Commercial
MTR-38275964,W.Joiya,مکان 361 گلی 17 Madina Town Faisalabad,52979,Commercial
MTR-52440004,M.Naqvi,مکان 277 گلی 40 G-13/1 اسلام آباد,212560,Commercial
MTR-86539453,K. Chaudhry,H#309 St-4 ModelTown Lahore,140118,Domestic
MTR-92058810,Madiha Afridi,"208-36 DHA Phase 6, Karachi",264580,Domestic
MTR-81784886,Noman Naqvi,"House 9, Street 31, F-8/3, Islamabad",396911,Domestic
MTR-25285492,Talha Siddiqui,"309-2 Gulgasht, Multan",4703,Commercial
MTR-22530138,Z. Naqvi,H#336 St-7 ShahRukn-e-Alam Multan,15933,Domestic
MTR-57915390,N.Virk,مکان 19 گلی 8 Gulgasht Multan,325773,Domestic
MTR-31111259,Sardar Mahnoor Zaidi,"House No. 284, Gali 39, Westridge, Rawalpindi",349665,Commercial
MTR-17654115,B.Niazi,مکان 24 گلی 16 Madina Town Faisalabad,24654,Commercial
MTR-84094964,M.Tarar,مکان 374 گلی 15 Gulbahar Peshawar,309606,Domestic
MTR-70034443,Sufyan Janjua,"House 393, Street 11, Cantt, Multan",51003,Domestic
MTR-94517767,Hafsa Kakar,"347-3 Model Town, Lahore",240741,Domestic
MTR-57274384,G.Saddozai,مکان 364 گلی 18 Chaklala Scheme 3 راولپنڈی,15398,Commercial
MTR-30432854,Noman قریشی,"33-20 I-8/4, Islamabad",4683,Domestic
MTR-25102062,A.Sheikh,مکان 275 گلی 29 Westridge راولپنڈی,232430,Domestic
MTR-32893695,Khadija Afridi,"House 317, Street 29, North Nazimabad, Karachi",169687,Commercial
MTR-90579137,Ghulam Sial,"House 135, Street 27, Madina Town, Faisalabad",17949,Domestic
MTR-93033483,Rana Qasim Durrani,"House No. 153, Gali 2, University Town, Peshawar",260588,Domestic
MTR-81528296,Bushra Joiya,"261-26 Satellite Town, Rawalpindi",229637,Commercial
MTR-76075304,Babar Zaidi,"House 329, Street 11, Gulberg III, Lahore",21719,Commercial
MTR-60530992,K. Zaidi,H#276 St-16 GulbergIII Lahore,15894,Domestic
MTR-20566545,M.Mirza,مکان 242 گلی 17 University Town Peshawar,301409,Domestic
MTR-95068899,Z.Mirza,مکان 322 گلی 32 Cantt Multan,18362,Domestic
MTR-14408917,Ehsan خان,"40-33 Bahria Phase 4, Rawalpindi",6762,Domestic
MTR-52439170,Zeeshan Gondal,"House 141, Street 31, University Town, Peshawar",15366,Domestic
MTR-83963984,T.Mirza,مکان 66 گلی 38 B-17 اسلام آباد,354595,Commercial
MTR-69749468,H.Abbasi,مکان 384 گلی 2 Gulshan-e-Iqbal کراچی,8327,Domestic
MTR-90906657,N. Baig,H#232 St-30 NorthNazimabad Karachi,296819,Domestic
MTR-74620122,M. Awan,H#124 St-18 ModelTown Lahore,33279,Commercial
MTR-41073641,Sajid Yousafzai,"House 21, Street 5, D Ground, Faisalabad",45888,Domestic
MTR-67098583,M. Gill,H#9 St-7 DGround Faisalabad,56503,Domestic
MTR-77833145,Mian Waseem Warraich,"House No. 151, Gali 2, I-8/4, Islamabad",11951,Domestic
MTR-36872969,Kamran Khokhar,"House 185, Street 28, Model Town, Lahore",17860,Domestic
MTR-72953892,M.Afridi,مکان 299 گلی 11 Gulberg III لاہور,5448,Domestic
MTR-46479642,S. Niazi,H#14 St-14 PeoplesColony Faisalabad,241327,Commercial
MTR-28694659,K. Durrani,H#139 St-19 Cantt Multan,49969,Domestic
MTR-80045812,Amna خان,"387-16 Model Town, Lahore",20014,Domestic
MTR-83746100,Jawad Mehsud,"House 298, Street 13, Gulshan-e-Iqbal, Karachi",39136,Domestic
MTR-36477526,Syed Sufyan Hashmi,"House No. 218, Gali 7, Shah Rukn-e-Alam, Multan",288781,Commercial
MTR-66997388,A. Sheikh,H#371 St-35 G-10/2 Islamabad,35939,Commercial
MTR-29869459,Sardar Atif Raja,"House No. 118, Gali 28, I-8/4, Islamabad",232627,Commercial
MTR-13899131,Rana Mustafa Zaidi,"House No. 234, Gali 7, G-13/1, Islamabad",170021,Commercial
MTR-32676830,Mubashir Awan,"28-27 Model Town, Lahore",14803,Domestic
MTR-13689609,H.Janjua,مکان 37 گلی 24 Gulbahar Peshawar,323705,Domestic
MTR-17727432,Talha Baig,"House 258, Street 28, F-8/3, Islamabad",16014,Commercial
MTR-61079576,J.Mirza,مکان 50 گلی 19 Cantt Multan,145776,Domestic
MTR-68271157,Saqib چوہدری,"379-38 Gulberg III, Lahore",15703,Domestic
MTR-56875253,M. Awan,H#25 St-24 BahriaPhase4 Rawalpindi,10060,Domestic
MTR-48369797,Uzma Ansari,"265-25 Johar Town, Lahore",317890,Domestic
MTR-79617564,Obaid Mehsud,"House 65, Street 14, Gulberg III, Lahore",37301,Commercial
MTR-61409356,M. Joiya,H#89 St-17 CliftonBlock2 Karachi,30684,Commercial
MTR-54562182,B.Durrani,مکان 183 گلی 16 Gulbahar Peshawar,6614,Domestic
MTR-69045366,Chaudhary Waseem Wazir,"House No. 327, Gali 24, D Ground, Faisalabad",52634,Commercial
MTR-82296409,Chaudhary Babar Orakzai,"House No. 207, Gali 24, Westridge, Rawalpindi",315422,Commercial
MTR-61789312,Y. Sandhu,H#208 St-38 BahriaPhase4 Rawalpindi,6946,Domestic
MTR-37896610,Mansoor Sial,"House 342, Street 15, Shah Rukn-e-Alam, Multan",13241,Domestic
MTR-55868732,Syed Sadia Cheema,"House No. 79, Gali 19, Cantt, Multan",17559,Domestic
MTR-42846543,E.Rajput,مکان 329 گلی 30 F-8/3 اسلام آباد,21663,Domestic
MTR-58308022,O.Zaidi,مکان 384 گلی 28 Wapda Town لاہور,10139,Commercial
MTR-29570130,R.Rizvi,مکان 290 گلی 31 Chaklala Scheme 3 راولپنڈی,35109,Domestic
MTR-56564503,G.Kazmi,مکان 202 گلی 33 G-10/2 اسلام آباد,25850,Commercial
MTR-10084376,Syed Noman Rajput,"House No. 31, Gali 31, Westridge, Rawalpindi",350996,Commercial
MTR-34592234,Z. Zaidi,H#285 St-9 Cantt Multan,44554,Domestic
MTR-72769239,I.Warraich,مکان 304 گلی 20 Hayatabad Phase 3 Peshawar,447024,Commercial
MTR-82101739,Khadija Afridi,"House 360, Street 19, Westridge, Rawalpindi",397342,Domestic
MTR-42445606,K. Bukhari,H#6 St-14 ShahRukn-e-Alam Multan,15252,Domestic
MTR-56434012,Farah Siddiqui,"360-25 Westridge, Rawalpindi",304533,Domestic
MTR-28978161,Malik Obaid Mehsud,"House No. 112, Gali 22, Peoples Colony, Faisalabad",22081,Commercial
MTR-83563620,Asad Mughal,"15-8 Wapda Town, Lahore",284556,Domestic
MTR-54068765,Umar Gondal,"140-14 Chaklala Scheme 3, Rawalpindi",4826,Domestic
MTR-42019889,A. Shirazi,H#38 St-17 SatelliteTown Rawalpindi,24488,Domestic
MTR-28807383,Khadija Khattak,"House 340, Street 6, Gulgasht, Multan",10394,Domestic
MTR-18143738,Hussain Abbasi,"House 214, Street 27, D Ground, Faisalabad",12368,Domestic
MTR-87680418,L.Butt,مکان 74 گلی 8 Chaklala Scheme 3 راولپنڈی,5102,Domestic
MTR-84664988,Sadia Kayani,"108-21 Satellite Town, Rawalpindi",169524,Domestic
MTR-86263887,Anas Siddiqui,"362-7 Bahria Phase 4, Rawalpindi",41666,Domestic
MTR-93447460,F.Khan,مکان 149 گلی 6 Satellite Town راولپنڈی,14402,Commercial
MTR-31791690,H. Gilani,H#128 St-10 JoharTown Lahore,55619,Commercial
MTR-60046989,T. Cheema,H#27 St-27 ChaklalaScheme3 Rawalpindi,21630,Commercial
MTR-89649053,Farhan Cheema,"90-32 Chaklala Scheme 3, Rawalpindi",436426,Commercial
MTR-14135673,Sardar Noor Chaudhry,"House No. 299, Gali 35, Shah Rukn-e-Alam, Multan",337381,Commercial
MTR-98341350,Q. Virk,H#260 St-37 MadinaTown Faisalabad,37478,Domestic
MTR-56807205,R.Joiya,مکان 107 گلی 24 Model Town لاہور,15566,Domestic
MTR-68170488,Sardar Taimoor Afridi,"House No. 234, Gali 10, Cantt, Multan",58561,Domestic
MTR-42267378,حسن Kayani,"244-2 Clifton Block 2, Karachi",14471,Domestic
MTR-31576111,Shoaib Khan,"House 261, Street 27, University Town, Peshawar",252795,Domestic
MTR-66628217,Muhammad Khan,"House 210, Street 35, Shah Rukn-e-Alam, Multan",289007,Commercial
MTR-74821223,Rana Rashid Khan,"House No. 87, Gali 13, North Nazimabad, Karachi",16405,Domestic
MTR-39850201,Waqas Awan,"283-10 Bahria Phase 4, Rawalpindi",56990,Domestic
MTR-82740367,Yousuf Bhatti,"270-13 Hayatabad Phase 3, Peshawar",15576,Commercial
MTR-29709785,H. Durrani,H#138 St-29 Gulbahar Peshawar,9022,Domestic
MTR-58091991,L. Siddiqui,H#342 St-2 ChaklalaScheme3 Rawalpindi,8653,Domestic
MTR-62792668,Rana Uzma Naqvi,"House No. 4, Gali 28, Peoples Colony, Faisalabad",234781,Commercial
MTR-88207470,Nimra Mirza,"House 169, Street 16, Gulbahar, Peshawar",13676,Commercial
MTR-60038836,Anas Zaidi,"13-15 Gulgasht, Multan",27949,Domestic
MTR-96303471,B. Yousafzai,H#228 St-17 Gulgasht Multan,7187,Commercial
MTR-31467670,Atif Gill,"304-37 Gulshan-e-Iqbal, Karachi",364211,Domestic
MTR-34475296,M.Tarar,مکان 291 گلی 4 Madina Town Faisalabad,159859,Commercial
MTR-59799783,Rana Ahmed Virk,"House No. 25, Gali 25, B-17, Islamabad",55383,Domestic
MTR-31991325,Jawad Joiya,"205-21 G-10/2, Islamabad",5042,Commercial
MTR-71941914,B.Zaidi,مکان 301 گلی 36 I-8/4 اسلام آباد,246244,Commercial
MTR-10848327,Chaudhary Umar Rajput,"House No. 316, Gali 40, Shah Rukn-e-Alam, Multan",50524,Domestic
MTR-67498730,A. Ansari,H#273 St-19 DHAPhase5 Lahore,49045,Domestic
MTR-68389237,فاطمہ خان,"141-6 Hayatabad Phase 3, Peshawar",356323,Commercial
MTR-30776087,Mansoor Shirazi,"House 274, Street 22, I-8/4, Islamabad",7373,Commercial
MTR-68657899,Haji Saad Hashmi,"House No. 8, Gali 11, Madina Town, Faisalabad",57595,Domestic
MTR-67314744,S.Wazir,مکان 346 گلی 39 Chaklala Scheme 3 راولپنڈی,9649,Domestic
MTR-61441776,T.Rizvi,مکان 269 گلی 25 Hayatabad Phase 3 Peshawar,7208,Commercial
MTR-36989726,Laiba Sial,"354-40 DHA Phase 6, Karachi",16093,Domestic
MTR-19315131,Waqas Shirazi,"House 14, Street 20, Bahria Phase 4, Rawalpindi",12653,Commercial
MTR-99771888,Mansoor Gondal,"House 385, Street 3, Chaklala Scheme 3, Rawalpindi",21496,Domestic
MTR-47539301,M.Rizvi,مکان 4 گلی 12 University Town Peshawar,276687,Domestic
MTR-53968623,Amna Janjua,"109-24 Cantt, Multan",343167,Domestic
MTR-14604262,E.Virk,مکان 347 گلی 18 Gulgasht Multan,24080,Domestic
MTR-92609493,محمد Durrani,"117-1 DHA Phase 6, Karachi",340983,Domestic
MTR-43484201,Z. Afridi,H#274 St-5 NorthNazimabad Karachi,372489,Domestic
MTR-95110157,Y.Joiya,مکان 61 گلی 40 B-17 اسلام آباد,313553,Domestic
MTR-70428078,Tariq Wazir,"House 220, Street 27, North Nazimabad, Karachi",41081,Domestic
MTR-14902026,U.Tareen,مکان 65 گلی 2 Clifton Block 2 کراچی,381445,Commercial
MTR-33210247,Obaid Wazir,"320-4 B-17, Islamabad",433979,Commercial
MTR-20025809,Haji Haris Mehsud,"House No. 277, Gali 23, Clifton Block 2, Karachi",28495,Commercial
MTR-56860958,Uzma Kazmi,"113-32 Model Town, Lahore",165738,Domestic
MTR-55579349,U. Malik,H#233 St-22 Cantt Multan,346399,Domestic
MTR-61127002,R.Kayani,مکان 307 گلی 33 Gulshan-e-Iqbal کراچی,15907,Domestic
MTR-82859630,Chaudhary Madiha Kayani,"House No. 338, Gali 36, E-11/2, Islamabad",297435,Domestic
MTR-92810437,N.Naqvi,مکان 49 گلی 7 Satellite Town راولپنڈی,16230,Commercial
MTR-32722348,M. Mirza,H#228 St-15 Westridge Rawalpindi,19910,Commercial
MTR-64213564,Nadeem Naqvi,"House 302, Street 28, Gulshan-e-Iqbal, Karachi",59788,Commercial
MTR-63685402,H.Malik,مکان 321 گلی 9 Model Town لاہور,34492,Domestic
MTR-31517117,M.Judge,مکان 12 گلی 4 F-8/3 اسلام آباد,423979,Domestic
MTR-54155289,A. Ahmed,H#12 St-4 F-8/3 Islamabad,330970,Domestic
MTR-33245964,syed haseeb,"House 12, Street 4, F-8/3, Islamabad",300882,Domestic
MTR-25202240,Sardar sajid Ahmed,"House No. 12, Gali 4, F-8/3, Islamabad",183066,Domestic
MTR-95241030,P.Mirza,مکان 80 گلی 13 North Nazimabad کراچی,236404,Domestic
MTR-62179394,Malik Iqra Dar,"House No. 161, Gali 16, Gulgasht, Multan",395105,Domestic
MTR-28735879,R. Sandhu,H#225 St-35 JoharTown Lahore,379945,Domestic
MTR-58680611,Fahad قریشی,"60-7 Chaklala Scheme 3, Rawalpindi",374047,Domestic
MTR-29207678,Haris Gill,"342-7 Bahria Phase 4, Rawalpindi",404941,Domestic
MTR-53708627,Rana Farhan Bukhari,"House No. 292, Gali 40, Gulshan-e-Iqbal, Karachi",231746,Commercial
MTR-35360115,S. Warraich,H#277 St-32 WapdaTown Lahore,279433,Commercial
MTR-24902592,Zara Yousafzai,"House 333, Street 6, Shah Rukn-e-Alam, Multan",266619,Commercial
MTR-73525961,Mian Nadia Naqvi,"House No. 88, Gali 12, DHA Phase 6, Karachi",195945,Domestic
MTR-24640811,Kamran قریشی,"366-6 University Town, Peshawar",371612,Domestic
MTR-72549420,Sana Gondal,"House 40, Street 19, Bahria Phase 4, Rawalpindi",289536,Commercial
MTR-52555192,N.Janjua,مکان 192 گلی 15 Clifton Block 2 کراچی,432175,Domestic
MTR-82404360,Chaudhary Sajid Abbasi,"House No. 1, Gali 40, Model Town, Lahore",281114,Commercial
MTR-68251208,R.Naqvi,مکان 260 گلی 36 D Ground Faisalabad,327761,Commercial
MTR-93365747,Malik Tooba Qureshi,"House No. 301, Gali 16, D Ground, Faisalabad",184948,Domestic
MTR-22948726,Irfan Kayani,"8-22 Cantt, Multan",376533,Domestic
MTR-13001059,Rana Pervez Yousafzai,"House No. 69, Gali 31, Bahria Phase 4, Rawalpindi",242318,Domestic
MTR-74398081,Nimra Durrani,"House 192, Street 25, Shah Rukn-e-Alam, Multan",163251,Domestic
MTR-60571990,Zara Naqvi,"154-18 Westridge, Rawalpindi",334163,Domestic
MTR-14234114,Mian Fahad Janjua,"House No. 170, Gali 6, Johar Town, Lahore",162835,Commercial
MTR-80166547,B. Tarar,H#185 St-35 PeoplesColony Faisalabad,422186,Commercial
MTR-41743505,K. Warraich,H#296 St-18 DHAPhase6 Karachi,317453,Commercial
MTR-82956249,K.Shirazi,مکان 338 گلی 20 DHA Phase 5 لاہور,242719,Domestic
MTR-79381610,Hafsa Siddiqui,"House 172, Street 28, Hayatabad Phase 3, Peshawar",381633,Domestic
MTR-80523298,F. Niazi,H#272 St-16 F-8/3 Islamabad,362783,Domestic
MTR-57668480,A.Naqvi,مکان 235 گلی 6 Gulshan-e-Iqbal کراچی,415759,Commercial
MTR-38329659,Nasir Yousafzai,"House 175, Street 12, Bahria Phase 4, Rawalpindi",382662,Commercial
MTR-35996109,Syed Mustafa Sial,"House No. 250, Gali 21, Gulbahar, Peshawar",151039,Domestic
MTR-28509590,L.Malik,مکان 54 گلی 5 Gulberg III لاہور,212530,Commercial
MTR-98368009,Rana Asad Orakzai,"House No. 121, Gali 1, Gulshan-e-Iqbal, Karachi",179231,Commercial
MTR-42876606,Syed Tariq Cheema,"House No. 24, Gali 38, E-11/2, Islamabad",228360,Commercial
MTR-61054388,Y.Tareen,مکان 184 گلی 29 Peoples Colony Faisalabad,224709,Commercial
MTR-95124014,K. Mughal,H#70 St-26 PeoplesColony Faisalabad,357900,Domestic
MTR-21347806,Sardar Atif Chaudhry,"House No. 102, Gali 38, DHA Phase 5, Lahore",153705,Domestic
MTR-96874332,Chaudhary Arsalan Yousafzai,"House No. 163, Gali 32, F-8/3, Islamabad",186735,Commercial
MTR-53638545,Mian Luqman Khokhar,"House No. 397, Gali 20, Gulshan-e-Iqbal, Karachi",362302,Domestic
MTR-26393418,Mian Usman Mughal,"House No. 12, Gali 16, Shah Rukn-e-Alam, Multan",241026,Domestic
MTR-30612102,Mustafa Mughal,"265-26 Johar Town, Lahore",295861,Domestic
MTR-23838161,فاطمہ ملک,"77-39 Westridge, Rawalpindi",159339,Domestic
MTR-20495759,T. Rajput,H#46 St-5 MadinaTown Faisalabad,231060,Commercial
MTR-82637520,Sana Siddiqui,"House 236, Street 21, Gulgasht, Multan",356560,Domestic
MTR-31069335,Zainab Raja,"House 238, Street 10, Gulshan-e-Iqbal, Karachi",347579,Commercial
MTR-54308237,Haji Noor Awan,"House No. 327, Gali 30, DHA Phase 5, Lahore",422751,Domestic
MTR-42013184,Fahad Yousafzai,"House 127, Street 16, Gulgasht, Multan",329050,Domestic
MTR-85511295,J.Wazir,مکان 188 گلی 23 North Nazimabad کراچی,417073,Commercial
MTR-20407575,Chaudhary Laiba Gill,"House No. 320, Gali 10, Madina Town, Faisalabad",296806,Domestic
MTR-42903669,بلال بٹ,"171-32 Chaklala Scheme 3, Rawalpindi",279227,Domestic
MTR-81201768,Zubair Saddozai,"369-21 University Town, Peshawar",429078,Domestic
MTR-51366411,J. Chaudhry,H#16 St-22 ChaklalaScheme3 Rawalpindi,190276,Commercial
MTR-32237059,K. Mehsud,H#350 St-3 WapdaTown Lahore,438194,Domestic
MTR-57395423,U. Shirazi,H#307 St-8 Cantt Multan,273642,Domestic
MTR-55083617,I.Khattak,مکان 317 گلی 3 E-11/2 اسلام آباد,186754,Domestic
MTR-77718949,Irfan Janjua,"House 304, Street 38, Shah Rukn-e-Alam, Multan",394768,Commercial
MTR-34855462,Salman Hashmi,"House 382, Street 24, G-13/1, Islamabad",373983,Domestic
MTR-65977730,Ibrahim Mehsud,"196-39 F-8/3, Islamabad",330185,Domestic
MTR-74762262,Fahad Warraich,"House 264, Street 30, Wapda Town, Lahore",218751,Domestic
MTR-63704653,Kinza Sandhu,"House 47, Street 26, Gulgasht, Multan",346001,Commercial
MTR-12788450,A.Durrani,مکان 378 گلی 21 Gulbahar Peshawar,264259,Domestic
MTR-12365399,S. Chaudhry,H#243 St-8 ModelTown Lahore,217671,Domestic
MTR-66714427,Mustafa Dar,"House 342, Street 31, DHA Phase 5, Lahore",394682,Commercial
MTR-66632773,Nasir Niazi,"House 286, Street 4, Bahria Phase 4, Rawalpindi",230275,Domestic
MTR-28132677,L.Sandhu,مکان 363 گلی 29 Chaklala Scheme 3 راولپنڈی,258500,Domestic
MTR-10700915,Adnan بٹ,"377-18 Shah Rukn-e-Alam, Multan",433118,Commercial
MTR-32323190,I. Cheema,H#171 St-34 HayatabadPhase3 Peshawar,291710,Commercial
MTR-54429967,Shahzad Wazir,"233-25 Peoples Colony, Faisalabad",412364,Domestic
MTR-56110569,Haji Mansoor Awan,"House No. 256, Gali 23, DHA Phase 5, Lahore",204626,Commercial
MTR-57926836,Mahnoor Hashmi,"House 27, Street 10, F-8/3, Islamabad",449325,Domestic
MTR-86131388,Sardar Rashid Cheema,"House No. 101, Gali 10, Westridge, Rawalpindi",250104,Commercial
MTR-66892921,Chaudhary Imran Bukhari,"House No. 7, Gali 8, Cantt, Multan",337071,Domestic
MTR-98313607,Madiha Cheema,"295-39 Hayatabad Phase 3, Peshawar",386437,Domestic
MTR-78598072,حسین Awan,"150-10 North Nazimabad, Karachi",394350,Domestic
MTR-12403475,Sufyan Lodhi,"49-38 Gulgasht, Multan",188290,Domestic
MTR-81695955,H. Virk,H#127 St-5 G-13/1 Islamabad,402679,Domestic
MTR-88821572,Malik Iqra Afridi,"House No. 374, Gali 16, G-10/2, Islamabad",355421,Commercial
MTR-72010237,Nadeem Yousafzai,"27-25 Satellite Town, Rawalpindi",156320,Domestic
MTR-21515727,Malik Pervez Tarar,"House No. 25, Gali 12, Chaklala Scheme 3, Rawalpindi",181185,Domestic
MTR-99259810,Mian Tariq Sandhu,"House No. 108, Gali 38, Chaklala Scheme 3, Rawalpindi",347494,Domestic
MTR-85556782,A. Bukhari,H#99 St-29 Cantt Multan,421766,Domestic
MTR-87571571,Mehwish Sial,"House 28, Street 14, DHA Phase 6, Karachi",212584,Commercial
MTR-73823244,A. Mughal,H#182 St-37 ShahRukn-e-Alam Multan,268353,Domestic
MTR-21973870,Hassan Siddiqui,"House 39, Street 17, I-8/4, Islamabad",151763,Commercial
MTR-56918137,Zeeshan Wazir,"House 165, Street 31, Gulshan-e-Iqbal, Karachi",150920,Domestic
MTR-10128514,H.Rizvi,مکان 130 گلی 24 Model Town لاہور,423701,Domestic
MTR-20106375,Nasir Gondal,"80-20 Gulgasht, Multan",269157,Domestic
MTR-28061096,Rana Rauf Baig,"House No. 149, Gali 19, North Nazimabad, Karachi",227755,Domestic
MTR-82206766,Haji Mansoor Chaudhry,"House No. 279, Gali 14, I-8/4, Islamabad",388417,Domestic
MTR-57347143,Uzma Kazmi,"105-21 F-8/3, Islamabad",447596,Domestic
MTR-46228261,Syed Khadija Malik,"House No. 185, Gali 22, Wapda Town, Lahore",365918,Domestic
MTR-74965722,Ehsan Tareen,"241-7 D Ground, Faisalabad",280497,Domestic
MTR-71510665,Rana Atif Bukhari,"House No. 56, Gali 3, D Ground, Faisalabad",364763,Commercial
MTR-73146458,U. Sandhu,H#233 St-25 Gulgasht Multan,279137,Domestic
MTR-61153417,Faisal Kayani,"324-38 Madina Town, Faisalabad",223204,Domestic
MTR-91137859,Chaudhary Sadia Abbasi,"House No. 43, Gali 7, Gulbahar, Peshawar",373175,Commercial
MTR-78222130,M.Durrani,مکان 320 گلی 26 Gulberg III لاہور,329380,Domestic
MTR-68905925,Uzma خان,"18-18 Madina Town, Faisalabad",376622,Domestic
MTR-71737523,Haji Zara Malik,"House No. 242, Gali 39, Gulbahar, Peshawar",441640,Domestic
MTR-69792251,Iqra Khokhar,"47-12 G-10/2, Islamabad",189531,Domestic
MTR-47367093,T. Shirazi,H#189 St-24 BahriaPhase4 Rawalpindi,213008,Domestic
MTR-93304990,Malik Rashid Khattak,"House No. 222, Gali 8, Cantt, Multan",286529,Domestic
MTR-96844990,A. Warraich,H#140 St-1 ChaklalaScheme3 Rawalpindi,354814,Domestic
MTR-48830735,Waseem Mirza,"House 172, Street 30, G-13/1, Islamabad",350899,Commercial
MTR-12972445,T.Awan,مکان 16 گلی 14 DHA Phase 5 لاہور,260371,Domestic
MTR-85303697,Junaid Niazi,"133-24 Satellite Town, Rawalpindi",191101,Domestic
MTR-48612298,K.Yousafzai,مکان 166 گلی 11 Bahria Phase 4 راولپنڈی,388407,Domestic
MTR-97302969,T.Tarar,مکان 234 گلی 18 Johar Town لاہور,393596,Commercial
MTR-59305473,Bushra Kazmi,"House 265, Street 8, D Ground, Faisalabad",428779,Domestic
MTR-50531596,Mian Bilal Qureshi,"House No. 391, Gali 34, Shah Rukn-e-Alam, Multan",162442,Commercial
MTR-86785590,Rana Mubashir Kazmi,"House No. 262, Gali 13, Westridge, Rawalpindi",339580,Domestic
MTR-78136249,K. Warraich,H#379 St-38 B-17 Islamabad,347243,Commercial
MTR-11464643,Fatima Kayani,"House 7, Street 7, DHA Phase 5, Lahore",210051,Commercial
MTR-79319406,Mansoor Naqvi,"House 102, Street 32, Westridge, Rawalpindi",299300,Domestic
MTR-28012180,B. Siddiqui,H#97 St-12 Cantt Multan,346507,Domestic
MTR-59073792,Chaudhary Fatima Mehsud,"House No. 34, Gali 37, D Ground, Faisalabad",193591,Domestic
MTR-95688775,Z. Zaidi,H#170 St-13 WapdaTown Lahore,395013,Commercial
MTR-77522627,I. Shirazi,H#331 St-13 PeoplesColony Faisalabad,385046,Commercial
MTR-84334941,N.Joiya,مکان 56 گلی 18 University Town Peshawar,358398,Commercial
MTR-50663428,Saad Tarar,"House 253, Street 26, DHA Phase 5, Lahore",440617,Commercial
MTR-84252456,احمد Sandhu,"204-14 Peoples Colony, Faisalabad",229252,Commercial
MTR-53075025,Laiba Virk,"House 381, Street 14, Hayatabad Phase 3, Peshawar",291396,Domestic
MTR-44637708,N.Kazmi,مکان 267 گلی 7 Peoples Colony Faisalabad,221780,Commercial
MTR-83099523,F. Bangash,H#251 St-8 UniversityTown Peshawar,321984,Domestic
MTR-94095570,K. Butt,H#244 St-17 CliftonBlock2 Karachi,403202,Commercial
MTR-46846693,N.Rizvi,مکان 324 گلی 5 D Ground Faisalabad,278660,Domestic
MTR-96695202,Sardar Tariq Cheema,"House No. 333, Gali 37, Bahria Phase 4, Rawalpindi",415925,Domestic
MTR-21260411,J.Lodhi,مکان 357 گلی 23 E-11/2 اسلام آباد,313257,Commercial
MTR-40755141,R.Khattak,مکان 134 گلی 11 Gulberg III لاہور,444634,Domestic
MTR-89605385,H. Durrani,H#313 St-4 Westridge Rawalpindi,437145,Commercial
MTR-64398526,T. Malik,H#388 St-27 PeoplesColony Faisalabad,193256,Domestic
MTR-57897181,T.Mughal,مکان 393 گلی 40 North Nazimabad کراچی,207347,Domestic
MTR-10084094,Chaudhary Talha Shirazi,"House No. 344, Gali 39, Chaklala Scheme 3, Rawalpindi",332188,Domestic
MTR-82536917,S.Tarar,مکان 111 گلی 1 Cantt Multan,296356,Domestic
MTR-63310963,Q.Malik,مکان 294 گلی 29 Johar Town لاہور,200038,Domestic
MTR-18438949,Sardar Zara Rizvi,"House No. 338, Gali 11, Satellite Town, Rawalpindi",294463,Commercial
MTR-99782032,D. Rizvi,H#1 St-26 WapdaTown Lahore,151164,Domestic
MTR-49918385,Anas Awan,"House 262, Street 22, Gulshan-e-Iqbal, Karachi",321990,Domestic
MTR-37156780,Gul Zaidi,"House 321, Street 34, Shah Rukn-e-Alam, Multan",180319,Commercial
MTR-53423742,D. Sheikh,H#342 St-30 NorthNazimabad Karachi,222716,Domestic
MTR-79570632,Chaudhary Farhan Niazi,"House No. 83, Gali 8, Peoples Colony, Faisalabad",178135,Commercial
MTR-63698157,L. Rajput,H#93 St-13 Cantt Multan,162494,Domestic
MTR-93079951,Gul Bukhari,"House 341, Street 4, Shah Rukn-e-Alam, Multan",257078,Domestic
MTR-23444726,Yasir Awan,"294-15 G-13/1, Islamabad",437472,Domestic
MTR-95630656,W.Bhatti,مکان 202 گلی 25 Peoples Colony Faisalabad,193990,Domestic
MTR-25012735,حسن Ansari,"78-19 F-8/3, Islamabad",358671,Domestic
MTR-85350383,Sardar Mehwish Sandhu,"House No. 148, Gali 4, Clifton Block 2, Karachi",228538,Commercial
MTR-68973527,Haji Gul Bangash,"House No. 4, Gali 12, Gulbahar, Peshawar",252597,Commercial
MTR-97652717,K. Kazmi,H#275 St-24 DHAPhase6 Karachi,225066,Domestic
MTR-43592960,W. Kakar,H#110 St-4 GulbergIII Lahore,290816,Domestic
MTR-97357450,B. Gill,H#114 St-36 Gulgasht Multan,374634,Domestic
MTR-83979232,Zeeshan Sheikh,"House 71, Street 2, Clifton Block 2, Karachi",216465,Domestic
MTR-55527951,A.Malik,مکان 130 گلی 27 Bahria Phase 4 راولپنڈی,270013,Commercial
MTR-21205028,Hassan Joiya,"House 212, Street 17, Gulbahar, Peshawar",444357,Commercial
MTR-65696418,محمد Orakzai,"202-35 Model Town, Lahore",389636,Commercial
MTR-61000288,H.Sial,مکان 172 گلی 17 Clifton Block 2 کراچی,321741,Domestic
MTR-92443245,S.Mehsud,مکان 199 گلی 12 G-10/2 اسلام آباد,162875,Domestic
MTR-65871889,Anas Saddozai,"House 30, Street 15, Peoples Colony, Faisalabad",337317,Domestic
MTR-20510518,Farhan Gondal,"House 237, Street 39, Johar Town, Lahore",229656,Domestic
MTR-96779292,Malik Mansoor Rajput,"House No. 49, Gali 3, North Nazimabad, Karachi",375253,Commercial
MTR-59760136,N.Siddiqui,مکان 215 گلی 38 Wapda Town لاہور,181035,Domestic
MTR-56592140,K.Khan,مکان 235 گلی 20 D Ground Faisalabad,331972,Commercial
MTR-55586635,F.Zaidi,مکان 285 گلی 13 D Ground Faisalabad,230525,Commercial
MTR-28469590,Syed Bilal Khan,"House No. 109, Gali 3, G-10/2, Islamabad",226273,Commercial
MTR-25075074,I.Orakzai,مکان 119 گلی 18 G-10/2 اسلام آباد,316083,Domestic
MTR-91590042,Z.Mehsud,مکان 167 گلی 11 Wapda Town لاہور,427144,Domestic
MTR-16318785,S. Gondal,H#70 St-38 Westridge Rawalpindi,213696,Domestic
MTR-69404080,Tooba Bhatti,"House 217, Street 38, Westridge, Rawalpindi",447674,Domestic
MTR-90278338,R.Rizvi,مکان 387 گلی 30 Hayatabad Phase 3 Peshawar,212008,Commercial
MTR-15870192,A.Cheema,مکان 385 گلی 28 Madina Town Faisalabad,162249,Domestic
MTR-44960383,Z.Kazmi,مکان 164 گلی 23 Gulshan-e-Iqbal کراچی,390200,Domestic
MTR-80868215,Tariq Butt,"House 336, Street 11, DHA Phase 5, Lahore",287536,Commercial
MTR-48317286,R.Tareen,مکان 239 گلی 2 Wapda Town لاہور,447104,Commercial
MTR-84168534,Talha Janjua,"House 104, Street 30, Westridge, Rawalpindi",158582,Domestic
MTR-97101415,F.Janjua,مکان 50 گلی 34 Clifton Block 2 کراچی,410662,Domestic
MTR-45922329,Sardar Nadeem Kayani,"House No. 73, Gali 37, Wapda Town, Lahore",334107,Domestic
MTR-92831397,L. Mughal,H#233 St-2 ChaklalaScheme3 Rawalpindi,172435,Domestic
MTR-65512843,Tariq Malik,"House 46, Street 22, G-13/1, Islamabad",268042,Domestic
MTR-36959558,Gul Saddozai,"3-16 Madina Town, Faisalabad",343336,Domestic
MTR-47528434,G. Chaudhry,H#369 St-24 NorthNazimabad Karachi,175235,Domestic
MTR-71631870,Haji Khalid Malik,"House No. 227, Gali 19, Hayatabad Phase 3, Peshawar",425965,Domestic
MTR-73496796,Chaudhary Anas Bhatti,"House No. 220, Gali 17, Madina Town, Faisalabad",446303,Domestic
MTR-97832325,Chaudhary Irfan Mughal,"House No. 156, Gali 23, D Ground, Faisalabad",395385,Commercial
MTR-77266048,Rana Khalid Abbasi,"House No. 206, Gali 13, Westridge, Rawalpindi",431655,Domestic
MTR-56632770,Sardar Qasim Joiya,"House No. 327, Gali 9, North Nazimabad, Karachi",390118,Domestic
MTR-72544698,Talha Sandhu,"House 194, Street 9, Cantt, Multan",430957,Domestic
MTR-34888971,علی Gondal,"176-34 Cantt, Multan",344788,Domestic
MTR-37112341,زینب Naqvi,"339-2 DHA Phase 5, Lahore",193440,Commercial
MTR-41101813,Imran Bhatti,"House 47, Street 25, Chaklala Scheme 3, Rawalpindi",236563,Domestic
MTR-73468042,Nadeem Orakzai,"House 277, Street 19, Peoples Colony, Faisalabad",412564,Domestic
MTR-36086088,زینب Janjua,"190-3 Clifton Block 2, Karachi",442205,Commercial
MTR-49204579,Zafar ملک,"70-2 Chaklala Scheme 3, Rawalpindi",369767,Domestic
MTR-62619474,Zafar Sheikh,"House 92, Street 17, Johar Town, Lahore",163759,Commercial
MTR-17349164,Naveed شیخ,"173-34 North Nazimabad, Karachi",337238,Domestic
MTR-81957224,Obaid Gilani,"House 328, Street 15, Model Town, Lahore",389856,Domestic
MTR-31386772,A.Afridi,مکان 317 گلی 29 North Nazimabad کراچی,381935,Domestic
MTR-96742544,Yasir Niazi,"14-14 Peoples Colony, Faisalabad",437212,Domestic
MTR-21835263,W. Naqvi,H#110 St-5 Gulshan-e-Iqbal Karachi,340909,Commercial
MTR-91857427,Syed Iqra Warraich,"House No. 304, Gali 20, Hayatabad Phase 3, Peshawar",172750,Commercial
MTR-96653953,N.Afridi,مکان 360 گلی 19 Westridge راولپنڈی,154022,Domestic
MTR-14570790,Syed Javeria Mughal,"House No. 15, Gali 8, Wapda Town, Lahore",236613,Domestic
MTR-75675550,N. Cheema,H#90 St-32 ChaklalaScheme3 Rawalpindi,166814,Domestic
MTR-15834239,H.Zaidi,مکان 301 گلی 36 I-8/4 اسلام آباد,339906,Domestic
MTR-73919500,Syed Hamza Durrani,"House No. 117, Gali 1, DHA Phase 6, Karachi",436434,Domestic
MTR-13539244,K. Tareen,H#65 St-2 CliftonBlock2 Karachi,376015,Domestic
MTR-61984263,Yousuf Kazmi,"House 113, Street 32, Model Town, Lahore",334739,Domestic
MTR-53403139,S.Malik,مکان 233 گلی 22 Cantt Multan,427288,Domestic
