vehicle_reg_no,owner_name,engine_capacity_cc,vehicle_make_model,registration_year,owner_address
RIR-9236,Tooba Siddiqui,2000,Hyundai Tucson,2018,"141-16 B-17, Islamabad"
KAR-6997,Tooba Siddiqui,3300,Toyota Land Cruiser ZX,2018,"141-16 B-17, Islamabad"
LEA-6748,Tooba Siddiqui,2000,Hyundai Tucson,2018,"141-16 B-17, Islamabad"
RIR-1788,Shoaib Joiya,70,Honda CD-70,2021,"House 4, Street 11, Madina Town, Faisalabad"
RIR-6380,A. Raja,2700,Toyota Fortuner,2022,H#184 St-23 CliftonBlock2 Karachi
LEA-9568,A. Raja,3300,Toyota Land Cruiser ZX,2026,H#184 St-23 CliftonBlock2 Karachi
ICT-2959,A. Raja,2000,Hyundai Tucson,2020,H#184 St-23 CliftonBlock2 Karachi
ICT-7805,Zubair Raja,70,Honda CD-70,2023,"House 52, Street 25, Hayatabad Phase 3, Peshawar"
AFR-3857,Haji Sajid Chaudhry,800,Suzuki Mehran,2022,"House No. 109, Gali 32, Chaklala Scheme 3, Rawalpindi"
KAR-1554,H.Durrani,1200,Honda City,2024,مکان 275 گلی 18 B-17 اسلام آباد
RIR-8331,Noor Durrani,2700,Toyota Fortuner,2022,"House 391, Street 12, Wapda Town, Lahore"
AFR-5902,Noor Durrani,2000,Hyundai Tucson,2020,"House 391, Street 12, Wapda Town, Lahore"
LEA-3381,Adnan Sandhu,1300,Toyota Corolla GLi,2019,"277-34 Hayatabad Phase 3, Peshawar"
ICT-1388,Owais Janjua,1200,Honda City,2026,"291-6 F-8/3, Islamabad"
AFR-3146,Madiha Niazi,1000,Suzuki Cultus,2021,"225-34 Gulshan-e-Iqbal, Karachi"
RIR-8038,Mahnoor Zaidi,660,Suzuki Alto,2021,"House 4, Street 5, Bahria Phase 4, Rawalpindi"
LEA-241,Umar قریشی,70,Honda CD-70,2025,"221-23 B-17, Islamabad"
RIR-5073,Chaudhary Ubaid Mirza,3300,Toyota Land Cruiser ZX,2025,"House No. 80, Gali 13, North Nazimabad, Karachi"
ICT-4937,I. Sheikh,1300,Toyota Corolla GLi,2022,H#258 St-34 MadinaTown Faisalabad
LEA-2361,Nadeem Dar,2000,Audi e-tron,2017,"161-16 Gulgasht, Multan"
KAR-4504,Y.Sandhu,2700,Toyota Fortuner,2021,مکان 225 گلی 35 Johar Town لاہور
RIR-2501,Y.Sandhu,2000,Mercedes C200,2018,مکان 225 گلی 35 Johar Town لاہور
ICT-7924,Y.Sandhu,2700,Toyota Fortuner,2022,مکان 225 گلی 35 Johar Town لاہور
AFR-182,Bushra Qureshi,3300,Toyota Land Cruiser ZX,2018,"House 60, Street 7, Chaklala Scheme 3, Rawalpindi"
RIR-6578,N. Mehsud,3300,Toyota Land Cruiser ZX,2017,H#259 St-32 ShahRukn-e-Alam Multan
AFR-466,N. Mehsud,2000,Mercedes C200,2024,H#259 St-32 ShahRukn-e-Alam Multan
ICT-9317,N. Mehsud,2700,Toyota Prado TX,2026,H#259 St-32 ShahRukn-e-Alam Multan
KAR-8299,Javeria Abbasi,1300,Toyota Corolla GLi,2021,"190-38 Peoples Colony, Faisalabad"
RIR-9155,Chaudhary Usman Gill,2700,Toyota Prado TX,2026,"House No. 342, Gali 7, Bahria Phase 4, Rawalpindi"
KAR-9894,Mian Usman Gill,2700,Toyota Prado TX,2024,"House No. 342, Gali 7, Bahria Phase 4, Rawalpindi"
KAR-677,S.Tarar,660,Suzuki Alto,2023,مکان 378 گلی 22 F-8/3 اسلام آباد
RIR-5933,K.Butt,1000,Suzuki Cultus,2025,مکان 114 گلی 13 University Town Peshawar
LEA-8399,B. Malik,1800,Toyota Corolla Altis,2025,H#92 St-38 I-8/4 Islamabad
KAR-9656,B. Malik,2000,Audi e-tron,2018,H#92 St-38 I-8/4 Islamabad
LEA-4080,S.Sial,2700,Toyota Fortuner,2022,مکان 60 گلی 25 D Ground Faisalabad
ICT-1923,S.Sial,1500,Honda Civic RS,2019,مکان 60 گلی 25 D Ground Faisalabad
KAR-287,S.Sial,2700,Toyota Fortuner,2020,مکان 60 گلی 25 D Ground Faisalabad
LEA-9595,I.Sial,70,Honda CD-70,2023,مکان 170 گلی 40 B-17 اسلام آباد
AFR-3881,A.Warraich,2700,Toyota Prado TX,2025,مکان 284 گلی 9 Shah Rukn-e-Alam Multan
KAR-7595,Haji Nasir Zaidi,2000,Mercedes C200,2023,"House No. 156, Gali 19, Hayatabad Phase 3, Peshawar"
ICT-6453,Mian Nasir Zaidi,1500,Honda Civic RS,2020,"House No. 156, Gali 19, Hayatabad Phase 3, Peshawar"
RIR-9719,Sardar Nasir Zaidi,3300,Toyota Land Cruiser ZX,2024,"House No. 156, Gali 19, Hayatabad Phase 3, Peshawar"
LEA-950,G.Niazi,800,Suzuki Mehran,2019,مکان 76 گلی 2 Bahria Phase 4 راولپنڈی
LEA-5687,U.Tarar,2000,Hyundai Tucson,2024,مکان 100 گلی 25 Gulgasht Multan
RIR-2403,U.Tarar,2000,Audi e-tron,2026,مکان 100 گلی 25 Gulgasht Multan
AFR-5730,U.Tarar,2000,Hyundai Tucson,2020,مکان 100 گلی 25 Gulgasht Multan
KAR-6900,H.Zaidi,3300,Toyota Land Cruiser ZX,2019,مکان 387 گلی 29 Madina Town Faisalabad
KAR-8019,Rana Yousuf Joiya,2000,Audi e-tron,2019,"House No. 327, Gali 18, Johar Town, Lahore"
RIR-3233,I.Janjua,1300,Toyota Corolla GLi,2021,مکان 164 گلی 35 Gulberg III لاہور
KAR-6357,Rana Pervez Rizvi,2000,Hyundai Tucson,2019,"House No. 280, Gali 39, Gulgasht, Multan"
RIR-4387,Syed Pervez Rizvi,2000,Hyundai Tucson,2019,"House No. 280, Gali 39, Gulgasht, Multan"
RIR-2984,R. Khokhar,1500,Honda Civic RS,2020,H#390 St-25 GulbergIII Lahore
KAR-8172,R. Khokhar,1800,Toyota Corolla Altis,2026,H#390 St-25 GulbergIII Lahore
ICT-7192,R. Khokhar,2000,Hyundai Tucson,2024,H#390 St-25 GulbergIII Lahore
RIR-780,Mian Junaid Shirazi,660,Suzuki Alto,2019,"House No. 368, Gali 8, D Ground, Faisalabad"
RIR-6941,Amna Mehsud,1800,Toyota Corolla Altis,2017,"367-13 North Nazimabad, Karachi"
AFR-6087,Rabia بٹ,1300,Toyota Corolla GLi,2020,"220-24 Wapda Town, Lahore"
KAR-1695,W. Sial,1300,Toyota Corolla GLi,2023,H#304 St-18 Gulbahar Peshawar
RIR-4547,Wajahat Gilani,2000,Audi e-tron,2023,"House 195, Street 22, D Ground, Faisalabad"
LEA-8488,Wajahat Gilani,2000,Audi e-tron,2026,"House 195, Street 22, D Ground, Faisalabad"
LEA-5985,Wajahat Gilani,2000,Mercedes C200,2018,"House 195, Street 22, D Ground, Faisalabad"
LEA-2665,Javeria Janjua,660,Suzuki Alto,2022,"House 189, Street 31, Wapda Town, Lahore"
LEA-7089,Sardar Umar Mirza,1000,Suzuki Cultus,2024,"House No. 92, Gali 20, Chaklala Scheme 3, Rawalpindi"
KAR-9921,S.Mirza,2000,Audi e-tron,2021,مکان 327 گلی 32 Cantt Multan
AFR-8600,S.Mirza,2000,Audi e-tron,2026,مکان 327 گلی 32 Cantt Multan
LEA-6422,T. Sheikh,2700,Toyota Prado TX,2018,H#59 St-5 ModelTown Lahore
KAR-3956,T. Sheikh,2000,Mercedes C200,2018,H#59 St-5 ModelTown Lahore
LEA-1537,M.Bukhari,1800,Toyota Corolla Altis,2020,مکان 292 گلی 40 Gulshan-e-Iqbal کراچی
LEA-8797,M.Bukhari,2000,Hyundai Tucson,2021,مکان 292 گلی 40 Gulshan-e-Iqbal کراچی
AFR-939,M.Bukhari,2000,Audi e-tron,2025,مکان 292 گلی 40 Gulshan-e-Iqbal کراچی
KAR-1495,Lubna Mirza,1200,Honda City,2022,"37-15 Shah Rukn-e-Alam, Multan"
LEA-5918,Kinza Warraich,2000,Audi e-tron,2024,"277-32 Wapda Town, Lahore"
KAR-2933,Hassan Raja,2000,Hyundai Tucson,2020,"House 392, Street 18, Satellite Town, Rawalpindi"
KAR-1731,Haji Waseem Ansari,660,Suzuki Alto,2023,"House No. 326, Gali 32, Madina Town, Faisalabad"
AFR-6783,W.Cheema,660,Suzuki Alto,2026,مکان 148 گلی 26 North Nazimabad کراچی
RIR-3950,Fahad Kakar,2000,Mercedes C200,2021,"337-35 Clifton Block 2, Karachi"
RIR-8241,Fahad Kakar,1500,Honda Civic RS,2019,"337-35 Clifton Block 2, Karachi"
AFR-6764,Anas Afridi,1300,Toyota Corolla GLi,2024,"105-18 Clifton Block 2, Karachi"
ICT-1886,Hamza ملک,2000,Mercedes C200,2019,"123-11 Gulgasht, Multan"
ICT-3460,Hamza ملک,2000,Hyundai Tucson,2025,"123-11 Gulgasht, Multan"
LEA-1030,Ehsan Kazmi,2000,Mercedes C200,2024,"House 145, Street 20, DHA Phase 5, Lahore"
KAR-1326,Farhan Cheema,1200,Honda City,2021,"House 194, Street 30, D Ground, Faisalabad"
ICT-6956,U. Bhatti,800,Suzuki Mehran,2022,H#362 St-25 ShahRukn-e-Alam Multan
RIR-6178,Zeeshan Joiya,1500,Honda Civic RS,2022,"House 234, Street 1, G-13/1, Islamabad"
LEA-3888,Syed Ehsan Yousafzai,2700,Toyota Fortuner,2018,"House No. 333, Gali 6, Shah Rukn-e-Alam, Multan"
AFR-6291,Sardar Ehsan Yousafzai,2000,Hyundai Tucson,2026,"House No. 333, Gali 6, Shah Rukn-e-Alam, Multan"
ICT-140,Sardar Ehsan Yousafzai,2000,Hyundai Tucson,2022,"House No. 333, Gali 6, Shah Rukn-e-Alam, Multan"
AFR-7050,S.Mughal,800,Suzuki Mehran,2017,مکان 15 گلی 3 Shah Rukn-e-Alam Multan
ICT-2041,Yasir Naqvi,2000,Mercedes C200,2024,"House 88, Street 12, DHA Phase 6, Karachi"
RIR-744,Danish Khokhar,2000,Mercedes C200,2022,"House 236, Street 17, Shah Rukn-e-Alam, Multan"
RIR-7377,Sufyan Gill,660,Suzuki Alto,2021,"House 328, Street 28, Madina Town, Faisalabad"
KAR-8483,Syed Asad Janjua,800,Suzuki Mehran,2025,"House No. 295, Gali 19, Gulshan-e-Iqbal, Karachi"
AFR-4161,G.Tareen,1000,Suzuki Cultus,2024,مکان 349 گلی 9 Gulgasht Multan
AFR-7653,R.Awan,70,Honda CD-70,2024,مکان 168 گلی 27 I-8/4 اسلام آباد
AFR-4791,Hina Kazmi,1300,Toyota Corolla GLi,2021,"House 132, Street 31, Johar Town, Lahore"
RIR-4995,U.Sandhu,1800,Toyota Corolla Altis,2022,مکان 345 گلی 17 Gulgasht Multan
AFR-6675,U.Sandhu,2700,Toyota Prado TX,2023,مکان 345 گلی 17 Gulgasht Multan
KAR-3677,N.Zaidi,70,Honda CD-70,2017,مکان 114 گلی 5 Wapda Town لاہور
RIR-6327,Syed Mubashir Hashmi,2000,Audi e-tron,2017,"House No. 121, Gali 35, G-10/2, Islamabad"
RIR-8151,R. Joiya,1300,Toyota Corolla GLi,2021,H#186 St-7 DHAPhase6 Karachi
LEA-3248,A.Gill,800,Suzuki Mehran,2022,مکان 302 گلی 21 Hayatabad Phase 3 Peshawar
AFR-7878,Hina Siddiqui,3300,Toyota Land Cruiser ZX,2022,"244-29 Cantt, Multan"
ICT-9265,Usman Durrani,800,Suzuki Mehran,2023,"House 267, Street 20, Gulbahar, Peshawar"
ICT-3566,H.Qureshi,1300,Toyota Corolla GLi,2026,مکان 38 گلی 6 North Nazimabad کراچی
AFR-7157,Rana Khalid Shirazi,1300,Toyota Corolla GLi,2024,"House No. 233, Gali 33, Madina Town, Faisalabad"
ICT-4513,R.Joiya,1800,Toyota Corolla Altis,2021,مکان 174 گلی 30 Westridge راولپنڈی
KAR-2554,Kashif Sandhu,2000,Hyundai Tucson,2025,"35-6 Westridge, Rawalpindi"
AFR-227,Nadia شیخ,1000,Suzuki Cultus,2018,"288-22 D Ground, Faisalabad"
KAR-309,N.Sheikh,660,Suzuki Alto,2024,مکان 160 گلی 23 Wapda Town لاہور
LEA-6892,M. Mehsud,1500,Honda Civic RS,2022,H#14 St-39 Gulgasht Multan
KAR-9603,F.Khan,2000,Audi e-tron,2020,مکان 290 گلی 26 Bahria Phase 4 راولپنڈی
ICT-9449,F.Khan,2000,Mercedes C200,2025,مکان 290 گلی 26 Bahria Phase 4 راولپنڈی
AFR-2632,F.Khan,3300,Toyota Land Cruiser ZX,2023,مکان 290 گلی 26 Bahria Phase 4 راولپنڈی
AFR-5716,Pervez Khokhar,1200,Honda City,2019,"190-20 Johar Town, Lahore"
RIR-2222,G.Raja,1000,Suzuki Cultus,2019,مکان 339 گلی 28 Model Town لاہور
LEA-1670,Muhammad Dar,1300,Toyota Corolla GLi,2022,"House 393, Street 9, Johar Town, Lahore"
RIR-474,Saad Awan,800,Suzuki Mehran,2018,"257-36 DHA Phase 6, Karachi"
AFR-9553,U.Chaudhry,1300,Toyota Corolla GLi,2025,مکان 295 گلی 28 University Town Peshawar
KAR-6035,Atif Mughal,3300,Toyota Land Cruiser ZX,2022,"236-24 Gulbahar, Peshawar"
ICT-7799,Atif Mughal,2700,Toyota Fortuner,2024,"236-24 Gulbahar, Peshawar"
ICT-977,Atif Mughal,2700,Toyota Fortuner,2018,"236-24 Gulbahar, Peshawar"
AFR-5017,Hina Raja,2000,Audi e-tron,2021,"House 382, Street 22, Gulshan-e-Iqbal, Karachi"
LEA-3930,Hina Raja,2000,Mercedes C200,2025,"House 382, Street 22, Gulshan-e-Iqbal, Karachi"
LEA-3006,Z.Chaudhry,660,Suzuki Alto,2018,مکان 238 گلی 37 Westridge راولپنڈی
LEA-8547,K. Rajput,660,Suzuki Alto,2022,H#141 St-38 Gulshan-e-Iqbal Karachi
KAR-1584,Hussain Sheikh,1500,Honda Civic RS,2026,"House 40, Street 6, Gulberg III, Lahore"
AFR-9409,Hussain Sheikh,3300,Toyota Land Cruiser ZX,2026,"House 40, Street 6, Gulberg III, Lahore"
LEA-6672,Hussain Sheikh,1800,Toyota Corolla Altis,2022,"House 40, Street 6, Gulberg III, Lahore"
ICT-3860,Taimoor Qureshi,2000,Hyundai Tucson,2017,"House 366, Street 6, University Town, Peshawar"
AFR-6171,Taimoor Qureshi,2000,Audi e-tron,2018,"House 366, Street 6, University Town, Peshawar"
RIR-8134,Taimoor Qureshi,2000,Audi e-tron,2018,"House 366, Street 6, University Town, Peshawar"
KAR-2221,Irfan Kayani,800,Suzuki Mehran,2026,"House 309, Street 10, Gulgasht, Multan"
ICT-2690,Shahzad Shirazi,3300,Toyota Land Cruiser ZX,2022,"159-36 Cantt, Multan"
LEA-3479,Shahzad Shirazi,2000,Mercedes C200,2019,"159-36 Cantt, Multan"
LEA-4581,Shahzad Shirazi,2700,Toyota Prado TX,2020,"159-36 Cantt, Multan"
LEA-5076,U. Wazir,70,Honda CD-70,2017,H#10 St-24 Gulshan-e-Iqbal Karachi
LEA-8193,U.Gondal,2000,Hyundai Tucson,2019,مکان 40 گلی 19 Bahria Phase 4 راولپنڈی
LEA-2201,U.Gondal,3300,Toyota Land Cruiser ZX,2022,مکان 40 گلی 19 Bahria Phase 4 راولپنڈی
AFR-8231,Iqra Virk,70,Honda CD-70,2022,"House 93, Street 40, Bahria Phase 4, Rawalpindi"
LEA-3612,Chaudhary Sufyan Yousafzai,660,Suzuki Alto,2019,"House No. 120, Gali 35, Model Town, Lahore"
KAR-305,W.Kakar,1300,Toyota Corolla GLi,2017,مکان 258 گلی 34 Model Town لاہور
RIR-9574,Taimoor Kazmi,800,Suzuki Mehran,2025,"House 47, Street 15, Westridge, Rawalpindi"
AFR-4327,J.Janjua,2700,Toyota Prado TX,2019,مکان 192 گلی 15 Clifton Block 2 کراچی
KAR-9501,J.Janjua,2700,Toyota Fortuner,2020,مکان 192 گلی 15 Clifton Block 2 کراچی
LEA-1036,N.Butt,1000,Suzuki Cultus,2022,مکان 357 گلی 9 Model Town لاہور
RIR-5150,Adnan Zaidi,660,Suzuki Alto,2018,"271-28 Gulgasht, Multan"
RIR-4548,Haji Pervez Afridi,2000,Audi e-tron,2017,"House No. 235, Gali 5, Gulbahar, Peshawar"
LEA-3678,Sardar Madiha Abbasi,1500,Honda Civic RS,2019,"House No. 1, Gali 40, Model Town, Lahore"
LEA-9445,Syed Madiha Abbasi,2000,Mercedes C200,2024,"House No. 1, Gali 40, Model Town, Lahore"
ICT-5599,Syed Madiha Abbasi,3300,Toyota Land Cruiser ZX,2019,"House No. 1, Gali 40, Model Town, Lahore"
RIR-8374,Kamran Naqvi,1500,Honda Civic RS,2017,"260-36 D Ground, Faisalabad"
AFR-1183,Kamran Naqvi,2000,Mercedes C200,2023,"260-36 D Ground, Faisalabad"
LEA-7684,علی Gill,660,Suzuki Alto,2019,"177-16 Hayatabad Phase 3, Peshawar"
AFR-5479,Yousuf Kayani,800,Suzuki Mehran,2021,"House 98, Street 19, B-17, Islamabad"
LEA-6161,S.Raja,70,Honda CD-70,2021,مکان 41 گلی 28 Shah Rukn-e-Alam Multan
RIR-7010,Bushra Mirza,70,Honda CD-70,2024,"309-28 Model Town, Lahore"
KAR-6609,Mehwish Sial,1000,Suzuki Cultus,2018,"39-26 DHA Phase 5, Lahore"
ICT-5040,Jawad Sandhu,2700,Toyota Prado TX,2026,"294-9 Clifton Block 2, Karachi"
ICT-8336,Jawad Sandhu,1800,Toyota Corolla Altis,2017,"294-9 Clifton Block 2, Karachi"
LEA-1401,Jawad Sandhu,3300,Toyota Land Cruiser ZX,2022,"294-9 Clifton Block 2, Karachi"
RIR-4602,H. Saddozai,2000,Audi e-tron,2017,H#266 St-25 Westridge Rawalpindi
LEA-793,F.Gill,3300,Toyota Land Cruiser ZX,2017,مکان 282 گلی 35 Cantt Multan
AFR-7166,F.Gill,1800,Toyota Corolla Altis,2024,مکان 282 گلی 35 Cantt Multan
KAR-9107,Ibrahim Kazmi,1800,Toyota Corolla Altis,2026,"House 103, Street 9, Satellite Town, Rawalpindi"
ICT-2523,F.Awan,2700,Toyota Fortuner,2021,مکان 231 گلی 30 DHA Phase 5 لاہور
KAR-1162,A.Khattak,1000,Suzuki Cultus,2018,مکان 88 گلی 40 Bahria Phase 4 راولپنڈی
RIR-9744,Y.Mehsud,1800,Toyota Corolla Altis,2024,مکان 233 گلی 5 Gulshan-e-Iqbal کراچی
AFR-5128,E.Shirazi,2700,Toyota Prado TX,2020,مکان 368 گلی 21 Chaklala Scheme 3 راولپنڈی
KAR-9581,E.Shirazi,2700,Toyota Prado TX,2026,مکان 368 گلی 21 Chaklala Scheme 3 راولپنڈی
LEA-5845,E.Shirazi,1800,Toyota Corolla Altis,2019,مکان 368 گلی 21 Chaklala Scheme 3 راولپنڈی
AFR-7169,S. Janjua,1200,Honda City,2022,H#137 St-29 CliftonBlock2 Karachi
AFR-2405,M. Tarar,660,Suzuki Alto,2024,H#168 St-37 BahriaPhase4 Rawalpindi
ICT-5012,Anas Niazi,1800,Toyota Corolla Altis,2019,"House 47, Street 26, Clifton Block 2, Karachi"
AFR-7865,Anas Niazi,2000,Mercedes C200,2021,"House 47, Street 26, Clifton Block 2, Karachi"
RIR-4661,Anas Niazi,2700,Toyota Fortuner,2026,"House 47, Street 26, Clifton Block 2, Karachi"
LEA-2810,Mian Irfan Hashmi,1500,Honda Civic RS,2018,"House No. 345, Gali 31, D Ground, Faisalabad"
AFR-1949,Mian Rida Sandhu,3300,Toyota Land Cruiser ZX,2018,"House No. 188, Gali 3, University Town, Peshawar"
ICT-1477,Malik Rida Sandhu,3300,Toyota Land Cruiser ZX,2025,"House No. 188, Gali 3, University Town, Peshawar"
KAR-9557,Syed Rida Sandhu,2700,Toyota Prado TX,2020,"House No. 188, Gali 3, University Town, Peshawar"
LEA-4060,N. Sandhu,1300,Toyota Corolla GLi,2025,H#102 St-39 HayatabadPhase3 Peshawar
AFR-1794,W. Warraich,2700,Toyota Fortuner,2025,H#154 St-38 DGround Faisalabad
LEA-3195,Rana Hassan Shirazi,1800,Toyota Corolla Altis,2017,"House No. 336, Gali 38, Gulshan-e-Iqbal, Karachi"
AFR-1202,Mian Hassan Shirazi,2700,Toyota Prado TX,2021,"House No. 336, Gali 38, Gulshan-e-Iqbal, Karachi"
RIR-3472,P.Abbasi,660,Suzuki Alto,2020,مکان 211 گلی 33 DHA Phase 6 کراچی
ICT-2213,Nadia Bhatti,660,Suzuki Alto,2018,"House 270, Street 25, Shah Rukn-e-Alam, Multan"
ICT-810,Haji Gul Kakar,1000,Suzuki Cultus,2022,"House No. 349, Gali 17, Gulbahar, Peshawar"
KAR-7706,S. Niazi,2700,Toyota Prado TX,2019,H#361 St-14 UniversityTown Peshawar
RIR-4006,Rana Waseem Mirza,70,Honda CD-70,2023,"House No. 347, Gali 35, G-13/1, Islamabad"
ICT-2398,Madiha Raja,1200,Honda City,2017,"House 336, Street 17, Model Town, Lahore"
LEA-1834,Naveed قریشی,2000,Hyundai Tucson,2017,"301-16 D Ground, Faisalabad"
KAR-2391,Naveed قریشی,1500,Honda Civic RS,2017,"301-16 D Ground, Faisalabad"
RIR-6718,Sardar Obaid Cheema,2000,Hyundai Tucson,2026,"House No. 52, Gali 9, Shah Rukn-e-Alam, Multan"
RIR-7753,Chaudhary Obaid Cheema,2000,Hyundai Tucson,2021,"House No. 52, Gali 9, Shah Rukn-e-Alam, Multan"
ICT-3239,Chaudhary Obaid Cheema,1800,Toyota Corolla Altis,2018,"House No. 52, Gali 9, Shah Rukn-e-Alam, Multan"
RIR-4438,Zafar Khattak,1800,Toyota Corolla Altis,2019,"House 165, Street 19, Chaklala Scheme 3, Rawalpindi"
ICT-7223,Chaudhary Saad Tarar,660,Suzuki Alto,2023,"House No. 19, Gali 26, Hayatabad Phase 3, Peshawar"
ICT-9496,Sardar Babar Mirza,1200,Honda City,2026,"House No. 69, Gali 33, North Nazimabad, Karachi"
AFR-9491,Mian Uzma Kayani,2000,Mercedes C200,2019,"House No. 8, Gali 22, Cantt, Multan"
ICT-295,N.Virk,1800,Toyota Corolla Altis,2019,مکان 386 گلی 18 Westridge راولپنڈی
KAR-2805,N.Virk,2000,Mercedes C200,2018,مکان 386 گلی 18 Westridge راولپنڈی
KAR-2196,Haji Jawad Yousafzai,3300,Toyota Land Cruiser ZX,2019,"House No. 69, Gali 31, Bahria Phase 4, Rawalpindi"
RIR-1810,Syed Jawad Yousafzai,2000,Audi e-tron,2018,"House No. 69, Gali 31, Bahria Phase 4, Rawalpindi"
KAR-9758,M. Wazir,2000,Hyundai Tucson,2019,H#391 St-16 HayatabadPhase3 Peshawar
LEA-2705,M. Wazir,1500,Honda Civic RS,2024,H#391 St-16 HayatabadPhase3 Peshawar
RIR-8231,M. Wazir,2700,Toyota Fortuner,2018,H#391 St-16 HayatabadPhase3 Peshawar
RIR-9787,Chaudhary Faisal Gilani,660,Suzuki Alto,2024,"House No. 281, Gali 33, G-10/2, Islamabad"
KAR-2097,F.Mehsud,2000,Audi e-tron,2025,مکان 47 گلی 33 Westridge راولپنڈی
RIR-1198,F.Mehsud,2000,Mercedes C200,2021,مکان 47 گلی 33 Westridge راولپنڈی
KAR-6556,Rabia شیخ,3300,Toyota Land Cruiser ZX,2022,"345-20 Madina Town, Faisalabad"
ICT-8294,Rabia شیخ,2000,Hyundai Tucson,2022,"345-20 Madina Town, Faisalabad"
RIR-2286,Rana Usman Sial,2700,Toyota Prado TX,2021,"House No. 278, Gali 4, DHA Phase 5, Lahore"
LEA-9430,Haji Usman Sial,2700,Toyota Prado TX,2018,"House No. 278, Gali 4, DHA Phase 5, Lahore"
KAR-1362,U.Durrani,2000,Hyundai Tucson,2026,مکان 192 گلی 25 Shah Rukn-e-Alam Multan
LEA-8120,Z. Gill,800,Suzuki Mehran,2023,H#276 St-26 F-8/3 Islamabad
RIR-4212,T. Shirazi,3300,Toyota Land Cruiser ZX,2020,H#25 St-16 Gulgasht Multan
AFR-6955,T. Shirazi,2000,Hyundai Tucson,2026,H#25 St-16 Gulgasht Multan
KAR-5895,Rana Imran Awan,1300,Toyota Corolla GLi,2023,"House No. 120, Gali 37, Madina Town, Faisalabad"
RIR-9378,Bushra Naqvi,2000,Audi e-tron,2022,"House 154, Street 18, Westridge, Rawalpindi"
RIR-6847,Bushra Naqvi,2000,Audi e-tron,2017,"House 154, Street 18, Westridge, Rawalpindi"
LEA-3686,Bushra Naqvi,1500,Honda Civic RS,2024,"House 154, Street 18, Westridge, Rawalpindi"
RIR-368,بلال Gill,1000,Suzuki Cultus,2022,"196-34 Gulgasht, Multan"
AFR-2813,M. Rajput,2000,Audi e-tron,2024,H#154 St-10 BahriaPhase4 Rawalpindi
RIR-7759,M. Rajput,1500,Honda Civic RS,2019,H#154 St-10 BahriaPhase4 Rawalpindi
ICT-196,Luqman Janjua,2000,Hyundai Tucson,2019,"House 170, Street 6, Johar Town, Lahore"
AFR-1728,Luqman Janjua,2700,Toyota Fortuner,2022,"House 170, Street 6, Johar Town, Lahore"
KAR-5088,S.Virk,800,Suzuki Mehran,2023,مکان 309 گلی 3 Gulgasht Multan
ICT-7194,A. Kakar,1800,Toyota Corolla Altis,2024,H#239 St-35 ModelTown Lahore
LEA-9894,A. Kakar,2000,Audi e-tron,2017,H#239 St-35 ModelTown Lahore
RIR-8959,Mian Rashid Malik,1200,Honda City,2024,"House No. 300, Gali 38, Wapda Town, Lahore"
LEA-3215,Malik Bilal Tareen,2000,Mercedes C200,2022,"House No. 71, Gali 15, E-11/2, Islamabad"
RIR-2020,I.Yousafzai,2700,Toyota Prado TX,2021,مکان 316 گلی 31 Gulgasht Multan
LEA-1477,I.Yousafzai,3300,Toyota Land Cruiser ZX,2018,مکان 316 گلی 31 Gulgasht Multan
LEA-3943,علی Naqvi,70,Honda CD-70,2024,"275-19 Shah Rukn-e-Alam, Multan"
AFR-7516,Syed Imran Afridi,1200,Honda City,2021,"House No. 88, Gali 6, B-17, Islamabad"
AFR-3862,Chaudhary Hina Butt,2000,Hyundai Tucson,2022,"House No. 355, Gali 37, Bahria Phase 4, Rawalpindi"
KAR-7929,Syed Hina Butt,2700,Toyota Prado TX,2024,"House No. 355, Gali 37, Bahria Phase 4, Rawalpindi"
LEA-8060,Sardar Saad Bhatti,2000,Mercedes C200,2021,"House No. 301, Gali 10, F-8/3, Islamabad"
LEA-5510,Chaudhary Saad Bhatti,2700,Toyota Prado TX,2019,"House No. 301, Gali 10, F-8/3, Islamabad"
AFR-1180,F. Cheema,1800,Toyota Corolla Altis,2024,H#305 St-26 DGround Faisalabad
KAR-890,F. Cheema,1800,Toyota Corolla Altis,2020,H#305 St-26 DGround Faisalabad
LEA-4187,S. Virk,2000,Hyundai Tucson,2020,H#349 St-38 DHAPhase6 Karachi
LEA-6083,S. Virk,1800,Toyota Corolla Altis,2018,H#349 St-38 DHAPhase6 Karachi
AFR-5259,S. Virk,3300,Toyota Land Cruiser ZX,2022,H#349 St-38 DHAPhase6 Karachi
ICT-3730,S.Sandhu,2000,Audi e-tron,2021,مکان 53 گلی 9 University Town Peshawar
KAR-9398,Obaid قریشی,1000,Suzuki Cultus,2021,"182-36 G-10/2, Islamabad"
ICT-7013,Luqman Kakar,70,Honda CD-70,2021,"House 287, Street 16, B-17, Islamabad"
LEA-5806,S. Niazi,1200,Honda City,2023,H#75 St-5 ModelTown Lahore
LEA-7382,Ibrahim Kayani,70,Honda CD-70,2023,"305-40 Westridge, Rawalpindi"
AFR-591,Zafar Bhatti,1200,Honda City,2020,"House 164, Street 19, Westridge, Rawalpindi"
RIR-266,I. Siddiqui,3300,Toyota Land Cruiser ZX,2020,H#304 St-35 PeoplesColony Faisalabad
KAR-906,I. Siddiqui,2700,Toyota Fortuner,2019,H#304 St-35 PeoplesColony Faisalabad
ICT-3785,I. Siddiqui,3300,Toyota Land Cruiser ZX,2024,H#304 St-35 PeoplesColony Faisalabad
LEA-4294,Rana Bushra Abbasi,3300,Toyota Land Cruiser ZX,2022,"House No. 194, Gali 5, Shah Rukn-e-Alam, Multan"
KAR-6805,Sardar Bushra Abbasi,2000,Mercedes C200,2023,"House No. 194, Gali 5, Shah Rukn-e-Alam, Multan"
KAR-4802,Sardar Javeria Tarar,2700,Toyota Prado TX,2020,"House No. 185, Gali 35, Peoples Colony, Faisalabad"
KAR-7936,Chaudhary Javeria Tarar,2000,Audi e-tron,2022,"House No. 185, Gali 35, Peoples Colony, Faisalabad"
KAR-7482,Malik Javeria Tarar,3300,Toyota Land Cruiser ZX,2026,"House No. 185, Gali 35, Peoples Colony, Faisalabad"
AFR-7806,Fatima Saddozai,2700,Toyota Fortuner,2025,"House 298, Street 37, D Ground, Faisalabad"
AFR-7655,Fatima Saddozai,2700,Toyota Fortuner,2021,"House 298, Street 37, D Ground, Faisalabad"
LEA-449,Fatima Saddozai,3300,Toyota Land Cruiser ZX,2025,"House 298, Street 37, D Ground, Faisalabad"
RIR-1807,S. Durrani,70,Honda CD-70,2018,H#164 St-5 ShahRukn-e-Alam Multan
RIR-1091,Asad Mehsud,2000,Audi e-tron,2019,"House 380, Street 16, Hayatabad Phase 3, Peshawar"
RIR-8441,Asad Mehsud,2000,Mercedes C200,2023,"House 380, Street 16, Hayatabad Phase 3, Peshawar"
RIR-7793,Syed Danish Warraich,2700,Toyota Prado TX,2024,"House No. 96, Gali 28, Cantt, Multan"
KAR-4024,Fahad Kayani,660,Suzuki Alto,2020,"271-21 Shah Rukn-e-Alam, Multan"
RIR-2604,Talha Sandhu,1000,Suzuki Cultus,2025,"262-25 Cantt, Multan"
ICT-2687,Taimoor Yousafzai,1500,Honda Civic RS,2023,"House 5, Street 32, I-8/4, Islamabad"
LEA-5574,Taimoor Yousafzai,2000,Audi e-tron,2017,"House 5, Street 32, I-8/4, Islamabad"
ICT-3383,Z. Butt,1500,Honda Civic RS,2021,H#276 St-19 JoharTown Lahore
KAR-8748,Z. Butt,2700,Toyota Prado TX,2025,H#276 St-19 JoharTown Lahore
AFR-6590,Z. Butt,3300,Toyota Land Cruiser ZX,2022,H#276 St-19 JoharTown Lahore
AFR-1198,F.Lodhi,800,Suzuki Mehran,2020,مکان 188 گلی 35 Gulbahar Peshawar
RIR-447,J.Gill,800,Suzuki Mehran,2022,مکان 313 گلی 28 Gulbahar Peshawar
AFR-4653,Rabia Gill,2000,Audi e-tron,2017,"306-35 Madina Town, Faisalabad"
LEA-1805,Rabia Gill,2000,Mercedes C200,2025,"306-35 Madina Town, Faisalabad"
KAR-3817,Gul Qureshi,2700,Toyota Fortuner,2017,"House 31, Street 18, Westridge, Rawalpindi"
LEA-7566,Gul Qureshi,3300,Toyota Land Cruiser ZX,2023,"House 31, Street 18, Westridge, Rawalpindi"
ICT-3392,Gul Warraich,3300,Toyota Land Cruiser ZX,2018,"House 296, Street 18, DHA Phase 6, Karachi"
RIR-6086,Anas Lodhi,660,Suzuki Alto,2017,"173-36 Gulberg III, Lahore"
KAR-6051,U.Qureshi,70,Honda CD-70,2018,مکان 9 گلی 8 Shah Rukn-e-Alam Multan
AFR-396,Bilal Warraich,660,Suzuki Alto,2022,"House 372, Street 15, Shah Rukn-e-Alam, Multan"
ICT-890,Shahzad Bukhari,800,Suzuki Mehran,2022,"House 5, Street 1, Westridge, Rawalpindi"
AFR-5758,Sardar Saba Saddozai,70,Honda CD-70,2017,"House No. 316, Gali 29, Westridge, Rawalpindi"
KAR-4272,R.Virk,2000,Mercedes C200,2018,مکان 162 گلی 9 Model Town لاہور
ICT-3664,R.Virk,2000,Audi e-tron,2026,مکان 162 گلی 9 Model Town لاہور
KAR-4217,R.Virk,2700,Toyota Prado TX,2022,مکان 162 گلی 9 Model Town لاہور
ICT-2287,Noor Shirazi,2700,Toyota Prado TX,2023,"House 338, Street 20, DHA Phase 5, Lahore"
RIR-7551,Noor Shirazi,3300,Toyota Land Cruiser ZX,2020,"House 338, Street 20, DHA Phase 5, Lahore"
AFR-6591,Rana Arsalan Hashmi,1000,Suzuki Cultus,2025,"House No. 124, Gali 32, Clifton Block 2, Karachi"
ICT-2561,S.Virk,800,Suzuki Mehran,2022,مکان 216 گلی 24 Gulbahar Peshawar
ICT-3783,احمد Kayani,2000,Audi e-tron,2022,"31-26 Satellite Town, Rawalpindi"
RIR-9697,احمد Kayani,3300,Toyota Land Cruiser ZX,2018,"31-26 Satellite Town, Rawalpindi"
AFR-5593,احمد Kayani,1800,Toyota Corolla Altis,2019,"31-26 Satellite Town, Rawalpindi"
LEA-2958,Tariq Afridi,3300,Toyota Land Cruiser ZX,2021,"316-10 D Ground, Faisalabad"
RIR-3872,Adnan Rizvi,1000,Suzuki Cultus,2023,"301-5 Model Town, Lahore"
KAR-4491,Fahad Khokhar,1200,Honda City,2023,"29-20 D Ground, Faisalabad"
LEA-6490,W.Hashmi,1200,Honda City,2019,مکان 265 گلی 17 Wapda Town لاہور
KAR-1560,Malik Rida Siddiqui,1500,Honda Civic RS,2026,"House No. 172, Gali 28, Hayatabad Phase 3, Peshawar"
AFR-9952,Chaudhary Rida Siddiqui,2000,Audi e-tron,2022,"House No. 172, Gali 28, Hayatabad Phase 3, Peshawar"
AFR-3099,Sardar Rida Siddiqui,3300,Toyota Land Cruiser ZX,2024,"House No. 172, Gali 28, Hayatabad Phase 3, Peshawar"
AFR-6988,Amna Mehsud,70,Honda CD-70,2024,"House 117, Street 33, Cantt, Multan"
LEA-7956,Luqman Abbasi,1000,Suzuki Cultus,2019,"284-27 Satellite Town, Rawalpindi"
ICT-4236,S. Chaudhry,800,Suzuki Mehran,2024,H#62 St-33 MadinaTown Faisalabad
ICT-7229,R.Niazi,2000,Audi e-tron,2020,مکان 125 گلی 30 Gulgasht Multan
LEA-5653,R.Niazi,2700,Toyota Prado TX,2024,مکان 125 گلی 30 Gulgasht Multan
KAR-4649,R.Niazi,2000,Mercedes C200,2020,مکان 125 گلی 30 Gulgasht Multan
KAR-8345,A.Khan,70,Honda CD-70,2022,مکان 120 گلی 35 Clifton Block 2 کراچی
ICT-382,Rida Niazi,1500,Honda Civic RS,2026,"272-16 F-8/3, Islamabad"
LEA-2517,Rida Niazi,2700,Toyota Fortuner,2019,"272-16 F-8/3, Islamabad"
AFR-2694,Rida Niazi,2000,Mercedes C200,2023,"272-16 F-8/3, Islamabad"
AFR-6194,D. Naqvi,1500,Honda Civic RS,2025,H#235 St-6 Gulshan-e-Iqbal Karachi
RIR-655,Mahnoor Gilani,70,Honda CD-70,2025,"House 340, Street 9, E-11/2, Islamabad"
RIR-6044,Kinza Saddozai,1000,Suzuki Cultus,2022,"House 232, Street 18, Gulberg III, Lahore"
KAR-9823,Syed Rashid Raja,1200,Honda City,2024,"House No. 183, Gali 26, Cantt, Multan"
AFR-3251,Hamza Khan,2700,Toyota Fortuner,2024,"House 67, Street 13, F-8/3, Islamabad"
AFR-6525,Hamza Khan,2700,Toyota Fortuner,2022,"House 67, Street 13, F-8/3, Islamabad"
RIR-2944,Hamza Khan,2000,Hyundai Tucson,2024,"House 67, Street 13, F-8/3, Islamabad"
LEA-3571,A. Chaudhry,800,Suzuki Mehran,2024,H#66 St-6 Westridge Rawalpindi
AFR-3528,Adnan بٹ,2000,Mercedes C200,2017,"316-16 D Ground, Faisalabad"
ICT-6601,Adnan بٹ,2700,Toyota Fortuner,2020,"316-16 D Ground, Faisalabad"
LEA-2933,S. Rizvi,70,Honda CD-70,2019,H#29 St-15 Gulbahar Peshawar
AFR-4067,K.Gill,70,Honda CD-70,2024,مکان 361 گلی 23 Peoples Colony Faisalabad
KAR-2472,Z.Niazi,1800,Toyota Corolla Altis,2018,مکان 20 گلی 6 Westridge راولپنڈی
ICT-9991,Babar Yousafzai,2700,Toyota Prado TX,2026,"House 175, Street 12, Bahria Phase 4, Rawalpindi"
ICT-1192,R. Sial,1800,Toyota Corolla Altis,2021,H#250 St-21 Gulbahar Peshawar
RIR-2000,R. Sial,2000,Hyundai Tucson,2019,H#250 St-21 Gulbahar Peshawar
LEA-1300,Sardar Mehwish Gondal,1300,Toyota Corolla GLi,2018,"House No. 54, Gali 32, Gulgasht, Multan"
ICT-8214,Junaid Afridi,1000,Suzuki Cultus,2021,"House 344, Street 22, B-17, Islamabad"
KAR-4066,F. Kayani,3300,Toyota Land Cruiser ZX,2018,H#369 St-1 HayatabadPhase3 Peshawar
KAR-9001,F. Kayani,1500,Honda Civic RS,2026,H#369 St-1 HayatabadPhase3 Peshawar
KAR-8874,F. Kayani,1500,Honda Civic RS,2023,H#369 St-1 HayatabadPhase3 Peshawar
LEA-6499,Haji Obaid Hashmi,2000,Mercedes C200,2025,"House No. 280, Gali 25, Gulshan-e-Iqbal, Karachi"
KAR-3466,Rana Obaid Hashmi,1500,Honda Civic RS,2026,"House No. 280, Gali 25, Gulshan-e-Iqbal, Karachi"
LEA-8129,Zubair Malik,2000,Mercedes C200,2021,"House 54, Street 5, Gulberg III, Lahore"
ICT-5171,Zubair Malik,2000,Hyundai Tucson,2019,"House 54, Street 5, Gulberg III, Lahore"
KAR-1102,Rana Noman Baig,1000,Suzuki Cultus,2021,"House No. 339, Gali 19, Gulshan-e-Iqbal, Karachi"
KAR-3090,W. Kayani,660,Suzuki Alto,2021,H#289 St-4 ChaklalaScheme3 Rawalpindi
ICT-5254,Mubashir راجہ,1000,Suzuki Cultus,2022,"258-37 Clifton Block 2, Karachi"
RIR-9953,S.Mughal,1200,Honda City,2026,مکان 65 گلی 3 Bahria Phase 4 راولپنڈی
KAR-9970,S. Khokhar,1500,Honda Civic RS,2022,H#359 St-40 HayatabadPhase3 Peshawar
ICT-4066,Sardar Rabia Bukhari,660,Suzuki Alto,2024,"House No. 55, Gali 37, Peoples Colony, Faisalabad"
KAR-3944,Sardar Luqman Khattak,3300,Toyota Land Cruiser ZX,2026,"House No. 20, Gali 12, North Nazimabad, Karachi"
RIR-9280,Rana Luqman Khattak,2000,Hyundai Tucson,2025,"House No. 20, Gali 12, North Nazimabad, Karachi"
AFR-399,Rana Luqman Khattak,2000,Mercedes C200,2024,"House No. 20, Gali 12, North Nazimabad, Karachi"
AFR-9214,O. Lodhi,2700,Toyota Prado TX,2024,H#357 St-7 UniversityTown Peshawar
AFR-9620,O. Lodhi,1500,Honda Civic RS,2021,H#357 St-7 UniversityTown Peshawar
ICT-3322,S.Durrani,70,Honda CD-70,2020,مکان 97 گلی 29 Clifton Block 2 کراچی
KAR-2694,M.Afridi,660,Suzuki Alto,2022,مکان 16 گلی 16 B-17 اسلام آباد
ICT-4423,Chaudhary Shoaib Khattak,1300,Toyota Corolla GLi,2017,"House No. 138, Gali 27, Bahria Phase 4, Rawalpindi"
ICT-4841,U. Kayani,1500,Honda Civic RS,2026,H#155 St-34 Westridge Rawalpindi
RIR-1032,Jawad Zaidi,1200,Honda City,2021,"312-19 Gulgasht, Multan"
RIR-814,N. Wazir,1500,Honda Civic RS,2018,H#370 St-2 JoharTown Lahore
LEA-6420,Hamza Mehsud,2000,Audi e-tron,2017,"212-4 Gulshan-e-Iqbal, Karachi"
RIR-4089,Hamza Mehsud,2000,Hyundai Tucson,2023,"212-4 Gulshan-e-Iqbal, Karachi"
ICT-4405,U.Abbasi,2700,Toyota Fortuner,2024,مکان 399 گلی 6 Johar Town لاہور
AFR-9552,U.Abbasi,2000,Mercedes C200,2017,مکان 399 گلی 6 Johar Town لاہور
ICT-5526,W.Dar,2700,Toyota Prado TX,2023,مکان 296 گلی 11 Hayatabad Phase 3 Peshawar
LEA-2623,W.Dar,2700,Toyota Fortuner,2024,مکان 296 گلی 11 Hayatabad Phase 3 Peshawar
KAR-9303,W.Dar,2000,Hyundai Tucson,2026,مکان 296 گلی 11 Hayatabad Phase 3 Peshawar
LEA-3543,Nasir Sial,1300,Toyota Corolla GLi,2020,"House 3, Street 3, North Nazimabad, Karachi"
LEA-6871,U. Malik,1200,Honda City,2025,H#321 St-16 Cantt Multan
RIR-7704,Mahnoor Niazi,2000,Hyundai Tucson,2024,"24-20 Satellite Town, Rawalpindi"
ICT-8679,Mahnoor Niazi,2700,Toyota Prado TX,2023,"24-20 Satellite Town, Rawalpindi"
ICT-152,Mahnoor Niazi,2000,Hyundai Tucson,2023,"24-20 Satellite Town, Rawalpindi"
RIR-4334,Hafsa Awan,70,Honda CD-70,2021,"House 184, Street 13, Model Town, Lahore"
KAR-6899,R. Durrani,800,Suzuki Mehran,2021,H#259 St-11 G-13/1 Islamabad
ICT-7931,M.Yousafzai,2000,Hyundai Tucson,2022,مکان 25 گلی 7 G-13/1 اسلام آباد
RIR-7972,M.Yousafzai,2000,Hyundai Tucson,2026,مکان 25 گلی 7 G-13/1 اسلام آباد
AFR-4545,S.Kayani,2000,Mercedes C200,2017,مکان 106 گلی 1 DHA Phase 6 کراچی
ICT-5251,S.Kayani,1500,Honda Civic RS,2021,مکان 106 گلی 1 DHA Phase 6 کراچی
ICT-8819,N.Orakzai,2000,Mercedes C200,2023,مکان 121 گلی 1 Gulshan-e-Iqbal کراچی
ICT-8204,N.Orakzai,1800,Toyota Corolla Altis,2018,مکان 121 گلی 1 Gulshan-e-Iqbal کراچی
ICT-2505,N.Orakzai,3300,Toyota Land Cruiser ZX,2022,مکان 121 گلی 1 Gulshan-e-Iqbal کراچی
LEA-8420,F.Chaudhry,3300,Toyota Land Cruiser ZX,2019,مکان 52 گلی 17 Gulgasht Multan
ICT-6313,F.Chaudhry,2700,Toyota Fortuner,2021,مکان 52 گلی 17 Gulgasht Multan
RIR-8211,W.Qureshi,2700,Toyota Fortuner,2022,مکان 292 گلی 29 North Nazimabad کراچی
AFR-7030,W.Qureshi,1800,Toyota Corolla Altis,2018,مکان 292 گلی 29 North Nazimabad کراچی
RIR-928,W.Qureshi,2000,Audi e-tron,2019,مکان 292 گلی 29 North Nazimabad کراچی
ICT-7912,Mian Zafar Hashmi,2000,Hyundai Tucson,2026,"House No. 226, Gali 3, E-11/2, Islamabad"
RIR-4651,Sardar Zafar Hashmi,1800,Toyota Corolla Altis,2022,"House No. 226, Gali 3, E-11/2, Islamabad"
AFR-2711,Ubaid Joiya,660,Suzuki Alto,2025,"House 230, Street 6, Gulbahar, Peshawar"
ICT-5787,Mubashir Kazmi,1300,Toyota Corolla GLi,2025,"336-30 Peoples Colony, Faisalabad"
RIR-7958,Ghulam Afridi,1500,Honda Civic RS,2024,"House 281, Street 34, University Town, Peshawar"
KAR-2994,Ghulam Afridi,2700,Toyota Prado TX,2021,"House 281, Street 34, University Town, Peshawar"
RIR-1781,Noor Tarar,1800,Toyota Corolla Altis,2025,"313-13 I-8/4, Islamabad"
RIR-4170,Noor Tarar,2700,Toyota Prado TX,2020,"313-13 I-8/4, Islamabad"
RIR-5868,Madiha Cheema,1500,Honda Civic RS,2025,"House 24, Street 38, E-11/2, Islamabad"
AFR-8383,Mubashir Orakzai,2700,Toyota Prado TX,2021,"365-36 Madina Town, Faisalabad"
KAR-2300,Mubashir Orakzai,2700,Toyota Fortuner,2020,"365-36 Madina Town, Faisalabad"
KAR-8199,Mubashir Orakzai,2000,Hyundai Tucson,2023,"365-36 Madina Town, Faisalabad"
AFR-2832,G.Awan,2700,Toyota Prado TX,2017,مکان 92 گلی 33 Gulgasht Multan
RIR-2006,G.Awan,1500,Honda Civic RS,2023,مکان 92 گلی 33 Gulgasht Multan
LEA-6592,G.Awan,2000,Mercedes C200,2018,مکان 92 گلی 33 Gulgasht Multan
KAR-8097,Mian Rashid Sheikh,1000,Suzuki Cultus,2017,"House No. 103, Gali 18, Cantt, Multan"
LEA-3599,N.Tareen,1500,Honda Civic RS,2019,مکان 184 گلی 29 Peoples Colony Faisalabad
RIR-1822,N.Tareen,2000,Audi e-tron,2026,مکان 184 گلی 29 Peoples Colony Faisalabad
KAR-359,N.Tareen,1500,Honda Civic RS,2026,مکان 184 گلی 29 Peoples Colony Faisalabad
RIR-7155,فاطمہ Orakzai,1800,Toyota Corolla Altis,2024,"196-25 DHA Phase 5, Lahore"
LEA-3345,فاطمہ Orakzai,1500,Honda Civic RS,2024,"196-25 DHA Phase 5, Lahore"
ICT-8160,فاطمہ Orakzai,3300,Toyota Land Cruiser ZX,2023,"196-25 DHA Phase 5, Lahore"
AFR-6807,Mian Shoaib Afridi,800,Suzuki Mehran,2026,"House No. 332, Gali 24, Gulgasht, Multan"
KAR-6683,T. Ansari,2000,Mercedes C200,2026,H#96 St-12 Cantt Multan
ICT-9630,T. Ansari,2000,Hyundai Tucson,2018,H#96 St-12 Cantt Multan
RIR-308,T. Ansari,1500,Honda Civic RS,2024,H#96 St-12 Cantt Multan
RIR-6941,Bushra Cheema,1300,Toyota Corolla GLi,2021,"House 151, Street 14, Gulberg III, Lahore"
AFR-718,Ahmed Siddiqui,1800,Toyota Corolla Altis,2019,"House 229, Street 16, Shah Rukn-e-Alam, Multan"
RIR-6688,Ahmed Siddiqui,3300,Toyota Land Cruiser ZX,2019,"House 229, Street 16, Shah Rukn-e-Alam, Multan"
KAR-9767,Mustafa بٹ,2700,Toyota Fortuner,2019,"165-33 Johar Town, Lahore"
LEA-800,Mustafa بٹ,2700,Toyota Fortuner,2021,"165-33 Johar Town, Lahore"
KAR-8235,Uzma چوہدری,1300,Toyota Corolla GLi,2019,"79-2 Gulgasht, Multan"
LEA-2751,K.Zaidi,2000,Audi e-tron,2026,مکان 117 گلی 17 G-13/1 اسلام آباد
AFR-607,K.Zaidi,2700,Toyota Fortuner,2021,مکان 117 گلی 17 G-13/1 اسلام آباد
RIR-3059,عائشہ قریشی,1000,Suzuki Cultus,2022,"311-6 Gulberg III, Lahore"
AFR-7389,Y.Mughal,3300,Toyota Land Cruiser ZX,2021,مکان 70 گلی 26 Peoples Colony Faisalabad
AFR-233,Ahmed Zaidi,2000,Audi e-tron,2025,"House 73, Street 8, Gulbahar, Peshawar"
AFR-7044,Ahmed Zaidi,2000,Mercedes C200,2020,"House 73, Street 8, Gulbahar, Peshawar"
RIR-2102,Ahmed Zaidi,1800,Toyota Corolla Altis,2025,"House 73, Street 8, Gulbahar, Peshawar"
LEA-4305,Mehwish Kayani,3300,Toyota Land Cruiser ZX,2022,"93-37 Satellite Town, Rawalpindi"
ICT-2261,Mehwish Kayani,3300,Toyota Land Cruiser ZX,2024,"93-37 Satellite Town, Rawalpindi"
KAR-6296,F. Chaudhry,2000,Mercedes C200,2018,H#102 St-38 DHAPhase5 Lahore
LEA-9525,F. Chaudhry,2000,Audi e-tron,2022,H#102 St-38 DHAPhase5 Lahore
ICT-6232,I. Yousafzai,2700,Toyota Prado TX,2025,H#163 St-32 F-8/3 Islamabad
RIR-948,I. Yousafzai,2000,Hyundai Tucson,2022,H#163 St-32 F-8/3 Islamabad
RIR-6943,I. Yousafzai,2700,Toyota Prado TX,2022,H#163 St-32 F-8/3 Islamabad
RIR-1401,Saqib Sial,800,Suzuki Mehran,2025,"161-16 Satellite Town, Rawalpindi"
ICT-9289,Syed Zafar Khokhar,1500,Honda Civic RS,2025,"House No. 397, Gali 20, Gulshan-e-Iqbal, Karachi"
AFR-516,F.Awan,1000,Suzuki Cultus,2025,مکان 92 گلی 37 DHA Phase 6 کراچی
KAR-7655,D.Chaudhry,2700,Toyota Fortuner,2022,مکان 120 گلی 3 Gulberg III لاہور
KAR-9982,D.Chaudhry,3300,Toyota Land Cruiser ZX,2018,مکان 120 گلی 3 Gulberg III لاہور
AFR-9667,D.Chaudhry,1500,Honda Civic RS,2020,مکان 120 گلی 3 Gulberg III لاہور
RIR-9166,U. Butt,1500,Honda Civic RS,2017,H#53 St-34 ShahRukn-e-Alam Multan
KAR-8920,Syed Sana Kayani,1200,Honda City,2026,"House No. 265, Gali 26, DHA Phase 6, Karachi"
ICT-7307,عائشہ Awan,800,Suzuki Mehran,2018,"118-5 DHA Phase 6, Karachi"
ICT-1598,Laiba Bangash,2000,Audi e-tron,2026,"339-15 Hayatabad Phase 3, Peshawar"
LEA-3870,Laiba Bangash,2700,Toyota Prado TX,2025,"339-15 Hayatabad Phase 3, Peshawar"
ICT-6547,Laiba Bangash,3300,Toyota Land Cruiser ZX,2026,"339-15 Hayatabad Phase 3, Peshawar"
ICT-7659,Mahnoor Mughal,2700,Toyota Prado TX,2022,"12-16 Shah Rukn-e-Alam, Multan"
AFR-4967,Mahnoor Mughal,2000,Hyundai Tucson,2024,"12-16 Shah Rukn-e-Alam, Multan"
AFR-4115,I.Mughal,2000,Hyundai Tucson,2024,مکان 265 گلی 26 Johar Town لاہور
RIR-5478,Sardar Asad Malik,1800,Toyota Corolla Altis,2021,"House No. 77, Gali 39, Westridge, Rawalpindi"
ICT-9314,Syed Asad Malik,1800,Toyota Corolla Altis,2018,"House No. 77, Gali 39, Westridge, Rawalpindi"
LEA-8510,Mian Asad Malik,2000,Mercedes C200,2022,"House No. 77, Gali 39, Westridge, Rawalpindi"
RIR-8827,Salman Rajput,1000,Suzuki Cultus,2021,"309-35 Cantt, Multan"
ICT-7082,D.Raja,2700,Toyota Prado TX,2023,مکان 279 گلی 27 Wapda Town لاہور
AFR-2849,D.Raja,2000,Mercedes C200,2023,مکان 279 گلی 27 Wapda Town لاہور
ICT-3772,D.Raja,2000,Mercedes C200,2017,مکان 279 گلی 27 Wapda Town لاہور
RIR-3466,Rana Sana Khan,2000,Mercedes C200,2021,"House No. 353, Gali 21, DHA Phase 6, Karachi"
KAR-8566,Syed Sana Khan,2000,Mercedes C200,2026,"House No. 353, Gali 21, DHA Phase 6, Karachi"
LEA-3343,Rashid Rajput,2000,Mercedes C200,2023,"House 46, Street 5, Madina Town, Faisalabad"
KAR-6517,Nasir Yousafzai,1300,Toyota Corolla GLi,2022,"House 147, Street 39, Gulgasht, Multan"
ICT-3224,L. Chaudhry,660,Suzuki Alto,2019,H#146 St-36 G-13/1 Islamabad
ICT-8126,Ehsan Siddiqui,2000,Audi e-tron,2020,"132-35 Gulbahar, Peshawar"
AFR-9394,Ehsan Kakar,660,Suzuki Alto,2020,"301-2 North Nazimabad, Karachi"
ICT-700,B.Naqvi,660,Suzuki Alto,2018,مکان 245 گلی 35 University Town Peshawar
ICT-4740,Ubaid Siddiqui,2000,Hyundai Tucson,2020,"236-21 Gulgasht, Multan"
KAR-4837,Ubaid Siddiqui,1500,Honda Civic RS,2021,"236-21 Gulgasht, Multan"
AFR-9522,N.Tarar,70,Honda CD-70,2020,مکان 187 گلی 26 Shah Rukn-e-Alam Multan
LEA-6738,Saad Tarar,660,Suzuki Alto,2019,"323-34 DHA Phase 6, Karachi"
KAR-2531,Mansoor قریشی,2000,Hyundai Tucson,2020,"31-14 Cantt, Multan"
ICT-6191,Amna Gilani,2000,Audi e-tron,2019,"276-12 Gulgasht, Multan"
RIR-3432,Taimoor Raja,2000,Mercedes C200,2022,"House 238, Street 10, Gulshan-e-Iqbal, Karachi"
RIR-4168,Taimoor Raja,1800,Toyota Corolla Altis,2021,"House 238, Street 10, Gulshan-e-Iqbal, Karachi"
LEA-3779,Tariq Mughal,1300,Toyota Corolla GLi,2024,"161-21 Johar Town, Lahore"
ICT-313,Malik Mahnoor Naqvi,70,Honda CD-70,2021,"House No. 86, Gali 12, North Nazimabad, Karachi"
AFR-3352,Rana Tariq Qureshi,2700,Toyota Fortuner,2021,"House No. 80, Gali 6, Wapda Town, Lahore"
KAR-9974,Sardar Tariq Qureshi,2000,Audi e-tron,2017,"House No. 80, Gali 6, Wapda Town, Lahore"
RIR-8217,S. Zaidi,2000,Mercedes C200,2024,H#358 St-35 DHAPhase6 Karachi
ICT-5886,Sardar Hina Afridi,2000,Mercedes C200,2025,"House No. 159, Gali 23, Gulgasht, Multan"
KAR-6543,O.Kayani,2000,Audi e-tron,2019,مکان 6 گلی 1 Chaklala Scheme 3 راولپنڈی
AFR-2371,O.Kayani,1800,Toyota Corolla Altis,2019,مکان 6 گلی 1 Chaklala Scheme 3 راولپنڈی
LEA-4321,O.Kayani,2000,Hyundai Tucson,2024,مکان 6 گلی 1 Chaklala Scheme 3 راولپنڈی
ICT-6509,J.Hashmi,2700,Toyota Fortuner,2021,مکان 154 گلی 1 University Town Peshawar
RIR-2505,Sana Tareen,70,Honda CD-70,2019,"356-18 Gulbahar, Peshawar"
AFR-9861,T.Awan,2700,Toyota Fortuner,2017,مکان 327 گلی 30 DHA Phase 5 لاہور
RIR-5824,T.Awan,1500,Honda Civic RS,2021,مکان 327 گلی 30 DHA Phase 5 لاہور
ICT-7220,T.Awan,2000,Audi e-tron,2025,مکان 327 گلی 30 DHA Phase 5 لاہور
LEA-5005,A.Abbasi,3300,Toyota Land Cruiser ZX,2022,مکان 12 گلی 12 G-13/1 اسلام آباد
RIR-8175,A.Abbasi,2700,Toyota Fortuner,2020,مکان 12 گلی 12 G-13/1 اسلام آباد
AFR-9716,Malik Danish Raja,70,Honda CD-70,2022,"House No. 253, Gali 14, Satellite Town, Rawalpindi"
AFR-9192,Kinza Butt,2700,Toyota Prado TX,2023,"House 385, Street 10, DHA Phase 5, Lahore"
ICT-4549,Mian Umar Kayani,2000,Audi e-tron,2018,"House No. 7, Gali 8, University Town, Peshawar"
AFR-8981,Haji Umar Kayani,2000,Hyundai Tucson,2017,"House No. 7, Gali 8, University Town, Peshawar"
RIR-9651,U. Saddozai,660,Suzuki Alto,2018,H#267 St-14 HayatabadPhase3 Peshawar
LEA-1848,A. Afridi,660,Suzuki Alto,2021,H#8 St-11 Gulshan-e-Iqbal Karachi
AFR-7741,Usman Bukhari,1300,Toyota Corolla GLi,2023,"House 244, Street 39, Gulbahar, Peshawar"
KAR-7218,Sardar Hafsa Yousafzai,1500,Honda Civic RS,2021,"House No. 31, Gali 23, DHA Phase 5, Lahore"
KAR-2850,Rana Hafsa Yousafzai,2000,Audi e-tron,2024,"House No. 31, Gali 23, DHA Phase 5, Lahore"
AFR-9603,N.Khattak,70,Honda CD-70,2022,مکان 225 گلی 13 University Town Peshawar
AFR-4779,M.Bangash,70,Honda CD-70,2023,مکان 278 گلی 32 Gulshan-e-Iqbal کراچی
LEA-8378,U. Qureshi,1300,Toyota Corolla GLi,2019,H#329 St-25 G-13/1 Islamabad
RIR-649,Chaudhary Ahmed Dar,1000,Suzuki Cultus,2026,"House No. 41, Gali 30, Shah Rukn-e-Alam, Multan"
ICT-7739,Maryam Virk,1300,Toyota Corolla GLi,2026,"270-16 Bahria Phase 4, Rawalpindi"
RIR-4794,M. Shirazi,1500,Honda Civic RS,2025,H#162 St-36 Gulshan-e-Iqbal Karachi
KAR-4067,M. Shirazi,1500,Honda Civic RS,2019,H#162 St-36 Gulshan-e-Iqbal Karachi
AFR-613,Atif Shirazi,70,Honda CD-70,2022,"193-36 Bahria Phase 4, Rawalpindi"
RIR-7806,A. Awan,1500,Honda Civic RS,2017,H#299 St-16 GulbergIII Lahore
AFR-684,A. Awan,2000,Hyundai Tucson,2020,H#299 St-16 GulbergIII Lahore
LEA-8035,R. Durrani,2700,Toyota Fortuner,2019,H#167 St-31 B-17 Islamabad
LEA-1769,R. Durrani,2000,Hyundai Tucson,2022,H#167 St-31 B-17 Islamabad
RIR-9610,T.Kakar,2700,Toyota Prado TX,2018,مکان 179 گلی 28 I-8/4 اسلام آباد
KAR-9689,T.Kakar,2000,Audi e-tron,2024,مکان 179 گلی 28 I-8/4 اسلام آباد
KAR-3872,T. Kakar,1800,Toyota Corolla Altis,2020,H#28 St-20 ShahRukn-e-Alam Multan
RIR-7411,T. Kakar,2700,Toyota Prado TX,2018,H#28 St-20 ShahRukn-e-Alam Multan
RIR-3559,T. Kakar,2700,Toyota Prado TX,2020,H#28 St-20 ShahRukn-e-Alam Multan
LEA-6367,A.Orakzai,800,Suzuki Mehran,2024,مکان 26 گلی 26 Bahria Phase 4 راولپنڈی
ICT-7522,Rauf Kakar,1000,Suzuki Cultus,2022,"391-9 Cantt, Multan"
KAR-3321,Nadia Yousafzai,2700,Toyota Prado TX,2017,"127-16 Gulgasht, Multan"
AFR-5508,Nadia Yousafzai,2700,Toyota Fortuner,2019,"127-16 Gulgasht, Multan"
LEA-1998,Nadia Yousafzai,2000,Hyundai Tucson,2019,"127-16 Gulgasht, Multan"
KAR-6479,Malik Fahad Wazir,2000,Audi e-tron,2021,"House No. 188, Gali 23, North Nazimabad, Karachi"
RIR-9298,Junaid Gill,2700,Toyota Fortuner,2017,"320-10 Madina Town, Faisalabad"
AFR-1568,Chaudhary Taimoor Rajput,2700,Toyota Fortuner,2023,"House No. 108, Gali 35, I-8/4, Islamabad"
LEA-3707,Malik Taimoor Rajput,2000,Mercedes C200,2025,"House No. 108, Gali 35, I-8/4, Islamabad"
LEA-8075,R. Abbasi,660,Suzuki Alto,2019,H#343 St-2 Gulgasht Multan
AFR-2955,I. Baig,70,Honda CD-70,2018,H#317 St-18 Gulbahar Peshawar
KAR-173,Saqib Hashmi,2000,Mercedes C200,2025,"273-6 Gulbahar, Peshawar"
RIR-956,Saqib Hashmi,2000,Audi e-tron,2026,"273-6 Gulbahar, Peshawar"
LEA-8170,Ali Butt,2000,Audi e-tron,2023,"House 171, Street 32, Chaklala Scheme 3, Rawalpindi"
RIR-1671,Ali Butt,2700,Toyota Fortuner,2021,"House 171, Street 32, Chaklala Scheme 3, Rawalpindi"
AFR-6310,Bushra Awan,2000,Mercedes C200,2017,"196-34 B-17, Islamabad"
AFR-4382,Malik Owais Shirazi,1300,Toyota Corolla GLi,2025,"House No. 278, Gali 9, Model Town, Lahore"
KAR-1710,Rida ملک,800,Suzuki Mehran,2025,"212-27 University Town, Peshawar"
AFR-5887,Haji Shahzad Ansari,1300,Toyota Corolla GLi,2018,"House No. 316, Gali 18, G-13/1, Islamabad"
KAR-7500,Y. Awan,660,Suzuki Alto,2017,H#116 St-3 BahriaPhase4 Rawalpindi
ICT-4117,Noman چوہدری,2000,Hyundai Tucson,2022,"316-32 Westridge, Rawalpindi"
ICT-7893,Laiba Saddozai,2700,Toyota Fortuner,2025,"House 369, Street 21, University Town, Peshawar"
LEA-1352,Laiba Saddozai,3300,Toyota Land Cruiser ZX,2020,"House 369, Street 21, University Town, Peshawar"
AFR-7387,Malik Sana Tareen,1800,Toyota Corolla Altis,2017,"House No. 98, Gali 19, Cantt, Multan"
ICT-9358,Rana Sana Tareen,3300,Toyota Land Cruiser ZX,2020,"House No. 98, Gali 19, Cantt, Multan"
RIR-2530,Mian Sana Tareen,2000,Hyundai Tucson,2020,"House No. 98, Gali 19, Cantt, Multan"
ICT-1574,Z. Yousafzai,2700,Toyota Fortuner,2026,H#265 St-10 B-17 Islamabad
AFR-4515,K. Orakzai,1800,Toyota Corolla Altis,2022,H#202 St-27 PeoplesColony Faisalabad
KAR-3817,K. Orakzai,1800,Toyota Corolla Altis,2017,H#202 St-27 PeoplesColony Faisalabad
KAR-6261,Haris Khokhar,3300,Toyota Land Cruiser ZX,2018,"166-11 I-8/4, Islamabad"
AFR-1611,Haris Khokhar,2000,Audi e-tron,2022,"166-11 I-8/4, Islamabad"
LEA-6405,Haris Khokhar,1500,Honda Civic RS,2022,"166-11 I-8/4, Islamabad"
KAR-3070,I.Afridi,2000,Audi e-tron,2022,مکان 68 گلی 13 Satellite Town راولپنڈی
RIR-8782,I.Afridi,1800,Toyota Corolla Altis,2017,مکان 68 گلی 13 Satellite Town راولپنڈی
KAR-8659,I.Afridi,2000,Audi e-tron,2026,مکان 68 گلی 13 Satellite Town راولپنڈی
KAR-7618,Zainab Khan,3300,Toyota Land Cruiser ZX,2026,"House 122, Street 14, Madina Town, Faisalabad"
RIR-5454,S.Mughal,2000,Audi e-tron,2017,مکان 313 گلی 39 Shah Rukn-e-Alam Multan
LEA-1470,S.Mughal,3300,Toyota Land Cruiser ZX,2025,مکان 313 گلی 39 Shah Rukn-e-Alam Multan
RIR-4415,S.Mughal,2000,Hyundai Tucson,2025,مکان 313 گلی 39 Shah Rukn-e-Alam Multan
ICT-5745,Salman Kakar,2000,Mercedes C200,2019,"189-25 Gulberg III, Lahore"
AFR-9635,Salman Kakar,2000,Mercedes C200,2019,"189-25 Gulberg III, Lahore"
LEA-2492,Salman Kakar,2000,Mercedes C200,2019,"189-25 Gulberg III, Lahore"
AFR-9064,J.Lodhi,2700,Toyota Fortuner,2017,مکان 212 گلی 34 Wapda Town لاہور
ICT-6245,Shahzad Yousafzai,1000,Suzuki Cultus,2026,"267-32 Madina Town, Faisalabad"
KAR-8730,Muhammad Siddiqui,1200,Honda City,2022,"House 175, Street 26, Shah Rukn-e-Alam, Multan"
AFR-3634,Mian Obaid Saddozai,1300,Toyota Corolla GLi,2025,"House No. 154, Gali 37, G-13/1, Islamabad"
AFR-7892,Ghulam Chaudhry,2000,Audi e-tron,2025,"House 16, Street 22, Chaklala Scheme 3, Rawalpindi"
LEA-7835,Ghulam Chaudhry,3300,Toyota Land Cruiser ZX,2024,"House 16, Street 22, Chaklala Scheme 3, Rawalpindi"
ICT-5252,Ghulam Chaudhry,2700,Toyota Prado TX,2020,"House 16, Street 22, Chaklala Scheme 3, Rawalpindi"
RIR-5771,T. Niazi,2000,Audi e-tron,2020,H#90 St-8 ChaklalaScheme3 Rawalpindi
KAR-4272,T. Niazi,2000,Hyundai Tucson,2024,H#90 St-8 ChaklalaScheme3 Rawalpindi
LEA-2166,Z.Kazmi,1300,Toyota Corolla GLi,2023,مکان 175 گلی 31 Bahria Phase 4 راولپنڈی
ICT-4020,Sana Mehsud,1000,Suzuki Cultus,2024,"371-3 Bahria Phase 4, Rawalpindi"
KAR-2920,Hafsa Shirazi,2700,Toyota Fortuner,2025,"House 171, Street 30, Hayatabad Phase 3, Peshawar"
LEA-4807,Hafsa Shirazi,1800,Toyota Corolla Altis,2018,"House 171, Street 30, Hayatabad Phase 3, Peshawar"
RIR-484,Hafsa Shirazi,2700,Toyota Fortuner,2020,"House 171, Street 30, Hayatabad Phase 3, Peshawar"
AFR-3147,Rana Tooba Dar,1800,Toyota Corolla Altis,2017,"House No. 99, Gali 19, Johar Town, Lahore"
LEA-4611,Chaudhary Tooba Dar,1500,Honda Civic RS,2026,"House No. 99, Gali 19, Johar Town, Lahore"
RIR-8474,Malik Tooba Dar,2700,Toyota Fortuner,2024,"House No. 99, Gali 19, Johar Town, Lahore"
RIR-882,Sardar Sajid Abbasi,660,Suzuki Alto,2017,"House No. 294, Gali 16, Shah Rukn-e-Alam, Multan"
AFR-9477,Haji Sufyan Sheikh,1800,Toyota Corolla Altis,2023,"House No. 242, Gali 4, Satellite Town, Rawalpindi"
ICT-7969,Sardar Sufyan Sheikh,2000,Hyundai Tucson,2024,"House No. 242, Gali 4, Satellite Town, Rawalpindi"
RIR-8804,Lubna Shirazi,1200,Honda City,2023,"House 354, Street 29, D Ground, Faisalabad"
KAR-6172,F. Shirazi,2700,Toyota Prado TX,2017,H#261 St-7 PeoplesColony Faisalabad
ICT-7464,Haji Noman Orakzai,1800,Toyota Corolla Altis,2024,"House No. 223, Gali 37, Madina Town, Faisalabad"
KAR-8919,Sardar Noman Orakzai,2000,Mercedes C200,2023,"House No. 223, Gali 37, Madina Town, Faisalabad"
LEA-9959,Haji Noman Orakzai,2000,Mercedes C200,2018,"House No. 223, Gali 37, Madina Town, Faisalabad"
AFR-570,Fahad Bukhari,1300,Toyota Corolla GLi,2024,"167-36 Madina Town, Faisalabad"
KAR-282,I.Qureshi,1000,Suzuki Cultus,2019,مکان 395 گلی 25 Gulgasht Multan
LEA-9178,K. Tareen,1300,Toyota Corolla GLi,2023,H#388 St-10 Cantt Multan
LEA-4333,Haris Dar,2000,Hyundai Tucson,2021,"House 154, Street 37, Shah Rukn-e-Alam, Multan"
RIR-7245,Haris Dar,2700,Toyota Prado TX,2022,"House 154, Street 37, Shah Rukn-e-Alam, Multan"
LEA-3073,Haris Dar,2000,Hyundai Tucson,2019,"House 154, Street 37, Shah Rukn-e-Alam, Multan"
ICT-874,Arsalan Sial,2700,Toyota Fortuner,2023,"202-21 Gulgasht, Multan"
RIR-3168,S. Awan,660,Suzuki Alto,2021,H#332 St-2 G-10/2 Islamabad
KAR-8954,Chaudhary Ghulam Gondal,2700,Toyota Prado TX,2025,"House No. 310, Gali 1, Westridge, Rawalpindi"
AFR-1079,Rana Zainab Gilani,2700,Toyota Prado TX,2022,"House No. 20, Gali 37, DHA Phase 5, Lahore"
LEA-8165,Yasir Rajput,1000,Suzuki Cultus,2022,"340-5 Gulgasht, Multan"
AFR-8068,Zubair Mughal,2700,Toyota Fortuner,2020,"House 306, Street 20, B-17, Islamabad"
AFR-694,Zubair Mughal,2000,Audi e-tron,2024,"House 306, Street 20, B-17, Islamabad"
KAR-834,A.Sheikh,800,Suzuki Mehran,2022,مکان 378 گلی 40 Shah Rukn-e-Alam Multan
LEA-6994,W.Kayani,3300,Toyota Land Cruiser ZX,2017,مکان 141 گلی 17 Chaklala Scheme 3 راولپنڈی
ICT-9302,W.Kayani,1500,Honda Civic RS,2026,مکان 141 گلی 17 Chaklala Scheme 3 راولپنڈی
RIR-4791,Malik Jawad Ansari,1000,Suzuki Cultus,2017,"House No. 249, Gali 12, Johar Town, Lahore"
AFR-860,A. Hashmi,1500,Honda Civic RS,2018,H#395 St-25 UniversityTown Peshawar
LEA-7025,B.Khattak,2700,Toyota Fortuner,2025,مکان 27 گلی 11 DHA Phase 5 لاہور
RIR-1480,Mian Khalid Mehsud,2000,Audi e-tron,2026,"House No. 350, Gali 3, Wapda Town, Lahore"
KAR-3487,Sardar Khalid Mehsud,3300,Toyota Land Cruiser ZX,2026,"House No. 350, Gali 3, Wapda Town, Lahore"
RIR-4854,Rana Khalid Mehsud,2000,Audi e-tron,2020,"House No. 350, Gali 3, Wapda Town, Lahore"
RIR-4629,B. Lodhi,2000,Mercedes C200,2019,H#131 St-38 DHAPhase5 Lahore
LEA-3582,H.Qureshi,800,Suzuki Mehran,2019,مکان 180 گلی 15 Shah Rukn-e-Alam Multan
LEA-3315,I.Shirazi,1800,Toyota Corolla Altis,2018,مکان 307 گلی 8 Cantt Multan
LEA-5149,I.Shirazi,1500,Honda Civic RS,2021,مکان 307 گلی 8 Cantt Multan
KAR-781,Fahad Orakzai,1800,Toyota Corolla Altis,2020,"House 151, Street 30, Chaklala Scheme 3, Rawalpindi"
AFR-5445,Fahad Orakzai,3300,Toyota Land Cruiser ZX,2019,"House 151, Street 30, Chaklala Scheme 3, Rawalpindi"
ICT-6701,Saad Joiya,1000,Suzuki Cultus,2017,"103-40 E-11/2, Islamabad"
ICT-8582,Rehan Yousafzai,1500,Honda Civic RS,2021,"House 227, Street 17, Cantt, Multan"
LEA-2274,Taimoor Malik,2000,Audi e-tron,2020,"House 335, Street 1, DHA Phase 6, Karachi"
ICT-6442,Uzma Baig,2000,Mercedes C200,2018,"House 197, Street 13, Satellite Town, Rawalpindi"
ICT-2047,Saba Joiya,660,Suzuki Alto,2019,"House 72, Street 3, Cantt, Multan"
RIR-220,Mustafa Khattak,1500,Honda Civic RS,2024,"317-3 E-11/2, Islamabad"
RIR-9179,Mustafa Khattak,2000,Audi e-tron,2026,"317-3 E-11/2, Islamabad"
ICT-5081,Mustafa Khattak,1500,Honda Civic RS,2022,"317-3 E-11/2, Islamabad"
ICT-7280,Z. Khokhar,1200,Honda City,2021,H#303 St-5 PeoplesColony Faisalabad
AFR-9446,Chaudhary Kamran Baig,660,Suzuki Alto,2020,"House No. 378, Gali 26, Gulshan-e-Iqbal, Karachi"
AFR-8307,عثمان Bukhari,1800,Toyota Corolla Altis,2021,"33-8 Chaklala Scheme 3, Rawalpindi"
RIR-7263,Sufyan Janjua,800,Suzuki Mehran,2025,"69-7 Peoples Colony, Faisalabad"
RIR-1617,N.Sandhu,1200,Honda City,2025,مکان 260 گلی 15 Gulbahar Peshawar
KAR-969,Hafsa Rajput,2000,Audi e-tron,2018,"82-3 DHA Phase 6, Karachi"
ICT-5833,Hafsa Rajput,2000,Mercedes C200,2026,"82-3 DHA Phase 6, Karachi"
AFR-4049,M. Tareen,1800,Toyota Corolla Altis,2023,H#54 St-4 CliftonBlock2 Karachi
LEA-4484,F. Janjua,2000,Mercedes C200,2021,H#304 St-38 ShahRukn-e-Alam Multan
KAR-4073,F. Janjua,3300,Toyota Land Cruiser ZX,2018,H#304 St-38 ShahRukn-e-Alam Multan
AFR-4689,F. Janjua,2000,Hyundai Tucson,2019,H#304 St-38 ShahRukn-e-Alam Multan
AFR-2859,F. Bhatti,2700,Toyota Fortuner,2020,H#122 St-27 SatelliteTown Rawalpindi
KAR-9003,F. Bhatti,1500,Honda Civic RS,2018,H#122 St-27 SatelliteTown Rawalpindi
ICT-2190,F. Bhatti,3300,Toyota Land Cruiser ZX,2022,H#122 St-27 SatelliteTown Rawalpindi
ICT-2633,B. Sial,2000,Mercedes C200,2023,H#313 St-30 BahriaPhase4 Rawalpindi
LEA-7686,U.Tarar,1000,Suzuki Cultus,2017,مکان 113 گلی 19 Chaklala Scheme 3 راولپنڈی
RIR-6845,Syed Salman Tarar,800,Suzuki Mehran,2018,"House No. 251, Gali 14, Gulbahar, Peshawar"
LEA-8417,Y. Janjua,1200,Honda City,2019,H#297 St-15 ModelTown Lahore
ICT-7812,Y.Durrani,1300,Toyota Corolla GLi,2024,مکان 18 گلی 28 Gulbahar Peshawar
RIR-8263,Ali Rajput,2000,Mercedes C200,2022,"House 83, Street 30, Shah Rukn-e-Alam, Multan"
AFR-6359,Saad Khattak,3300,Toyota Land Cruiser ZX,2019,"35-36 D Ground, Faisalabad"
ICT-6916,Saad Khattak,2000,Hyundai Tucson,2026,"35-36 D Ground, Faisalabad"
RIR-5721,Saad Khattak,2000,Hyundai Tucson,2020,"35-36 D Ground, Faisalabad"
KAR-1187,Zafar Saddozai,1800,Toyota Corolla Altis,2025,"House 360, Street 14, Gulbahar, Peshawar"
AFR-194,Zafar Saddozai,3300,Toyota Land Cruiser ZX,2017,"House 360, Street 14, Gulbahar, Peshawar"
LEA-6607,Waseem شیخ,2700,Toyota Fortuner,2026,"177-29 I-8/4, Islamabad"
RIR-8085,Waseem شیخ,2000,Mercedes C200,2026,"177-29 I-8/4, Islamabad"
RIR-8543,Waseem شیخ,1800,Toyota Corolla Altis,2018,"177-29 I-8/4, Islamabad"
AFR-8706,Irfan چوہدری,2000,Hyundai Tucson,2019,"142-8 F-8/3, Islamabad"
AFR-5777,Irfan چوہدری,2000,Hyundai Tucson,2024,"142-8 F-8/3, Islamabad"
LEA-2925,D. Naqvi,1500,Honda Civic RS,2018,H#211 St-38 ShahRukn-e-Alam Multan
ICT-9197,D. Naqvi,2700,Toyota Fortuner,2026,H#211 St-38 ShahRukn-e-Alam Multan
ICT-5231,D. Naqvi,2000,Audi e-tron,2017,H#211 St-38 ShahRukn-e-Alam Multan
ICT-9451,Chaudhary Ubaid Niazi,1300,Toyota Corolla GLi,2021,"House No. 157, Gali 11, Peoples Colony, Faisalabad"
RIR-9356,Nadia Bangash,800,Suzuki Mehran,2020,"163-23 B-17, Islamabad"
LEA-2363,A.Cheema,2700,Toyota Fortuner,2021,مکان 152 گلی 31 Gulgasht Multan
RIR-3297,Javeria Siddiqui,1500,Honda Civic RS,2024,"21-9 Shah Rukn-e-Alam, Multan"
AFR-9298,T. Gill,1200,Honda City,2019,H#29 St-39 I-8/4 Islamabad
ICT-3917,Haris ملک,660,Suzuki Alto,2025,"229-6 G-13/1, Islamabad"
AFR-7582,Imran Wazir,70,Honda CD-70,2021,"House 76, Street 28, Model Town, Lahore"
AFR-1467,R.Tarar,660,Suzuki Alto,2017,مکان 74 گلی 14 Satellite Town راولپنڈی
ICT-6250,S.Khan,1200,Honda City,2018,مکان 213 گلی 12 Gulshan-e-Iqbal کراچی
ICT-1621,Zubair Zaidi,800,Suzuki Mehran,2026,"House 155, Street 38, Clifton Block 2, Karachi"
RIR-4006,Adnan Kayani,2700,Toyota Prado TX,2023,"House 64, Street 19, Model Town, Lahore"
LEA-1065,W. Hashmi,2700,Toyota Fortuner,2018,H#382 St-24 G-13/1 Islamabad
ICT-3670,W. Hashmi,2000,Mercedes C200,2017,H#382 St-24 G-13/1 Islamabad
RIR-1056,G.Mughal,3300,Toyota Land Cruiser ZX,2024,مکان 185 گلی 27 I-8/4 اسلام آباد
LEA-9202,F. Baig,1200,Honda City,2024,H#94 St-7 Gulbahar Peshawar
LEA-7340,Ali Rajput,70,Honda CD-70,2017,"House 354, Street 24, Gulberg III, Lahore"
AFR-5970,H. Saddozai,70,Honda CD-70,2020,H#114 St-9 HayatabadPhase3 Peshawar
LEA-4346,Haji Mahnoor Sheikh,800,Suzuki Mehran,2021,"House No. 130, Gali 3, Clifton Block 2, Karachi"
ICT-4520,Farhan Gill,70,Honda CD-70,2020,"House 259, Street 37, Bahria Phase 4, Rawalpindi"
AFR-532,I.Mughal,2000,Mercedes C200,2020,مکان 3 گلی 7 Gulbahar Peshawar
RIR-6659,I.Mughal,2700,Toyota Fortuner,2025,مکان 3 گلی 7 Gulbahar Peshawar
KAR-5730,I.Mughal,1500,Honda Civic RS,2020,مکان 3 گلی 7 Gulbahar Peshawar
LEA-948,Chaudhary Luqman Mirza,1300,Toyota Corolla GLi,2019,"House No. 352, Gali 29, Gulshan-e-Iqbal, Karachi"
AFR-3516,Rana Sana Wazir,1300,Toyota Corolla GLi,2023,"House No. 62, Gali 10, Cantt, Multan"
ICT-610,K. Sandhu,1500,Honda Civic RS,2023,H#103 St-39 ChaklalaScheme3 Rawalpindi
LEA-8787,K. Sandhu,2700,Toyota Prado TX,2022,H#103 St-39 ChaklalaScheme3 Rawalpindi
RIR-3305,K. Sandhu,3300,Toyota Land Cruiser ZX,2017,H#103 St-39 ChaklalaScheme3 Rawalpindi
ICT-1489,Anas Mehsud,1800,Toyota Corolla Altis,2019,"196-39 F-8/3, Islamabad"
ICT-7527,Anas Mehsud,1500,Honda Civic RS,2024,"196-39 F-8/3, Islamabad"
AFR-3379,Haji Zainab Rizvi,2000,Mercedes C200,2019,"House No. 221, Gali 8, G-10/2, Islamabad"
ICT-4030,Mustafa Tareen,2000,Hyundai Tucson,2020,"House 346, Street 32, G-13/1, Islamabad"
LEA-819,Haji Mahnoor Butt,1800,Toyota Corolla Altis,2026,"House No. 179, Gali 38, Chaklala Scheme 3, Rawalpindi"
LEA-4685,Syed Mahnoor Butt,2000,Audi e-tron,2017,"House No. 179, Gali 38, Chaklala Scheme 3, Rawalpindi"
LEA-2719,Mian Mahnoor Butt,2700,Toyota Prado TX,2019,"House No. 179, Gali 38, Chaklala Scheme 3, Rawalpindi"
LEA-7325,Fahad Cheema,1800,Toyota Corolla Altis,2020,"House 276, Street 21, Satellite Town, Rawalpindi"
AFR-6537,Sajid ملک,3300,Toyota Land Cruiser ZX,2024,"302-2 Shah Rukn-e-Alam, Multan"
AFR-8911,Sajid ملک,2000,Audi e-tron,2021,"302-2 Shah Rukn-e-Alam, Multan"
RIR-9710,Sajid ملک,3300,Toyota Land Cruiser ZX,2025,"302-2 Shah Rukn-e-Alam, Multan"
AFR-1549,Shoaib Yousafzai,800,Suzuki Mehran,2026,"House 368, Street 38, Cantt, Multan"
AFR-2962,Qasim Dar,2000,Mercedes C200,2024,"334-20 DHA Phase 5, Lahore"
ICT-7564,Qasim Dar,2000,Mercedes C200,2023,"334-20 DHA Phase 5, Lahore"
LEA-5418,Pervez Warraich,2000,Hyundai Tucson,2018,"House 264, Street 30, Wapda Town, Lahore"
LEA-5292,Pervez Warraich,2700,Toyota Fortuner,2023,"House 264, Street 30, Wapda Town, Lahore"
ICT-7666,Mian Amna Hashmi,660,Suzuki Alto,2019,"House No. 138, Gali 35, Westridge, Rawalpindi"
AFR-6092,Rashid Janjua,1300,Toyota Corolla GLi,2022,"House 223, Street 27, Chaklala Scheme 3, Rawalpindi"
ICT-6664,Uzma Mughal,70,Honda CD-70,2023,"House 121, Street 26, Wapda Town, Lahore"
LEA-9850,Wajahat Hashmi,800,Suzuki Mehran,2018,"House 217, Street 3, Madina Town, Faisalabad"
KAR-5016,B. Zaidi,1800,Toyota Corolla Altis,2025,H#370 St-32 SatelliteTown Rawalpindi
RIR-8952,Sardar Obaid Sandhu,2700,Toyota Fortuner,2022,"House No. 47, Gali 26, Gulgasht, Multan"
RIR-3895,Malik Obaid Sandhu,2000,Audi e-tron,2024,"House No. 47, Gali 26, Gulgasht, Multan"
RIR-1448,Chaudhary Obaid Sandhu,2700,Toyota Prado TX,2022,"House No. 47, Gali 26, Gulgasht, Multan"
ICT-6552,Anas راجہ,2000,Hyundai Tucson,2022,"396-21 Satellite Town, Rawalpindi"
RIR-8291,Anas راجہ,2700,Toyota Fortuner,2018,"396-21 Satellite Town, Rawalpindi"
AFR-448,Anas راجہ,1500,Honda Civic RS,2025,"396-21 Satellite Town, Rawalpindi"
RIR-2333,Rashid قریشی,2000,Hyundai Tucson,2020,"141-29 Bahria Phase 4, Rawalpindi"
AFR-507,Rashid قریشی,2700,Toyota Fortuner,2017,"141-29 Bahria Phase 4, Rawalpindi"
LEA-7395,F.Bhatti,2700,Toyota Fortuner,2025,مکان 244 گلی 16 Madina Town Faisalabad
AFR-4849,F.Bhatti,2000,Hyundai Tucson,2026,مکان 244 گلی 16 Madina Town Faisalabad
AFR-3647,علی Khattak,2000,Hyundai Tucson,2023,"379-4 Peoples Colony, Faisalabad"
KAR-250,علی Khattak,1500,Honda Civic RS,2021,"379-4 Peoples Colony, Faisalabad"
LEA-4037,علی Khattak,2000,Mercedes C200,2025,"379-4 Peoples Colony, Faisalabad"
ICT-6056,H.Siddiqui,1000,Suzuki Cultus,2017,مکان 227 گلی 25 Peoples Colony Faisalabad
KAR-5597,Mubashir Dar,1300,Toyota Corolla GLi,2023,"225-21 Hayatabad Phase 3, Peshawar"
RIR-3443,L. Durrani,2700,Toyota Prado TX,2020,H#378 St-21 Gulbahar Peshawar
LEA-4975,L. Durrani,2000,Mercedes C200,2024,H#378 St-21 Gulbahar Peshawar
RIR-6812,Rana Iqra Mehsud,1500,Honda Civic RS,2021,"House No. 232, Gali 31, Gulshan-e-Iqbal, Karachi"
ICT-7355,Malik Iqra Mehsud,2700,Toyota Fortuner,2018,"House No. 232, Gali 31, Gulshan-e-Iqbal, Karachi"
RIR-3375,Uzma Yousafzai,3300,Toyota Land Cruiser ZX,2024,"House 46, Street 30, Cantt, Multan"
LEA-9160,Iqra Kayani,2000,Mercedes C200,2020,"189-11 Satellite Town, Rawalpindi"
RIR-7708,G. Hashmi,2000,Hyundai Tucson,2024,H#366 St-14 F-8/3 Islamabad
RIR-4345,G. Hashmi,1500,Honda Civic RS,2026,H#366 St-14 F-8/3 Islamabad
LEA-3870,Sardar Rauf Dar,70,Honda CD-70,2021,"House No. 145, Gali 13, Peoples Colony, Faisalabad"
AFR-8260,B.Cheema,2000,Audi e-tron,2018,مکان 182 گلی 39 Westridge راولپنڈی
RIR-7455,Ehsan Khokhar,70,Honda CD-70,2026,"House 163, Street 34, Satellite Town, Rawalpindi"
ICT-5837,A.Lodhi,1200,Honda City,2026,مکان 221 گلی 19 Shah Rukn-e-Alam Multan
ICT-963,Saqib Saddozai,1200,Honda City,2026,"House 285, Street 29, DHA Phase 6, Karachi"
LEA-6538,M.Khokhar,1000,Suzuki Cultus,2025,مکان 369 گلی 10 Clifton Block 2 کراچی
AFR-1382,Mansoor Sandhu,3300,Toyota Land Cruiser ZX,2018,"166-10 Peoples Colony, Faisalabad"
AFR-2646,Mansoor Sandhu,2700,Toyota Fortuner,2020,"166-10 Peoples Colony, Faisalabad"
RIR-4165,Irfan Bhatti,1000,Suzuki Cultus,2019,"381-5 Hayatabad Phase 3, Peshawar"
AFR-7274,H.Niazi,1200,Honda City,2019,مکان 377 گلی 20 North Nazimabad کراچی
RIR-7953,Anas Naqvi,660,Suzuki Alto,2020,"House 269, Street 6, Gulgasht, Multan"
LEA-3308,A. Malik,1300,Toyota Corolla GLi,2020,H#339 St-30 B-17 Islamabad
KAR-9832,Z. Rajput,2000,Hyundai Tucson,2022,H#337 St-39 NorthNazimabad Karachi
LEA-3117,Z. Rajput,1800,Toyota Corolla Altis,2021,H#337 St-39 NorthNazimabad Karachi
RIR-6222,Adnan Saddozai,1200,Honda City,2024,"249-31 Shah Rukn-e-Alam, Multan"
LEA-7590,B. Cheema,1800,Toyota Corolla Altis,2018,H#323 St-28 G-10/2 Islamabad
AFR-8871,B. Cheema,2700,Toyota Prado TX,2017,H#323 St-28 G-10/2 Islamabad
KAR-3793,Fatima Bukhari,2000,Hyundai Tucson,2024,"House 348, Street 32, Gulgasht, Multan"
AFR-855,Fatima Bukhari,3300,Toyota Land Cruiser ZX,2026,"House 348, Street 32, Gulgasht, Multan"
RIR-8248,Fatima Bukhari,3300,Toyota Land Cruiser ZX,2018,"House 348, Street 32, Gulgasht, Multan"
ICT-8092,Haji Sadia Chaudhry,2700,Toyota Prado TX,2020,"House No. 243, Gali 8, Model Town, Lahore"
KAR-6445,Syed Irfan Durrani,1000,Suzuki Cultus,2024,"House No. 177, Gali 29, Westridge, Rawalpindi"
LEA-4996,N.Dar,2000,Mercedes C200,2021,مکان 342 گلی 31 DHA Phase 5 لاہور
AFR-5722,N.Dar,2000,Audi e-tron,2017,مکان 342 گلی 31 DHA Phase 5 لاہور
KAR-4376,N.Dar,3300,Toyota Land Cruiser ZX,2024,مکان 342 گلی 31 DHA Phase 5 لاہور
LEA-2899,A.Niazi,1500,Honda Civic RS,2019,مکان 286 گلی 4 Bahria Phase 4 راولپنڈی
KAR-7196,A.Niazi,3300,Toyota Land Cruiser ZX,2018,مکان 286 گلی 4 Bahria Phase 4 راولپنڈی
RIR-1615,A.Niazi,2000,Audi e-tron,2024,مکان 286 گلی 4 Bahria Phase 4 راولپنڈی
KAR-5334,U. Tareen,1200,Honda City,2023,H#313 St-40 G-10/2 Islamabad
LEA-3005,Syed Noman Sandhu,3300,Toyota Land Cruiser ZX,2025,"House No. 363, Gali 29, Chaklala Scheme 3, Rawalpindi"
KAR-5258,H.Baig,2000,Audi e-tron,2024,مکان 394 گلی 1 North Nazimabad کراچی
ICT-4201,H.Baig,2700,Toyota Prado TX,2018,مکان 394 گلی 1 North Nazimabad کراچی
LEA-7712,Sajid Sandhu,1000,Suzuki Cultus,2017,"House 185, Street 16, Shah Rukn-e-Alam, Multan"
KAR-8279,Syed Obaid Tarar,70,Honda CD-70,2020,"House No. 16, Gali 29, Gulshan-e-Iqbal, Karachi"
ICT-5575,Nasir Kakar,1200,Honda City,2023,"32-26 Westridge, Rawalpindi"
AFR-8581,Mian Sana Mirza,1300,Toyota Corolla GLi,2026,"House No. 349, Gali 36, North Nazimabad, Karachi"
LEA-2392,H. Niazi,1000,Suzuki Cultus,2022,H#276 St-22 G-10/2 Islamabad
LEA-3016,Rana Taimoor Niazi,660,Suzuki Alto,2021,"House No. 3, Gali 30, D Ground, Faisalabad"
RIR-6332,I.Khokhar,1800,Toyota Corolla Altis,2018,مکان 365 گلی 28 F-8/3 اسلام آباد
AFR-1652,Malik Yousuf Dar,1200,Honda City,2021,"House No. 190, Gali 34, Clifton Block 2, Karachi"
KAR-997,A. Afridi,660,Suzuki Alto,2021,H#353 St-32 NorthNazimabad Karachi
LEA-4309,Shahzad Bangash,800,Suzuki Mehran,2025,"61-14 D Ground, Faisalabad"
KAR-9393,H. Shirazi,2000,Mercedes C200,2026,H#57 St-8 UniversityTown Peshawar
AFR-1300,H. Shirazi,3300,Toyota Land Cruiser ZX,2026,H#57 St-8 UniversityTown Peshawar
ICT-6769,H. Shirazi,3300,Toyota Land Cruiser ZX,2025,H#57 St-8 UniversityTown Peshawar
ICT-2573,Jawad Niazi,2000,Hyundai Tucson,2020,"House 151, Street 32, Gulberg III, Lahore"
KAR-2156,Jawad Niazi,2700,Toyota Fortuner,2024,"House 151, Street 32, Gulberg III, Lahore"
AFR-2662,I.Dar,2700,Toyota Prado TX,2021,مکان 2 گلی 8 Westridge راولپنڈی
KAR-154,O.Gilani,1800,Toyota Corolla Altis,2026,مکان 194 گلی 31 Gulshan-e-Iqbal کراچی
ICT-6163,O.Gilani,3300,Toyota Land Cruiser ZX,2024,مکان 194 گلی 31 Gulshan-e-Iqbal کراچی
KAR-6697,Farah Joiya,1000,Suzuki Cultus,2020,"House 46, Street 40, Chaklala Scheme 3, Rawalpindi"
RIR-3818,Z. Butt,2000,Mercedes C200,2021,H#377 St-18 ShahRukn-e-Alam Multan
ICT-402,Nadia Khattak,2000,Hyundai Tucson,2022,"287-6 B-17, Islamabad"
RIR-1949,T.Rizvi,3300,Toyota Land Cruiser ZX,2024,مکان 206 گلی 38 Madina Town Faisalabad
KAR-6416,T.Rizvi,2000,Audi e-tron,2018,مکان 206 گلی 38 Madina Town Faisalabad
AFR-8139,Salman Abbasi,660,Suzuki Alto,2021,"348-11 Model Town, Lahore"
ICT-9150,M. Virk,800,Suzuki Mehran,2023,H#73 St-27 I-8/4 Islamabad
KAR-3161,I.Bukhari,660,Suzuki Alto,2024,مکان 261 گلی 33 Westridge راولپنڈی
ICT-6373,Kamran Rajput,1200,Honda City,2024,"House 325, Street 15, E-11/2, Islamabad"
AFR-9833,Shahzad Niazi,1800,Toyota Corolla Altis,2019,"House 229, Street 6, Madina Town, Faisalabad"
ICT-7993,Shahzad Niazi,2700,Toyota Fortuner,2020,"House 229, Street 6, Madina Town, Faisalabad"
LEA-9735,Shahzad Niazi,1800,Toyota Corolla Altis,2024,"House 229, Street 6, Madina Town, Faisalabad"
ICT-7097,I. Rajput,800,Suzuki Mehran,2019,H#129 St-25 WapdaTown Lahore
RIR-9535,Mubashir راجہ,2000,Audi e-tron,2020,"72-36 Clifton Block 2, Karachi"
KAR-7075,Mubashir راجہ,1500,Honda Civic RS,2026,"72-36 Clifton Block 2, Karachi"
ICT-7944,Mubashir راجہ,1500,Honda Civic RS,2025,"72-36 Clifton Block 2, Karachi"
KAR-7070,Hafsa Cheema,660,Suzuki Alto,2021,"386-29 Shah Rukn-e-Alam, Multan"
LEA-5671,Malik Ali Orakzai,3300,Toyota Land Cruiser ZX,2019,"House No. 312, Gali 31, Satellite Town, Rawalpindi"
KAR-9633,Malik Ali Orakzai,2700,Toyota Fortuner,2017,"House No. 312, Gali 31, Satellite Town, Rawalpindi"
ICT-1706,Rana Ali Orakzai,1500,Honda Civic RS,2025,"House No. 312, Gali 31, Satellite Town, Rawalpindi"
LEA-2081,Lubna Hashmi,1500,Honda Civic RS,2025,"House 276, Street 6, University Town, Peshawar"
AFR-7636,Lubna Hashmi,3300,Toyota Land Cruiser ZX,2021,"House 276, Street 6, University Town, Peshawar"
RIR-7615,G.Virk,70,Honda CD-70,2026,مکان 184 گلی 25 Gulbahar Peshawar
KAR-2583,S. Khan,2000,Audi e-tron,2020,H#389 St-18 SatelliteTown Rawalpindi
RIR-9556,Danish Hashmi,1200,Honda City,2018,"144-32 DHA Phase 5, Lahore"
KAR-1189,Mansoor Siddiqui,2700,Toyota Prado TX,2021,"292-33 University Town, Peshawar"
ICT-1441,Mansoor Siddiqui,1500,Honda Civic RS,2022,"292-33 University Town, Peshawar"
RIR-988,G.Khattak,2700,Toyota Fortuner,2022,مکان 222 گلی 27 I-8/4 اسلام آباد
RIR-5145,G.Khattak,2700,Toyota Fortuner,2017,مکان 222 گلی 27 I-8/4 اسلام آباد
RIR-4389,G.Khattak,2700,Toyota Prado TX,2024,مکان 222 گلی 27 I-8/4 اسلام آباد
KAR-8445,Usman Durrani,1200,Honda City,2025,"House 143, Street 27, Satellite Town, Rawalpindi"
RIR-2558,A.Cheema,2000,Hyundai Tucson,2024,مکان 171 گلی 34 Hayatabad Phase 3 Peshawar
ICT-7360,A.Cheema,2700,Toyota Fortuner,2024,مکان 171 گلی 34 Hayatabad Phase 3 Peshawar
AFR-2179,Tariq Sheikh,1000,Suzuki Cultus,2024,"House 161, Street 5, E-11/2, Islamabad"
RIR-2884,K.Qureshi,2000,Hyundai Tucson,2026,مکان 287 گلی 4 Cantt Multan
KAR-1074,K.Qureshi,2000,Hyundai Tucson,2021,مکان 287 گلی 4 Cantt Multan
RIR-5115,K.Qureshi,2700,Toyota Fortuner,2021,مکان 287 گلی 4 Cantt Multan
RIR-7279,I.Wazir,2000,Mercedes C200,2021,مکان 233 گلی 25 Peoples Colony Faisalabad
ICT-6636,عمران Awan,2700,Toyota Prado TX,2026,"224-33 Wapda Town, Lahore"
LEA-9328,Malik Bilal Sial,2000,Audi e-tron,2019,"House No. 103, Gali 13, Johar Town, Lahore"
RIR-4417,U. Butt,2000,Hyundai Tucson,2019,H#2 St-15 DHAPhase6 Karachi
KAR-719,Sardar Khalid Dar,1800,Toyota Corolla Altis,2018,"House No. 4, Gali 24, DHA Phase 6, Karachi"
KAR-8227,J.Sandhu,800,Suzuki Mehran,2023,مکان 220 گلی 16 Wapda Town لاہور
ICT-5578,A. Janjua,1500,Honda Civic RS,2025,H#144 St-9 B-17 Islamabad
AFR-9284,A. Janjua,1800,Toyota Corolla Altis,2020,H#144 St-9 B-17 Islamabad
RIR-1337,A. Janjua,2000,Audi e-tron,2021,H#144 St-9 B-17 Islamabad
ICT-7200,Bushra Yousafzai,2000,Mercedes C200,2022,"261-25 F-8/3, Islamabad"
AFR-9911,M.Sandhu,800,Suzuki Mehran,2023,مکان 248 گلی 32 D Ground Faisalabad
KAR-4953,Syed Zara Butt,1500,Honda Civic RS,2018,"House No. 104, Gali 29, Bahria Phase 4, Rawalpindi"
LEA-3446,Syed Amna Mughal,2000,Audi e-tron,2026,"House No. 131, Gali 36, University Town, Peshawar"
AFR-3752,D. Bukhari,2700,Toyota Fortuner,2026,H#263 St-40 E-11/2 Islamabad
ICT-6522,D. Bukhari,2000,Audi e-tron,2019,H#263 St-40 E-11/2 Islamabad
LEA-8993,D. Bukhari,2000,Audi e-tron,2019,H#263 St-40 E-11/2 Islamabad
AFR-2063,Sardar Zainab Baig,2700,Toyota Prado TX,2020,"House No. 346, Gali 22, Johar Town, Lahore"
KAR-4522,احمد Kakar,2000,Audi e-tron,2023,"178-26 Gulberg III, Lahore"
KAR-4731,احمد Kakar,2700,Toyota Fortuner,2017,"178-26 Gulberg III, Lahore"
ICT-6977,Amna Awan,2700,Toyota Prado TX,2022,"256-23 DHA Phase 5, Lahore"
AFR-4277,K.Rizvi,800,Suzuki Mehran,2026,مکان 244 گلی 7 DHA Phase 6 کراچی
ICT-2549,Junaid Qureshi,1300,Toyota Corolla GLi,2025,"House 91, Street 3, Gulgasht, Multan"
RIR-4245,I.Dar,3300,Toyota Land Cruiser ZX,2021,مکان 338 گلی 34 Chaklala Scheme 3 راولپنڈی
LEA-5819,I.Dar,2700,Toyota Fortuner,2023,مکان 338 گلی 34 Chaklala Scheme 3 راولپنڈی
ICT-9321,I.Dar,1800,Toyota Corolla Altis,2022,مکان 338 گلی 34 Chaklala Scheme 3 راولپنڈی
RIR-9611,A. Tarar,1200,Honda City,2020,H#57 St-9 DHAPhase6 Karachi
KAR-5430,Mansoor Yousafzai,660,Suzuki Alto,2021,"213-16 Hayatabad Phase 3, Peshawar"
ICT-8077,Kinza Gilani,3300,Toyota Land Cruiser ZX,2017,"House 358, Street 3, E-11/2, Islamabad"
ICT-3716,Kinza Gilani,1500,Honda Civic RS,2020,"House 358, Street 3, E-11/2, Islamabad"
ICT-834,Syed Kamran Orakzai,1300,Toyota Corolla GLi,2022,"House No. 112, Gali 32, Gulgasht, Multan"
LEA-6390,Faisal Afridi,800,Suzuki Mehran,2019,"House 384, Street 30, Gulgasht, Multan"
AFR-5794,Rana Kashif Siddiqui,1800,Toyota Corolla Altis,2025,"House No. 168, Gali 30, Cantt, Multan"
KAR-1600,Syed Kashif Siddiqui,1800,Toyota Corolla Altis,2026,"House No. 168, Gali 30, Cantt, Multan"
LEA-9503,Rana Kashif Siddiqui,2700,Toyota Fortuner,2025,"House No. 168, Gali 30, Cantt, Multan"
RIR-2152,Malik Gul Rizvi,70,Honda CD-70,2025,"House No. 357, Gali 4, Westridge, Rawalpindi"
ICT-4099,Iqra خان,660,Suzuki Alto,2020,"393-13 E-11/2, Islamabad"
AFR-7008,F. Qureshi,1300,Toyota Corolla GLi,2019,H#166 St-36 UniversityTown Peshawar
AFR-3493,R. Khokhar,70,Honda CD-70,2023,H#337 St-18 SatelliteTown Rawalpindi
RIR-4059,M.Kakar,3300,Toyota Land Cruiser ZX,2023,مکان 53 گلی 35 Madina Town Faisalabad
LEA-6925,M.Kakar,2700,Toyota Fortuner,2020,مکان 53 گلی 35 Madina Town Faisalabad
LEA-3289,Sardar Khalid Kazmi,2700,Toyota Fortuner,2021,"House No. 120, Gali 33, Gulgasht, Multan"
ICT-7799,Rana Khalid Kazmi,2700,Toyota Fortuner,2019,"House No. 120, Gali 33, Gulgasht, Multan"
RIR-7020,Rana Khalid Kazmi,2000,Mercedes C200,2020,"House No. 120, Gali 33, Gulgasht, Multan"
KAR-4070,Haris Abbasi,660,Suzuki Alto,2025,"329-3 DHA Phase 6, Karachi"
LEA-2468,Kamran Hashmi,2700,Toyota Fortuner,2022,"27-10 F-8/3, Islamabad"
RIR-5099,Kamran Hashmi,1500,Honda Civic RS,2024,"27-10 F-8/3, Islamabad"
RIR-744,Haji Arsalan Kazmi,2700,Toyota Prado TX,2026,"House No. 372, Gali 30, E-11/2, Islamabad"
LEA-220,Chaudhary Arsalan Kazmi,2700,Toyota Fortuner,2025,"House No. 372, Gali 30, E-11/2, Islamabad"
RIR-1489,Haji Yasir Niazi,800,Suzuki Mehran,2018,"House No. 230, Gali 13, Wapda Town, Lahore"
AFR-1554,Sardar Yousuf Joiya,800,Suzuki Mehran,2021,"House No. 390, Gali 10, North Nazimabad, Karachi"
ICT-4890,Faisal Cheema,1500,Honda Civic RS,2017,"101-10 Westridge, Rawalpindi"
AFR-8649,Faisal Cheema,3300,Toyota Land Cruiser ZX,2017,"101-10 Westridge, Rawalpindi"
LEA-2819,N.Tarar,800,Suzuki Mehran,2022,مکان 197 گلی 32 Gulshan-e-Iqbal کراچی
RIR-4094,Malik Luqman Gilani,1800,Toyota Corolla Altis,2021,"House No. 391, Gali 28, Bahria Phase 4, Rawalpindi"
LEA-3244,Syed Luqman Gilani,2700,Toyota Prado TX,2021,"House No. 391, Gali 28, Bahria Phase 4, Rawalpindi"
AFR-9784,Laiba Bukhari,1800,Toyota Corolla Altis,2021,"7-8 Cantt, Multan"
KAR-9940,S. Baig,1000,Suzuki Cultus,2019,H#219 St-17 DHAPhase6 Karachi
ICT-7115,Owais Durrani,70,Honda CD-70,2022,"56-37 Clifton Block 2, Karachi"
KAR-5111,K.Niazi,2000,Mercedes C200,2023,مکان 252 گلی 1 F-8/3 اسلام آباد
LEA-6257,K.Niazi,1500,Honda Civic RS,2020,مکان 252 گلی 1 F-8/3 اسلام آباد
ICT-9574,R.Sial,1800,Toyota Corolla Altis,2026,مکان 192 گلی 12 Bahria Phase 4 راولپنڈی
KAR-8502,R.Sial,2700,Toyota Prado TX,2018,مکان 192 گلی 12 Bahria Phase 4 راولپنڈی
ICT-3396,Sardar Taimoor Gilani,800,Suzuki Mehran,2017,"House No. 96, Gali 13, Hayatabad Phase 3, Peshawar"
ICT-3630,Syed Sufyan Afridi,1200,Honda City,2026,"House No. 326, Gali 11, Peoples Colony, Faisalabad"
KAR-9126,F. Bukhari,2700,Toyota Prado TX,2020,H#50 St-14 HayatabadPhase3 Peshawar
AFR-5562,F. Bukhari,2000,Audi e-tron,2024,H#50 St-14 HayatabadPhase3 Peshawar
ICT-1975,F. Bukhari,1500,Honda Civic RS,2022,H#50 St-14 HayatabadPhase3 Peshawar
RIR-2338,F. Warraich,1500,Honda Civic RS,2021,H#183 St-22 CliftonBlock2 Karachi
ICT-1357,F. Warraich,2700,Toyota Prado TX,2023,H#183 St-22 CliftonBlock2 Karachi
AFR-2721,F. Warraich,2700,Toyota Fortuner,2018,H#183 St-22 CliftonBlock2 Karachi
AFR-9767,H. Shirazi,3300,Toyota Land Cruiser ZX,2025,H#144 St-16 G-13/1 Islamabad
ICT-2065,H. Shirazi,2700,Toyota Fortuner,2025,H#144 St-16 G-13/1 Islamabad
ICT-8876,H. Shirazi,2000,Audi e-tron,2017,H#144 St-16 G-13/1 Islamabad
RIR-9051,محمد Afridi,1800,Toyota Corolla Altis,2024,"9-24 University Town, Peshawar"
RIR-9468,محمد Afridi,3300,Toyota Land Cruiser ZX,2025,"9-24 University Town, Peshawar"
ICT-750,محمد Afridi,2700,Toyota Fortuner,2024,"9-24 University Town, Peshawar"
LEA-7712,H.Awan,2000,Audi e-tron,2025,مکان 155 گلی 36 Clifton Block 2 کراچی
KAR-5064,Arsalan Janjua,1000,Suzuki Cultus,2025,"386-6 Bahria Phase 4, Rawalpindi"
ICT-5271,Luqman Kakar,2000,Hyundai Tucson,2024,"House 369, Street 17, Johar Town, Lahore"
RIR-4623,Luqman Kakar,2000,Audi e-tron,2025,"House 369, Street 17, Johar Town, Lahore"
AFR-7197,Luqman Kakar,2000,Hyundai Tucson,2018,"House 369, Street 17, Johar Town, Lahore"
ICT-7214,J.Cheema,3300,Toyota Land Cruiser ZX,2022,مکان 295 گلی 39 Hayatabad Phase 3 Peshawar
LEA-9170,Z.Khattak,1000,Suzuki Cultus,2025,مکان 224 گلی 15 Gulbahar Peshawar
KAR-274,J.Siddiqui,1000,Suzuki Cultus,2023,مکان 245 گلی 14 Wapda Town لاہور
RIR-1149,Haji Adnan Bangash,1300,Toyota Corolla GLi,2021,"House No. 359, Gali 4, Bahria Phase 4, Rawalpindi"
LEA-951,W.Malik,1000,Suzuki Cultus,2024,مکان 173 گلی 28 Madina Town Faisalabad
RIR-6683,I.Orakzai,1200,Honda City,2019,مکان 50 گلی 9 Westridge راولپنڈی
LEA-2881,Amna Awan,1800,Toyota Corolla Altis,2023,"House 150, Street 10, North Nazimabad, Karachi"
AFR-1494,Amna Awan,2700,Toyota Prado TX,2024,"House 150, Street 10, North Nazimabad, Karachi"
AFR-1247,Haji Mustafa Niazi,1500,Honda Civic RS,2025,"House No. 89, Gali 25, Gulgasht, Multan"
RIR-7009,Malik Mustafa Niazi,2700,Toyota Fortuner,2023,"House No. 89, Gali 25, Gulgasht, Multan"
ICT-6527,احمد Siddiqui,2000,Audi e-tron,2018,"63-32 G-10/2, Islamabad"
ICT-2009,احمد Siddiqui,2700,Toyota Fortuner,2024,"63-32 G-10/2, Islamabad"
RIR-2136,Z. Lodhi,2000,Hyundai Tucson,2025,H#49 St-38 Gulgasht Multan
RIR-7441,Z. Lodhi,2000,Audi e-tron,2017,H#49 St-38 Gulgasht Multan
AFR-6206,Z. Lodhi,3300,Toyota Land Cruiser ZX,2022,H#49 St-38 Gulgasht Multan
AFR-6535,M. Chaudhry,2700,Toyota Fortuner,2022,H#276 St-8 DGround Faisalabad
LEA-7389,M. Chaudhry,3300,Toyota Land Cruiser ZX,2017,H#276 St-8 DGround Faisalabad
ICT-2865,Saqib Siddiqui,70,Honda CD-70,2025,"House 295, Street 14, F-8/3, Islamabad"
LEA-9683,Rana Zubair Wazir,3300,Toyota Land Cruiser ZX,2022,"House No. 72, Gali 37, Madina Town, Faisalabad"
AFR-1466,Rana Rauf Virk,1800,Toyota Corolla Altis,2026,"House No. 127, Gali 5, G-13/1, Islamabad"
RIR-2430,Mian Rauf Virk,2000,Hyundai Tucson,2018,"House No. 127, Gali 5, G-13/1, Islamabad"
AFR-7265,Malik Rauf Virk,2000,Hyundai Tucson,2022,"House No. 127, Gali 5, G-13/1, Islamabad"
LEA-6097,Babar Afridi,1000,Suzuki Cultus,2023,"House 171, Street 18, I-8/4, Islamabad"
LEA-8948,K. Qureshi,2000,Mercedes C200,2019,H#90 St-34 HayatabadPhase3 Peshawar
RIR-6864,Amna Mirza,800,Suzuki Mehran,2026,"312-7 Madina Town, Faisalabad"
KAR-756,Z. Bukhari,2000,Hyundai Tucson,2017,H#5 St-33 ChaklalaScheme3 Rawalpindi
LEA-2303,بلال Durrani,3300,Toyota Land Cruiser ZX,2023,"363-16 Shah Rukn-e-Alam, Multan"
LEA-2794,بلال Durrani,2700,Toyota Prado TX,2021,"363-16 Shah Rukn-e-Alam, Multan"
LEA-5770,بلال Durrani,2000,Mercedes C200,2023,"363-16 Shah Rukn-e-Alam, Multan"
RIR-1347,Chaudhary Wajahat Kazmi,2000,Audi e-tron,2018,"House No. 220, Gali 34, Gulberg III, Lahore"
RIR-4866,Sardar Salman Afridi,2000,Hyundai Tucson,2022,"House No. 374, Gali 16, G-10/2, Islamabad"
KAR-4084,Mian Salman Afridi,2000,Mercedes C200,2021,"House No. 374, Gali 16, G-10/2, Islamabad"
AFR-2907,Chaudhary Salman Afridi,2000,Mercedes C200,2017,"House No. 374, Gali 16, G-10/2, Islamabad"
LEA-1159,K.Siddiqui,1300,Toyota Corolla GLi,2021,مکان 316 گلی 13 Clifton Block 2 کراچی
ICT-4063,A. Virk,70,Honda CD-70,2018,H#58 St-22 ChaklalaScheme3 Rawalpindi
AFR-3182,Nadeem Dar,3300,Toyota Land Cruiser ZX,2021,"324-37 B-17, Islamabad"
KAR-1499,Nadeem Dar,1800,Toyota Corolla Altis,2017,"324-37 B-17, Islamabad"
AFR-7287,Nadeem Dar,2000,Hyundai Tucson,2025,"324-37 B-17, Islamabad"
RIR-6235,Wajahat Yousafzai,1300,Toyota Corolla GLi,2018,"30-23 University Town, Peshawar"
KAR-9727,M.Gill,660,Suzuki Alto,2021,مکان 206 گلی 23 Cantt Multan
AFR-8799,A. Tarar,1000,Suzuki Cultus,2019,H#4 St-10 E-11/2 Islamabad
RIR-7389,Qasim Ansari,2000,Audi e-tron,2017,"House 56, Street 29, Madina Town, Faisalabad"
AFR-6811,Qasim Ansari,3300,Toyota Land Cruiser ZX,2017,"House 56, Street 29, Madina Town, Faisalabad"
KAR-5691,Qasim Ansari,1800,Toyota Corolla Altis,2023,"House 56, Street 29, Madina Town, Faisalabad"
ICT-2949,W.Wazir,2700,Toyota Fortuner,2017,مکان 341 گلی 18 Westridge راولپنڈی
RIR-3868,W.Wazir,1500,Honda Civic RS,2026,مکان 341 گلی 18 Westridge راولپنڈی
LEA-2834,W.Wazir,3300,Toyota Land Cruiser ZX,2025,مکان 341 گلی 18 Westridge راولپنڈی
RIR-3541,A.Khan,2700,Toyota Prado TX,2018,مکان 122 گلی 4 Gulbahar Peshawar
ICT-1305,A.Khan,2000,Audi e-tron,2025,مکان 122 گلی 4 Gulbahar Peshawar
RIR-2920,A.Khan,1800,Toyota Corolla Altis,2018,مکان 122 گلی 4 Gulbahar Peshawar
RIR-8617,N. Orakzai,1000,Suzuki Cultus,2017,H#102 St-31 Westridge Rawalpindi
LEA-6505,S.Afridi,1200,Honda City,2020,مکان 62 گلی 9 Bahria Phase 4 راولپنڈی
AFR-3808,Ali Yousafzai,2000,Mercedes C200,2020,"House 27, Street 25, Satellite Town, Rawalpindi"
AFR-3132,Ali Yousafzai,2000,Audi e-tron,2023,"House 27, Street 25, Satellite Town, Rawalpindi"
LEA-7834,M.Tarar,2000,Audi e-tron,2021,مکان 25 گلی 12 Chaklala Scheme 3 راولپنڈی
KAR-3523,M.Tarar,2000,Audi e-tron,2017,مکان 25 گلی 12 Chaklala Scheme 3 راولپنڈی
LEA-8131,Y.Lodhi,800,Suzuki Mehran,2024,مکان 221 گلی 12 Peoples Colony Faisalabad
KAR-1575,F.Khan,1200,Honda City,2026,مکان 395 گلی 9 Gulgasht Multan
ICT-5905,L.Sandhu,2000,Hyundai Tucson,2018,مکان 108 گلی 38 Chaklala Scheme 3 راولپنڈی
LEA-4730,عثمان Bukhari,3300,Toyota Land Cruiser ZX,2024,"99-29 Cantt, Multan"
KAR-2423,عثمان Bukhari,1800,Toyota Corolla Altis,2024,"99-29 Cantt, Multan"
KAR-4350,عثمان Bukhari,2000,Audi e-tron,2021,"99-29 Cantt, Multan"
ICT-6207,Maryam Durrani,1300,Toyota Corolla GLi,2024,"66-13 Satellite Town, Rawalpindi"
RIR-7946,Mian Iqra Lodhi,1200,Honda City,2018,"House No. 149, Gali 3, Cantt, Multan"
ICT-9858,Hafsa Rizvi,1000,Suzuki Cultus,2019,"39-11 Gulbahar, Peshawar"
KAR-6857,L.Lodhi,2700,Toyota Prado TX,2017,مکان 2 گلی 11 Bahria Phase 4 راولپنڈی
LEA-8538,L.Lodhi,1500,Honda Civic RS,2025,مکان 2 گلی 11 Bahria Phase 4 راولپنڈی
ICT-1244,L.Lodhi,3300,Toyota Land Cruiser ZX,2018,مکان 2 گلی 11 Bahria Phase 4 راولپنڈی
AFR-7427,Mian Noor Naqvi,70,Honda CD-70,2019,"House No. 113, Gali 19, Gulberg III, Lahore"
KAR-1624,Zubair بٹ,2700,Toyota Fortuner,2018,"143-9 Cantt, Multan"
ICT-7797,Atif شیخ,1800,Toyota Corolla Altis,2026,"183-15 Cantt, Multan"
KAR-2903,Atif شیخ,2000,Audi e-tron,2025,"183-15 Cantt, Multan"
RIR-1991,Atif شیخ,2700,Toyota Prado TX,2024,"183-15 Cantt, Multan"
LEA-1945,Rana Noman Bukhari,1200,Honda City,2024,"House No. 80, Gali 29, Shah Rukn-e-Alam, Multan"
RIR-5223,A. Ansari,1200,Honda City,2020,H#91 St-13 DHAPhase6 Karachi
RIR-7196,Mian Waqas Ansari,2700,Toyota Prado TX,2019,"House No. 352, Gali 39, University Town, Peshawar"
RIR-5981,احمد Tareen,1300,Toyota Corolla GLi,2020,"23-9 Gulbahar, Peshawar"
ICT-4796,احمد خان,1300,Toyota Corolla GLi,2021,"278-22 Hayatabad Phase 3, Peshawar"
ICT-3755,Waqas Niazi,1800,Toyota Corolla Altis,2025,"80-16 Model Town, Lahore"
KAR-9949,L. Abbasi,1300,Toyota Corolla GLi,2018,H#116 St-25 GulbergIII Lahore
KAR-2497,G.Chaudhry,2000,Audi e-tron,2024,مکان 61 گلی 24 Madina Town Faisalabad
RIR-649,G.Chaudhry,2000,Hyundai Tucson,2024,مکان 61 گلی 24 Madina Town Faisalabad
ICT-304,G.Chaudhry,2000,Hyundai Tucson,2025,مکان 61 گلی 24 Madina Town Faisalabad
LEA-3327,Iqra Ansari,1000,Suzuki Cultus,2021,"77-20 Shah Rukn-e-Alam, Multan"
AFR-186,Bushra Sandhu,2000,Audi e-tron,2025,"2-10 DHA Phase 5, Lahore"
KAR-4243,Haji Pervez Zaidi,1500,Honda Civic RS,2025,"House No. 273, Gali 35, North Nazimabad, Karachi"
ICT-3363,K.Raja,1200,Honda City,2017,مکان 2 گلی 14 Chaklala Scheme 3 راولپنڈی
AFR-9756,F. Sandhu,800,Suzuki Mehran,2020,H#151 St-30 HayatabadPhase3 Peshawar
KAR-2070,عمران Saddozai,660,Suzuki Alto,2021,"357-10 Satellite Town, Rawalpindi"
RIR-4153,Bushra Bukhari,1200,Honda City,2024,"House 305, Street 11, E-11/2, Islamabad"
RIR-8301,A. Gilani,800,Suzuki Mehran,2025,H#77 St-12 UniversityTown Peshawar
RIR-9009,L.Tareen,2700,Toyota Fortuner,2020,مکان 6 گلی 26 Bahria Phase 4 راولپنڈی
LEA-1789,Danish Sial,1500,Honda Civic RS,2026,"48-34 Chaklala Scheme 3, Rawalpindi"
AFR-1339,Z. Qureshi,1200,Honda City,2018,H#306 St-1 F-8/3 Islamabad
KAR-206,Mian Sajid Raja,70,Honda CD-70,2026,"House No. 23, Gali 37, D Ground, Faisalabad"
LEA-5448,A. Gill,800,Suzuki Mehran,2025,H#204 St-33 UniversityTown Peshawar
RIR-7689,Chaudhary Kinza Mehsud,2000,Audi e-tron,2021,"House No. 209, Gali 33, I-8/4, Islamabad"
AFR-1799,Zubair Sandhu,2700,Toyota Prado TX,2024,"House 21, Street 25, Madina Town, Faisalabad"
AFR-4951,Zeeshan خان,1000,Suzuki Cultus,2022,"281-6 Chaklala Scheme 3, Rawalpindi"
AFR-8065,T. Mehsud,1000,Suzuki Cultus,2023,H#135 St-3 NorthNazimabad Karachi
ICT-1048,Salman Gill,2000,Audi e-tron,2022,"House 329, Street 35, North Nazimabad, Karachi"
RIR-1390,Chaudhary Haris Warraich,2000,Audi e-tron,2023,"House No. 163, Gali 22, DHA Phase 5, Lahore"
AFR-5967,Haji Ubaid Butt,1000,Suzuki Cultus,2020,"House No. 241, Gali 10, Peoples Colony, Faisalabad"
RIR-5626,I.Sial,2700,Toyota Prado TX,2025,مکان 28 گلی 14 DHA Phase 6 کراچی
AFR-8187,K.Lodhi,1300,Toyota Corolla GLi,2024,مکان 153 گلی 29 Clifton Block 2 کراچی
KAR-9281,Bilal Raja,2000,Hyundai Tucson,2023,"House 386, Street 20, Gulshan-e-Iqbal, Karachi"
ICT-1993,Javeria Mughal,2000,Audi e-tron,2025,"182-37 Shah Rukn-e-Alam, Multan"
AFR-7926,Javeria Mughal,3300,Toyota Land Cruiser ZX,2025,"182-37 Shah Rukn-e-Alam, Multan"
AFR-7617,Chaudhary Atif Wazir,1500,Honda Civic RS,2020,"House No. 381, Gali 21, Gulbahar, Peshawar"
ICT-2072,Haji Atif Wazir,3300,Toyota Land Cruiser ZX,2020,"House No. 381, Gali 21, Gulbahar, Peshawar"
ICT-676,Chaudhary Atif Wazir,2000,Audi e-tron,2017,"House No. 381, Gali 21, Gulbahar, Peshawar"
AFR-7898,Gul Gilani,3300,Toyota Land Cruiser ZX,2025,"House 187, Street 2, I-8/4, Islamabad"
RIR-8641,Gul Gilani,2000,Audi e-tron,2017,"House 187, Street 2, I-8/4, Islamabad"
ICT-5503,Gul Gilani,1800,Toyota Corolla Altis,2018,"House 187, Street 2, I-8/4, Islamabad"
RIR-881,Obaid Tarar,2700,Toyota Prado TX,2026,"278-28 Gulberg III, Lahore"
LEA-2054,Obaid Tarar,2000,Mercedes C200,2019,"278-28 Gulberg III, Lahore"
LEA-7705,Obaid Tarar,1500,Honda Civic RS,2018,"278-28 Gulberg III, Lahore"
LEA-6482,S.Zaidi,1000,Suzuki Cultus,2018,مکان 278 گلی 28 Peoples Colony Faisalabad
LEA-9571,Zeeshan Afridi,2700,Toyota Fortuner,2022,"House 342, Street 19, Clifton Block 2, Karachi"
LEA-2288,Zeeshan Afridi,2700,Toyota Fortuner,2023,"House 342, Street 19, Clifton Block 2, Karachi"
ICT-313,Zeeshan Afridi,2700,Toyota Prado TX,2018,"House 342, Street 19, Clifton Block 2, Karachi"
RIR-6830,H.Rajput,1500,Honda Civic RS,2023,مکان 238 گلی 27 I-8/4 اسلام آباد
LEA-5972,H.Rajput,2000,Mercedes C200,2019,مکان 238 گلی 27 I-8/4 اسلام آباد
KAR-5876,H.Rajput,2700,Toyota Prado TX,2019,مکان 238 گلی 27 I-8/4 اسلام آباد
LEA-6426,W.Bhatti,2700,Toyota Prado TX,2018,مکان 48 گلی 2 Satellite Town راولپنڈی
RIR-1292,Malik Amna Virk,2000,Mercedes C200,2018,"House No. 376, Gali 9, B-17, Islamabad"
RIR-6953,Malik Amna Virk,2700,Toyota Prado TX,2023,"House No. 376, Gali 9, B-17, Islamabad"
KAR-2576,Chaudhary Amna Virk,2000,Mercedes C200,2020,"House No. 376, Gali 9, B-17, Islamabad"
RIR-5245,Sardar Ali Afridi,660,Suzuki Alto,2021,"House No. 57, Gali 30, Peoples Colony, Faisalabad"
RIR-3637,Noman Mehsud,660,Suzuki Alto,2019,"House 161, Street 29, North Nazimabad, Karachi"
LEA-1861,Haji Rabia Afridi,2700,Toyota Prado TX,2021,"House No. 61, Gali 22, Peoples Colony, Faisalabad"
AFR-4362,S. Baig,660,Suzuki Alto,2018,H#144 St-26 Gulgasht Multan
ICT-5410,Rauf Joiya,1000,Suzuki Cultus,2019,"House 164, Street 40, Gulshan-e-Iqbal, Karachi"
ICT-6919,Jawad Afridi,1500,Honda Civic RS,2022,"House 231, Street 11, Hayatabad Phase 3, Peshawar"
RIR-7539,U.Naqvi,800,Suzuki Mehran,2018,مکان 16 گلی 8 Model Town لاہور
KAR-6060,Asad Zaidi,70,Honda CD-70,2024,"House 344, Street 5, Wapda Town, Lahore"
KAR-3378,Haris Sheikh,2700,Toyota Fortuner,2019,"House 256, Street 3, University Town, Peshawar"
AFR-583,Haris Sheikh,2000,Hyundai Tucson,2019,"House 256, Street 3, University Town, Peshawar"
AFR-8466,Haris Sheikh,2000,Mercedes C200,2017,"House 256, Street 3, University Town, Peshawar"
LEA-7706,Rana Hussain Rizvi,2000,Hyundai Tucson,2017,"House No. 173, Gali 2, Peoples Colony, Faisalabad"
AFR-2571,Mian Hussain Rizvi,1800,Toyota Corolla Altis,2023,"House No. 173, Gali 2, Peoples Colony, Faisalabad"
AFR-1904,Anas Khattak,660,Suzuki Alto,2018,"317-7 I-8/4, Islamabad"
LEA-9756,J.Durrani,1300,Toyota Corolla GLi,2026,مکان 88 گلی 6 DHA Phase 6 کراچی
RIR-8543,U. Siddiqui,2000,Hyundai Tucson,2020,H#39 St-17 I-8/4 Islamabad
LEA-6858,H.Awan,2000,Mercedes C200,2019,مکان 386 گلی 38 Johar Town لاہور
ICT-4114,H.Awan,2700,Toyota Fortuner,2021,مکان 386 گلی 38 Johar Town لاہور
RIR-2946,Zafar Wazir,3300,Toyota Land Cruiser ZX,2019,"House 165, Street 31, Gulshan-e-Iqbal, Karachi"
LEA-9026,Zafar Wazir,1800,Toyota Corolla Altis,2021,"House 165, Street 31, Gulshan-e-Iqbal, Karachi"
LEA-2193,Zafar Wazir,2700,Toyota Fortuner,2018,"House 165, Street 31, Gulshan-e-Iqbal, Karachi"
AFR-9083,B. Khattak,1300,Toyota Corolla GLi,2018,H#356 St-5 Cantt Multan
KAR-4387,Syed Lubna Khokhar,70,Honda CD-70,2024,"House No. 259, Gali 7, Cantt, Multan"
KAR-2264,R.Khokhar,660,Suzuki Alto,2024,مکان 57 گلی 16 B-17 اسلام آباد
KAR-4954,G. Kayani,1500,Honda Civic RS,2025,H#44 St-23 G-13/1 Islamabad
ICT-8786,S.Shirazi,70,Honda CD-70,2024,مکان 312 گلی 32 Wapda Town لاہور
ICT-7990,Fahad Gondal,800,Suzuki Mehran,2026,"19-37 G-10/2, Islamabad"
AFR-2527,N. Orakzai,1300,Toyota Corolla GLi,2022,H#201 St-26 ShahRukn-e-Alam Multan
AFR-3175,F. Afridi,2000,Hyundai Tucson,2021,H#148 St-1 WapdaTown Lahore
LEA-8573,F. Afridi,3300,Toyota Land Cruiser ZX,2020,H#148 St-1 WapdaTown Lahore
LEA-7350,F. Afridi,2700,Toyota Prado TX,2017,H#148 St-1 WapdaTown Lahore
LEA-6426,Farah Rajput,1300,Toyota Corolla GLi,2024,"11-12 Gulshan-e-Iqbal, Karachi"
KAR-952,Iqra Gill,2000,Hyundai Tucson,2023,"House 251, Street 16, Clifton Block 2, Karachi"
AFR-2226,Danish Naqvi,70,Honda CD-70,2019,"387-10 Peoples Colony, Faisalabad"
KAR-4055,Farhan Rizvi,1500,Honda Civic RS,2020,"House 130, Street 24, Model Town, Lahore"
ICT-1032,Farhan Rizvi,2000,Hyundai Tucson,2026,"House 130, Street 24, Model Town, Lahore"
ICT-855,Farhan Rizvi,2000,Hyundai Tucson,2026,"House 130, Street 24, Model Town, Lahore"
RIR-2548,S. Mehsud,2700,Toyota Fortuner,2021,H#270 St-12 MadinaTown Faisalabad
AFR-3215,S. Mehsud,2000,Audi e-tron,2023,H#270 St-12 MadinaTown Faisalabad
RIR-3110,S. Mehsud,1500,Honda Civic RS,2022,H#270 St-12 MadinaTown Faisalabad
LEA-3104,Rana Umar Butt,1800,Toyota Corolla Altis,2022,"House No. 360, Gali 22, D Ground, Faisalabad"
RIR-9050,I.Siddiqui,3300,Toyota Land Cruiser ZX,2024,مکان 351 گلی 10 E-11/2 اسلام آباد
RIR-2559,I.Siddiqui,1500,Honda Civic RS,2026,مکان 351 گلی 10 E-11/2 اسلام آباد
RIR-922,I.Siddiqui,3300,Toyota Land Cruiser ZX,2026,مکان 351 گلی 10 E-11/2 اسلام آباد
KAR-8002,Syed Mubashir Hashmi,660,Suzuki Alto,2025,"House No. 151, Gali 1, DHA Phase 5, Lahore"
LEA-5429,A. Wazir,1800,Toyota Corolla Altis,2026,H#80 St-6 Gulbahar Peshawar
AFR-7375,Javeria Bhatti,1800,Toyota Corolla Altis,2017,"365-23 D Ground, Faisalabad"
RIR-9181,Javeria Bhatti,2000,Mercedes C200,2017,"365-23 D Ground, Faisalabad"
KAR-1597,Javeria Bhatti,1500,Honda Civic RS,2019,"365-23 D Ground, Faisalabad"
LEA-3911,W.Malik,2700,Toyota Fortuner,2018,مکان 393 گلی 27 Peoples Colony Faisalabad
RIR-8325,U. Sheikh,2700,Toyota Prado TX,2021,H#139 St-7 G-10/2 Islamabad
ICT-5852,Syed Babar Sheikh,2000,Audi e-tron,2021,"House No. 300, Gali 33, B-17, Islamabad"
RIR-1482,Chaudhary Babar Sheikh,2000,Hyundai Tucson,2025,"House No. 300, Gali 33, B-17, Islamabad"
KAR-4742,Malik Naveed Gondal,2000,Hyundai Tucson,2026,"House No. 80, Gali 20, Gulgasht, Multan"
ICT-3778,Syed Naveed Gondal,1500,Honda Civic RS,2018,"House No. 80, Gali 20, Gulgasht, Multan"
AFR-8408,Syed Muhammad Abbasi,1300,Toyota Corolla GLi,2023,"House No. 267, Gali 7, Peoples Colony, Faisalabad"
RIR-1604,S.Warraich,1300,Toyota Corolla GLi,2024,مکان 154 گلی 26 G-10/2 اسلام آباد
RIR-6117,Rana Bushra Yousafzai,1500,Honda Civic RS,2023,"House No. 75, Gali 2, E-11/2, Islamabad"
KAR-9171,Z.Baig,2700,Toyota Fortuner,2026,مکان 149 گلی 19 North Nazimabad کراچی
AFR-7793,Z.Baig,2000,Hyundai Tucson,2021,مکان 149 گلی 19 North Nazimabad کراچی
LEA-3281,Z.Baig,1500,Honda Civic RS,2020,مکان 149 گلی 19 North Nazimabad کراچی
AFR-2866,K. Qureshi,1500,Honda Civic RS,2026,H#218 St-10 NorthNazimabad Karachi
RIR-9307,K. Qureshi,2700,Toyota Prado TX,2022,H#218 St-10 NorthNazimabad Karachi
ICT-1439,K. Qureshi,2000,Hyundai Tucson,2019,H#218 St-10 NorthNazimabad Karachi
KAR-2136,Khadija Niazi,2000,Audi e-tron,2019,"House 334, Street 40, B-17, Islamabad"
LEA-5023,Rana Ubaid Lodhi,2700,Toyota Fortuner,2018,"House No. 184, Gali 33, F-8/3, Islamabad"
AFR-4193,Kamran Ansari,800,Suzuki Mehran,2026,"House 181, Street 37, Cantt, Multan"
AFR-1942,M. Warraich,2000,Audi e-tron,2017,H#248 St-25 B-17 Islamabad
LEA-1092,M. Warraich,2700,Toyota Fortuner,2019,H#248 St-25 B-17 Islamabad
LEA-3657,Shahzad Orakzai,660,Suzuki Alto,2019,"298-23 Wapda Town, Lahore"
LEA-3632,Danish Qureshi,800,Suzuki Mehran,2023,"House 256, Street 31, Cantt, Multan"
KAR-6619,Malik Sufyan Tareen,1800,Toyota Corolla Altis,2025,"House No. 324, Gali 2, Wapda Town, Lahore"
ICT-205,Malik Sufyan Tareen,2700,Toyota Prado TX,2017,"House No. 324, Gali 2, Wapda Town, Lahore"
ICT-5669,Tooba Gilani,1300,Toyota Corolla GLi,2017,"101-17 Peoples Colony, Faisalabad"
KAR-2839,Rauf Naqvi,800,Suzuki Mehran,2023,"45-38 Hayatabad Phase 3, Peshawar"
LEA-5917,Ibrahim Kakar,1500,Honda Civic RS,2021,"House 175, Street 12, Clifton Block 2, Karachi"
RIR-4536,عائشہ Gill,660,Suzuki Alto,2023,"287-9 Wapda Town, Lahore"
AFR-8538,Malik Rabia Raja,2000,Hyundai Tucson,2025,"House No. 52, Gali 8, Chaklala Scheme 3, Rawalpindi"
LEA-8093,Syed Rabia Raja,1500,Honda Civic RS,2021,"House No. 52, Gali 8, Chaklala Scheme 3, Rawalpindi"
LEA-167,Shoaib Mirza,1500,Honda Civic RS,2020,"200-23 University Town, Peshawar"
LEA-4565,S. Yousafzai,1800,Toyota Corolla Altis,2019,H#205 St-40 MadinaTown Faisalabad
RIR-9149,S. Yousafzai,2700,Toyota Fortuner,2020,H#205 St-40 MadinaTown Faisalabad
KAR-1388,S. Yousafzai,1500,Honda Civic RS,2025,H#205 St-40 MadinaTown Faisalabad
ICT-150,Rana Bushra Sheikh,1200,Honda City,2023,"House No. 38, Gali 37, Westridge, Rawalpindi"
ICT-3910,M.Raja,1800,Toyota Corolla Altis,2017,مکان 67 گلی 18 Madina Town Faisalabad
KAR-6168,F.Sial,1800,Toyota Corolla Altis,2020,مکان 117 گلی 2 Gulshan-e-Iqbal کراچی
AFR-8828,F.Sial,2700,Toyota Prado TX,2022,مکان 117 گلی 2 Gulshan-e-Iqbal کراچی
RIR-3395,F.Sial,1800,Toyota Corolla Altis,2019,مکان 117 گلی 2 Gulshan-e-Iqbal کراچی
ICT-2019,S.Rajput,1300,Toyota Corolla GLi,2019,مکان 393 گلی 25 E-11/2 اسلام آباد
LEA-8796,T. Mirza,70,Honda CD-70,2020,H#180 St-39 I-8/4 Islamabad
AFR-1794,B. Chaudhry,1800,Toyota Corolla Altis,2023,H#279 St-14 I-8/4 Islamabad
RIR-2147,Mustafa Lodhi,70,Honda CD-70,2020,"House 71, Street 34, F-8/3, Islamabad"
RIR-8358,Hussain Janjua,1300,Toyota Corolla GLi,2017,"House 333, Street 30, Shah Rukn-e-Alam, Multan"
AFR-4250,Mubashir راجہ,2700,Toyota Prado TX,2024,"313-25 I-8/4, Islamabad"
KAR-5905,N.Virk,1000,Suzuki Cultus,2018,مکان 273 گلی 4 Westridge راولپنڈی
RIR-1488,Nadeem Tareen,1000,Suzuki Cultus,2018,"House 388, Street 2, Peoples Colony, Faisalabad"
RIR-364,Malik Asad Zaidi,1300,Toyota Corolla GLi,2024,"House No. 274, Gali 30, Gulshan-e-Iqbal, Karachi"
ICT-7025,W. Saddozai,1300,Toyota Corolla GLi,2025,H#8 St-18 BahriaPhase4 Rawalpindi
ICT-873,H.Yousafzai,1800,Toyota Corolla Altis,2023,مکان 138 گلی 17 Gulberg III لاہور
ICT-7415,H.Yousafzai,2000,Mercedes C200,2023,مکان 138 گلی 17 Gulberg III لاہور
RIR-3738,H.Yousafzai,3300,Toyota Land Cruiser ZX,2017,مکان 138 گلی 17 Gulberg III لاہور
ICT-2735,Sardar Nadeem Ansari,2000,Hyundai Tucson,2025,"House No. 9, Gali 29, North Nazimabad, Karachi"
RIR-3294,Sardar Nadeem Ansari,2000,Hyundai Tucson,2023,"House No. 9, Gali 29, North Nazimabad, Karachi"
RIR-2546,Malik Nadeem Ansari,2700,Toyota Prado TX,2017,"House No. 9, Gali 29, North Nazimabad, Karachi"
RIR-3383,R.Tarar,2000,Mercedes C200,2019,مکان 41 گلی 18 G-13/1 اسلام آباد
AFR-4757,T.Mehsud,1200,Honda City,2020,مکان 297 گلی 21 Madina Town Faisalabad
KAR-5467,Kashif ملک,1300,Toyota Corolla GLi,2026,"277-3 Shah Rukn-e-Alam, Multan"
KAR-9163,Rana Fahad Kazmi,1800,Toyota Corolla Altis,2025,"House No. 105, Gali 21, F-8/3, Islamabad"
ICT-7834,Haji Fahad Kazmi,1500,Honda Civic RS,2018,"House No. 105, Gali 21, F-8/3, Islamabad"
KAR-8852,R. Malik,1500,Honda Civic RS,2023,H#185 St-22 WapdaTown Lahore
ICT-4278,R. Malik,1800,Toyota Corolla Altis,2017,H#185 St-22 WapdaTown Lahore
KAR-7503,R. Malik,2000,Mercedes C200,2017,H#185 St-22 WapdaTown Lahore
AFR-2482,Usman Mirza,1200,Honda City,2025,"House 55, Street 39, Satellite Town, Rawalpindi"
ICT-5042,D. Khokhar,800,Suzuki Mehran,2023,H#355 St-16 DHAPhase5 Lahore
ICT-9998,Tariq Tarar,70,Honda CD-70,2025,"House 295, Street 32, DHA Phase 6, Karachi"
AFR-9810,Malik Nadeem Tareen,2000,Audi e-tron,2018,"House No. 241, Gali 7, D Ground, Faisalabad"
ICT-4181,Ehsan Bukhari,1500,Honda Civic RS,2017,"56-3 D Ground, Faisalabad"
KAR-9216,Ehsan Bukhari,2700,Toyota Prado TX,2025,"56-3 D Ground, Faisalabad"
ICT-5459,Rana Mahnoor Sandhu,2700,Toyota Fortuner,2025,"House No. 233, Gali 25, Gulgasht, Multan"
RIR-4408,Syed Mahnoor Sandhu,2000,Audi e-tron,2020,"House No. 233, Gali 25, Gulgasht, Multan"
KAR-8740,Malik Danish Niazi,660,Suzuki Alto,2018,"House No. 25, Gali 37, Gulshan-e-Iqbal, Karachi"
LEA-2060,R.Joiya,1800,Toyota Corolla Altis,2025,مکان 233 گلی 19 Peoples Colony Faisalabad
RIR-7430,R.Joiya,2700,Toyota Prado TX,2017,مکان 233 گلی 19 Peoples Colony Faisalabad
ICT-7098,R.Joiya,1500,Honda Civic RS,2018,مکان 233 گلی 19 Peoples Colony Faisalabad
LEA-7879,Gul Baig,800,Suzuki Mehran,2018,"78-32 Model Town, Lahore"
LEA-7793,Sana Durrani,800,Suzuki Mehran,2025,"2-28 Cantt, Multan"
RIR-4126,Javeria Kayani,2000,Mercedes C200,2021,"324-38 Madina Town, Faisalabad"
RIR-2187,Irfan Tarar,2700,Toyota Prado TX,2020,"House 127, Street 28, Gulshan-e-Iqbal, Karachi"
RIR-8627,Obaid Sheikh,660,Suzuki Alto,2023,"House 134, Street 21, Madina Town, Faisalabad"
LEA-2073,S. Hashmi,2000,Audi e-tron,2018,H#174 St-3 Cantt Multan
AFR-4483,S. Hashmi,1500,Honda Civic RS,2025,H#174 St-3 Cantt Multan
RIR-8117,M.Dar,2700,Toyota Prado TX,2018,مکان 57 گلی 40 Gulbahar Peshawar
KAR-5389,W. Rizvi,2000,Audi e-tron,2026,H#149 St-11 DHAPhase6 Karachi
RIR-7513,M. Malik,660,Suzuki Alto,2024,H#18 St-18 BahriaPhase4 Rawalpindi
AFR-5604,T. Chaudhry,1800,Toyota Corolla Altis,2024,H#370 St-27 G-13/1 Islamabad
KAR-9076,T. Chaudhry,1800,Toyota Corolla Altis,2020,H#370 St-27 G-13/1 Islamabad
KAR-8709,U.Shirazi,2000,Audi e-tron,2017,مکان 166 گلی 28 University Town Peshawar
KAR-3527,U.Shirazi,2000,Hyundai Tucson,2026,مکان 166 گلی 28 University Town Peshawar
KAR-6396,U.Shirazi,2000,Audi e-tron,2019,مکان 166 گلی 28 University Town Peshawar
AFR-268,Syed Nadeem Khattak,2700,Toyota Prado TX,2017,"House No. 193, Gali 19, Madina Town, Faisalabad"
RIR-1325,Haji Nadeem Khattak,1800,Toyota Corolla Altis,2021,"House No. 193, Gali 19, Madina Town, Faisalabad"
LEA-2184,Chaudhary Nadeem Khattak,2000,Audi e-tron,2023,"House No. 193, Gali 19, Madina Town, Faisalabad"
ICT-9093,B.Abbasi,1500,Honda Civic RS,2024,مکان 43 گلی 7 Gulbahar Peshawar
KAR-6401,B.Abbasi,1800,Toyota Corolla Altis,2026,مکان 43 گلی 7 Gulbahar Peshawar
RIR-1538,B.Abbasi,2700,Toyota Fortuner,2017,مکان 43 گلی 7 Gulbahar Peshawar
LEA-2064,N.Yousafzai,2700,Toyota Prado TX,2019,مکان 268 گلی 37 University Town Peshawar
ICT-2487,Ehsan Abbasi,2700,Toyota Fortuner,2021,"House 353, Street 37, I-8/4, Islamabad"
AFR-2997,Ehsan Abbasi,2700,Toyota Fortuner,2024,"House 353, Street 37, I-8/4, Islamabad"
LEA-7215,Sardar Zainab Hashmi,1500,Honda Civic RS,2024,"House No. 165, Gali 30, Johar Town, Lahore"
LEA-4709,K.Awan,1200,Honda City,2019,مکان 83 گلی 34 Hayatabad Phase 3 Peshawar
LEA-1704,Chaudhary Rauf Mirza,3300,Toyota Land Cruiser ZX,2018,"House No. 139, Gali 34, Gulgasht, Multan"
KAR-3972,Rana Sana Mehsud,800,Suzuki Mehran,2019,"House No. 266, Gali 39, Chaklala Scheme 3, Rawalpindi"
RIR-2831,Mian Owais Orakzai,1000,Suzuki Cultus,2022,"House No. 356, Gali 7, Bahria Phase 4, Rawalpindi"
KAR-6534,I. Mughal,70,Honda CD-70,2017,H#326 St-36 I-8/4 Islamabad
RIR-4942,K.Durrani,1800,Toyota Corolla Altis,2024,مکان 320 گلی 26 Gulberg III لاہور
KAR-8901,K.Durrani,2700,Toyota Prado TX,2024,مکان 320 گلی 26 Gulberg III لاہور
LEA-5220,Waseem Ansari,2000,Hyundai Tucson,2017,"House 53, Street 9, Wapda Town, Lahore"
LEA-3158,M.Abbasi,2000,Hyundai Tucson,2017,مکان 244 گلی 1 Bahria Phase 4 راولپنڈی
KAR-2281,Qasim Wazir,1000,Suzuki Cultus,2017,"155-33 Gulshan-e-Iqbal, Karachi"
LEA-2304,G.Niazi,1000,Suzuki Cultus,2023,مکان 163 گلی 34 Gulbahar Peshawar
AFR-105,Sardar Madiha Abbasi,70,Honda CD-70,2018,"House No. 287, Gali 29, University Town, Peshawar"
RIR-8068,F. Ansari,1200,Honda City,2018,H#239 St-23 I-8/4 Islamabad
RIR-8884,Haris Joiya,1300,Toyota Corolla GLi,2018,"100-1 Wapda Town, Lahore"
AFR-7769,A.Khan,1800,Toyota Corolla Altis,2021,مکان 18 گلی 18 Madina Town Faisalabad
ICT-5431,Syed Amna Malik,2000,Mercedes C200,2021,"House No. 242, Gali 39, Gulbahar, Peshawar"
ICT-3757,I.Joiya,2000,Mercedes C200,2021,مکان 32 گلی 21 Gulgasht Multan
RIR-6243,I.Joiya,2700,Toyota Fortuner,2020,مکان 32 گلی 21 Gulgasht Multan
KAR-1069,I.Joiya,2000,Mercedes C200,2024,مکان 32 گلی 21 Gulgasht Multan
KAR-973,R.Khokhar,2000,Hyundai Tucson,2026,مکان 47 گلی 12 G-10/2 اسلام آباد
KAR-5135,R.Khokhar,2000,Hyundai Tucson,2022,مکان 47 گلی 12 G-10/2 اسلام آباد
AFR-5967,Sardar Ahmed Dar,1300,Toyota Corolla GLi,2025,"House No. 236, Gali 6, Shah Rukn-e-Alam, Multan"
KAR-8659,Mian Sajid Baig,1500,Honda Civic RS,2018,"House No. 133, Gali 29, Chaklala Scheme 3, Rawalpindi"
KAR-472,Uzma Naqvi,2700,Toyota Prado TX,2026,"House 19, Street 38, DHA Phase 6, Karachi"
AFR-9805,H. Mirza,1300,Toyota Corolla GLi,2022,H#359 St-33 ChaklalaScheme3 Rawalpindi
KAR-8924,Rehan Khokhar,2000,Audi e-tron,2025,"60-34 DHA Phase 5, Lahore"
AFR-4365,B.Bukhari,2000,Audi e-tron,2021,مکان 360 گلی 7 I-8/4 اسلام آباد
ICT-329,B.Bukhari,1800,Toyota Corolla Altis,2023,مکان 360 گلی 7 I-8/4 اسلام آباد
RIR-3520,B.Bukhari,1500,Honda Civic RS,2017,مکان 360 گلی 7 I-8/4 اسلام آباد
AFR-2126,Sardar Uzma Qureshi,3300,Toyota Land Cruiser ZX,2024,"House No. 157, Gali 11, Chaklala Scheme 3, Rawalpindi"
LEA-3938,Chaudhary Uzma Qureshi,1500,Honda Civic RS,2020,"House No. 157, Gali 11, Chaklala Scheme 3, Rawalpindi"
RIR-8199,Ubaid Bukhari,800,Suzuki Mehran,2025,"House 223, Street 26, D Ground, Faisalabad"
KAR-6337,Syed Zafar Mehsud,660,Suzuki Alto,2018,"House No. 21, Gali 15, Gulshan-e-Iqbal, Karachi"
KAR-4537,N. Bukhari,800,Suzuki Mehran,2017,H#263 St-11 F-8/3 Islamabad
AFR-3063,Naveed Awan,660,Suzuki Alto,2022,"28-6 Shah Rukn-e-Alam, Multan"
ICT-507,S. Mehsud,70,Honda CD-70,2022,H#242 St-25 DHAPhase6 Karachi
ICT-5531,S. Shirazi,2000,Audi e-tron,2019,H#189 St-24 BahriaPhase4 Rawalpindi
RIR-9059,S. Shirazi,1500,Honda Civic RS,2025,H#189 St-24 BahriaPhase4 Rawalpindi
RIR-2483,S. Shirazi,2000,Hyundai Tucson,2023,H#189 St-24 BahriaPhase4 Rawalpindi
RIR-7451,Uzma Gondal,660,Suzuki Alto,2024,"97-3 Westridge, Rawalpindi"
KAR-3078,Wajahat Raja,1800,Toyota Corolla Altis,2026,"House 336, Street 26, DHA Phase 5, Lahore"
AFR-9069,Wajahat Raja,3300,Toyota Land Cruiser ZX,2026,"House 336, Street 26, DHA Phase 5, Lahore"
KAR-9687,H. Khokhar,1300,Toyota Corolla GLi,2024,H#335 St-26 E-11/2 Islamabad
LEA-8763,Laiba Joiya,1300,Toyota Corolla GLi,2024,"400-31 Madina Town, Faisalabad"
KAR-1295,Chaudhary Maryam Tareen,2000,Mercedes C200,2024,"House No. 77, Gali 1, Clifton Block 2, Karachi"
ICT-506,R. Khokhar,1300,Toyota Corolla GLi,2017,H#238 St-19 CliftonBlock2 Karachi
LEA-445,K. Sial,1200,Honda City,2021,H#393 St-2 GulbergIII Lahore
KAR-1628,Chaudhary Taimoor Bhatti,800,Suzuki Mehran,2023,"House No. 306, Gali 8, DHA Phase 5, Lahore"
RIR-4947,Yasir Durrani,1300,Toyota Corolla GLi,2025,"292-30 Gulbahar, Peshawar"
LEA-2791,N. Khattak,2700,Toyota Prado TX,2025,H#222 St-8 Cantt Multan
RIR-5629,N. Khattak,1800,Toyota Corolla Altis,2018,H#222 St-8 Cantt Multan
ICT-5314,J. Sheikh,2000,Hyundai Tucson,2021,H#243 St-14 WapdaTown Lahore
KAR-487,J. Sheikh,2000,Hyundai Tucson,2019,H#243 St-14 WapdaTown Lahore
RIR-2163,J. Sheikh,3300,Toyota Land Cruiser ZX,2018,H#243 St-14 WapdaTown Lahore
ICT-2334,Laiba Warraich,2000,Audi e-tron,2022,"140-1 Chaklala Scheme 3, Rawalpindi"
AFR-2838,Laiba Warraich,1500,Honda Civic RS,2017,"140-1 Chaklala Scheme 3, Rawalpindi"
ICT-8978,Laiba Warraich,1800,Toyota Corolla Altis,2022,"140-1 Chaklala Scheme 3, Rawalpindi"
LEA-1972,Wajahat Shirazi,1300,Toyota Corolla GLi,2021,"House 163, Street 7, Gulbahar, Peshawar"
LEA-5253,E. Cheema,2700,Toyota Prado TX,2025,H#228 St-10 GulbergIII Lahore
KAR-5822,Rana Mubashir Mirza,70,Honda CD-70,2022,"House No. 232, Gali 30, University Town, Peshawar"
LEA-4388,Pervez Tareen,2000,Audi e-tron,2018,"House 285, Street 32, I-8/4, Islamabad"
LEA-6212,Pervez Tareen,2000,Audi e-tron,2020,"House 285, Street 32, I-8/4, Islamabad"
RIR-9889,Rana Zeeshan Warraich,660,Suzuki Alto,2018,"House No. 57, Gali 37, Bahria Phase 4, Rawalpindi"
AFR-1951,Ayesha Rizvi,660,Suzuki Alto,2017,"House 116, Street 26, Madina Town, Faisalabad"
KAR-9522,Nasir Mirza,1500,Honda Civic RS,2018,"House 172, Street 30, G-13/1, Islamabad"
AFR-1403,U. Afridi,2000,Hyundai Tucson,2018,H#115 St-9 G-13/1 Islamabad
ICT-7459,U. Afridi,2700,Toyota Prado TX,2018,H#115 St-9 G-13/1 Islamabad
ICT-7842,A. Bhatti,2000,Hyundai Tucson,2026,H#86 St-37 PeoplesColony Faisalabad
LEA-1075,A. Bhatti,2700,Toyota Prado TX,2024,H#86 St-37 PeoplesColony Faisalabad
KAR-406,A. Bhatti,2700,Toyota Prado TX,2021,H#86 St-37 PeoplesColony Faisalabad
AFR-8183,Rana Atif Awan,2000,Audi e-tron,2026,"House No. 16, Gali 14, DHA Phase 5, Lahore"
LEA-2788,Mian Atif Awan,2000,Mercedes C200,2026,"House No. 16, Gali 14, DHA Phase 5, Lahore"
ICT-9550,Sardar Atif Awan,2000,Audi e-tron,2020,"House No. 16, Gali 14, DHA Phase 5, Lahore"
AFR-1399,Saad Khokhar,1800,Toyota Corolla Altis,2024,"House 57, Street 39, D Ground, Faisalabad"
KAR-7183,Saad Khokhar,1500,Honda Civic RS,2026,"House 57, Street 39, D Ground, Faisalabad"
RIR-4962,Saad Khokhar,2700,Toyota Fortuner,2025,"House 57, Street 39, D Ground, Faisalabad"
ICT-269,حسین Mehsud,1300,Toyota Corolla GLi,2025,"267-31 Shah Rukn-e-Alam, Multan"
ICT-8219,N. Kakar,1200,Honda City,2022,H#205 St-33 I-8/4 Islamabad
KAR-1817,Khadija Tareen,800,Suzuki Mehran,2019,"House 370, Street 11, Hayatabad Phase 3, Peshawar"
LEA-4977,Babar Joiya,3300,Toyota Land Cruiser ZX,2026,"291-18 Shah Rukn-e-Alam, Multan"
AFR-3684,Babar Joiya,2000,Audi e-tron,2018,"291-18 Shah Rukn-e-Alam, Multan"
LEA-9505,Babar Joiya,2700,Toyota Prado TX,2022,"291-18 Shah Rukn-e-Alam, Multan"
KAR-9868,Mian Shoaib Sandhu,1500,Honda Civic RS,2024,"House No. 366, Gali 19, Madina Town, Faisalabad"
KAR-2127,Malik Shoaib Sandhu,1500,Honda Civic RS,2017,"House No. 366, Gali 19, Madina Town, Faisalabad"
LEA-8430,Haji Shoaib Sandhu,1500,Honda Civic RS,2025,"House No. 366, Gali 19, Madina Town, Faisalabad"
RIR-8296,Adnan Saddozai,1500,Honda Civic RS,2023,"House 66, Street 10, Gulbahar, Peshawar"
AFR-2532,Adnan Saddozai,1800,Toyota Corolla Altis,2017,"House 66, Street 10, Gulbahar, Peshawar"
ICT-2148,Adnan Saddozai,3300,Toyota Land Cruiser ZX,2026,"House 66, Street 10, Gulbahar, Peshawar"
KAR-8773,K.Niazi,2700,Toyota Fortuner,2021,مکان 133 گلی 24 Satellite Town راولپنڈی
KAR-7675,Uzma Abbasi,660,Suzuki Alto,2019,"House 161, Street 34, D Ground, Faisalabad"
AFR-9897,Saad Rajput,660,Suzuki Alto,2021,"343-5 Clifton Block 2, Karachi"
KAR-215,H. Gondal,800,Suzuki Mehran,2020,H#187 St-3 Cantt Multan
LEA-7234,I.Joiya,1800,Toyota Corolla Altis,2023,مکان 127 گلی 16 D Ground Faisalabad
KAR-4918,Haris Rajput,2700,Toyota Prado TX,2024,"House 43, Street 31, E-11/2, Islamabad"
RIR-6114,Haris Rajput,2000,Hyundai Tucson,2020,"House 43, Street 31, E-11/2, Islamabad"
LEA-7647,Ahmed Bukhari,70,Honda CD-70,2026,"House 369, Street 29, Clifton Block 2, Karachi"
RIR-1284,I.Lodhi,800,Suzuki Mehran,2019,مکان 169 گلی 33 DHA Phase 6 کراچی
ICT-7423,E. Lodhi,1000,Suzuki Cultus,2018,H#258 St-20 Gulgasht Multan
ICT-742,Y. Hashmi,2700,Toyota Fortuner,2021,H#34 St-28 BahriaPhase4 Rawalpindi
KAR-9348,Y. Hashmi,1500,Honda Civic RS,2021,H#34 St-28 BahriaPhase4 Rawalpindi
ICT-6773,Y. Hashmi,3300,Toyota Land Cruiser ZX,2020,H#34 St-28 BahriaPhase4 Rawalpindi
RIR-5826,Umar Kakar,2000,Mercedes C200,2021,"House 110, Street 20, F-8/3, Islamabad"
AFR-1033,M. Yousafzai,2000,Hyundai Tucson,2024,H#166 St-11 BahriaPhase4 Rawalpindi
LEA-2476,M. Yousafzai,1800,Toyota Corolla Altis,2020,H#166 St-11 BahriaPhase4 Rawalpindi
LEA-5642,M. Yousafzai,1500,Honda Civic RS,2020,H#166 St-11 BahriaPhase4 Rawalpindi
AFR-1721,Imran Tarar,1500,Honda Civic RS,2017,"House 234, Street 18, Johar Town, Lahore"
LEA-5514,Imran Tarar,2700,Toyota Prado TX,2019,"House 234, Street 18, Johar Town, Lahore"
KAR-5414,H. Bhatti,2700,Toyota Fortuner,2024,H#167 St-36 NorthNazimabad Karachi
AFR-5612,H. Bhatti,3300,Toyota Land Cruiser ZX,2025,H#167 St-36 NorthNazimabad Karachi
AFR-5664,H. Bhatti,2000,Audi e-tron,2025,H#167 St-36 NorthNazimabad Karachi
AFR-5684,A. Chaudhry,70,Honda CD-70,2026,H#167 St-31 BahriaPhase4 Rawalpindi
ICT-3204,Yasir Lodhi,1500,Honda Civic RS,2020,"House 193, Street 4, D Ground, Faisalabad"
LEA-2070,Irfan Siddiqui,1800,Toyota Corolla Altis,2024,"384-5 DHA Phase 6, Karachi"
AFR-6128,Nadia راجہ,2700,Toyota Prado TX,2026,"168-37 DHA Phase 6, Karachi"
ICT-5815,Nadia راجہ,2000,Hyundai Tucson,2026,"168-37 DHA Phase 6, Karachi"
AFR-4773,Haji Babar Baig,2000,Hyundai Tucson,2020,"House No. 133, Gali 17, Gulgasht, Multan"
RIR-5695,Haji Babar Baig,2700,Toyota Prado TX,2021,"House No. 133, Gali 17, Gulgasht, Multan"
RIR-3822,M. Hashmi,70,Honda CD-70,2022,H#171 St-5 WapdaTown Lahore
AFR-2610,W.Kazmi,2000,Mercedes C200,2023,مکان 294 گلی 30 Hayatabad Phase 3 Peshawar
AFR-3982,W.Kazmi,3300,Toyota Land Cruiser ZX,2024,مکان 294 گلی 30 Hayatabad Phase 3 Peshawar
RIR-9867,Syed Wajahat Joiya,2000,Hyundai Tucson,2022,"House No. 334, Gali 22, Cantt, Multan"
ICT-1678,Sardar Wajahat Joiya,2700,Toyota Prado TX,2021,"House No. 334, Gali 22, Cantt, Multan"
KAR-8654,Rana Wajahat Joiya,1500,Honda Civic RS,2021,"House No. 334, Gali 22, Cantt, Multan"
LEA-7068,Nadeem Gondal,660,Suzuki Alto,2017,"House 394, Street 21, D Ground, Faisalabad"
KAR-783,Adnan Baig,2000,Audi e-tron,2025,"House 106, Street 20, Hayatabad Phase 3, Peshawar"
LEA-3874,Adnan Baig,2700,Toyota Fortuner,2025,"House 106, Street 20, Hayatabad Phase 3, Peshawar"
AFR-2275,Adnan Baig,2000,Mercedes C200,2022,"House 106, Street 20, Hayatabad Phase 3, Peshawar"
KAR-8979,Danish Dar,3300,Toyota Land Cruiser ZX,2023,"14-9 University Town, Peshawar"
ICT-9980,Danish Dar,2000,Mercedes C200,2018,"14-9 University Town, Peshawar"
LEA-6198,Danish Dar,3300,Toyota Land Cruiser ZX,2023,"14-9 University Town, Peshawar"
KAR-1951,Saad Kazmi,2000,Hyundai Tucson,2021,"House 265, Street 8, D Ground, Faisalabad"
RIR-6340,M. Virk,2000,Audi e-tron,2024,H#205 St-7 UniversityTown Peshawar
ICT-6942,M. Virk,1500,Honda Civic RS,2019,H#205 St-7 UniversityTown Peshawar
RIR-9427,M.Gondal,2000,Mercedes C200,2017,مکان 334 گلی 25 Cantt Multan
KAR-3216,M.Gondal,2700,Toyota Prado TX,2022,مکان 334 گلی 25 Cantt Multan
AFR-1070,M.Gondal,2000,Hyundai Tucson,2021,مکان 334 گلی 25 Cantt Multan
LEA-5504,B. Mirza,1200,Honda City,2026,H#213 St-11 WapdaTown Lahore
ICT-9274,I. Durrani,2700,Toyota Fortuner,2019,H#81 St-7 PeoplesColony Faisalabad
ICT-512,Mian Fahad Rajput,2700,Toyota Fortuner,2022,"House No. 275, Gali 29, North Nazimabad, Karachi"
LEA-9706,Sardar Fahad Rajput,1800,Toyota Corolla Altis,2024,"House No. 275, Gali 29, North Nazimabad, Karachi"
KAR-7613,Chaudhary Fahad Rajput,1800,Toyota Corolla Altis,2023,"House No. 275, Gali 29, North Nazimabad, Karachi"
KAR-4333,S.Bhatti,70,Honda CD-70,2018,مکان 188 گلی 40 Gulgasht Multan
LEA-172,Syed Yasir Gondal,1800,Toyota Corolla Altis,2026,"House No. 374, Gali 20, Johar Town, Lahore"
KAR-1750,Sardar Yasir Gondal,1800,Toyota Corolla Altis,2018,"House No. 374, Gali 20, Johar Town, Lahore"
AFR-8467,Haji Yasir Gondal,2700,Toyota Prado TX,2019,"House No. 374, Gali 20, Johar Town, Lahore"
ICT-2233,Malik Shahzad Bhatti,1000,Suzuki Cultus,2021,"House No. 339, Gali 10, Gulshan-e-Iqbal, Karachi"
LEA-3714,T.Khan,2700,Toyota Fortuner,2018,مکان 122 گلی 11 Satellite Town راولپنڈی
AFR-7766,T.Khan,2000,Mercedes C200,2021,مکان 122 گلی 11 Satellite Town راولپنڈی
LEA-8055,T.Khan,2700,Toyota Prado TX,2023,مکان 122 گلی 11 Satellite Town راولپنڈی
LEA-6224,U.Afridi,2700,Toyota Prado TX,2025,مکان 208 گلی 29 Gulbahar Peshawar
AFR-2231,U.Afridi,2700,Toyota Prado TX,2018,مکان 208 گلی 29 Gulbahar Peshawar
ICT-2447,U.Afridi,3300,Toyota Land Cruiser ZX,2020,مکان 208 گلی 29 Gulbahar Peshawar
LEA-167,W.Khattak,660,Suzuki Alto,2022,مکان 173 گلی 22 Gulbahar Peshawar
LEA-8600,Syed Bushra Qureshi,2700,Toyota Fortuner,2019,"House No. 391, Gali 34, Shah Rukn-e-Alam, Multan"
RIR-8052,Syed Bushra Qureshi,2700,Toyota Prado TX,2023,"House No. 391, Gali 34, Shah Rukn-e-Alam, Multan"
AFR-6446,Rana Bushra Qureshi,2000,Mercedes C200,2020,"House No. 391, Gali 34, Shah Rukn-e-Alam, Multan"
AFR-8654,Sardar Zeeshan Gondal,2700,Toyota Prado TX,2017,"House No. 62, Gali 36, Clifton Block 2, Karachi"
LEA-5819,Tariq Kazmi,2700,Toyota Fortuner,2018,"262-13 Westridge, Rawalpindi"
RIR-8990,Tariq Kazmi,1800,Toyota Corolla Altis,2019,"262-13 Westridge, Rawalpindi"
ICT-2671,Tariq Kazmi,2000,Mercedes C200,2022,"262-13 Westridge, Rawalpindi"
RIR-522,Hafsa Mughal,70,Honda CD-70,2024,"House 317, Street 15, Gulgasht, Multan"
ICT-2622,Zubair Virk,70,Honda CD-70,2022,"244-30 Madina Town, Faisalabad"
ICT-765,N.Durrani,1200,Honda City,2021,مکان 35 گلی 4 D Ground Faisalabad
LEA-2792,Naveed Warraich,2000,Hyundai Tucson,2026,"House 379, Street 38, B-17, Islamabad"
AFR-3460,Naveed Warraich,2000,Mercedes C200,2017,"House 379, Street 38, B-17, Islamabad"
KAR-9461,Naveed Warraich,1800,Toyota Corolla Altis,2019,"House 379, Street 38, B-17, Islamabad"
AFR-3559,احمد Afridi,3300,Toyota Land Cruiser ZX,2021,"160-34 G-13/1, Islamabad"
KAR-6053,احمد Afridi,1800,Toyota Corolla Altis,2019,"160-34 G-13/1, Islamabad"
KAR-8490,Syed Zainab Saddozai,1200,Honda City,2019,"House No. 79, Gali 5, Madina Town, Faisalabad"
ICT-1284,Arsalan Wazir,1500,Honda Civic RS,2026,"216-4 North Nazimabad, Karachi"
KAR-1817,F.Kayani,1500,Honda Civic RS,2025,مکان 7 گلی 7 DHA Phase 5 لاہور
RIR-7246,F.Kayani,2700,Toyota Prado TX,2026,مکان 7 گلی 7 DHA Phase 5 لاہور
KAR-1944,F.Kayani,3300,Toyota Land Cruiser ZX,2017,مکان 7 گلی 7 DHA Phase 5 لاہور
RIR-847,Asad Kakar,2000,Audi e-tron,2017,"250-36 Gulbahar, Peshawar"
KAR-6727,Asad Kakar,2000,Audi e-tron,2022,"250-36 Gulbahar, Peshawar"
RIR-1700,Asad Kakar,2000,Mercedes C200,2021,"250-36 Gulbahar, Peshawar"
KAR-2824,Khalid Butt,70,Honda CD-70,2026,"House 303, Street 7, Peoples Colony, Faisalabad"
LEA-133,Mian Rauf Wazir,1000,Suzuki Cultus,2024,"House No. 291, Gali 12, F-8/3, Islamabad"
AFR-2377,Rida Khokhar,800,Suzuki Mehran,2018,"184-23 University Town, Peshawar"
ICT-2785,U. Orakzai,2700,Toyota Fortuner,2019,H#394 St-11 ShahRukn-e-Alam Multan
RIR-8542,N. Raja,70,Honda CD-70,2017,H#161 St-40 ShahRukn-e-Alam Multan
AFR-1387,F. Cheema,660,Suzuki Alto,2019,H#186 St-11 UniversityTown Peshawar
RIR-4097,Mian Ayesha Orakzai,2700,Toyota Fortuner,2023,"House No. 152, Gali 36, Gulgasht, Multan"
ICT-2382,Sardar Ayesha Orakzai,2700,Toyota Prado TX,2023,"House No. 152, Gali 36, Gulgasht, Multan"
AFR-2135,Haji Salman Bangash,1200,Honda City,2020,"House No. 208, Gali 17, D Ground, Faisalabad"
AFR-1236,Syed Asad Saddozai,800,Suzuki Mehran,2020,"House No. 315, Gali 37, University Town, Peshawar"
KAR-4490,Sadia Abbasi,1800,Toyota Corolla Altis,2020,"14-32 Shah Rukn-e-Alam, Multan"
ICT-9674,R.Khan,1800,Toyota Corolla Altis,2025,مکان 11 گلی 40 Johar Town لاہور
RIR-6038,Umar Tarar,3300,Toyota Land Cruiser ZX,2024,"322-37 Westridge, Rawalpindi"
RIR-4154,Arsalan Bhatti,1000,Suzuki Cultus,2017,"40-9 Madina Town, Faisalabad"
KAR-5442,L.Rajput,1000,Suzuki Cultus,2018,مکان 54 گلی 39 Madina Town Faisalabad
KAR-8760,Ubaid Yousafzai,1800,Toyota Corolla Altis,2024,"House 303, Street 28, North Nazimabad, Karachi"
RIR-4441,Ubaid Yousafzai,2000,Mercedes C200,2018,"House 303, Street 28, North Nazimabad, Karachi"
AFR-1131,I.Gill,660,Suzuki Alto,2021,مکان 33 گلی 23 DHA Phase 6 کراچی
RIR-9192,Rauf Bangash,70,Honda CD-70,2025,"House 203, Street 14, Hayatabad Phase 3, Peshawar"
LEA-7094,Obaid Abbasi,800,Suzuki Mehran,2026,"House 349, Street 38, Gulbahar, Peshawar"
RIR-5862,T. Malik,2000,Hyundai Tucson,2026,H#374 St-8 ShahRukn-e-Alam Multan
LEA-5949,T. Malik,1800,Toyota Corolla Altis,2020,H#374 St-8 ShahRukn-e-Alam Multan
AFR-2020,L. Tarar,1000,Suzuki Cultus,2019,H#71 St-22 NorthNazimabad Karachi
AFR-2549,Rana Kashif Hashmi,2000,Audi e-tron,2021,"House No. 134, Gali 26, F-8/3, Islamabad"
KAR-3537,Rana Kashif Hashmi,1500,Honda Civic RS,2025,"House No. 134, Gali 26, F-8/3, Islamabad"
RIR-7214,Haji Kashif Hashmi,2700,Toyota Fortuner,2018,"House No. 134, Gali 26, F-8/3, Islamabad"
ICT-1988,Muhammad Bhatti,70,Honda CD-70,2020,"House 15, Street 37, Gulshan-e-Iqbal, Karachi"
LEA-1262,Haji Talha Rizvi,2000,Hyundai Tucson,2017,"House No. 50, Gali 10, Chaklala Scheme 3, Rawalpindi"
LEA-4431,Hina Gilani,70,Honda CD-70,2025,"House 273, Street 34, D Ground, Faisalabad"
AFR-7580,H.Mirza,2000,Hyundai Tucson,2021,مکان 207 گلی 28 Shah Rukn-e-Alam Multan
RIR-5192,H.Mirza,2000,Hyundai Tucson,2018,مکان 207 گلی 28 Shah Rukn-e-Alam Multan
KAR-9469,O. Bukhari,660,Suzuki Alto,2023,H#278 St-12 Gulgasht Multan
AFR-8108,Rehan قریشی,2000,Hyundai Tucson,2022,"114-21 DHA Phase 6, Karachi"
LEA-2932,Saad Virk,1000,Suzuki Cultus,2024,"191-26 Hayatabad Phase 3, Peshawar"
RIR-2689,Mian Khalid Lodhi,1500,Honda Civic RS,2017,"House No. 399, Gali 32, Hayatabad Phase 3, Peshawar"
LEA-6951,Malik Shahzad Wazir,1000,Suzuki Cultus,2020,"House No. 37, Gali 8, Cantt, Multan"
RIR-6441,H. Virk,2000,Audi e-tron,2017,H#391 St-5 SatelliteTown Rawalpindi
LEA-8780,Saad Gill,2700,Toyota Prado TX,2026,"330-4 DHA Phase 6, Karachi"
RIR-7447,Saad Gill,1500,Honda Civic RS,2024,"330-4 DHA Phase 6, Karachi"
AFR-4391,Talha Afridi,2000,Mercedes C200,2018,"House 337, Street 29, Chaklala Scheme 3, Rawalpindi"
LEA-5563,Talha Afridi,2000,Mercedes C200,2024,"House 337, Street 29, Chaklala Scheme 3, Rawalpindi"
RIR-8251,R.Zaidi,2000,Mercedes C200,2018,مکان 58 گلی 5 DHA Phase 5 لاہور
RIR-6430,Malik Jawad Butt,70,Honda CD-70,2023,"House No. 351, Gali 15, Satellite Town, Rawalpindi"
AFR-1954,R. Siddiqui,1500,Honda Civic RS,2023,H#391 St-3 HayatabadPhase3 Peshawar
AFR-7965,R. Siddiqui,3300,Toyota Land Cruiser ZX,2024,H#391 St-3 HayatabadPhase3 Peshawar
KAR-6664,Amna Khattak,3300,Toyota Land Cruiser ZX,2026,"352-40 Gulshan-e-Iqbal, Karachi"
ICT-1276,Amna Khattak,2000,Audi e-tron,2024,"352-40 Gulshan-e-Iqbal, Karachi"
LEA-6501,Amna Khattak,1800,Toyota Corolla Altis,2025,"352-40 Gulshan-e-Iqbal, Karachi"
LEA-9659,Farhan Afridi,800,Suzuki Mehran,2026,"House 79, Street 30, North Nazimabad, Karachi"
RIR-1023,Mian Luqman Kayani,2000,Audi e-tron,2023,"House No. 379, Gali 2, Chaklala Scheme 3, Rawalpindi"
AFR-2953,Rana Luqman Kayani,2700,Toyota Fortuner,2025,"House No. 379, Gali 2, Chaklala Scheme 3, Rawalpindi"
AFR-2407,Z.Gondal,1800,Toyota Corolla Altis,2025,مکان 321 گلی 23 DHA Phase 6 کراچی
ICT-8095,Z.Gondal,2000,Mercedes C200,2023,مکان 321 گلی 23 DHA Phase 6 کراچی
ICT-5821,Z.Gondal,2000,Hyundai Tucson,2023,مکان 321 گلی 23 DHA Phase 6 کراچی
ICT-304,Syed Sufyan Virk,800,Suzuki Mehran,2022,"House No. 173, Gali 21, Gulshan-e-Iqbal, Karachi"
ICT-8168,Rabia Baig,2000,Hyundai Tucson,2023,"House 338, Street 40, Gulbahar, Peshawar"
ICT-3285,Rabia Baig,3300,Toyota Land Cruiser ZX,2026,"House 338, Street 40, Gulbahar, Peshawar"
KAR-2975,Rashid Rajput,70,Honda CD-70,2020,"334-29 G-13/1, Islamabad"
LEA-3348,Syed Sadia Mughal,800,Suzuki Mehran,2021,"House No. 265, Gali 28, Shah Rukn-e-Alam, Multan"
AFR-9182,Malik Sajid Saddozai,2000,Hyundai Tucson,2022,"House No. 394, Gali 10, Gulgasht, Multan"
KAR-2849,Syed Sajid Saddozai,1800,Toyota Corolla Altis,2018,"House No. 394, Gali 10, Gulgasht, Multan"
KAR-3147,Rana Sajid Saddozai,2000,Audi e-tron,2024,"House No. 394, Gali 10, Gulgasht, Multan"
KAR-1308,T.Malik,800,Suzuki Mehran,2022,مکان 170 گلی 6 G-10/2 اسلام آباد
LEA-8749,Chaudhary Zeeshan Zaidi,2000,Hyundai Tucson,2020,"House No. 84, Gali 27, Bahria Phase 4, Rawalpindi"
AFR-9293,Syed Zeeshan Zaidi,1500,Honda Civic RS,2017,"House No. 84, Gali 27, Bahria Phase 4, Rawalpindi"
RIR-3953,Mian Zeeshan Zaidi,2000,Hyundai Tucson,2019,"House No. 84, Gali 27, Bahria Phase 4, Rawalpindi"
AFR-5570,Yousuf Orakzai,800,Suzuki Mehran,2023,"59-10 Johar Town, Lahore"
AFR-3749,Farah Gilani,70,Honda CD-70,2021,"44-24 Gulberg III, Lahore"
AFR-8225,Adnan Siddiqui,800,Suzuki Mehran,2019,"101-21 Gulbahar, Peshawar"
RIR-3474,علی Yousafzai,70,Honda CD-70,2017,"87-24 Madina Town, Faisalabad"
KAR-4531,Bushra Khokhar,2000,Hyundai Tucson,2018,"House 171, Street 36, Cantt, Multan"
ICT-7506,Bushra Khokhar,1800,Toyota Corolla Altis,2019,"House 171, Street 36, Cantt, Multan"
RIR-5941,Khalid Baig,800,Suzuki Mehran,2025,"House 199, Street 3, North Nazimabad, Karachi"
AFR-7009,O. Bangash,660,Suzuki Alto,2017,H#178 St-17 JoharTown Lahore
RIR-8693,F.Raja,1300,Toyota Corolla GLi,2018,مکان 164 گلی 33 Gulbahar Peshawar
RIR-372,F. Abbasi,1500,Honda Civic RS,2022,H#236 St-22 DGround Faisalabad
AFR-1654,F. Abbasi,2700,Toyota Prado TX,2021,H#236 St-22 DGround Faisalabad
RIR-3161,Talha Raja,660,Suzuki Alto,2022,"House 2, Street 28, Cantt, Multan"
AFR-3011,Chaudhary Saba Naqvi,2700,Toyota Prado TX,2019,"House No. 102, Gali 32, Westridge, Rawalpindi"
LEA-4900,Syed Saba Naqvi,1800,Toyota Corolla Altis,2019,"House No. 102, Gali 32, Westridge, Rawalpindi"
ICT-6868,Sufyan Ansari,2000,Audi e-tron,2021,"House 41, Street 12, Peoples Colony, Faisalabad"
KAR-6437,Sufyan Ansari,1800,Toyota Corolla Altis,2025,"House 41, Street 12, Peoples Colony, Faisalabad"
LEA-5729,Sufyan Ansari,1800,Toyota Corolla Altis,2024,"House 41, Street 12, Peoples Colony, Faisalabad"
ICT-2232,K. Siddiqui,2000,Mercedes C200,2021,H#97 St-12 Cantt Multan
RIR-6189,Iqra Tarar,70,Honda CD-70,2021,"147-14 D Ground, Faisalabad"
KAR-9973,Haji Zara Mehsud,1200,Honda City,2024,"House No. 387, Gali 11, Gulberg III, Lahore"
KAR-4775,Nimra Tareen,70,Honda CD-70,2019,"House 41, Street 29, University Town, Peshawar"
ICT-3038,Kinza Mehsud,1500,Honda Civic RS,2024,"House 34, Street 37, D Ground, Faisalabad"
LEA-7465,Kinza Mehsud,2000,Audi e-tron,2025,"House 34, Street 37, D Ground, Faisalabad"
LEA-9157,Kinza Mehsud,2000,Audi e-tron,2019,"House 34, Street 37, D Ground, Faisalabad"
LEA-9904,Anas Niazi,2700,Toyota Prado TX,2023,"House 161, Street 35, University Town, Peshawar"
LEA-8007,Sardar Wajahat Bhatti,1000,Suzuki Cultus,2017,"House No. 238, Gali 30, University Town, Peshawar"
ICT-7850,A.Hashmi,2000,Hyundai Tucson,2025,مکان 156 گلی 36 DHA Phase 6 کراچی
KAR-7334,A.Hashmi,2000,Hyundai Tucson,2018,مکان 156 گلی 36 DHA Phase 6 کراچی
ICT-1400,A.Hashmi,2700,Toyota Prado TX,2025,مکان 156 گلی 36 DHA Phase 6 کراچی
LEA-2317,S.Hashmi,2000,Hyundai Tucson,2022,مکان 214 گلی 32 Hayatabad Phase 3 Peshawar
AFR-1742,Haji Mehwish Siddiqui,2000,Hyundai Tucson,2017,"House No. 272, Gali 19, Peoples Colony, Faisalabad"
AFR-6972,Chaudhary Mehwish Siddiqui,2700,Toyota Prado TX,2022,"House No. 272, Gali 19, Peoples Colony, Faisalabad"
KAR-7435,Chaudhary Mehwish Siddiqui,2000,Hyundai Tucson,2023,"House No. 272, Gali 19, Peoples Colony, Faisalabad"
KAR-8813,Kamran ملک,1500,Honda Civic RS,2018,"214-16 Gulshan-e-Iqbal, Karachi"
KAR-6987,Kamran ملک,1800,Toyota Corolla Altis,2026,"214-16 Gulshan-e-Iqbal, Karachi"
ICT-5958,W.Zaidi,2000,Hyundai Tucson,2026,مکان 170 گلی 13 Wapda Town لاہور
AFR-3620,M. Gilani,1000,Suzuki Cultus,2017,H#161 St-33 CliftonBlock2 Karachi
ICT-5133,Wajahat Shirazi,660,Suzuki Alto,2020,"House 35, Street 29, Shah Rukn-e-Alam, Multan"
RIR-3125,S.Shirazi,3300,Toyota Land Cruiser ZX,2026,مکان 331 گلی 13 Peoples Colony Faisalabad
LEA-8300,S.Shirazi,2700,Toyota Fortuner,2026,مکان 331 گلی 13 Peoples Colony Faisalabad
KAR-9701,S.Shirazi,2000,Hyundai Tucson,2024,مکان 331 گلی 13 Peoples Colony Faisalabad
ICT-248,H. Khattak,1200,Honda City,2026,H#41 St-24 ShahRukn-e-Alam Multan
AFR-6658,Iqra Joiya,1800,Toyota Corolla Altis,2021,"56-18 University Town, Peshawar"
ICT-5304,Sadia Malik,70,Honda CD-70,2021,"House 331, Street 21, Shah Rukn-e-Alam, Multan"
AFR-7725,Haji Uzma Mirza,1800,Toyota Corolla Altis,2017,"House No. 388, Gali 37, Wapda Town, Lahore"
RIR-4541,Malik Uzma Mirza,2000,Mercedes C200,2021,"House No. 388, Gali 37, Wapda Town, Lahore"
AFR-2432,Chaudhary Uzma Mirza,2000,Mercedes C200,2024,"House No. 388, Gali 37, Wapda Town, Lahore"
RIR-8300,T.Tarar,2700,Toyota Fortuner,2024,مکان 253 گلی 26 DHA Phase 5 لاہور
ICT-1728,B. Khattak,1000,Suzuki Cultus,2020,H#116 St-31 Gulbahar Peshawar
AFR-8564,S.Chaudhry,70,Honda CD-70,2020,مکان 302 گلی 3 F-8/3 اسلام آباد
ICT-1350,K.Sandhu,3300,Toyota Land Cruiser ZX,2025,مکان 204 گلی 14 Peoples Colony Faisalabad
AFR-7073,K.Sandhu,3300,Toyota Land Cruiser ZX,2025,مکان 204 گلی 14 Peoples Colony Faisalabad
AFR-4959,K.Sandhu,2000,Audi e-tron,2022,مکان 204 گلی 14 Peoples Colony Faisalabad
KAR-8174,Nadia Sandhu,70,Honda CD-70,2023,"82-13 Madina Town, Faisalabad"
KAR-1527,M. Siddiqui,1200,Honda City,2017,H#232 St-2 ShahRukn-e-Alam Multan
LEA-4661,Usman Virk,1800,Toyota Corolla Altis,2022,"House 381, Street 14, Hayatabad Phase 3, Peshawar"
RIR-2003,Usman Virk,2700,Toyota Prado TX,2026,"House 381, Street 14, Hayatabad Phase 3, Peshawar"
ICT-3763,Rehan Ansari,3300,Toyota Land Cruiser ZX,2019,"106-32 University Town, Peshawar"
RIR-7114,Rehan Ansari,1800,Toyota Corolla Altis,2024,"106-32 University Town, Peshawar"
KAR-3045,Z. Zaidi,1000,Suzuki Cultus,2024,H#342 St-16 MadinaTown Faisalabad
KAR-519,B. Khan,660,Suzuki Alto,2018,H#156 St-29 DHAPhase5 Lahore
ICT-9709,Ubaid Bukhari,2000,Hyundai Tucson,2026,"140-18 Gulgasht, Multan"
AFR-6444,Ubaid Bukhari,2700,Toyota Fortuner,2017,"140-18 Gulgasht, Multan"
LEA-1420,Kamran Warraich,800,Suzuki Mehran,2023,"House 16, Street 3, Shah Rukn-e-Alam, Multan"
RIR-6211,Rana Umar Janjua,1800,Toyota Corolla Altis,2020,"House No. 1, Gali 3, Shah Rukn-e-Alam, Multan"
KAR-9482,Rana Umar Janjua,3300,Toyota Land Cruiser ZX,2024,"House No. 1, Gali 3, Shah Rukn-e-Alam, Multan"
LEA-8656,Mian Umar Janjua,2700,Toyota Prado TX,2024,"House No. 1, Gali 3, Shah Rukn-e-Alam, Multan"
KAR-1074,I.Sandhu,3300,Toyota Land Cruiser ZX,2018,مکان 189 گلی 30 G-13/1 اسلام آباد
AFR-4476,I.Sandhu,1500,Honda Civic RS,2020,مکان 189 گلی 30 G-13/1 اسلام آباد
KAR-3260,Atif Saddozai,70,Honda CD-70,2019,"209-12 Shah Rukn-e-Alam, Multan"
ICT-834,Rashid Mehsud,2000,Mercedes C200,2017,"346-35 University Town, Peshawar"
ICT-9015,F. Kazmi,1500,Honda Civic RS,2018,H#267 St-7 PeoplesColony Faisalabad
RIR-5099,F. Kazmi,2000,Mercedes C200,2018,H#267 St-7 PeoplesColony Faisalabad
KAR-781,F. Kazmi,1800,Toyota Corolla Altis,2024,H#267 St-7 PeoplesColony Faisalabad
ICT-6824,Malik Hafsa Bangash,1800,Toyota Corolla Altis,2021,"House No. 251, Gali 8, University Town, Peshawar"
KAR-6231,Amna Gill,660,Suzuki Alto,2018,"353-7 Shah Rukn-e-Alam, Multan"
AFR-8262,M. Sial,2000,Audi e-tron,2024,H#245 St-40 DGround Faisalabad
RIR-7327,M. Sial,1800,Toyota Corolla Altis,2023,H#245 St-40 DGround Faisalabad
KAR-8099,M. Sial,1500,Honda Civic RS,2017,H#245 St-40 DGround Faisalabad
RIR-877,Syed Hassan Kayani,2000,Hyundai Tucson,2020,"House No. 197, Gali 35, Shah Rukn-e-Alam, Multan"
KAR-7724,Syed Hassan Kayani,2700,Toyota Fortuner,2017,"House No. 197, Gali 35, Shah Rukn-e-Alam, Multan"
LEA-7727,Malik Hassan Kayani,2000,Hyundai Tucson,2022,"House No. 197, Gali 35, Shah Rukn-e-Alam, Multan"
LEA-5441,Khalid Butt,2700,Toyota Fortuner,2024,"House 244, Street 17, Clifton Block 2, Karachi"
KAR-4280,Khalid Butt,2700,Toyota Prado TX,2021,"House 244, Street 17, Clifton Block 2, Karachi"
AFR-2741,Khalid Butt,2700,Toyota Prado TX,2022,"House 244, Street 17, Clifton Block 2, Karachi"
KAR-4118,U.Virk,2000,Audi e-tron,2025,مکان 124 گلی 39 Shah Rukn-e-Alam Multan
LEA-6430,U.Virk,2000,Hyundai Tucson,2022,مکان 124 گلی 39 Shah Rukn-e-Alam Multan
LEA-1831,U.Virk,2700,Toyota Fortuner,2019,مکان 124 گلی 39 Shah Rukn-e-Alam Multan
RIR-5317,Taimoor Dar,1800,Toyota Corolla Altis,2022,"49-1 Madina Town, Faisalabad"
RIR-6408,Talha Khokhar,2000,Mercedes C200,2026,"199-35 Wapda Town, Lahore"
RIR-9730,Sardar Taimoor Mirza,3300,Toyota Land Cruiser ZX,2023,"House No. 21, Gali 19, Hayatabad Phase 3, Peshawar"
ICT-2109,Sardar Taimoor Mirza,3300,Toyota Land Cruiser ZX,2020,"House No. 21, Gali 19, Hayatabad Phase 3, Peshawar"
AFR-9768,Malik Taimoor Mirza,2700,Toyota Prado TX,2024,"House No. 21, Gali 19, Hayatabad Phase 3, Peshawar"
AFR-8809,Sufyan Hashmi,2700,Toyota Prado TX,2023,"11-34 Model Town, Lahore"
ICT-1873,R.Zaidi,2000,Audi e-tron,2025,مکان 35 گلی 5 Shah Rukn-e-Alam Multan
ICT-115,Haji Rashid Niazi,2000,Hyundai Tucson,2026,"House No. 6, Gali 24, Westridge, Rawalpindi"
AFR-8976,Mian Rashid Niazi,1500,Honda Civic RS,2017,"House No. 6, Gali 24, Westridge, Rawalpindi"
KAR-2849,Malik Khadija Naqvi,1800,Toyota Corolla Altis,2026,"House No. 71, Gali 21, I-8/4, Islamabad"
RIR-583,R.Qureshi,1000,Suzuki Cultus,2022,مکان 284 گلی 35 Westridge راولپنڈی
KAR-6484,Zafar Kazmi,1500,Honda Civic RS,2017,"85-16 G-13/1, Islamabad"
AFR-4898,Zafar Kazmi,2000,Audi e-tron,2019,"85-16 G-13/1, Islamabad"
AFR-4191,Rauf بٹ,2000,Hyundai Tucson,2022,"400-26 University Town, Peshawar"
LEA-2634,Rauf بٹ,2000,Mercedes C200,2025,"400-26 University Town, Peshawar"
LEA-8335,Shahzad Rajput,1500,Honda Civic RS,2018,"House 209, Street 11, D Ground, Faisalabad"
RIR-9684,Shahzad Rajput,2000,Hyundai Tucson,2022,"House 209, Street 11, D Ground, Faisalabad"
LEA-5994,Shahzad Rajput,3300,Toyota Land Cruiser ZX,2017,"House 209, Street 11, D Ground, Faisalabad"
LEA-9880,Wajahat Khattak,2000,Mercedes C200,2019,"156-35 University Town, Peshawar"
KAR-4313,Javeria Bukhari,660,Suzuki Alto,2019,"House 350, Street 39, Gulgasht, Multan"
ICT-8577,Chaudhary Ehsan Rizvi,2000,Hyundai Tucson,2017,"House No. 324, Gali 5, D Ground, Faisalabad"
ICT-4840,A. Janjua,2000,Audi e-tron,2017,H#179 St-20 PeoplesColony Faisalabad
AFR-1875,A. Janjua,1500,Honda Civic RS,2026,H#179 St-20 PeoplesColony Faisalabad
LEA-2427,A. Janjua,2000,Hyundai Tucson,2025,H#179 St-20 PeoplesColony Faisalabad
RIR-6081,I.Sial,3300,Toyota Land Cruiser ZX,2026,مکان 97 گلی 40 Gulgasht Multan
RIR-1794,I.Sial,1800,Toyota Corolla Altis,2022,مکان 97 گلی 40 Gulgasht Multan
LEA-6351,I.Sial,2000,Mercedes C200,2022,مکان 97 گلی 40 Gulgasht Multan
RIR-7376,Talha Khattak,2000,Audi e-tron,2022,"House 192, Street 16, University Town, Peshawar"
KAR-1645,Talha Khattak,2000,Audi e-tron,2020,"House 192, Street 16, University Town, Peshawar"
ICT-1400,Talha Khattak,2000,Audi e-tron,2017,"House 192, Street 16, University Town, Peshawar"
KAR-9573,Anas Khokhar,1200,Honda City,2026,"142-33 D Ground, Faisalabad"
LEA-2002,N.Butt,2000,Hyundai Tucson,2021,مکان 31 گلی 1 Gulgasht Multan
ICT-5513,N.Butt,3300,Toyota Land Cruiser ZX,2020,مکان 31 گلی 1 Gulgasht Multan
LEA-6032,S. Mughal,2700,Toyota Fortuner,2017,H#105 St-35 UniversityTown Peshawar
AFR-545,S. Mughal,2700,Toyota Prado TX,2021,H#105 St-35 UniversityTown Peshawar
KAR-7497,S. Mughal,2000,Hyundai Tucson,2019,H#105 St-35 UniversityTown Peshawar
LEA-687,Sajid Hashmi,70,Honda CD-70,2023,"127-27 G-10/2, Islamabad"
ICT-4487,Sardar Shoaib Lodhi,800,Suzuki Mehran,2017,"House No. 123, Gali 20, G-10/2, Islamabad"
LEA-2203,T.Tarar,1800,Toyota Corolla Altis,2018,مکان 227 گلی 10 Shah Rukn-e-Alam Multan
AFR-4588,Noman Mehsud,2700,Toyota Prado TX,2020,"269-22 North Nazimabad, Karachi"
LEA-2942,Noman Mehsud,2700,Toyota Prado TX,2024,"269-22 North Nazimabad, Karachi"
AFR-1796,G. Warraich,2700,Toyota Fortuner,2025,H#367 St-19 JoharTown Lahore
ICT-9263,بلال Tareen,660,Suzuki Alto,2018,"363-11 Satellite Town, Rawalpindi"
LEA-7089,S. Tareen,1300,Toyota Corolla GLi,2026,H#79 St-35 JoharTown Lahore
KAR-8346,F. Malik,1000,Suzuki Cultus,2022,H#30 St-26 DGround Faisalabad
LEA-1620,A. Shirazi,2000,Audi e-tron,2021,H#294 St-18 UniversityTown Peshawar
KAR-4442,W. Afridi,2000,Mercedes C200,2022,H#35 St-25 PeoplesColony Faisalabad
AFR-7949,W. Afridi,2000,Audi e-tron,2026,H#35 St-25 PeoplesColony Faisalabad
KAR-2646,Gul Tareen,2000,Mercedes C200,2017,"House 269, Street 30, North Nazimabad, Karachi"
AFR-1817,Gul Tareen,2000,Mercedes C200,2025,"House 269, Street 30, North Nazimabad, Karachi"
ICT-7035,J.Kazmi,1000,Suzuki Cultus,2022,مکان 65 گلی 3 University Town Peshawar
LEA-1689,K.Virk,2000,Mercedes C200,2026,مکان 13 گلی 21 Gulberg III لاہور
RIR-6903,K.Virk,2000,Mercedes C200,2025,مکان 13 گلی 21 Gulberg III لاہور
KAR-367,K.Virk,2000,Audi e-tron,2021,مکان 13 گلی 21 Gulberg III لاہور
LEA-4852,Rashid Joiya,70,Honda CD-70,2022,"House 389, Street 9, Gulbahar, Peshawar"
ICT-7211,Sufyan Kayani,1500,Honda Civic RS,2020,"House 239, Street 30, North Nazimabad, Karachi"
RIR-9925,Sufyan Kayani,2000,Hyundai Tucson,2021,"House 239, Street 30, North Nazimabad, Karachi"
KAR-3560,Faisal Shirazi,1000,Suzuki Cultus,2018,"263-36 Gulberg III, Lahore"
AFR-3256,Sardar Owais Kazmi,2000,Mercedes C200,2021,"House No. 52, Gali 10, Satellite Town, Rawalpindi"
AFR-5643,Haji Owais Kazmi,1800,Toyota Corolla Altis,2018,"House No. 52, Gali 10, Satellite Town, Rawalpindi"
KAR-3937,Syed Owais Kazmi,3300,Toyota Land Cruiser ZX,2024,"House No. 52, Gali 10, Satellite Town, Rawalpindi"
KAR-6260,Haji Sana Sandhu,660,Suzuki Alto,2018,"House No. 207, Gali 22, E-11/2, Islamabad"
AFR-5710,Ayesha Chaudhry,1000,Suzuki Cultus,2017,"House 170, Street 29, Westridge, Rawalpindi"
RIR-1813,Waseem Warraich,2000,Mercedes C200,2025,"23-20 Satellite Town, Rawalpindi"
AFR-6788,Kamran Gondal,1500,Honda Civic RS,2019,"House 345, Street 32, DHA Phase 6, Karachi"
KAR-2909,Kamran Gondal,2000,Audi e-tron,2026,"House 345, Street 32, DHA Phase 6, Karachi"
LEA-2020,Kamran Gondal,2000,Hyundai Tucson,2026,"House 345, Street 32, DHA Phase 6, Karachi"
ICT-9763,N.Gilani,2000,Audi e-tron,2025,مکان 380 گلی 22 D Ground Faisalabad
LEA-571,N.Gilani,2000,Hyundai Tucson,2020,مکان 380 گلی 22 D Ground Faisalabad
RIR-4735,N.Gilani,2700,Toyota Prado TX,2017,مکان 380 گلی 22 D Ground Faisalabad
RIR-8169,بلال Bukhari,2700,Toyota Prado TX,2018,"55-10 Gulberg III, Lahore"
LEA-7194,بلال Bukhari,3300,Toyota Land Cruiser ZX,2018,"55-10 Gulberg III, Lahore"
ICT-5361,بلال Bukhari,2000,Mercedes C200,2018,"55-10 Gulberg III, Lahore"
KAR-5114,Z. Orakzai,1000,Suzuki Cultus,2019,H#186 St-27 DGround Faisalabad
KAR-7614,Chaudhary Nimra Rajput,660,Suzuki Alto,2026,"House No. 397, Gali 21, Cantt, Multan"
ICT-7218,حسن Cheema,1000,Suzuki Cultus,2019,"158-16 DHA Phase 5, Lahore"
LEA-5777,Asad Lodhi,1000,Suzuki Cultus,2022,"316-34 Madina Town, Faisalabad"
KAR-4630,Ehsan Wazir,2000,Audi e-tron,2017,"232-23 Westridge, Rawalpindi"
KAR-9978,Ehsan Wazir,2000,Hyundai Tucson,2021,"232-23 Westridge, Rawalpindi"
ICT-4241,A. Niazi,1000,Suzuki Cultus,2017,H#108 St-16 ShahRukn-e-Alam Multan
RIR-8110,Rauf Tarar,1500,Honda Civic RS,2023,"House 343, Street 36, B-17, Islamabad"
LEA-9774,Rauf Tarar,2000,Audi e-tron,2017,"House 343, Street 36, B-17, Islamabad"
KAR-5822,Rauf Tarar,2700,Toyota Prado TX,2019,"House 343, Street 36, B-17, Islamabad"
RIR-8766,Sardar Mansoor Baig,2000,Mercedes C200,2023,"House No. 26, Gali 3, DHA Phase 5, Lahore"
RIR-3640,L. Bhatti,800,Suzuki Mehran,2017,H#168 St-28 DHAPhase6 Karachi
LEA-8348,K.Tarar,2000,Hyundai Tucson,2018,مکان 172 گلی 10 E-11/2 اسلام آباد
RIR-9861,K.Tarar,3300,Toyota Land Cruiser ZX,2020,مکان 172 گلی 10 E-11/2 اسلام آباد
RIR-7479,K.Tarar,2700,Toyota Prado TX,2026,مکان 172 گلی 10 E-11/2 اسلام آباد
KAR-1931,Noor Ansari,70,Honda CD-70,2019,"House 395, Street 1, Clifton Block 2, Karachi"
AFR-8720,Mehwish Baig,1200,Honda City,2026,"House 233, Street 38, Clifton Block 2, Karachi"
LEA-9400,Malik Taimoor Kayani,2000,Audi e-tron,2021,"House No. 118, Gali 38, DHA Phase 5, Lahore"
RIR-9253,Rana Taimoor Kayani,1500,Honda Civic RS,2017,"House No. 118, Gali 38, DHA Phase 5, Lahore"
RIR-2818,Pervez Malik,1300,Toyota Corolla GLi,2020,"House 393, Street 20, D Ground, Faisalabad"
ICT-2849,Syed Zafar Malik,1200,Honda City,2025,"House No. 384, Gali 17, F-8/3, Islamabad"
ICT-4818,Malik Muhammad Janjua,70,Honda CD-70,2019,"House No. 92, Gali 8, I-8/4, Islamabad"
AFR-6229,Umar Rizvi,660,Suzuki Alto,2025,"House 318, Street 6, DHA Phase 5, Lahore"
AFR-7202,Sardar Zafar Tareen,1000,Suzuki Cultus,2020,"House No. 16, Gali 22, Shah Rukn-e-Alam, Multan"
KAR-3318,R. Mughal,660,Suzuki Alto,2025,H#397 St-38 Westridge Rawalpindi
ICT-210,Z. Cheema,2000,Audi e-tron,2019,H#162 St-30 CliftonBlock2 Karachi
RIR-5613,Mahnoor Awan,660,Suzuki Alto,2025,"House 284, Street 36, North Nazimabad, Karachi"
RIR-245,Ehsan Tarar,1200,Honda City,2023,"House 187, Street 5, G-13/1, Islamabad"
RIR-978,O. Tarar,660,Suzuki Alto,2018,H#171 St-18 B-17 Islamabad
ICT-5969,Syed Muhammad Qureshi,1200,Honda City,2023,"House No. 241, Gali 24, Clifton Block 2, Karachi"
KAR-6493,Malik Tariq Cheema,1800,Toyota Corolla Altis,2026,"House No. 333, Gali 37, Bahria Phase 4, Rawalpindi"
LEA-2861,Hafsa Kazmi,1500,Honda Civic RS,2023,"3-34 Westridge, Rawalpindi"
LEA-6343,Hafsa Kazmi,1800,Toyota Corolla Altis,2023,"3-34 Westridge, Rawalpindi"
AFR-4368,R.Dar,2000,Audi e-tron,2024,مکان 199 گلی 13 D Ground Faisalabad
RIR-638,R.Dar,2000,Mercedes C200,2023,مکان 199 گلی 13 D Ground Faisalabad
AFR-5778,O. Bukhari,2000,Mercedes C200,2017,H#128 St-40 GulbergIII Lahore
LEA-8207,O. Bukhari,3300,Toyota Land Cruiser ZX,2021,H#128 St-40 GulbergIII Lahore
LEA-3012,D.Janjua,1200,Honda City,2020,مکان 375 گلی 5 Cantt Multan
AFR-5721,محمد Khattak,1500,Honda Civic RS,2018,"357-1 Satellite Town, Rawalpindi"
RIR-4565,محمد Khattak,2000,Hyundai Tucson,2025,"357-1 Satellite Town, Rawalpindi"
LEA-985,محمد Khattak,3300,Toyota Land Cruiser ZX,2022,"357-1 Satellite Town, Rawalpindi"
KAR-8230,T.Abbasi,2700,Toyota Fortuner,2026,مکان 181 گلی 13 Westridge راولپنڈی
RIR-2044,T.Abbasi,2700,Toyota Fortuner,2024,مکان 181 گلی 13 Westridge راولپنڈی
RIR-4916,Chaudhary Muhammad Sial,1800,Toyota Corolla Altis,2017,"House No. 32, Gali 4, DHA Phase 6, Karachi"
LEA-8305,Sardar Muhammad Sial,1800,Toyota Corolla Altis,2025,"House No. 32, Gali 4, DHA Phase 6, Karachi"
RIR-2813,R.Mirza,2000,Hyundai Tucson,2024,مکان 219 گلی 1 Johar Town لاہور
LEA-9789,U.Gondal,2000,Audi e-tron,2021,مکان 353 گلی 18 DHA Phase 6 کراچی
RIR-8138,U.Gondal,1500,Honda Civic RS,2023,مکان 353 گلی 18 DHA Phase 6 کراچی
ICT-1313,U.Gondal,1500,Honda Civic RS,2019,مکان 353 گلی 18 DHA Phase 6 کراچی
KAR-1020,Sajid Durrani,2000,Hyundai Tucson,2023,"131-7 Wapda Town, Lahore"
RIR-6698,R.Qureshi,3300,Toyota Land Cruiser ZX,2018,مکان 130 گلی 16 Chaklala Scheme 3 راولپنڈی
ICT-7873,R.Qureshi,1800,Toyota Corolla Altis,2022,مکان 130 گلی 16 Chaklala Scheme 3 راولپنڈی
AFR-8953,R.Qureshi,1800,Toyota Corolla Altis,2019,مکان 130 گلی 16 Chaklala Scheme 3 راولپنڈی
ICT-6217,Adnan Malik,660,Suzuki Alto,2023,"House 215, Street 37, Wapda Town, Lahore"
RIR-1820,Sardar Asad Gilani,1000,Suzuki Cultus,2021,"House No. 211, Gali 3, Bahria Phase 4, Rawalpindi"
RIR-4313,A.Mehsud,70,Honda CD-70,2022,مکان 368 گلی 9 Madina Town Faisalabad
AFR-5933,Bushra Tareen,1000,Suzuki Cultus,2023,"House 4, Street 32, Gulgasht, Multan"
RIR-8526,A. Lodhi,1500,Honda Civic RS,2023,H#357 St-23 E-11/2 Islamabad
RIR-3069,Farah Lodhi,1300,Toyota Corolla GLi,2022,"House 81, Street 15, Bahria Phase 4, Rawalpindi"
AFR-6692,I.Afridi,1000,Suzuki Cultus,2026,مکان 352 گلی 28 University Town Peshawar
ICT-5343,J.Butt,1300,Toyota Corolla GLi,2018,مکان 351 گلی 27 Peoples Colony Faisalabad
RIR-5304,D. Saddozai,2700,Toyota Fortuner,2024,H#58 St-36 Gulgasht Multan
RIR-4358,D. Saddozai,2000,Mercedes C200,2020,H#58 St-36 Gulgasht Multan
RIR-2146,Danish Awan,2000,Mercedes C200,2021,"House 261, Street 39, Satellite Town, Rawalpindi"
RIR-6585,Danish Awan,2000,Audi e-tron,2017,"House 261, Street 39, Satellite Town, Rawalpindi"
ICT-6325,H.Rizvi,3300,Toyota Land Cruiser ZX,2025,مکان 134 گلی 22 I-8/4 اسلام آباد
ICT-6068,H.Rizvi,2000,Audi e-tron,2024,مکان 134 گلی 22 I-8/4 اسلام آباد
LEA-5980,H.Rizvi,2000,Audi e-tron,2023,مکان 134 گلی 22 I-8/4 اسلام آباد
LEA-8580,N.Gondal,1800,Toyota Corolla Altis,2024,مکان 46 گلی 34 Gulgasht Multan
AFR-9661,Farah Orakzai,2700,Toyota Prado TX,2019,"House 16, Street 6, B-17, Islamabad"
AFR-6535,Farah Orakzai,2000,Audi e-tron,2020,"House 16, Street 6, B-17, Islamabad"
RIR-5050,Ayesha Khattak,2700,Toyota Fortuner,2026,"House 134, Street 11, Gulberg III, Lahore"
AFR-8100,Irfan Hashmi,70,Honda CD-70,2022,"78-12 Peoples Colony, Faisalabad"
ICT-7480,Adnan Lodhi,660,Suzuki Alto,2018,"House 165, Street 24, Peoples Colony, Faisalabad"
KAR-7088,Haji Rida Butt,2000,Mercedes C200,2021,"House No. 21, Gali 31, D Ground, Faisalabad"
KAR-1459,Sardar Rida Butt,2000,Audi e-tron,2026,"House No. 21, Gali 31, D Ground, Faisalabad"
KAR-1591,Malik Rida Butt,3300,Toyota Land Cruiser ZX,2022,"House No. 21, Gali 31, D Ground, Faisalabad"
KAR-5671,Hamza Warraich,2700,Toyota Prado TX,2023,"64-36 Wapda Town, Lahore"
KAR-6073,Hamza Warraich,2000,Mercedes C200,2017,"64-36 Wapda Town, Lahore"
KAR-958,Hamza Warraich,2700,Toyota Prado TX,2024,"64-36 Wapda Town, Lahore"
KAR-9932,Yasir Abbasi,2700,Toyota Prado TX,2018,"House 73, Street 26, Cantt, Multan"
RIR-8030,Yasir Abbasi,2000,Mercedes C200,2025,"House 73, Street 26, Cantt, Multan"
ICT-1453,Yasir Abbasi,3300,Toyota Land Cruiser ZX,2020,"House 73, Street 26, Cantt, Multan"
ICT-4133,R.Qureshi,660,Suzuki Alto,2025,مکان 43 گلی 30 Gulberg III لاہور
KAR-9459,J. Tareen,1500,Honda Civic RS,2023,H#96 St-26 DHAPhase5 Lahore
AFR-6768,R. Malik,2000,Hyundai Tucson,2023,H#241 St-25 Cantt Multan
LEA-4101,Babar Durrani,2700,Toyota Fortuner,2020,"313-4 Westridge, Rawalpindi"
KAR-9925,Babar Durrani,2700,Toyota Fortuner,2017,"313-4 Westridge, Rawalpindi"
KAR-8459,Chaudhary Arsalan Dar,1000,Suzuki Cultus,2018,"House No. 392, Gali 23, Bahria Phase 4, Rawalpindi"
RIR-7678,Mansoor Durrani,2000,Mercedes C200,2021,"53-6 Bahria Phase 4, Rawalpindi"
AFR-6155,Mansoor Durrani,2000,Audi e-tron,2017,"53-6 Bahria Phase 4, Rawalpindi"
KAR-8820,Mansoor Durrani,2000,Mercedes C200,2018,"53-6 Bahria Phase 4, Rawalpindi"
AFR-2930,Zainab Sheikh,70,Honda CD-70,2024,"House 124, Street 38, Peoples Colony, Faisalabad"
AFR-3207,S. Butt,1000,Suzuki Cultus,2018,H#371 St-5 CliftonBlock2 Karachi
LEA-6072,Luqman Qureshi,660,Suzuki Alto,2021,"House 399, Street 36, North Nazimabad, Karachi"
ICT-5081,Malik Hassan Bukhari,2000,Mercedes C200,2026,"House No. 399, Gali 27, I-8/4, Islamabad"
KAR-9674,Syed Hassan Bukhari,1800,Toyota Corolla Altis,2020,"House No. 399, Gali 27, I-8/4, Islamabad"
LEA-2225,Malik Hassan Bukhari,1500,Honda Civic RS,2018,"House No. 399, Gali 27, I-8/4, Islamabad"
KAR-9675,Nimra Mehsud,660,Suzuki Alto,2020,"House 189, Street 40, Westridge, Rawalpindi"
AFR-3597,H. Naqvi,1200,Honda City,2023,H#147 St-7 Gulgasht Multan
ICT-2057,Ehsan ملک,2000,Hyundai Tucson,2025,"388-27 Peoples Colony, Faisalabad"
ICT-4011,Ehsan ملک,2000,Audi e-tron,2018,"388-27 Peoples Colony, Faisalabad"
RIR-6676,Ehsan ملک,3300,Toyota Land Cruiser ZX,2021,"388-27 Peoples Colony, Faisalabad"
KAR-8607,F.Janjua,660,Suzuki Alto,2026,مکان 172 گلی 22 Gulshan-e-Iqbal کراچی
LEA-4400,Shahzad Naqvi,2700,Toyota Fortuner,2023,"383-3 Madina Town, Faisalabad"
AFR-9181,Shahzad Naqvi,2700,Toyota Prado TX,2023,"383-3 Madina Town, Faisalabad"
LEA-3345,Sardar Usman Baig,660,Suzuki Alto,2026,"House No. 267, Gali 14, Hayatabad Phase 3, Peshawar"
RIR-3470,G. Sheikh,2700,Toyota Fortuner,2021,H#261 St-36 UniversityTown Peshawar
ICT-2038,G. Sheikh,2000,Mercedes C200,2020,H#261 St-36 UniversityTown Peshawar
ICT-3273,G. Sheikh,2700,Toyota Prado TX,2026,H#261 St-36 UniversityTown Peshawar
AFR-827,Mian Nadia Khattak,1200,Honda City,2024,"House No. 269, Gali 17, Bahria Phase 4, Rawalpindi"
AFR-5791,H. Joiya,2000,Audi e-tron,2018,H#176 St-20 HayatabadPhase3 Peshawar
KAR-8062,H. Joiya,2000,Hyundai Tucson,2020,H#176 St-20 HayatabadPhase3 Peshawar
AFR-7153,H. Joiya,1500,Honda Civic RS,2026,H#176 St-20 HayatabadPhase3 Peshawar
AFR-5907,Danish Khattak,1800,Toyota Corolla Altis,2024,"371-8 Wapda Town, Lahore"
KAR-6131,Chaudhary Ayesha Sandhu,2700,Toyota Prado TX,2024,"House No. 363, Gali 5, D Ground, Faisalabad"
RIR-5966,Malik Ayesha Sandhu,1800,Toyota Corolla Altis,2019,"House No. 363, Gali 5, D Ground, Faisalabad"
ICT-4500,Rana Ayesha Sandhu,3300,Toyota Land Cruiser ZX,2026,"House No. 363, Gali 5, D Ground, Faisalabad"
RIR-9435,K. Mughal,1800,Toyota Corolla Altis,2022,H#393 St-40 NorthNazimabad Karachi
LEA-857,Zubair Kakar,2700,Toyota Prado TX,2019,"House 207, Street 37, Westridge, Rawalpindi"
RIR-5136,Sana Shirazi,3300,Toyota Land Cruiser ZX,2023,"344-39 Chaklala Scheme 3, Rawalpindi"
RIR-8869,Sana Shirazi,2700,Toyota Fortuner,2021,"344-39 Chaklala Scheme 3, Rawalpindi"
ICT-3339,Sana Shirazi,1800,Toyota Corolla Altis,2023,"344-39 Chaklala Scheme 3, Rawalpindi"
ICT-5982,N. Bukhari,1000,Suzuki Cultus,2017,H#279 St-10 UniversityTown Peshawar
LEA-2161,F.Tarar,1500,Honda Civic RS,2017,مکان 111 گلی 1 Cantt Multan
LEA-7956,Umar Naqvi,2000,Mercedes C200,2023,"173-8 Wapda Town, Lahore"
RIR-6145,Umar Naqvi,2700,Toyota Prado TX,2021,"173-8 Wapda Town, Lahore"
AFR-7062,Mahnoor Kakar,1200,Honda City,2018,"House 140, Street 3, Wapda Town, Lahore"
AFR-831,Rauf Shirazi,70,Honda CD-70,2024,"33-4 North Nazimabad, Karachi"
RIR-4888,M. Cheema,2700,Toyota Prado TX,2026,H#25 St-5 HayatabadPhase3 Peshawar
ICT-1614,S. Shirazi,2700,Toyota Fortuner,2019,H#165 St-4 B-17 Islamabad
RIR-6065,S. Shirazi,1800,Toyota Corolla Altis,2017,H#165 St-4 B-17 Islamabad
ICT-7856,S. Shirazi,1500,Honda Civic RS,2026,H#165 St-4 B-17 Islamabad
AFR-7588,Sufyan Shirazi,2000,Mercedes C200,2022,"House 84, Street 4, Model Town, Lahore"
KAR-3281,Sufyan Shirazi,2000,Hyundai Tucson,2022,"House 84, Street 4, Model Town, Lahore"
LEA-3453,Sufyan Shirazi,2000,Audi e-tron,2019,"House 84, Street 4, Model Town, Lahore"
RIR-6169,Farhan Malik,1800,Toyota Corolla Altis,2022,"House 382, Street 32, Peoples Colony, Faisalabad"
RIR-1339,Farhan Malik,2700,Toyota Fortuner,2020,"House 382, Street 32, Peoples Colony, Faisalabad"
LEA-2015,Kamran Kakar,660,Suzuki Alto,2025,"12-26 University Town, Peshawar"
LEA-3656,Asad Khokhar,1500,Honda Civic RS,2026,"238-1 Peoples Colony, Faisalabad"
RIR-9402,Asad Khokhar,1800,Toyota Corolla Altis,2020,"238-1 Peoples Colony, Faisalabad"
ICT-778,Asad Khokhar,2700,Toyota Fortuner,2017,"238-1 Peoples Colony, Faisalabad"
ICT-6849,Fahad Gondal,2000,Mercedes C200,2019,"House 122, Street 33, University Town, Peshawar"
KAR-2610,Fahad Gondal,2700,Toyota Prado TX,2023,"House 122, Street 33, University Town, Peshawar"
RIR-7963,Fahad Gondal,2000,Audi e-tron,2025,"House 122, Street 33, University Town, Peshawar"
RIR-9194,Chaudhary Khalid Siddiqui,2000,Mercedes C200,2017,"House No. 230, Gali 5, Bahria Phase 4, Rawalpindi"
KAR-2675,Malik Khalid Siddiqui,2000,Audi e-tron,2024,"House No. 230, Gali 5, Bahria Phase 4, Rawalpindi"
LEA-6664,F.Kazmi,2700,Toyota Fortuner,2018,مکان 39 گلی 1 Bahria Phase 4 راولپنڈی
KAR-1587,Chaudhary Asad Afridi,800,Suzuki Mehran,2021,"House No. 266, Gali 27, Chaklala Scheme 3, Rawalpindi"
KAR-153,Sufyan Gondal,1800,Toyota Corolla Altis,2026,"House 119, Street 35, University Town, Peshawar"
AFR-3989,Mian Obaid Malik,2000,Hyundai Tucson,2026,"House No. 294, Gali 29, Johar Town, Lahore"
LEA-3413,Chaudhary Obaid Malik,2000,Audi e-tron,2017,"House No. 294, Gali 29, Johar Town, Lahore"
KAR-777,Zafar Orakzai,1200,Honda City,2024,"255-16 E-11/2, Islamabad"
AFR-5965,K.Rizvi,2000,Hyundai Tucson,2017,مکان 338 گلی 11 Satellite Town راولپنڈی
LEA-7220,K.Rizvi,2700,Toyota Prado TX,2024,مکان 338 گلی 11 Satellite Town راولپنڈی
RIR-1557,Rana Gul Wazir,70,Honda CD-70,2026,"House No. 398, Gali 22, DHA Phase 5, Lahore"
LEA-741,Rida Chaudhry,2000,Hyundai Tucson,2024,"House 395, Street 12, D Ground, Faisalabad"
RIR-6162,Rida Chaudhry,2700,Toyota Fortuner,2023,"House 395, Street 12, D Ground, Faisalabad"
LEA-9382,Rana Shahzad Butt,1800,Toyota Corolla Altis,2020,"House No. 18, Gali 39, University Town, Peshawar"
LEA-9354,Syed Shahzad Butt,2000,Mercedes C200,2025,"House No. 18, Gali 39, University Town, Peshawar"
AFR-8139,Haji Shahzad Butt,1800,Toyota Corolla Altis,2020,"House No. 18, Gali 39, University Town, Peshawar"
KAR-4786,A. Mirza,1800,Toyota Corolla Altis,2025,H#153 St-39 Cantt Multan
RIR-312,M. Chaudhry,800,Suzuki Mehran,2026,H#340 St-30 Gulgasht Multan
LEA-7233,Chaudhary Uzma Rizvi,3300,Toyota Land Cruiser ZX,2021,"House No. 1, Gali 26, Wapda Town, Lahore"
KAR-3304,B. Sandhu,2700,Toyota Prado TX,2021,H#196 St-40 UniversityTown Peshawar
AFR-9708,Mian Haris Awan,2000,Hyundai Tucson,2024,"House No. 151, Gali 12, Wapda Town, Lahore"
AFR-192,Chaudhary Haris Awan,2700,Toyota Prado TX,2018,"House No. 151, Gali 12, Wapda Town, Lahore"
KAR-9288,Chaudhary Haris Awan,2000,Audi e-tron,2024,"House No. 151, Gali 12, Wapda Town, Lahore"
ICT-2288,M. Gondal,800,Suzuki Mehran,2023,H#280 St-37 HayatabadPhase3 Peshawar
ICT-9114,Mian Asad Zaidi,1200,Honda City,2022,"House No. 190, Gali 24, Shah Rukn-e-Alam, Multan"
AFR-2440,Adnan Orakzai,1500,Honda Civic RS,2025,"House 56, Street 19, Gulbahar, Peshawar"
ICT-744,Adnan Orakzai,2000,Hyundai Tucson,2022,"House 56, Street 19, Gulbahar, Peshawar"
ICT-9003,Adnan Orakzai,2700,Toyota Prado TX,2022,"House 56, Street 19, Gulbahar, Peshawar"
AFR-407,H. Siddiqui,800,Suzuki Mehran,2018,H#269 St-31 Gulgasht Multan
LEA-1524,Shahzad Janjua,800,Suzuki Mehran,2021,"270-36 Gulbahar, Peshawar"
LEA-4430,Qasim Tarar,2000,Audi e-tron,2025,"396-38 I-8/4, Islamabad"
AFR-1260,Qasim Tarar,2000,Mercedes C200,2026,"396-38 I-8/4, Islamabad"
RIR-758,J.Awan,2700,Toyota Prado TX,2022,مکان 262 گلی 22 Gulshan-e-Iqbal کراچی
ICT-6585,J.Awan,2000,Hyundai Tucson,2020,مکان 262 گلی 22 Gulshan-e-Iqbal کراچی
KAR-7567,J.Awan,1500,Honda Civic RS,2026,مکان 262 گلی 22 Gulshan-e-Iqbal کراچی
AFR-909,M.Yousafzai,70,Honda CD-70,2017,مکان 258 گلی 9 Johar Town لاہور
ICT-793,Faisal Janjua,800,Suzuki Mehran,2022,"167-21 Satellite Town, Rawalpindi"
RIR-8478,Sana Dar,70,Honda CD-70,2019,"House 218, Street 36, Gulgasht, Multan"
AFR-6391,N.Mirza,2000,Mercedes C200,2022,مکان 77 گلی 1 Shah Rukn-e-Alam Multan
RIR-9968,N.Mirza,1800,Toyota Corolla Altis,2018,مکان 77 گلی 1 Shah Rukn-e-Alam Multan
AFR-2330,Uzma Khan,2700,Toyota Prado TX,2022,"House 320, Street 6, Shah Rukn-e-Alam, Multan"
AFR-8646,Uzma Khan,2000,Hyundai Tucson,2019,"House 320, Street 6, Shah Rukn-e-Alam, Multan"
LEA-2407,Uzma Khan,1800,Toyota Corolla Altis,2025,"House 320, Street 6, Shah Rukn-e-Alam, Multan"
AFR-8179,N.Naqvi,1500,Honda Civic RS,2020,مکان 341 گلی 30 Cantt Multan
KAR-1296,N.Naqvi,1800,Toyota Corolla Altis,2024,مکان 341 گلی 30 Cantt Multan
ICT-7051,R. Saddozai,1200,Honda City,2023,H#52 St-28 DHAPhase6 Karachi
KAR-5661,A.Mughal,2000,Mercedes C200,2017,مکان 360 گلی 16 Gulberg III لاہور
RIR-2122,A.Mughal,3300,Toyota Land Cruiser ZX,2023,مکان 360 گلی 16 Gulberg III لاہور
AFR-4846,Haji Amna Cheema,2000,Mercedes C200,2024,"House No. 296, Gali 32, Gulberg III, Lahore"
LEA-1152,Haji Amna Cheema,2700,Toyota Fortuner,2024,"House No. 296, Gali 32, Gulberg III, Lahore"
AFR-1368,M. Ansari,1800,Toyota Corolla Altis,2020,H#226 St-5 PeoplesColony Faisalabad
LEA-2037,M. Ansari,3300,Toyota Land Cruiser ZX,2023,H#226 St-5 PeoplesColony Faisalabad
KAR-410,Nadeem Tareen,3300,Toyota Land Cruiser ZX,2023,"311-30 Madina Town, Faisalabad"
LEA-125,Nadeem Tareen,1500,Honda Civic RS,2017,"311-30 Madina Town, Faisalabad"
LEA-3616,Noman Orakzai,1500,Honda Civic RS,2018,"361-24 Gulgasht, Multan"
LEA-6050,Noman Orakzai,1500,Honda Civic RS,2018,"361-24 Gulgasht, Multan"
RIR-6048,Noman Orakzai,2000,Audi e-tron,2022,"361-24 Gulgasht, Multan"
LEA-3897,U. Baig,1500,Honda Civic RS,2019,H#155 St-16 I-8/4 Islamabad
RIR-3572,U. Baig,2000,Hyundai Tucson,2017,H#155 St-16 I-8/4 Islamabad
AFR-1228,U. Baig,3300,Toyota Land Cruiser ZX,2017,H#155 St-16 I-8/4 Islamabad
AFR-1538,Bushra ملک,2000,Hyundai Tucson,2018,"102-31 I-8/4, Islamabad"
ICT-1100,Bushra ملک,2000,Mercedes C200,2017,"102-31 I-8/4, Islamabad"
RIR-6234,Bushra ملک,2700,Toyota Prado TX,2018,"102-31 I-8/4, Islamabad"
KAR-542,Syed Amna Tarar,1000,Suzuki Cultus,2025,"House No. 108, Gali 38, Clifton Block 2, Karachi"
AFR-2150,Ali Zaidi,2000,Audi e-tron,2019,"House 321, Street 34, Shah Rukn-e-Alam, Multan"
LEA-695,Ali Zaidi,2000,Hyundai Tucson,2017,"House 321, Street 34, Shah Rukn-e-Alam, Multan"
LEA-463,Zara خان,1800,Toyota Corolla Altis,2017,"367-37 Hayatabad Phase 3, Peshawar"
ICT-5580,Zara خان,1500,Honda Civic RS,2026,"367-37 Hayatabad Phase 3, Peshawar"
KAR-1549,بلال Sial,660,Suzuki Alto,2019,"315-11 I-8/4, Islamabad"
KAR-221,S.Durrani,1200,Honda City,2023,مکان 221 گلی 28 Cantt Multan
RIR-5915,H.Khattak,1500,Honda Civic RS,2023,مکان 164 گلی 17 I-8/4 اسلام آباد
KAR-4120,H.Khattak,1800,Toyota Corolla Altis,2025,مکان 164 گلی 17 I-8/4 اسلام آباد
AFR-1154,Y. Sheikh,1800,Toyota Corolla Altis,2026,H#316 St-24 G-10/2 Islamabad
LEA-1561,Y. Sheikh,2700,Toyota Fortuner,2017,H#316 St-24 G-10/2 Islamabad
RIR-6077,Rana Nimra Chaudhry,1200,Honda City,2022,"House No. 303, Gali 23, Model Town, Lahore"
AFR-5897,Z. Qureshi,1200,Honda City,2021,H#237 St-28 ChaklalaScheme3 Rawalpindi
KAR-2535,Sardar Fatima Siddiqui,1300,Toyota Corolla GLi,2021,"House No. 14, Gali 27, F-8/3, Islamabad"
RIR-3944,N.Qureshi,2000,Mercedes C200,2020,مکان 238 گلی 6 DHA Phase 5 لاہور
AFR-9201,N.Qureshi,2700,Toyota Prado TX,2026,مکان 238 گلی 6 DHA Phase 5 لاہور
LEA-2765,N.Qureshi,3300,Toyota Land Cruiser ZX,2019,مکان 238 گلی 6 DHA Phase 5 لاہور
KAR-2812,Bilal Khokhar,70,Honda CD-70,2020,"House 171, Street 6, Cantt, Multan"
LEA-8763,M.Baig,2000,Mercedes C200,2018,مکان 90 گلی 8 University Town Peshawar
KAR-2280,Syed Maryam Naqvi,1200,Honda City,2018,"House No. 229, Gali 28, Shah Rukn-e-Alam, Multan"
RIR-7031,M.Sial,70,Honda CD-70,2022,مکان 41 گلی 23 Hayatabad Phase 3 Peshawar
RIR-2027,Ali Butt,2700,Toyota Fortuner,2020,"House 207, Street 27, I-8/4, Islamabad"
ICT-6555,Ali Butt,1500,Honda Civic RS,2024,"House 207, Street 27, I-8/4, Islamabad"
ICT-5518,F. Sheikh,1500,Honda Civic RS,2017,H#342 St-30 NorthNazimabad Karachi
KAR-522,Z. Kakar,70,Honda CD-70,2025,H#367 St-37 PeoplesColony Faisalabad
KAR-5497,M. Shirazi,2000,Mercedes C200,2024,H#328 St-15 MadinaTown Faisalabad
RIR-5655,Chaudhary Irfan Sheikh,2000,Mercedes C200,2020,"House No. 293, Gali 18, North Nazimabad, Karachi"
AFR-7002,Javeria Kazmi,2000,Audi e-tron,2024,"House 305, Street 19, Gulgasht, Multan"
ICT-6339,Mian Kamran Bangash,800,Suzuki Mehran,2021,"House No. 85, Gali 28, University Town, Peshawar"
ICT-9820,Haji Tariq Janjua,1200,Honda City,2025,"House No. 293, Gali 33, Wapda Town, Lahore"
KAR-8747,Nadeem Niazi,2700,Toyota Fortuner,2021,"83-8 Peoples Colony, Faisalabad"
KAR-3828,Saqib Rajput,2700,Toyota Prado TX,2026,"House 93, Street 13, Cantt, Multan"
LEA-3479,Saqib Rajput,1500,Honda Civic RS,2021,"House 93, Street 13, Cantt, Multan"
KAR-3007,Waqas Kazmi,1800,Toyota Corolla Altis,2024,"85-39 Gulshan-e-Iqbal, Karachi"
LEA-9617,Waqas Kazmi,1800,Toyota Corolla Altis,2020,"85-39 Gulshan-e-Iqbal, Karachi"
AFR-9335,Waqas Kazmi,2000,Hyundai Tucson,2018,"85-39 Gulshan-e-Iqbal, Karachi"
AFR-9761,Mansoor Bukhari,2000,Mercedes C200,2017,"House 341, Street 4, Shah Rukn-e-Alam, Multan"
KAR-2885,Mansoor Bukhari,2000,Audi e-tron,2022,"House 341, Street 4, Shah Rukn-e-Alam, Multan"
ICT-1294,Khadija Sial,2000,Mercedes C200,2020,"House 219, Street 3, I-8/4, Islamabad"
LEA-1045,Khadija Sial,2700,Toyota Fortuner,2021,"House 219, Street 3, I-8/4, Islamabad"
AFR-2968,Adnan Zaidi,2700,Toyota Fortuner,2020,"House 198, Street 10, DHA Phase 5, Lahore"
AFR-7519,Adnan Zaidi,2000,Hyundai Tucson,2018,"House 198, Street 10, DHA Phase 5, Lahore"
ICT-8289,Syed Zainab Awan,1800,Toyota Corolla Altis,2023,"House No. 294, Gali 15, G-13/1, Islamabad"
KAR-7343,Haji Zainab Awan,1800,Toyota Corolla Altis,2023,"House No. 294, Gali 15, G-13/1, Islamabad"
ICT-4186,R.Awan,660,Suzuki Alto,2020,مکان 246 گلی 10 Model Town لاہور
LEA-2297,Salman Niazi,2000,Mercedes C200,2024,"58-38 F-8/3, Islamabad"
RIR-6576,Syed Zafar Saddozai,2000,Audi e-tron,2023,"House No. 65, Gali 17, G-13/1, Islamabad"
ICT-9002,Syed Zafar Saddozai,2700,Toyota Prado TX,2017,"House No. 65, Gali 17, G-13/1, Islamabad"
RIR-7332,Malik Zafar Saddozai,2000,Hyundai Tucson,2020,"House No. 65, Gali 17, G-13/1, Islamabad"
AFR-3285,Syed Muhammad Warraich,2000,Audi e-tron,2018,"House No. 50, Gali 18, DHA Phase 6, Karachi"
LEA-2088,Chaudhary Muhammad Warraich,1500,Honda Civic RS,2019,"House No. 50, Gali 18, DHA Phase 6, Karachi"
ICT-8649,Mian Muhammad Warraich,2700,Toyota Prado TX,2025,"House No. 50, Gali 18, DHA Phase 6, Karachi"
AFR-7350,Shoaib Bhatti,2700,Toyota Prado TX,2022,"House 202, Street 25, Peoples Colony, Faisalabad"
RIR-3091,Kinza Bukhari,800,Suzuki Mehran,2021,"160-33 North Nazimabad, Karachi"
KAR-5253,A. Cheema,2000,Hyundai Tucson,2024,H#161 St-4 MadinaTown Faisalabad
KAR-2998,A. Cheema,2700,Toyota Fortuner,2018,H#161 St-4 MadinaTown Faisalabad
KAR-5791,Hafsa Kakar,3300,Toyota Land Cruiser ZX,2020,"House 127, Street 25, Gulshan-e-Iqbal, Karachi"
LEA-5367,Hafsa Kakar,3300,Toyota Land Cruiser ZX,2024,"House 127, Street 25, Gulshan-e-Iqbal, Karachi"
AFR-2423,Lubna Khattak,660,Suzuki Alto,2022,"264-38 Satellite Town, Rawalpindi"
ICT-8399,M. Sheikh,1300,Toyota Corolla GLi,2021,H#336 St-37 G-13/1 Islamabad
AFR-4167,S. Sheikh,1500,Honda Civic RS,2017,H#193 St-18 ModelTown Lahore
RIR-7280,M. Afridi,1000,Suzuki Cultus,2024,H#312 St-23 WapdaTown Lahore
AFR-3747,W.Ansari,1800,Toyota Corolla Altis,2020,مکان 78 گلی 19 F-8/3 اسلام آباد
AFR-8843,W.Ansari,1500,Honda Civic RS,2024,مکان 78 گلی 19 F-8/3 اسلام آباد
KAR-5488,Nasir Awan,660,Suzuki Alto,2021,"House 314, Street 5, University Town, Peshawar"
LEA-335,Salman Sandhu,1200,Honda City,2022,"129-35 Gulbahar, Peshawar"
LEA-8251,A. Qureshi,800,Suzuki Mehran,2021,H#247 St-32 NorthNazimabad Karachi
ICT-814,S.Khan,660,Suzuki Alto,2025,مکان 229 گلی 9 University Town Peshawar
AFR-3170,E. Gondal,2700,Toyota Prado TX,2020,H#357 St-38 Gulshan-e-Iqbal Karachi
LEA-9146,E. Gondal,1800,Toyota Corolla Altis,2024,H#357 St-38 Gulshan-e-Iqbal Karachi
RIR-3085,E. Gondal,1500,Honda Civic RS,2022,H#357 St-38 Gulshan-e-Iqbal Karachi
LEA-1559,J.Sandhu,660,Suzuki Alto,2017,مکان 90 گلی 20 Wapda Town لاہور
AFR-7087,I.Tareen,2000,Audi e-tron,2021,مکان 17 گلی 28 DHA Phase 5 لاہور
RIR-3095,N. Rizvi,1500,Honda Civic RS,2026,H#38 St-31 DHAPhase6 Karachi
ICT-3088,N. Rizvi,2000,Audi e-tron,2017,H#38 St-31 DHAPhase6 Karachi
RIR-9932,N. Rizvi,2700,Toyota Fortuner,2020,H#38 St-31 DHAPhase6 Karachi
LEA-5294,Usman Kayani,2000,Audi e-tron,2022,"House 17, Street 25, Johar Town, Lahore"
LEA-513,Usman Kayani,3300,Toyota Land Cruiser ZX,2018,"House 17, Street 25, Johar Town, Lahore"
KAR-2422,S. Yousafzai,1300,Toyota Corolla GLi,2022,H#118 St-20 ChaklalaScheme3 Rawalpindi
LEA-8311,Sufyan Rajput,1200,Honda City,2018,"264-5 Madina Town, Faisalabad"
ICT-1334,Syed Nadeem Kayani,2700,Toyota Fortuner,2021,"House No. 273, Gali 14, Clifton Block 2, Karachi"
RIR-2554,Chaudhary Nadeem Kayani,2000,Hyundai Tucson,2018,"House No. 273, Gali 14, Clifton Block 2, Karachi"
KAR-7752,Lubna Zaidi,2000,Mercedes C200,2018,"329-21 G-10/2, Islamabad"
KAR-7467,Lubna Zaidi,1500,Honda Civic RS,2025,"329-21 G-10/2, Islamabad"
AFR-397,Syed Fatima Wazir,2700,Toyota Prado TX,2025,"House No. 377, Gali 25, Wapda Town, Lahore"
RIR-998,Haji Fatima Wazir,2000,Hyundai Tucson,2023,"House No. 377, Gali 25, Wapda Town, Lahore"
ICT-1087,Ahmed Ansari,2700,Toyota Prado TX,2018,"House 2, Street 2, Bahria Phase 4, Rawalpindi"
LEA-1658,Ahmed Ansari,2700,Toyota Fortuner,2022,"House 2, Street 2, Bahria Phase 4, Rawalpindi"
KAR-3328,Ahmed Ansari,2700,Toyota Prado TX,2019,"House 2, Street 2, Bahria Phase 4, Rawalpindi"
AFR-8347,U.Malik,2000,Audi e-tron,2020,مکان 306 گلی 36 D Ground Faisalabad
ICT-8086,U. Sandhu,1500,Honda Civic RS,2023,H#148 St-4 CliftonBlock2 Karachi
AFR-7003,T. Khan,1000,Suzuki Cultus,2021,H#169 St-38 GulbergIII Lahore
KAR-2327,Rauf Tarar,1800,Toyota Corolla Altis,2019,"151-36 Peoples Colony, Faisalabad"
LEA-5324,Rauf Tarar,2000,Hyundai Tucson,2020,"151-36 Peoples Colony, Faisalabad"
LEA-4010,Chaudhary Nasir Mughal,1500,Honda Civic RS,2023,"House No. 8, Gali 34, North Nazimabad, Karachi"
AFR-3726,Rana Nasir Mughal,2000,Hyundai Tucson,2019,"House No. 8, Gali 34, North Nazimabad, Karachi"
ICT-2959,Sardar Nasir Mughal,2700,Toyota Fortuner,2020,"House No. 8, Gali 34, North Nazimabad, Karachi"
KAR-7380,R. Siddiqui,2700,Toyota Fortuner,2022,H#315 St-5 NorthNazimabad Karachi
LEA-286,S. Khan,2000,Hyundai Tucson,2024,H#189 St-9 Gulbahar Peshawar
KAR-4796,S. Khan,2000,Mercedes C200,2025,H#189 St-9 Gulbahar Peshawar
ICT-2294,S. Khan,2000,Hyundai Tucson,2022,H#189 St-9 Gulbahar Peshawar
RIR-8069,U. Hashmi,3300,Toyota Land Cruiser ZX,2021,H#362 St-6 Gulshan-e-Iqbal Karachi
LEA-7533,Z. Rizvi,1500,Honda Civic RS,2021,H#283 St-10 Gulgasht Multan
AFR-7370,Noor Durrani,1800,Toyota Corolla Altis,2024,"House 68, Street 7, Gulberg III, Lahore"
AFR-2139,S.Sial,2000,Audi e-tron,2022,مکان 65 گلی 1 Gulbahar Peshawar
RIR-4787,S.Sial,3300,Toyota Land Cruiser ZX,2021,مکان 65 گلی 1 Gulbahar Peshawar
RIR-2440,S.Sial,3300,Toyota Land Cruiser ZX,2020,مکان 65 گلی 1 Gulbahar Peshawar
ICT-6226,Syed Ubaid Mughal,1800,Toyota Corolla Altis,2025,"House No. 143, Gali 31, Bahria Phase 4, Rawalpindi"
ICT-983,M.Sheikh,1800,Toyota Corolla Altis,2023,مکان 267 گلی 34 E-11/2 اسلام آباد
LEA-2674,M.Sheikh,1500,Honda Civic RS,2024,مکان 267 گلی 34 E-11/2 اسلام آباد
LEA-4233,M.Sheikh,2000,Audi e-tron,2021,مکان 267 گلی 34 E-11/2 اسلام آباد
KAR-1782,Sardar Uzma Orakzai,70,Honda CD-70,2018,"House No. 47, Gali 8, Hayatabad Phase 3, Peshawar"
LEA-2448,B.Gilani,1000,Suzuki Cultus,2017,مکان 23 گلی 3 Bahria Phase 4 راولپنڈی
LEA-2130,محمد Rajput,1000,Suzuki Cultus,2018,"259-37 DHA Phase 5, Lahore"
LEA-9412,W.Rajput,800,Suzuki Mehran,2018,مکان 212 گلی 6 Hayatabad Phase 3 Peshawar
AFR-6979,M. Raja,1300,Toyota Corolla GLi,2018,H#19 St-17 SatelliteTown Rawalpindi
AFR-8974,M.Warraich,1300,Toyota Corolla GLi,2020,مکان 36 گلی 30 Bahria Phase 4 راولپنڈی
RIR-4237,E.Abbasi,2000,Audi e-tron,2020,مکان 208 گلی 18 Clifton Block 2 کراچی
ICT-7101,E.Abbasi,2000,Hyundai Tucson,2018,مکان 208 گلی 18 Clifton Block 2 کراچی
RIR-9213,Mahnoor Zaidi,1200,Honda City,2017,"House 154, Street 35, Chaklala Scheme 3, Rawalpindi"
RIR-8687,Khalid Afridi,1000,Suzuki Cultus,2026,"208-9 University Town, Peshawar"
ICT-6463,W.Bangash,660,Suzuki Alto,2018,مکان 185 گلی 29 E-11/2 اسلام آباد
LEA-8597,Waqas Dar,70,Honda CD-70,2021,"374-1 Peoples Colony, Faisalabad"
RIR-6772,Saba Orakzai,1300,Toyota Corolla GLi,2024,"House 342, Street 39, DHA Phase 5, Lahore"
KAR-3087,G.Sheikh,70,Honda CD-70,2017,مکان 214 گلی 4 F-8/3 اسلام آباد
RIR-8595,Farhan Khattak,2000,Mercedes C200,2022,"House 302, Street 17, Gulgasht, Multan"
ICT-1355,Farhan Khattak,1800,Toyota Corolla Altis,2024,"House 302, Street 17, Gulgasht, Multan"
KAR-7883,Malik Anas Qureshi,2000,Audi e-tron,2024,"House No. 361, Gali 13, University Town, Peshawar"
RIR-7534,Sardar Anas Qureshi,1500,Honda Civic RS,2025,"House No. 361, Gali 13, University Town, Peshawar"
RIR-7622,Chaudhary Uzma Malik,660,Suzuki Alto,2026,"House No. 25, Gali 1, Satellite Town, Rawalpindi"
AFR-7114,Noman Orakzai,2000,Hyundai Tucson,2021,"House 2, Street 18, Peoples Colony, Faisalabad"
RIR-4938,Noman Orakzai,3300,Toyota Land Cruiser ZX,2024,"House 2, Street 18, Peoples Colony, Faisalabad"
LEA-6629,M. Orakzai,1300,Toyota Corolla GLi,2025,H#33 St-5 UniversityTown Peshawar
LEA-6501,Faisal بٹ,2000,Audi e-tron,2019,"250-37 E-11/2, Islamabad"
LEA-2355,I.Chaudhry,660,Suzuki Alto,2018,مکان 368 گلی 29 Madina Town Faisalabad
LEA-6263,A.Lodhi,2000,Hyundai Tucson,2020,مکان 65 گلی 14 Gulgasht Multan
KAR-2242,A.Lodhi,1500,Honda Civic RS,2024,مکان 65 گلی 14 Gulgasht Multan
LEA-7052,Chaudhary Ahmed Chaudhry,800,Suzuki Mehran,2019,"House No. 195, Gali 21, DHA Phase 6, Karachi"
AFR-3776,M. Kayani,1300,Toyota Corolla GLi,2017,H#322 St-12 SatelliteTown Rawalpindi
RIR-7815,Kamran خان,800,Suzuki Mehran,2025,"293-3 Cantt, Multan"
AFR-2940,Mehwish Khan,660,Suzuki Alto,2023,"House 234, Street 22, Gulberg III, Lahore"
ICT-4849,Salman Mughal,1200,Honda City,2019,"304-28 D Ground, Faisalabad"
AFR-1107,P.Wazir,1000,Suzuki Cultus,2026,مکان 5 گلی 10 Hayatabad Phase 3 Peshawar
KAR-6777,Shoaib Bangash,2000,Hyundai Tucson,2024,"4-12 Gulbahar, Peshawar"
RIR-285,Shoaib Bangash,2700,Toyota Prado TX,2019,"4-12 Gulbahar, Peshawar"
RIR-1973,Kamran Gill,70,Honda CD-70,2017,"House 268, Street 37, Peoples Colony, Faisalabad"
KAR-3402,Fahad Kazmi,1800,Toyota Corolla Altis,2018,"275-24 DHA Phase 6, Karachi"
ICT-4001,N.Wazir,2000,Hyundai Tucson,2024,مکان 130 گلی 6 Satellite Town راولپنڈی
ICT-1216,H.Saddozai,70,Honda CD-70,2026,مکان 216 گلی 24 G-10/2 اسلام آباد
KAR-3699,Chaudhary Saba Saddozai,800,Suzuki Mehran,2024,"House No. 19, Gali 14, F-8/3, Islamabad"
LEA-9655,عائشہ راجہ,2000,Audi e-tron,2017,"25-27 Gulshan-e-Iqbal, Karachi"
KAR-7127,عائشہ راجہ,2700,Toyota Fortuner,2021,"25-27 Gulshan-e-Iqbal, Karachi"
AFR-2871,عائشہ راجہ,2000,Audi e-tron,2019,"25-27 Gulshan-e-Iqbal, Karachi"
ICT-8141,Mehwish Rizvi,2700,Toyota Prado TX,2019,"House 394, Street 5, Bahria Phase 4, Rawalpindi"
LEA-637,Mehwish Rizvi,2700,Toyota Prado TX,2019,"House 394, Street 5, Bahria Phase 4, Rawalpindi"
KAR-7117,Mehwish Rizvi,2700,Toyota Fortuner,2018,"House 394, Street 5, Bahria Phase 4, Rawalpindi"
AFR-9898,Yousuf Niazi,70,Honda CD-70,2022,"82-38 Clifton Block 2, Karachi"
RIR-4326,Kamran Yousafzai,2000,Audi e-tron,2025,"84-10 North Nazimabad, Karachi"
AFR-9605,Kamran Yousafzai,2000,Mercedes C200,2025,"84-10 North Nazimabad, Karachi"
RIR-4641,M. Khattak,660,Suzuki Alto,2017,H#221 St-26 E-11/2 Islamabad
AFR-8832,Hamza راجہ,2700,Toyota Prado TX,2026,"131-14 Johar Town, Lahore"
RIR-6352,S.Mehsud,2000,Hyundai Tucson,2022,مکان 348 گلی 33 Satellite Town راولپنڈی
RIR-1361,S.Mehsud,1800,Toyota Corolla Altis,2025,مکان 348 گلی 33 Satellite Town راولپنڈی
LEA-2914,S.Mehsud,2000,Hyundai Tucson,2019,مکان 348 گلی 33 Satellite Town راولپنڈی
AFR-9612,H.Yousafzai,1300,Toyota Corolla GLi,2019,مکان 319 گلی 27 B-17 اسلام آباد
ICT-1770,N.Gondal,2000,Mercedes C200,2026,مکان 123 گلی 9 Chaklala Scheme 3 راولپنڈی
ICT-609,N.Gondal,1800,Toyota Corolla Altis,2018,مکان 123 گلی 9 Chaklala Scheme 3 راولپنڈی
ICT-7198,N.Gondal,2700,Toyota Prado TX,2018,مکان 123 گلی 9 Chaklala Scheme 3 راولپنڈی
AFR-7463,Shoaib Janjua,2000,Audi e-tron,2018,"House 18, Street 16, Johar Town, Lahore"
ICT-9304,Shoaib Janjua,2700,Toyota Prado TX,2021,"House 18, Street 16, Johar Town, Lahore"
KAR-9429,Hassan Sandhu,70,Honda CD-70,2026,"House 190, Street 30, Shah Rukn-e-Alam, Multan"
KAR-612,Talha Tareen,70,Honda CD-70,2019,"House 166, Street 24, DHA Phase 6, Karachi"
LEA-2659,Fahad Janjua,1200,Honda City,2026,"142-9 E-11/2, Islamabad"
KAR-7416,Mubashir Kakar,2000,Hyundai Tucson,2023,"110-4 Gulberg III, Lahore"
ICT-9656,Mubashir Kakar,3300,Toyota Land Cruiser ZX,2022,"110-4 Gulberg III, Lahore"
KAR-3595,Mubashir Kakar,2700,Toyota Prado TX,2017,"110-4 Gulberg III, Lahore"
RIR-3689,T. Sandhu,800,Suzuki Mehran,2023,H#229 St-6 Gulgasht Multan
AFR-3547,U.Mehsud,2700,Toyota Fortuner,2026,مکان 271 گلی 27 B-17 اسلام آباد
KAR-9562,U.Mehsud,3300,Toyota Land Cruiser ZX,2022,مکان 271 گلی 27 B-17 اسلام آباد
LEA-8207,U.Mehsud,2000,Hyundai Tucson,2022,مکان 271 گلی 27 B-17 اسلام آباد
ICT-6250,Syed Atif Khattak,800,Suzuki Mehran,2020,"House No. 24, Gali 3, D Ground, Faisalabad"
RIR-4874,Haji Kamran Niazi,800,Suzuki Mehran,2020,"House No. 238, Gali 13, Chaklala Scheme 3, Rawalpindi"
RIR-5832,Sardar Mehwish Gill,3300,Toyota Land Cruiser ZX,2024,"House No. 350, Gali 14, Gulbahar, Peshawar"
ICT-8972,Javeria Orakzai,1000,Suzuki Cultus,2025,"House 182, Street 15, Hayatabad Phase 3, Peshawar"
KAR-9140,Z.Gill,2700,Toyota Prado TX,2024,مکان 114 گلی 36 Gulgasht Multan
ICT-5325,Z.Gill,1800,Toyota Corolla Altis,2021,مکان 114 گلی 36 Gulgasht Multan
AFR-4560,L. Tareen,70,Honda CD-70,2021,H#133 St-26 WapdaTown Lahore
KAR-8064,Chaudhary Rashid Dar,1000,Suzuki Cultus,2017,"House No. 73, Gali 11, Bahria Phase 4, Rawalpindi"
ICT-1599,M.Sheikh,2000,Audi e-tron,2020,مکان 351 گلی 32 Model Town لاہور
RIR-1063,M.Sheikh,1500,Honda Civic RS,2023,مکان 351 گلی 32 Model Town لاہور
ICT-6785,D.Zaidi,1200,Honda City,2024,مکان 335 گلی 36 DHA Phase 5 لاہور
AFR-6536,S.Durrani,1000,Suzuki Cultus,2026,مکان 24 گلی 24 Model Town لاہور
ICT-5296,K. Sandhu,1500,Honda Civic RS,2025,H#369 St-18 E-11/2 Islamabad
AFR-470,K. Sandhu,3300,Toyota Land Cruiser ZX,2018,H#369 St-18 E-11/2 Islamabad
ICT-8399,K. Sandhu,3300,Toyota Land Cruiser ZX,2017,H#369 St-18 E-11/2 Islamabad
LEA-8423,Rabia Wazir,3300,Toyota Land Cruiser ZX,2022,"370-25 G-13/1, Islamabad"
ICT-5291,Rabia Wazir,2700,Toyota Prado TX,2017,"370-25 G-13/1, Islamabad"
LEA-3275,Rabia Wazir,2000,Audi e-tron,2024,"370-25 G-13/1, Islamabad"
ICT-9773,Talha شیخ,1500,Honda Civic RS,2025,"71-2 Clifton Block 2, Karachi"
AFR-5854,Mustafa Rajput,660,Suzuki Alto,2020,"309-12 Satellite Town, Rawalpindi"
ICT-6061,S.Mehsud,1300,Toyota Corolla GLi,2018,مکان 355 گلی 20 D Ground Faisalabad
KAR-1268,H.Bukhari,2000,Mercedes C200,2019,مکان 13 گلی 23 I-8/4 اسلام آباد
AFR-842,H.Bukhari,2000,Hyundai Tucson,2024,مکان 13 گلی 23 I-8/4 اسلام آباد
AFR-7617,Yousuf Baig,1200,Honda City,2021,"House 379, Street 25, G-13/1, Islamabad"
AFR-660,Sufyan Raja,800,Suzuki Mehran,2023,"House 290, Street 23, B-17, Islamabad"
AFR-4614,J. Sandhu,660,Suzuki Alto,2019,H#369 St-1 MadinaTown Faisalabad
ICT-1894,Mehwish Warraich,1200,Honda City,2026,"212-28 Gulberg III, Lahore"
AFR-8746,Mian Obaid Kayani,2700,Toyota Fortuner,2025,"House No. 389, Gali 36, G-13/1, Islamabad"
ICT-8070,Chaudhary Shahzad Shirazi,800,Suzuki Mehran,2018,"House No. 371, Gali 14, Shah Rukn-e-Alam, Multan"
ICT-5765,U.Rajput,1000,Suzuki Cultus,2023,مکان 266 گلی 23 Gulberg III لاہور
ICT-4640,N.Durrani,1200,Honda City,2024,مکان 171 گلی 26 University Town Peshawar
RIR-5716,Sadia Niazi,1000,Suzuki Cultus,2026,"357-21 Chaklala Scheme 3, Rawalpindi"
ICT-5506,B.Dar,1300,Toyota Corolla GLi,2024,مکان 98 گلی 27 Johar Town لاہور
RIR-9487,Sardar Zubair Ansari,2000,Hyundai Tucson,2025,"House No. 107, Gali 7, Model Town, Lahore"
KAR-8153,Haji Zubair Ansari,2000,Hyundai Tucson,2022,"House No. 107, Gali 7, Model Town, Lahore"
LEA-2638,P.Kazmi,1300,Toyota Corolla GLi,2020,مکان 346 گلی 26 Gulgasht Multan
RIR-9450,N.Bhatti,1000,Suzuki Cultus,2024,مکان 117 گلی 35 F-8/3 اسلام آباد
KAR-5251,N. Gondal,70,Honda CD-70,2022,H#9 St-9 F-8/3 Islamabad
AFR-2104,Malik Danish Malik,2000,Hyundai Tucson,2023,"House No. 130, Gali 27, Bahria Phase 4, Rawalpindi"
RIR-6433,U. Sandhu,1300,Toyota Corolla GLi,2024,H#225 St-28 HayatabadPhase3 Peshawar
AFR-2584,Saad Lodhi,1500,Honda Civic RS,2025,"House 108, Street 4, Shah Rukn-e-Alam, Multan"
AFR-9162,M.Mughal,800,Suzuki Mehran,2019,مکان 111 گلی 18 Satellite Town راولپنڈی
ICT-2516,Imran Joiya,3300,Toyota Land Cruiser ZX,2024,"House 212, Street 17, Gulbahar, Peshawar"
ICT-6458,A. Kayani,1300,Toyota Corolla GLi,2025,H#319 St-39 CliftonBlock2 Karachi
AFR-7753,Khadija Orakzai,3300,Toyota Land Cruiser ZX,2018,"202-35 Model Town, Lahore"
ICT-5075,Khadija Orakzai,1800,Toyota Corolla Altis,2023,"202-35 Model Town, Lahore"
RIR-1628,Haji Yasir Afridi,1300,Toyota Corolla GLi,2024,"House No. 294, Gali 5, Westridge, Rawalpindi"
AFR-8111,U.Sheikh,800,Suzuki Mehran,2022,مکان 150 گلی 3 University Town Peshawar
AFR-4601,Luqman Saddozai,1300,Toyota Corolla GLi,2018,"113-36 Johar Town, Lahore"
RIR-2179,Javeria Rizvi,1000,Suzuki Cultus,2017,"104-19 Hayatabad Phase 3, Peshawar"
ICT-9477,A. Kayani,3300,Toyota Land Cruiser ZX,2017,H#94 St-26 DGround Faisalabad
AFR-6799,A. Kayani,2700,Toyota Prado TX,2026,H#94 St-26 DGround Faisalabad
LEA-3805,Sajid Ansari,1200,Honda City,2024,"243-21 North Nazimabad, Karachi"
RIR-2294,Sardar Adnan Bukhari,2000,Hyundai Tucson,2017,"House No. 37, Gali 21, DHA Phase 5, Lahore"
ICT-9441,Malik Adnan Bukhari,2700,Toyota Fortuner,2021,"House No. 37, Gali 21, DHA Phase 5, Lahore"
KAR-3731,Malik Usman Sial,2700,Toyota Prado TX,2024,"House No. 172, Gali 17, Clifton Block 2, Karachi"
RIR-5023,Chaudhary Usman Sial,1800,Toyota Corolla Altis,2018,"House No. 172, Gali 17, Clifton Block 2, Karachi"
KAR-6115,Syed Usman Sial,2700,Toyota Prado TX,2020,"House No. 172, Gali 17, Clifton Block 2, Karachi"
KAR-9905,Umar Dar,1500,Honda Civic RS,2017,"House 115, Street 35, Cantt, Multan"
ICT-452,Umar Dar,2000,Mercedes C200,2019,"House 115, Street 35, Cantt, Multan"
LEA-2944,Lubna Mughal,800,Suzuki Mehran,2025,"43-12 B-17, Islamabad"
AFR-5471,Fatima Wazir,2000,Hyundai Tucson,2026,"House 191, Street 35, B-17, Islamabad"
ICT-7715,Haji Naveed Mehsud,1800,Toyota Corolla Altis,2017,"House No. 199, Gali 12, G-10/2, Islamabad"
AFR-1188,Rana Naveed Mehsud,2700,Toyota Prado TX,2020,"House No. 199, Gali 12, G-10/2, Islamabad"
RIR-6348,S. Naqvi,1000,Suzuki Cultus,2019,H#327 St-26 ModelTown Lahore
RIR-3171,N.Awan,1000,Suzuki Cultus,2018,مکان 338 گلی 12 Chaklala Scheme 3 راولپنڈی
RIR-5162,Saad چوہدری,2000,Hyundai Tucson,2019,"9-20 Bahria Phase 4, Rawalpindi"
AFR-1529,Saad چوہدری,3300,Toyota Land Cruiser ZX,2021,"9-20 Bahria Phase 4, Rawalpindi"
LEA-5430,F. Mirza,2000,Hyundai Tucson,2017,H#262 St-37 ShahRukn-e-Alam Multan
ICT-3621,F. Mirza,2000,Hyundai Tucson,2022,H#262 St-37 ShahRukn-e-Alam Multan
LEA-5043,F. Mirza,1800,Toyota Corolla Altis,2025,H#262 St-37 ShahRukn-e-Alam Multan
AFR-6071,Fahad Saddozai,3300,Toyota Land Cruiser ZX,2020,"30-15 Peoples Colony, Faisalabad"
AFR-2405,Fahad Saddozai,2000,Audi e-tron,2020,"30-15 Peoples Colony, Faisalabad"
ICT-5606,Lubna Khan,2700,Toyota Fortuner,2024,"House 179, Street 13, G-10/2, Islamabad"
KAR-9957,Lubna Khan,2000,Mercedes C200,2025,"House 179, Street 13, G-10/2, Islamabad"
KAR-9469,Z.Khan,2700,Toyota Prado TX,2025,مکان 168 گلی 12 DHA Phase 5 لاہور
LEA-6673,Z.Khan,2000,Audi e-tron,2024,مکان 168 گلی 12 DHA Phase 5 لاہور
KAR-8352,G. Zaidi,2000,Mercedes C200,2025,H#214 St-40 Cantt Multan
LEA-7429,G. Zaidi,2700,Toyota Fortuner,2022,H#214 St-40 Cantt Multan
KAR-1394,G. Zaidi,2000,Mercedes C200,2018,H#214 St-40 Cantt Multan
LEA-9069,Kinza Sial,800,Suzuki Mehran,2025,"388-28 Westridge, Rawalpindi"
LEA-5817,A. Yousafzai,2700,Toyota Fortuner,2026,H#110 St-31 DHAPhase6 Karachi
RIR-9051,A. Wazir,2000,Hyundai Tucson,2023,H#103 St-15 PeoplesColony Faisalabad
ICT-7301,A. Wazir,2700,Toyota Prado TX,2020,H#103 St-15 PeoplesColony Faisalabad
LEA-2719,Chaudhary Rida Gondal,2700,Toyota Prado TX,2026,"House No. 237, Gali 39, Johar Town, Lahore"
ICT-7341,Chaudhary Rida Gondal,1500,Honda Civic RS,2026,"House No. 237, Gali 39, Johar Town, Lahore"
AFR-7448,N.Rajput,1800,Toyota Corolla Altis,2026,مکان 49 گلی 3 North Nazimabad کراچی
ICT-554,J.Siddiqui,1800,Toyota Corolla Altis,2026,مکان 215 گلی 38 Wapda Town لاہور
KAR-300,J.Siddiqui,2700,Toyota Fortuner,2019,مکان 215 گلی 38 Wapda Town لاہور
LEA-1954,J.Siddiqui,2700,Toyota Prado TX,2019,مکان 215 گلی 38 Wapda Town لاہور
LEA-2339,Madiha Durrani,2000,Mercedes C200,2023,"193-24 Westridge, Rawalpindi"
RIR-5394,Rashid Tareen,2000,Mercedes C200,2024,"217-38 Madina Town, Faisalabad"
AFR-6498,Rashid Tareen,2700,Toyota Fortuner,2025,"217-38 Madina Town, Faisalabad"
ICT-4167,N.Khan,1800,Toyota Corolla Altis,2018,مکان 235 گلی 20 D Ground Faisalabad
AFR-6778,N.Khan,1500,Honda Civic RS,2018,مکان 235 گلی 20 D Ground Faisalabad
ICT-3107,N. Lodhi,1800,Toyota Corolla Altis,2021,H#100 St-39 G-13/1 Islamabad
LEA-5850,N. Lodhi,2000,Audi e-tron,2020,H#100 St-39 G-13/1 Islamabad
AFR-4004,Ubaid Naqvi,660,Suzuki Alto,2024,"House 106, Street 26, Shah Rukn-e-Alam, Multan"
LEA-1325,Khadija Rizvi,3300,Toyota Land Cruiser ZX,2024,"149-21 I-8/4, Islamabad"
RIR-7943,S.Shirazi,2000,Audi e-tron,2023,مکان 279 گلی 12 G-10/2 اسلام آباد
KAR-2326,S.Shirazi,2700,Toyota Fortuner,2023,مکان 279 گلی 12 G-10/2 اسلام آباد
ICT-5143,S.Shirazi,3300,Toyota Land Cruiser ZX,2018,مکان 279 گلی 12 G-10/2 اسلام آباد
ICT-9859,M.Zaidi,2700,Toyota Prado TX,2018,مکان 285 گلی 13 D Ground Faisalabad
ICT-3124,J. Khan,2000,Mercedes C200,2020,H#109 St-3 G-10/2 Islamabad
RIR-1398,Mian Uzma Dar,1200,Honda City,2023,"House No. 199, Gali 19, I-8/4, Islamabad"
AFR-2041,زینب Wazir,1200,Honda City,2026,"222-29 University Town, Peshawar"
AFR-3120,Rana Zara Siddiqui,660,Suzuki Alto,2021,"House No. 83, Gali 27, Madina Town, Faisalabad"
RIR-8367,Haji Jawad Orakzai,1800,Toyota Corolla Altis,2019,"House No. 119, Gali 18, G-10/2, Islamabad"
KAR-7238,Chaudhary Jawad Orakzai,2000,Hyundai Tucson,2025,"House No. 119, Gali 18, G-10/2, Islamabad"
LEA-357,Bushra Mirza,2000,Audi e-tron,2019,"133-32 Clifton Block 2, Karachi"
KAR-9928,Atif Sandhu,3300,Toyota Land Cruiser ZX,2026,"House 308, Street 28, Peoples Colony, Faisalabad"
AFR-9246,Atif Sandhu,2000,Hyundai Tucson,2023,"House 308, Street 28, Peoples Colony, Faisalabad"
RIR-8138,Atif Sandhu,3300,Toyota Land Cruiser ZX,2025,"House 308, Street 28, Peoples Colony, Faisalabad"
LEA-2100,محمد Saddozai,1300,Toyota Corolla GLi,2025,"66-12 Westridge, Rawalpindi"
RIR-3000,M.Mehsud,2700,Toyota Prado TX,2025,مکان 167 گلی 11 Wapda Town لاہور
ICT-4989,I.Cheema,2000,Mercedes C200,2017,مکان 327 گلی 4 G-13/1 اسلام آباد
LEA-9988,I.Cheema,1500,Honda Civic RS,2025,مکان 327 گلی 4 G-13/1 اسلام آباد
KAR-7273,I.Cheema,1800,Toyota Corolla Altis,2024,مکان 327 گلی 4 G-13/1 اسلام آباد
KAR-1376,S.Rajput,70,Honda CD-70,2020,مکان 327 گلی 14 Chaklala Scheme 3 راولپنڈی
AFR-8666,Hussain Cheema,2700,Toyota Fortuner,2024,"House 262, Street 35, Westridge, Rawalpindi"
ICT-3248,Tariq چوہدری,1800,Toyota Corolla Altis,2017,"123-34 Cantt, Multan"
LEA-4118,Tariq چوہدری,2000,Hyundai Tucson,2022,"123-34 Cantt, Multan"
ICT-4526,Atif Durrani,1500,Honda Civic RS,2025,"263-4 Westridge, Rawalpindi"
RIR-2063,U. Mirza,1500,Honda Civic RS,2017,H#255 St-6 ModelTown Lahore
LEA-9728,U. Mirza,2700,Toyota Fortuner,2020,H#255 St-6 ModelTown Lahore
ICT-8110,O.Gondal,2700,Toyota Fortuner,2017,مکان 70 گلی 38 Westridge راولپنڈی
ICT-5077,O.Gondal,1500,Honda Civic RS,2026,مکان 70 گلی 38 Westridge راولپنڈی
AFR-3424,Ehsan Sheikh,2000,Mercedes C200,2026,"House 295, Street 38, D Ground, Faisalabad"
AFR-806,Ehsan Sheikh,2000,Hyundai Tucson,2019,"House 295, Street 38, D Ground, Faisalabad"
KAR-2305,Ehsan Sheikh,2700,Toyota Prado TX,2023,"House 295, Street 38, D Ground, Faisalabad"
LEA-3234,Ehsan Rajput,70,Honda CD-70,2020,"273-15 Satellite Town, Rawalpindi"
AFR-5565,Bushra Naqvi,1000,Suzuki Cultus,2018,"House 88, Street 19, Gulberg III, Lahore"
AFR-4424,Khadija Sandhu,660,Suzuki Alto,2023,"288-24 DHA Phase 6, Karachi"
AFR-2964,Mian Tooba Shirazi,1200,Honda City,2024,"House No. 42, Gali 30, University Town, Peshawar"
AFR-1061,B. Qureshi,70,Honda CD-70,2025,H#106 St-28 UniversityTown Peshawar
RIR-9235,Chaudhary Tariq Ansari,70,Honda CD-70,2026,"House No. 327, Gali 2, Cantt, Multan"
LEA-5434,Haji Amna Khan,2000,Audi e-tron,2024,"House No. 378, Gali 40, Hayatabad Phase 3, Peshawar"
RIR-2769,Mian Amna Khan,2700,Toyota Fortuner,2018,"House No. 378, Gali 40, Hayatabad Phase 3, Peshawar"
ICT-6112,Syed Amna Khan,2700,Toyota Fortuner,2025,"House No. 378, Gali 40, Hayatabad Phase 3, Peshawar"
AFR-7268,J.Bhatti,3300,Toyota Land Cruiser ZX,2019,مکان 217 گلی 38 Westridge راولپنڈی
LEA-3905,عائشہ Rizvi,3300,Toyota Land Cruiser ZX,2024,"387-30 Hayatabad Phase 3, Peshawar"
AFR-5947,H.Gilani,800,Suzuki Mehran,2019,مکان 6 گلی 16 Satellite Town راولپنڈی
RIR-2537,M.Siddiqui,2000,Audi e-tron,2023,مکان 168 گلی 4 I-8/4 اسلام آباد
KAR-491,Kamran Cheema,1300,Toyota Corolla GLi,2018,"House 255, Street 14, Gulgasht, Multan"
ICT-9334,Saba Cheema,2000,Mercedes C200,2017,"House 385, Street 28, Madina Town, Faisalabad"
AFR-1977,Luqman Virk,1300,Toyota Corolla GLi,2021,"291-12 Westridge, Rawalpindi"
KAR-5596,Atif Afridi,1000,Suzuki Cultus,2020,"275-20 Chaklala Scheme 3, Rawalpindi"
AFR-896,Syed Mahnoor Bhatti,1800,Toyota Corolla Altis,2020,"House No. 12, Gali 37, Hayatabad Phase 3, Peshawar"
KAR-2929,Rana Javeria Tareen,3300,Toyota Land Cruiser ZX,2023,"House No. 311, Gali 1, Gulbahar, Peshawar"
RIR-8569,Rana Javeria Tareen,3300,Toyota Land Cruiser ZX,2020,"House No. 311, Gali 1, Gulbahar, Peshawar"
ICT-468,Mehwish Kazmi,2000,Audi e-tron,2024,"House 164, Street 23, Gulshan-e-Iqbal, Karachi"
AFR-5048,Mehwish Kazmi,1800,Toyota Corolla Altis,2023,"House 164, Street 23, Gulshan-e-Iqbal, Karachi"
KAR-3365,Mehwish Kazmi,1800,Toyota Corolla Altis,2019,"House 164, Street 23, Gulshan-e-Iqbal, Karachi"
ICT-2871,Mustafa Siddiqui,70,Honda CD-70,2025,"House 101, Street 2, Gulshan-e-Iqbal, Karachi"
LEA-4824,Anas Dar,2000,Mercedes C200,2017,"227-23 Madina Town, Faisalabad"
ICT-4647,Anas Dar,1500,Honda Civic RS,2024,"227-23 Madina Town, Faisalabad"
KAR-1658,Umar Kazmi,660,Suzuki Alto,2020,"215-2 Gulbahar, Peshawar"
RIR-5632,Junaid Butt,1500,Honda Civic RS,2026,"House 336, Street 11, DHA Phase 5, Lahore"
AFR-7480,Junaid Butt,2000,Audi e-tron,2020,"House 336, Street 11, DHA Phase 5, Lahore"
ICT-7890,Chaudhary Naveed Khan,3300,Toyota Land Cruiser ZX,2025,"House No. 34, Gali 2, Gulberg III, Lahore"
ICT-6293,Mian Naveed Khan,1500,Honda Civic RS,2025,"House No. 34, Gali 2, Gulberg III, Lahore"
KAR-1698,Mian Naveed Khan,2000,Mercedes C200,2017,"House No. 34, Gali 2, Gulberg III, Lahore"
LEA-2400,Sajid Sandhu,3300,Toyota Land Cruiser ZX,2023,"283-5 Hayatabad Phase 3, Peshawar"
ICT-1955,Sajid Sandhu,2000,Mercedes C200,2026,"283-5 Hayatabad Phase 3, Peshawar"
LEA-196,Sajid Sandhu,1500,Honda Civic RS,2020,"283-5 Hayatabad Phase 3, Peshawar"
RIR-1330,Syed Rashid Tareen,1800,Toyota Corolla Altis,2021,"House No. 239, Gali 2, Wapda Town, Lahore"
LEA-4581,Malik Rashid Tareen,1800,Toyota Corolla Altis,2018,"House No. 239, Gali 2, Wapda Town, Lahore"
RIR-2974,Noman Ansari,1000,Suzuki Cultus,2022,"House 41, Street 32, Chaklala Scheme 3, Rawalpindi"
AFR-8007,S.Tarar,1300,Toyota Corolla GLi,2024,مکان 274 گلی 40 G-10/2 اسلام آباد
RIR-3525,Zeeshan Orakzai,2000,Hyundai Tucson,2023,"House 26, Street 31, DHA Phase 6, Karachi"
KAR-6366,Zeeshan Orakzai,1800,Toyota Corolla Altis,2023,"House 26, Street 31, DHA Phase 6, Karachi"
ICT-3733,Z. Hashmi,1500,Honda Civic RS,2024,H#171 St-37 BahriaPhase4 Rawalpindi
KAR-9615,Z. Hashmi,3300,Toyota Land Cruiser ZX,2020,H#171 St-37 BahriaPhase4 Rawalpindi
RIR-3492,Z. Hashmi,2000,Hyundai Tucson,2022,H#171 St-37 BahriaPhase4 Rawalpindi
RIR-6110,Yousuf چوہدری,70,Honda CD-70,2021,"254-10 Shah Rukn-e-Alam, Multan"
LEA-3907,O.Siddiqui,1500,Honda Civic RS,2017,مکان 292 گلی 11 Clifton Block 2 کراچی
LEA-7577,O.Siddiqui,2000,Audi e-tron,2021,مکان 292 گلی 11 Clifton Block 2 کراچی
RIR-1983,Rida ملک,1000,Suzuki Cultus,2023,"157-29 Madina Town, Faisalabad"
RIR-1334,Pervez Khattak,1300,Toyota Corolla GLi,2025,"162-7 Shah Rukn-e-Alam, Multan"
KAR-6356,L. Niazi,2700,Toyota Fortuner,2019,H#13 St-9 Gulgasht Multan
AFR-5784,L. Niazi,2700,Toyota Fortuner,2020,H#13 St-9 Gulgasht Multan
RIR-117,Nasir Tareen,2000,Audi e-tron,2023,"376-39 Shah Rukn-e-Alam, Multan"
AFR-6259,Nasir Tareen,2000,Hyundai Tucson,2017,"376-39 Shah Rukn-e-Alam, Multan"
KAR-2487,Nasir Tareen,1500,Honda Civic RS,2020,"376-39 Shah Rukn-e-Alam, Multan"
RIR-8261,N. Gilani,3300,Toyota Land Cruiser ZX,2023,H#224 St-20 SatelliteTown Rawalpindi
AFR-6991,Mansoor Shirazi,70,Honda CD-70,2022,"House 66, Street 13, Gulgasht, Multan"
AFR-3097,S. Joiya,1000,Suzuki Cultus,2025,H#81 St-8 G-13/1 Islamabad
ICT-9369,Ahmed Gill,3300,Toyota Land Cruiser ZX,2019,"House 107, Street 14, DHA Phase 5, Lahore"
RIR-3330,Ahmed Gill,2700,Toyota Fortuner,2025,"House 107, Street 14, DHA Phase 5, Lahore"
LEA-7737,Yasir Mirza,1300,Toyota Corolla GLi,2019,"House 207, Street 30, Gulgasht, Multan"
LEA-7487,A. Janjua,1500,Honda Civic RS,2020,H#104 St-30 Westridge Rawalpindi
LEA-2748,A. Janjua,2000,Hyundai Tucson,2021,H#104 St-30 Westridge Rawalpindi
KAR-3710,Yasir بٹ,2000,Mercedes C200,2017,"306-38 G-10/2, Islamabad"
KAR-7421,Malik Noor Janjua,1500,Honda Civic RS,2021,"House No. 50, Gali 34, Clifton Block 2, Karachi"
ICT-4101,Chaudhary Noor Janjua,2700,Toyota Prado TX,2019,"House No. 50, Gali 34, Clifton Block 2, Karachi"
KAR-2381,Haji Noor Janjua,2700,Toyota Prado TX,2017,"House No. 50, Gali 34, Clifton Block 2, Karachi"
LEA-364,Sardar Javeria Kayani,2000,Hyundai Tucson,2019,"House No. 73, Gali 37, Wapda Town, Lahore"
AFR-6021,K. Sandhu,2700,Toyota Fortuner,2020,H#391 St-16 ChaklalaScheme3 Rawalpindi
RIR-6325,K. Sandhu,2000,Mercedes C200,2021,H#391 St-16 ChaklalaScheme3 Rawalpindi
RIR-2582,Mian Zeeshan Sheikh,1500,Honda Civic RS,2024,"House No. 137, Gali 2, Peoples Colony, Faisalabad"
KAR-1384,A.Chaudhry,1500,Honda Civic RS,2025,مکان 353 گلی 21 Gulshan-e-Iqbal کراچی
AFR-2665,A.Chaudhry,2000,Hyundai Tucson,2019,مکان 353 گلی 21 Gulshan-e-Iqbal کراچی
AFR-2600,A.Chaudhry,2000,Hyundai Tucson,2018,مکان 353 گلی 21 Gulshan-e-Iqbal کراچی
LEA-1386,O.Mughal,1500,Honda Civic RS,2019,مکان 233 گلی 2 Chaklala Scheme 3 راولپنڈی
LEA-3864,O.Malik,660,Suzuki Alto,2022,مکان 66 گلی 36 G-10/2 اسلام آباد
KAR-6295,Owais Virk,1300,Toyota Corolla GLi,2022,"House 157, Street 12, Cantt, Multan"
AFR-4167,Luqman ملک,2000,Audi e-tron,2022,"46-22 G-13/1, Islamabad"
RIR-3871,Luqman ملک,1800,Toyota Corolla Altis,2024,"46-22 G-13/1, Islamabad"
KAR-1696,Rida Niazi,3300,Toyota Land Cruiser ZX,2026,"House 133, Street 16, DHA Phase 6, Karachi"
RIR-1765,M.Mughal,2000,Hyundai Tucson,2017,مکان 388 گلی 7 Chaklala Scheme 3 راولپنڈی
AFR-5536,M.Mughal,2700,Toyota Prado TX,2025,مکان 388 گلی 7 Chaklala Scheme 3 راولپنڈی
LEA-5977,M.Mughal,2700,Toyota Fortuner,2019,مکان 388 گلی 7 Chaklala Scheme 3 راولپنڈی
LEA-4593,N. Joiya,800,Suzuki Mehran,2017,H#262 St-18 NorthNazimabad Karachi
KAR-6489,Rana Javeria Lodhi,2700,Toyota Fortuner,2018,"House No. 330, Gali 6, University Town, Peshawar"
RIR-782,Chaudhary Javeria Lodhi,2700,Toyota Prado TX,2024,"House No. 330, Gali 6, University Town, Peshawar"
ICT-1790,Sardar Javeria Lodhi,2000,Audi e-tron,2020,"House No. 330, Gali 6, University Town, Peshawar"
AFR-5631,Chaudhary Hina Abbasi,1500,Honda Civic RS,2025,"House No. 2, Gali 28, DHA Phase 6, Karachi"
RIR-693,Haji Hina Abbasi,3300,Toyota Land Cruiser ZX,2017,"House No. 2, Gali 28, DHA Phase 6, Karachi"
ICT-3281,Ali Warraich,800,Suzuki Mehran,2025,"House 397, Street 2, Gulshan-e-Iqbal, Karachi"
AFR-8752,Jawad Niazi,2000,Hyundai Tucson,2019,"House 43, Street 12, Chaklala Scheme 3, Rawalpindi"
AFR-2443,Jawad Niazi,2000,Audi e-tron,2025,"House 43, Street 12, Chaklala Scheme 3, Rawalpindi"
AFR-4481,M.Saddozai,2000,Audi e-tron,2025,مکان 3 گلی 16 Madina Town Faisalabad
KAR-5470,L.Sheikh,1000,Suzuki Cultus,2022,مکان 142 گلی 3 G-10/2 اسلام آباد
AFR-4565,Asad Tareen,1000,Suzuki Cultus,2026,"House 383, Street 7, Shah Rukn-e-Alam, Multan"
KAR-6759,T.Khokhar,800,Suzuki Mehran,2017,مکان 169 گلی 24 Gulbahar Peshawar
KAR-6342,Haji Shoaib Cheema,3300,Toyota Land Cruiser ZX,2023,"House No. 362, Gali 8, Peoples Colony, Faisalabad"
KAR-5394,G.Shirazi,2700,Toyota Fortuner,2026,مکان 325 گلی 25 Gulbahar Peshawar
AFR-2846,G.Shirazi,1800,Toyota Corolla Altis,2018,مکان 325 گلی 25 Gulbahar Peshawar
KAR-4986,G.Shirazi,1500,Honda Civic RS,2018,مکان 325 گلی 25 Gulbahar Peshawar
KAR-1977,E. Gondal,1800,Toyota Corolla Altis,2022,H#215 St-36 E-11/2 Islamabad
ICT-2647,E. Gondal,1500,Honda Civic RS,2025,H#215 St-36 E-11/2 Islamabad
RIR-3015,N. Bangash,3300,Toyota Land Cruiser ZX,2024,H#181 St-30 MadinaTown Faisalabad
LEA-4072,N. Bangash,2000,Mercedes C200,2019,H#181 St-30 MadinaTown Faisalabad
LEA-2407,N. Bangash,2700,Toyota Prado TX,2017,H#181 St-30 MadinaTown Faisalabad
KAR-4049,Laiba Wazir,2700,Toyota Fortuner,2022,"283-23 University Town, Peshawar"
KAR-9702,Laiba Wazir,2000,Audi e-tron,2025,"283-23 University Town, Peshawar"
ICT-4596,N.Rizvi,1200,Honda City,2023,مکان 296 گلی 9 Hayatabad Phase 3 Peshawar
RIR-5041,J. Chaudhry,1800,Toyota Corolla Altis,2020,H#369 St-24 NorthNazimabad Karachi
ICT-5542,J. Chaudhry,1800,Toyota Corolla Altis,2025,H#369 St-24 NorthNazimabad Karachi
AFR-8127,J. Chaudhry,1500,Honda Civic RS,2021,H#369 St-24 NorthNazimabad Karachi
ICT-8748,W.Hashmi,1300,Toyota Corolla GLi,2024,مکان 394 گلی 10 Gulshan-e-Iqbal کراچی
ICT-1726,Haji Danish Bukhari,800,Suzuki Mehran,2023,"House No. 255, Gali 33, Wapda Town, Lahore"
RIR-8098,F.Shirazi,2000,Audi e-tron,2018,مکان 117 گلی 25 DHA Phase 6 کراچی
KAR-8701,M.Khattak,800,Suzuki Mehran,2025,مکان 247 گلی 4 Hayatabad Phase 3 Peshawar
RIR-9195,H.Malik,2000,Audi e-tron,2022,مکان 227 گلی 19 Hayatabad Phase 3 Peshawar
KAR-8103,H.Malik,2700,Toyota Prado TX,2020,مکان 227 گلی 19 Hayatabad Phase 3 Peshawar
RIR-5206,Luqman شیخ,1300,Toyota Corolla GLi,2025,"171-17 Bahria Phase 4, Rawalpindi"
KAR-6629,Hafsa Dar,2700,Toyota Fortuner,2020,"House 35, Street 14, Westridge, Rawalpindi"
RIR-6865,Hafsa Dar,2700,Toyota Fortuner,2025,"House 35, Street 14, Westridge, Rawalpindi"
LEA-3523,Muhammad Gill,1500,Honda Civic RS,2019,"House 352, Street 34, Hayatabad Phase 3, Peshawar"
ICT-3483,Tariq Bhatti,2000,Hyundai Tucson,2024,"220-17 Madina Town, Faisalabad"
AFR-2987,Faisal Bukhari,800,Suzuki Mehran,2018,"House 124, Street 34, Cantt, Multan"
LEA-948,Shahzad Khokhar,1300,Toyota Corolla GLi,2022,"93-4 Cantt, Multan"
LEA-3722,W.Sandhu,1200,Honda City,2023,مکان 219 گلی 39 Shah Rukn-e-Alam Multan
KAR-1810,Sardar Waqas Yousafzai,1800,Toyota Corolla Altis,2018,"House No. 59, Gali 19, Madina Town, Faisalabad"
LEA-7504,Haji Waqas Yousafzai,1800,Toyota Corolla Altis,2026,"House No. 59, Gali 19, Madina Town, Faisalabad"
LEA-9829,Sardar Waqas Yousafzai,2000,Hyundai Tucson,2017,"House No. 59, Gali 19, Madina Town, Faisalabad"
KAR-9100,O.Gilani,2700,Toyota Fortuner,2022,مکان 8 گلی 7 Gulbahar Peshawar
RIR-2876,O.Gilani,1800,Toyota Corolla Altis,2017,مکان 8 گلی 7 Gulbahar Peshawar
LEA-4746,O.Gilani,2700,Toyota Fortuner,2017,مکان 8 گلی 7 Gulbahar Peshawar
RIR-5272,Malik Imran Sial,2700,Toyota Fortuner,2023,"House No. 37, Gali 29, Peoples Colony, Faisalabad"
LEA-1840,Chaudhary Imran Sial,2000,Hyundai Tucson,2023,"House No. 37, Gali 29, Peoples Colony, Faisalabad"
RIR-3263,Talha Kayani,800,Suzuki Mehran,2026,"296-15 Model Town, Lahore"
RIR-1991,F. Yousafzai,1500,Honda Civic RS,2020,H#282 St-21 Gulgasht Multan
ICT-644,Syed Mubashir Kakar,2700,Toyota Fortuner,2019,"House No. 31, Gali 9, Madina Town, Faisalabad"
AFR-5533,Syed Mubashir Kakar,2000,Hyundai Tucson,2018,"House No. 31, Gali 9, Madina Town, Faisalabad"
RIR-3482,Ubaid Mughal,2000,Mercedes C200,2022,"156-23 D Ground, Faisalabad"
AFR-8302,Ubaid Mughal,2700,Toyota Prado TX,2018,"156-23 D Ground, Faisalabad"
ICT-2085,علی Joiya,2700,Toyota Prado TX,2020,"259-35 Cantt, Multan"
RIR-9465,Syed Ali Mughal,1000,Suzuki Cultus,2023,"House No. 6, Gali 7, G-13/1, Islamabad"
ICT-5694,J.Kakar,2000,Audi e-tron,2026,مکان 122 گلی 40 University Town Peshawar
RIR-4927,J.Kakar,2000,Hyundai Tucson,2022,مکان 122 گلی 40 University Town Peshawar
KAR-7218,K. Gondal,1300,Toyota Corolla GLi,2022,H#179 St-13 BahriaPhase4 Rawalpindi
LEA-6406,E. Mirza,1200,Honda City,2024,H#116 St-26 DHAPhase5 Lahore
LEA-3961,Umar Tareen,2700,Toyota Fortuner,2025,"House 99, Street 11, Hayatabad Phase 3, Peshawar"
KAR-8515,Umar Tareen,1800,Toyota Corolla Altis,2017,"House 99, Street 11, Hayatabad Phase 3, Peshawar"
ICT-3765,Malik Maryam Malik,1000,Suzuki Cultus,2022,"House No. 383, Gali 35, Wapda Town, Lahore"
RIR-336,Waqas Bukhari,2000,Audi e-tron,2017,"House 400, Street 22, E-11/2, Islamabad"
RIR-2037,Waqas Bukhari,1800,Toyota Corolla Altis,2025,"House 400, Street 22, E-11/2, Islamabad"
ICT-5192,Hamza Abbasi,2000,Mercedes C200,2025,"House 206, Street 13, Westridge, Rawalpindi"
LEA-824,Malik Kamran Khan,800,Suzuki Mehran,2024,"House No. 305, Gali 18, DHA Phase 6, Karachi"
LEA-8893,Sardar Shahzad Sial,1300,Toyota Corolla GLi,2021,"House No. 243, Gali 21, University Town, Peshawar"
AFR-203,K.Malik,1500,Honda Civic RS,2019,مکان 62 گلی 29 Madina Town Faisalabad
ICT-4878,Ghulam خان,70,Honda CD-70,2021,"139-14 DHA Phase 5, Lahore"
AFR-2189,S.Joiya,1500,Honda Civic RS,2019,مکان 327 گلی 9 North Nazimabad کراچی
KAR-1045,S.Joiya,2700,Toyota Fortuner,2019,مکان 327 گلی 9 North Nazimabad کراچی
KAR-8962,S.Joiya,2000,Mercedes C200,2022,مکان 327 گلی 9 North Nazimabad کراچی
AFR-9588,Mubashir Kakar,1200,Honda City,2021,"House 253, Street 3, Madina Town, Faisalabad"
AFR-5947,Mian Junaid Kakar,2000,Hyundai Tucson,2022,"House No. 364, Gali 31, Model Town, Lahore"
RIR-1534,Chaudhary Zafar Awan,70,Honda CD-70,2020,"House No. 399, Gali 11, Gulgasht, Multan"
KAR-306,Talha Gill,2700,Toyota Fortuner,2023,"326-26 Gulgasht, Multan"
LEA-8537,Talha Gill,2700,Toyota Prado TX,2020,"326-26 Gulgasht, Multan"
RIR-7871,Talha Gill,2000,Audi e-tron,2025,"326-26 Gulgasht, Multan"
ICT-6952,Rana Mahnoor Tareen,1300,Toyota Corolla GLi,2021,"House No. 331, Gali 1, Johar Town, Lahore"
ICT-2091,I.Gilani,1000,Suzuki Cultus,2020,مکان 305 گلی 1 Peoples Colony Faisalabad
ICT-3027,Chaudhary Usman Awan,800,Suzuki Mehran,2020,"House No. 1, Gali 17, North Nazimabad, Karachi"
RIR-1418,Z. Mirza,800,Suzuki Mehran,2026,H#10 St-15 Cantt Multan
RIR-9214,Sardar Salman Bukhari,2700,Toyota Prado TX,2018,"House No. 3, Gali 3, Westridge, Rawalpindi"
ICT-1399,H.Bhatti,1300,Toyota Corolla GLi,2024,مکان 205 گلی 8 Gulshan-e-Iqbal کراچی
LEA-2704,Irfan Dar,1800,Toyota Corolla Altis,2021,"House 366, Street 23, Gulgasht, Multan"
ICT-4838,Irfan Dar,1800,Toyota Corolla Altis,2026,"House 366, Street 23, Gulgasht, Multan"
AFR-3036,Irfan Dar,3300,Toyota Land Cruiser ZX,2018,"House 366, Street 23, Gulgasht, Multan"
ICT-5781,S. Sial,1300,Toyota Corolla GLi,2020,H#218 St-10 E-11/2 Islamabad
RIR-8247,احمد Khattak,660,Suzuki Alto,2021,"133-19 Gulbahar, Peshawar"
ICT-7926,Luqman Gill,2700,Toyota Prado TX,2021,"60-13 Gulberg III, Lahore"
KAR-872,Luqman Gill,1500,Honda Civic RS,2025,"60-13 Gulberg III, Lahore"
KAR-6167,Z. Tarar,2000,Hyundai Tucson,2023,H#217 St-14 HayatabadPhase3 Peshawar
AFR-3732,Z. Tarar,1500,Honda Civic RS,2026,H#217 St-14 HayatabadPhase3 Peshawar
AFR-3848,Nimra Yousafzai,3300,Toyota Land Cruiser ZX,2020,"House 89, Street 20, Peoples Colony, Faisalabad"
AFR-5047,Owais Lodhi,2000,Hyundai Tucson,2022,"House 40, Street 32, University Town, Peshawar"
LEA-8728,Owais Lodhi,2000,Audi e-tron,2018,"House 40, Street 32, University Town, Peshawar"
KAR-1028,M. Sandhu,2700,Toyota Prado TX,2023,H#194 St-9 Cantt Multan
KAR-6673,M. Sandhu,3300,Toyota Land Cruiser ZX,2024,H#194 St-9 Cantt Multan
LEA-7359,Rana Sana Sial,1500,Honda Civic RS,2021,"House No. 137, Gali 5, Gulgasht, Multan"
LEA-7812,Mian Sana Sial,2700,Toyota Fortuner,2020,"House No. 137, Gali 5, Gulgasht, Multan"
KAR-1832,Haji Sana Sial,1800,Toyota Corolla Altis,2018,"House No. 137, Gali 5, Gulgasht, Multan"
KAR-8298,Saba Bhatti,660,Suzuki Alto,2026,"House 90, Street 6, Gulshan-e-Iqbal, Karachi"
AFR-8253,Zeeshan Mirza,1200,Honda City,2025,"House 259, Street 34, Westridge, Rawalpindi"
AFR-2247,Danish Warraich,2000,Hyundai Tucson,2017,"189-20 Peoples Colony, Faisalabad"
KAR-7862,Danish Warraich,1800,Toyota Corolla Altis,2018,"189-20 Peoples Colony, Faisalabad"
LEA-4531,Danish Warraich,2000,Hyundai Tucson,2025,"189-20 Peoples Colony, Faisalabad"
AFR-4918,I. Abbasi,70,Honda CD-70,2022,H#357 St-11 NorthNazimabad Karachi
LEA-4725,H. Cheema,2000,Mercedes C200,2025,H#362 St-16 F-8/3 Islamabad
LEA-1848,H. Cheema,2000,Hyundai Tucson,2021,H#362 St-16 F-8/3 Islamabad
KAR-9537,H. Warraich,1300,Toyota Corolla GLi,2021,H#341 St-14 NorthNazimabad Karachi
LEA-8982,Sadia Awan,2000,Hyundai Tucson,2021,"House 216, Street 27, Bahria Phase 4, Rawalpindi"
ICT-3414,Sadia Awan,2700,Toyota Fortuner,2019,"House 216, Street 27, Bahria Phase 4, Rawalpindi"
ICT-9048,Fatima Khattak,1500,Honda Civic RS,2018,"House 169, Street 14, Madina Town, Faisalabad"
LEA-1275,S. Afridi,1500,Honda Civic RS,2018,H#344 St-20 DHAPhase5 Lahore
AFR-783,S. Afridi,1500,Honda Civic RS,2026,H#344 St-20 DHAPhase5 Lahore
AFR-2301,S. Afridi,2700,Toyota Fortuner,2019,H#344 St-20 DHAPhase5 Lahore
LEA-2509,Mian Kamran Warraich,1200,Honda City,2019,"House No. 296, Gali 1, Hayatabad Phase 3, Peshawar"
LEA-8220,G. Gilani,2700,Toyota Prado TX,2017,H#82 St-32 Gulbahar Peshawar
ICT-8878,G. Gilani,2700,Toyota Fortuner,2024,H#82 St-32 Gulbahar Peshawar
LEA-6521,D.Khokhar,660,Suzuki Alto,2019,مکان 378 گلی 1 E-11/2 اسلام آباد
ICT-6386,Mahnoor Mirza,660,Suzuki Alto,2019,"106-38 Satellite Town, Rawalpindi"
RIR-9584,M.Mehsud,1500,Honda Civic RS,2024,مکان 355 گلی 2 Gulgasht Multan
KAR-8402,M.Mehsud,2000,Mercedes C200,2019,مکان 355 گلی 2 Gulgasht Multan
ICT-6825,حسن Virk,1300,Toyota Corolla GLi,2022,"33-40 Peoples Colony, Faisalabad"
LEA-4226,Laiba Naqvi,2700,Toyota Fortuner,2026,"House 119, Street 36, Chaklala Scheme 3, Rawalpindi"
AFR-210,Wajahat Durrani,1300,Toyota Corolla GLi,2024,"House 213, Street 31, Peoples Colony, Faisalabad"
ICT-4292,Bushra Gondal,2700,Toyota Fortuner,2018,"House 176, Street 34, Cantt, Multan"
ICT-8005,Bushra Gondal,2700,Toyota Prado TX,2019,"House 176, Street 34, Cantt, Multan"
RIR-8852,Bushra Gondal,3300,Toyota Land Cruiser ZX,2020,"House 176, Street 34, Cantt, Multan"
ICT-764,Z.Kazmi,1000,Suzuki Cultus,2018,مکان 1 گلی 13 I-8/4 اسلام آباد
LEA-6728,Malik Obaid Afridi,3300,Toyota Land Cruiser ZX,2019,"House No. 229, Gali 4, DHA Phase 5, Lahore"
AFR-9458,Malik Obaid Afridi,2000,Audi e-tron,2026,"House No. 229, Gali 4, DHA Phase 5, Lahore"
RIR-480,Sardar Obaid Afridi,3300,Toyota Land Cruiser ZX,2018,"House No. 229, Gali 4, DHA Phase 5, Lahore"
ICT-4664,Mubashir Naqvi,2000,Mercedes C200,2018,"House 339, Street 2, DHA Phase 5, Lahore"
RIR-6166,Uzma Khattak,1000,Suzuki Cultus,2019,"46-5 Gulshan-e-Iqbal, Karachi"
AFR-6348,F. Durrani,1300,Toyota Corolla GLi,2020,H#57 St-11 MadinaTown Faisalabad
LEA-6129,Pervez Baig,2000,Mercedes C200,2023,"144-18 Shah Rukn-e-Alam, Multan"
LEA-8646,Pervez Baig,1800,Toyota Corolla Altis,2018,"144-18 Shah Rukn-e-Alam, Multan"
LEA-6189,Chaudhary Usman Gill,3300,Toyota Land Cruiser ZX,2022,"House No. 358, Gali 28, Johar Town, Lahore"
ICT-4236,Chaudhary Usman Gill,1800,Toyota Corolla Altis,2021,"House No. 358, Gali 28, Johar Town, Lahore"
ICT-136,Chaudhary Usman Gill,2700,Toyota Fortuner,2022,"House No. 358, Gali 28, Johar Town, Lahore"
ICT-5873,K.Niazi,2000,Mercedes C200,2023,مکان 342 گلی 12 Madina Town Faisalabad
KAR-7951,K.Niazi,2000,Hyundai Tucson,2018,مکان 342 گلی 12 Madina Town Faisalabad
RIR-491,J.Tarar,1200,Honda City,2021,مکان 66 گلی 1 D Ground Faisalabad
RIR-4136,R.Zaidi,2000,Mercedes C200,2024,مکان 165 گلی 36 Bahria Phase 4 راولپنڈی
LEA-6594,R.Zaidi,2000,Audi e-tron,2025,مکان 165 گلی 36 Bahria Phase 4 راولپنڈی
KAR-1257,R.Zaidi,2700,Toyota Prado TX,2022,مکان 165 گلی 36 Bahria Phase 4 راولپنڈی
RIR-5955,احمد ملک,70,Honda CD-70,2021,"149-20 G-10/2, Islamabad"
LEA-9603,O.Saddozai,1200,Honda City,2022,مکان 117 گلی 3 Gulgasht Multan
RIR-248,I.Naqvi,2000,Hyundai Tucson,2019,مکان 173 گلی 15 Bahria Phase 4 راولپنڈی
RIR-9159,I.Naqvi,2000,Mercedes C200,2023,مکان 173 گلی 15 Bahria Phase 4 راولپنڈی
AFR-6869,N.Rizvi,2000,Audi e-tron,2025,مکان 44 گلی 31 Satellite Town راولپنڈی
KAR-5484,Hina Sial,1000,Suzuki Cultus,2018,"246-10 Madina Town, Faisalabad"
KAR-5587,Mustafa Kayani,2700,Toyota Fortuner,2021,"84-21 B-17, Islamabad"
AFR-7351,Rana Mahnoor Baig,2000,Audi e-tron,2019,"House No. 100, Gali 14, Madina Town, Faisalabad"
RIR-7335,Mian Mahnoor Baig,2000,Mercedes C200,2025,"House No. 100, Gali 14, Madina Town, Faisalabad"
AFR-8275,Rana Mahnoor Baig,3300,Toyota Land Cruiser ZX,2023,"House No. 100, Gali 14, Madina Town, Faisalabad"
LEA-9321,O. Lodhi,2000,Audi e-tron,2024,H#147 St-36 UniversityTown Peshawar
AFR-9499,Atif Chaudhry,3300,Toyota Land Cruiser ZX,2026,"House 37, Street 31, Gulbahar, Peshawar"
AFR-5403,Haji Bushra Mughal,660,Suzuki Alto,2024,"House No. 304, Gali 23, Gulbahar, Peshawar"
ICT-7488,Hussain Shirazi,3300,Toyota Land Cruiser ZX,2024,"House 286, Street 23, Hayatabad Phase 3, Peshawar"
LEA-2132,Hussain Shirazi,2000,Audi e-tron,2024,"House 286, Street 23, Hayatabad Phase 3, Peshawar"
RIR-7980,A. Kazmi,2700,Toyota Fortuner,2019,H#284 St-26 WapdaTown Lahore
AFR-129,A. Kazmi,1500,Honda Civic RS,2017,H#284 St-26 WapdaTown Lahore
AFR-3123,A. Kazmi,2000,Hyundai Tucson,2019,H#284 St-26 WapdaTown Lahore
ICT-658,Mansoor Bhatti,1500,Honda Civic RS,2021,"House 47, Street 25, Chaklala Scheme 3, Rawalpindi"
KAR-2762,I.Orakzai,2000,Mercedes C200,2023,مکان 277 گلی 19 Peoples Colony Faisalabad
ICT-6943,I.Orakzai,1800,Toyota Corolla Altis,2022,مکان 277 گلی 19 Peoples Colony Faisalabad
AFR-3928,Nasir Janjua,1200,Honda City,2020,"House 58, Street 39, Satellite Town, Rawalpindi"
AFR-3070,Waqas Abbasi,800,Suzuki Mehran,2024,"House 116, Street 39, I-8/4, Islamabad"
AFR-8543,Madiha Lodhi,2000,Hyundai Tucson,2022,"372-4 Model Town, Lahore"
KAR-4555,Madiha Lodhi,2000,Mercedes C200,2017,"372-4 Model Town, Lahore"
KAR-2835,Z.Virk,660,Suzuki Alto,2023,مکان 317 گلی 37 Cantt Multan
KAR-7948,L. Tarar,660,Suzuki Alto,2022,H#93 St-16 Westridge Rawalpindi
LEA-8485,N. Saddozai,2000,Audi e-tron,2017,H#379 St-35 CliftonBlock2 Karachi
KAR-6364,M.Janjua,2700,Toyota Prado TX,2026,مکان 190 گلی 3 Clifton Block 2 کراچی
KAR-1998,M.Janjua,2000,Hyundai Tucson,2025,مکان 190 گلی 3 Clifton Block 2 کراچی
RIR-1036,M.Janjua,3300,Toyota Land Cruiser ZX,2017,مکان 190 گلی 3 Clifton Block 2 کراچی
RIR-8910,N. Rizvi,660,Suzuki Alto,2020,H#6 St-14 PeoplesColony Faisalabad
AFR-4019,Haji Tooba Malik,1500,Honda Civic RS,2019,"House No. 70, Gali 2, Chaklala Scheme 3, Rawalpindi"
AFR-1180,H. Zaidi,2000,Mercedes C200,2026,H#288 St-8 B-17 Islamabad
LEA-3039,H. Zaidi,2700,Toyota Fortuner,2024,H#288 St-8 B-17 Islamabad
ICT-1008,H. Zaidi,2700,Toyota Fortuner,2017,H#288 St-8 B-17 Islamabad
KAR-7185,زینب Sial,800,Suzuki Mehran,2025,"6-19 E-11/2, Islamabad"
KAR-9005,Ghulam Chaudhry,660,Suzuki Alto,2020,"House 187, Street 2, Wapda Town, Lahore"
LEA-3655,Amna شیخ,2000,Audi e-tron,2024,"92-17 Johar Town, Lahore"
ICT-1732,R.Kayani,70,Honda CD-70,2017,مکان 193 گلی 17 B-17 اسلام آباد
ICT-2464,K. Sheikh,3300,Toyota Land Cruiser ZX,2024,H#64 St-37 ModelTown Lahore
LEA-1225,K. Sheikh,3300,Toyota Land Cruiser ZX,2024,H#64 St-37 ModelTown Lahore
RIR-2536,K. Sheikh,2700,Toyota Prado TX,2022,H#64 St-37 ModelTown Lahore
LEA-3234,M. Bangash,1000,Suzuki Cultus,2020,H#220 St-22 DHAPhase6 Karachi
LEA-1692,A. Kayani,3300,Toyota Land Cruiser ZX,2021,H#287 St-30 Gulgasht Multan
AFR-3455,A. Kayani,1500,Honda Civic RS,2023,H#287 St-30 Gulgasht Multan
ICT-8276,A. Kayani,2700,Toyota Fortuner,2025,H#287 St-30 Gulgasht Multan
ICT-6805,Y.Saddozai,800,Suzuki Mehran,2022,مکان 243 گلی 6 Shah Rukn-e-Alam Multan
AFR-5122,Mian Rabia Ansari,1300,Toyota Corolla GLi,2023,"House No. 309, Gali 24, Satellite Town, Rawalpindi"
KAR-9001,J. Bangash,1300,Toyota Corolla GLi,2022,H#246 St-14 DGround Faisalabad
ICT-7670,T. Kayani,1800,Toyota Corolla Altis,2024,H#243 St-16 Westridge Rawalpindi
ICT-1235,T. Kayani,2700,Toyota Fortuner,2021,H#243 St-16 Westridge Rawalpindi
ICT-6468,T. Kayani,2000,Audi e-tron,2023,H#243 St-16 Westridge Rawalpindi
KAR-1888,Zara Abbasi,3300,Toyota Land Cruiser ZX,2018,"123-12 F-8/3, Islamabad"
ICT-2382,Zara Abbasi,2700,Toyota Prado TX,2017,"123-12 F-8/3, Islamabad"
ICT-632,A. Wazir,3300,Toyota Land Cruiser ZX,2020,H#303 St-34 G-13/1 Islamabad
ICT-8921,Haris Zaidi,2000,Audi e-tron,2020,"House 16, Street 1, Satellite Town, Rawalpindi"
AFR-4612,Haris Zaidi,1800,Toyota Corolla Altis,2024,"House 16, Street 1, Satellite Town, Rawalpindi"
KAR-847,S.Durrani,1000,Suzuki Cultus,2022,مکان 66 گلی 32 Hayatabad Phase 3 Peshawar
KAR-5348,Pervez Durrani,1000,Suzuki Cultus,2017,"18-26 D Ground, Faisalabad"
LEA-708,Chaudhary Mubashir Awan,1000,Suzuki Cultus,2026,"House No. 44, Gali 3, Shah Rukn-e-Alam, Multan"
LEA-3383,Ali Mehsud,2700,Toyota Fortuner,2024,"House 243, Street 24, Shah Rukn-e-Alam, Multan"
ICT-7877,Uzma Bukhari,1800,Toyota Corolla Altis,2018,"268-14 Satellite Town, Rawalpindi"
LEA-8579,Uzma Bukhari,2700,Toyota Fortuner,2024,"268-14 Satellite Town, Rawalpindi"
AFR-6293,Uzma Bukhari,1800,Toyota Corolla Altis,2026,"268-14 Satellite Town, Rawalpindi"
AFR-5933,Lubna Lodhi,2700,Toyota Fortuner,2024,"House 40, Street 17, Gulbahar, Peshawar"
RIR-6647,Saqib خان,1300,Toyota Corolla GLi,2018,"306-14 University Town, Peshawar"
RIR-7066,S. Bukhari,660,Suzuki Alto,2022,H#52 St-9 ModelTown Lahore
LEA-2097,E. Warraich,1800,Toyota Corolla Altis,2025,H#383 St-33 ShahRukn-e-Alam Multan
KAR-7840,N.Joiya,1300,Toyota Corolla GLi,2021,مکان 280 گلی 31 D Ground Faisalabad
AFR-7007,Luqman Orakzai,2000,Audi e-tron,2026,"103-17 B-17, Islamabad"
KAR-1579,Luqman Orakzai,2000,Mercedes C200,2024,"103-17 B-17, Islamabad"
LEA-5408,Luqman Orakzai,3300,Toyota Land Cruiser ZX,2021,"103-17 B-17, Islamabad"
LEA-1535,I.Rizvi,1500,Honda Civic RS,2023,مکان 201 گلی 2 University Town Peshawar
KAR-3353,I.Rizvi,3300,Toyota Land Cruiser ZX,2021,مکان 201 گلی 2 University Town Peshawar
KAR-7843,Rabia Kakar,660,Suzuki Alto,2022,"99-35 University Town, Peshawar"
AFR-530,Atif Gill,2700,Toyota Prado TX,2019,"351-33 Model Town, Lahore"
RIR-1531,Atif Gill,2000,Hyundai Tucson,2023,"351-33 Model Town, Lahore"
KAR-7348,A. Bhatti,1800,Toyota Corolla Altis,2018,H#253 St-23 UniversityTown Peshawar
KAR-5087,A. Bhatti,1800,Toyota Corolla Altis,2020,H#253 St-23 UniversityTown Peshawar
AFR-7195,M.Sheikh,2000,Audi e-tron,2018,مکان 173 گلی 34 North Nazimabad کراچی
KAR-9104,M.Sheikh,1500,Honda Civic RS,2020,مکان 173 گلی 34 North Nazimabad کراچی
ICT-3009,M.Sheikh,2000,Audi e-tron,2025,مکان 173 گلی 34 North Nazimabad کراچی
AFR-4707,Pervez Virk,1300,Toyota Corolla GLi,2017,"House 167, Street 7, Gulberg III, Lahore"
LEA-523,Mahnoor Yousafzai,70,Honda CD-70,2019,"3-10 Gulshan-e-Iqbal, Karachi"
RIR-9360,Rida Sheikh,1200,Honda City,2021,"House 377, Street 35, D Ground, Faisalabad"
AFR-9900,Chaudhary Farah Bukhari,2000,Mercedes C200,2022,"House No. 395, Gali 28, G-13/1, Islamabad"
KAR-9912,Malik Farah Bukhari,2000,Mercedes C200,2017,"House No. 395, Gali 28, G-13/1, Islamabad"
KAR-4010,Haji Hina Khan,2000,Hyundai Tucson,2023,"House No. 22, Gali 30, Gulberg III, Lahore"
RIR-2739,Rana Hina Khan,2700,Toyota Fortuner,2025,"House No. 22, Gali 30, Gulberg III, Lahore"
KAR-497,Haji Hina Khan,2700,Toyota Fortuner,2025,"House No. 22, Gali 30, Gulberg III, Lahore"
KAR-3699,A. Gilani,3300,Toyota Land Cruiser ZX,2020,H#328 St-15 ModelTown Lahore
LEA-5481,A. Gilani,2700,Toyota Prado TX,2021,H#328 St-15 ModelTown Lahore
LEA-1077,A. Gilani,3300,Toyota Land Cruiser ZX,2026,H#328 St-15 ModelTown Lahore
RIR-1028,Naveed Wazir,660,Suzuki Alto,2019,"House 87, Street 40, Clifton Block 2, Karachi"
RIR-3342,Danish Raja,1200,Honda City,2017,"House 308, Street 9, Wapda Town, Lahore"
KAR-1735,Wajahat Baig,3300,Toyota Land Cruiser ZX,2025,"79-3 University Town, Peshawar"
KAR-7981,Q.Malik,2000,Hyundai Tucson,2017,مکان 185 گلی 36 Gulgasht Multan
RIR-5604,Q.Malik,2000,Mercedes C200,2017,مکان 185 گلی 36 Gulgasht Multan
ICT-6157,Q.Malik,1800,Toyota Corolla Altis,2021,مکان 185 گلی 36 Gulgasht Multan
KAR-800,B.Khattak,1800,Toyota Corolla Altis,2017,مکان 191 گلی 6 Cantt Multan
ICT-7842,B.Khattak,3300,Toyota Land Cruiser ZX,2024,مکان 191 گلی 6 Cantt Multan
KAR-4341,Syed Rashid Virk,660,Suzuki Alto,2020,"House No. 175, Gali 37, University Town, Peshawar"
LEA-6930,Chaudhary Naveed Khokhar,1000,Suzuki Cultus,2021,"House No. 113, Gali 31, Cantt, Multan"
LEA-5912,Junaid Gondal,3300,Toyota Land Cruiser ZX,2025,"19-28 Clifton Block 2, Karachi"
RIR-4796,Junaid Gondal,2000,Audi e-tron,2024,"19-28 Clifton Block 2, Karachi"
KAR-1157,Junaid Gondal,2700,Toyota Prado TX,2022,"19-28 Clifton Block 2, Karachi"
RIR-7994,Mahnoor Naqvi,3300,Toyota Land Cruiser ZX,2018,"277-40 G-13/1, Islamabad"
AFR-8557,Mahnoor Naqvi,2700,Toyota Prado TX,2026,"277-40 G-13/1, Islamabad"
LEA-5380,K.Chaudhry,2000,Audi e-tron,2024,مکان 309 گلی 4 Model Town لاہور
ICT-6548,K.Chaudhry,2000,Hyundai Tucson,2019,مکان 309 گلی 4 Model Town لاہور
ICT-9909,Madiha Afridi,2700,Toyota Prado TX,2024,"House 208, Street 36, DHA Phase 6, Karachi"
AFR-7062,Rana Noman Naqvi,2000,Audi e-tron,2017,"House No. 9, Gali 31, F-8/3, Islamabad"
KAR-1419,Chaudhary Noman Naqvi,1800,Toyota Corolla Altis,2020,"House No. 9, Gali 31, F-8/3, Islamabad"
ICT-5785,Sardar Noman Naqvi,2700,Toyota Fortuner,2026,"House No. 9, Gali 31, F-8/3, Islamabad"
AFR-8264,Nasir Virk,2000,Mercedes C200,2025,"19-8 Gulgasht, Multan"
LEA-4832,Nasir Virk,2700,Toyota Fortuner,2024,"19-8 Gulgasht, Multan"
KAR-2420,Nasir Virk,2700,Toyota Prado TX,2020,"19-8 Gulgasht, Multan"
LEA-5951,M.Zaidi,2000,Mercedes C200,2017,مکان 284 گلی 39 Westridge راولپنڈی
LEA-9507,M.Zaidi,2000,Mercedes C200,2017,مکان 284 گلی 39 Westridge راولپنڈی
LEA-3507,M. Tarar,1800,Toyota Corolla Altis,2025,H#374 St-15 Gulbahar Peshawar
AFR-9837,M. Tarar,3300,Toyota Land Cruiser ZX,2018,H#374 St-15 Gulbahar Peshawar
ICT-2186,M. Tarar,2700,Toyota Prado TX,2018,H#374 St-15 Gulbahar Peshawar
RIR-5888,Sufyan Janjua,1000,Suzuki Cultus,2022,"393-11 Cantt, Multan"
KAR-1513,H. Kakar,3300,Toyota Land Cruiser ZX,2021,H#347 St-3 ModelTown Lahore
RIR-5261,H. Kakar,2000,Mercedes C200,2025,H#347 St-3 ModelTown Lahore
RIR-1523,A. Sheikh,1500,Honda Civic RS,2017,H#275 St-29 Westridge Rawalpindi
ICT-7544,A. Sheikh,1500,Honda Civic RS,2022,H#275 St-29 Westridge Rawalpindi
KAR-3977,K. Afridi,2700,Toyota Prado TX,2020,H#317 St-29 NorthNazimabad Karachi
ICT-4029,K. Afridi,2000,Mercedes C200,2024,H#317 St-29 NorthNazimabad Karachi
LEA-8909,Q. Durrani,1800,Toyota Corolla Altis,2026,H#153 St-2 UniversityTown Peshawar
LEA-3436,Q. Durrani,2000,Mercedes C200,2018,H#153 St-2 UniversityTown Peshawar
ICT-1235,Q. Durrani,2000,Audi e-tron,2025,H#153 St-2 UniversityTown Peshawar
AFR-5234,A. Kazmi,3300,Toyota Land Cruiser ZX,2022,H#61 St-23 Cantt Multan
RIR-1247,A. Kazmi,2000,Mercedes C200,2024,H#61 St-23 Cantt Multan
KAR-4305,A. Kazmi,2700,Toyota Prado TX,2018,H#61 St-23 Cantt Multan
ICT-480,Malik Bushra Joiya,2700,Toyota Prado TX,2024,"House No. 261, Gali 26, Satellite Town, Rawalpindi"
AFR-2316,Syed Babar Zaidi,1300,Toyota Corolla GLi,2022,"House No. 329, Gali 11, Gulberg III, Lahore"
LEA-3679,Kamran Zaidi,1000,Suzuki Cultus,2019,"House 276, Street 16, Gulberg III, Lahore"
RIR-2327,Mubashir Mirza,2000,Mercedes C200,2025,"242-17 University Town, Peshawar"
ICT-7086,Mubashir Mirza,1500,Honda Civic RS,2018,"242-17 University Town, Peshawar"
RIR-6173,Mubashir Mirza,1800,Toyota Corolla Altis,2017,"242-17 University Town, Peshawar"
AFR-637,Zainab Mirza,1300,Toyota Corolla GLi,2018,"House 322, Street 32, Cantt, Multan"
LEA-5682,Z.Gondal,1200,Honda City,2023,مکان 141 گلی 31 University Town Peshawar
RIR-9522,Taimoor Mirza,2700,Toyota Prado TX,2019,"66-38 B-17, Islamabad"
KAR-698,Taimoor Mirza,1800,Toyota Corolla Altis,2020,"66-38 B-17, Islamabad"
LEA-8303,Taimoor Mirza,2700,Toyota Prado TX,2022,"66-38 B-17, Islamabad"
ICT-5088,Nadia Baig,2700,Toyota Prado TX,2025,"232-30 North Nazimabad, Karachi"
LEA-6922,Muhammad Awan,70,Honda CD-70,2020,"House 124, Street 18, Model Town, Lahore"
KAR-880,Sardar Sajid Yousafzai,1200,Honda City,2024,"House No. 21, Gali 5, D Ground, Faisalabad"
AFR-440,M.Gill,1200,Honda City,2019,مکان 9 گلی 7 D Ground Faisalabad
ICT-1405,Mehwish Afridi,1000,Suzuki Cultus,2017,"House 299, Street 11, Gulberg III, Lahore"
ICT-8627,S.Niazi,1800,Toyota Corolla Altis,2020,مکان 14 گلی 14 Peoples Colony Faisalabad
LEA-1733,S.Niazi,2700,Toyota Prado TX,2022,مکان 14 گلی 14 Peoples Colony Faisalabad
ICT-5861,Kamran Durrani,1300,Toyota Corolla GLi,2018,"139-19 Cantt, Multan"
KAR-5495,Hina Naqvi,2700,Toyota Prado TX,2025,"House 110, Street 5, Gulshan-e-Iqbal, Karachi"
RIR-9804,Sufyan Hashmi,2700,Toyota Fortuner,2018,"218-7 Shah Rukn-e-Alam, Multan"
AFR-7263,عائشہ شیخ,800,Suzuki Mehran,2026,"371-35 G-10/2, Islamabad"
RIR-9263,Atif Raja,2000,Audi e-tron,2018,"House 118, Street 28, I-8/4, Islamabad"
ICT-6807,Atif Raja,1500,Honda Civic RS,2024,"House 118, Street 28, I-8/4, Islamabad"
LEA-6010,M. Zaidi,2700,Toyota Prado TX,2021,H#234 St-7 G-13/1 Islamabad
AFR-5286,M. Zaidi,2700,Toyota Fortuner,2025,H#234 St-7 G-13/1 Islamabad
ICT-9595,M. Zaidi,2000,Mercedes C200,2026,H#234 St-7 G-13/1 Islamabad
ICT-8394,Mian Haris Janjua,3300,Toyota Land Cruiser ZX,2019,"House No. 37, Gali 24, Gulbahar, Peshawar"
ICT-4842,Mian Haris Janjua,2000,Mercedes C200,2025,"House No. 37, Gali 24, Gulbahar, Peshawar"
AFR-2201,Syed Haris Janjua,3300,Toyota Land Cruiser ZX,2023,"House No. 37, Gali 24, Gulbahar, Peshawar"
ICT-4621,Sardar Talha Baig,660,Suzuki Alto,2018,"House No. 258, Gali 28, F-8/3, Islamabad"
LEA-3283,Sardar Junaid Mirza,1500,Honda Civic RS,2020,"House No. 50, Gali 19, Cantt, Multan"
LEA-3731,Sardar Junaid Mirza,2700,Toyota Prado TX,2023,"House No. 50, Gali 19, Cantt, Multan"
LEA-5924,Uzma Ansari,2700,Toyota Prado TX,2017,"House 265, Street 25, Johar Town, Lahore"
KAR-3852,O.Mehsud,1300,Toyota Corolla GLi,2019,مکان 65 گلی 14 Gulberg III لاہور
LEA-1622,Bilal Durrani,1200,Honda City,2026,"House 183, Street 16, Gulbahar, Peshawar"
ICT-4855,W.Wazir,800,Suzuki Mehran,2017,مکان 327 گلی 24 D Ground Faisalabad
KAR-6411,Babar Orakzai,3300,Toyota Land Cruiser ZX,2021,"House 207, Street 24, Westridge, Rawalpindi"
LEA-6453,Rana Waqas Sandhu,70,Honda CD-70,2020,"House No. 328, Gali 33, Hayatabad Phase 3, Peshawar"
ICT-1365,Yousuf Sandhu,70,Honda CD-70,2026,"House 208, Street 38, Bahria Phase 4, Rawalpindi"
LEA-8572,M.Sial,1200,Honda City,2019,مکان 342 گلی 15 Shah Rukn-e-Alam Multan
ICT-2077,S.Cheema,70,Honda CD-70,2018,مکان 79 گلی 19 Cantt Multan
KAR-8343,Rida Rizvi,1300,Toyota Corolla GLi,2018,"House 290, Street 31, Chaklala Scheme 3, Rawalpindi"
AFR-6055,G. Kazmi,1200,Honda City,2024,H#202 St-33 G-10/2 Islamabad
LEA-1766,Noman Rajput,1500,Honda Civic RS,2022,"31-31 Westridge, Rawalpindi"
AFR-8121,I. Warraich,3300,Toyota Land Cruiser ZX,2025,H#304 St-20 HayatabadPhase3 Peshawar
ICT-4856,K.Afridi,2700,Toyota Fortuner,2021,مکان 360 گلی 19 Westridge راولپنڈی
KAR-133,K.Afridi,2700,Toyota Fortuner,2026,مکان 360 گلی 19 Westridge راولپنڈی
ICT-2287,Mian Khadija Bukhari,800,Suzuki Mehran,2021,"House No. 6, Gali 14, Shah Rukn-e-Alam, Multan"
AFR-1672,Farah Siddiqui,3300,Toyota Land Cruiser ZX,2021,"House 360, Street 25, Westridge, Rawalpindi"
LEA-5339,Farah Siddiqui,1800,Toyota Corolla Altis,2026,"House 360, Street 25, Westridge, Rawalpindi"
RIR-3406,O.Mehsud,800,Suzuki Mehran,2017,مکان 112 گلی 22 Peoples Colony Faisalabad
LEA-8750,A.Mughal,1800,Toyota Corolla Altis,2020,مکان 15 گلی 8 Wapda Town لاہور
AFR-5402,A.Mughal,1800,Toyota Corolla Altis,2025,مکان 15 گلی 8 Wapda Town لاہور
AFR-8256,U.Gondal,1300,Toyota Corolla GLi,2017,مکان 140 گلی 14 Chaklala Scheme 3 راولپنڈی
KAR-8782,W. Rizvi,1800,Toyota Corolla Altis,2022,H#145 St-3 HayatabadPhase3 Peshawar
AFR-9949,W. Rizvi,2000,Hyundai Tucson,2018,H#145 St-3 HayatabadPhase3 Peshawar
LEA-3145,W. Rizvi,3300,Toyota Land Cruiser ZX,2024,H#145 St-3 HayatabadPhase3 Peshawar
AFR-9731,S. Kayani,2000,Hyundai Tucson,2026,H#108 St-21 SatelliteTown Rawalpindi
AFR-1612,Chaudhary Anas Siddiqui,660,Suzuki Alto,2024,"House No. 362, Gali 7, Bahria Phase 4, Rawalpindi"
LEA-1929,Z.Sial,2000,Mercedes C200,2018,مکان 123 گلی 36 Satellite Town راولپنڈی
LEA-9150,Haji Tariq Cheema,1000,Suzuki Cultus,2018,"House No. 27, Gali 27, Chaklala Scheme 3, Rawalpindi"
RIR-7574,F. Cheema,2000,Mercedes C200,2022,H#90 St-32 ChaklalaScheme3 Rawalpindi
LEA-8788,Noor Chaudhry,2700,Toyota Prado TX,2022,"House 299, Street 35, Shah Rukn-e-Alam, Multan"
AFR-7615,T. Afridi,800,Suzuki Mehran,2018,H#234 St-10 Cantt Multan
ICT-7375,Shoaib خان,1800,Toyota Corolla Altis,2026,"261-27 University Town, Peshawar"
LEA-9674,Malik Muhammad Khan,2000,Hyundai Tucson,2024,"House No. 210, Gali 35, Shah Rukn-e-Alam, Multan"
AFR-3515,Rana Muhammad Khan,2000,Mercedes C200,2019,"House No. 210, Gali 35, Shah Rukn-e-Alam, Multan"
LEA-4781,Malik Muhammad Khan,1500,Honda Civic RS,2024,"House No. 210, Gali 35, Shah Rukn-e-Alam, Multan"
AFR-4678,Y. Bhatti,660,Suzuki Alto,2017,H#270 St-13 HayatabadPhase3 Peshawar
RIR-7244,Lubna Siddiqui,800,Suzuki Mehran,2019,"House 342, Street 2, Chaklala Scheme 3, Rawalpindi"
RIR-2086,Uzma Naqvi,2000,Audi e-tron,2017,"House 4, Street 28, Peoples Colony, Faisalabad"
ICT-8539,Nimra Mirza,1300,Toyota Corolla GLi,2021,"169-16 Gulbahar, Peshawar"
ICT-4775,Zeeshan Khattak,1300,Toyota Corolla GLi,2023,"241-36 Gulberg III, Lahore"
RIR-1131,A.Gill,3300,Toyota Land Cruiser ZX,2024,مکان 304 گلی 37 Gulshan-e-Iqbal کراچی
ICT-9826,A.Gill,2700,Toyota Prado TX,2020,مکان 304 گلی 37 Gulshan-e-Iqbal کراچی
KAR-1012,A.Gill,2700,Toyota Prado TX,2017,مکان 304 گلی 37 Gulshan-e-Iqbal کراچی
RIR-7485,محمد Tarar,2700,Toyota Prado TX,2021,"291-4 Madina Town, Faisalabad"
AFR-7832,A. Virk,800,Suzuki Mehran,2020,H#25 St-25 B-17 Islamabad
AFR-5075,J. Joiya,1000,Suzuki Cultus,2017,H#205 St-21 G-10/2 Islamabad
AFR-9535,Mian Bushra Zaidi,2700,Toyota Fortuner,2017,"House No. 301, Gali 36, I-8/4, Islamabad"
ICT-592,Malik Bushra Zaidi,2700,Toyota Prado TX,2025,"House No. 301, Gali 36, I-8/4, Islamabad"
ICT-9893,U. Rajput,1300,Toyota Corolla GLi,2020,H#316 St-40 ShahRukn-e-Alam Multan
KAR-7173,Anas Ansari,800,Suzuki Mehran,2021,"House 273, Street 19, DHA Phase 5, Lahore"
AFR-3694,Sardar Fatima Khan,2000,Audi e-tron,2025,"House No. 141, Gali 6, Hayatabad Phase 3, Peshawar"
ICT-6395,Sardar Fatima Khan,1800,Toyota Corolla Altis,2023,"House No. 141, Gali 6, Hayatabad Phase 3, Peshawar"
AFR-5338,Sardar Fatima Khan,2000,Mercedes C200,2021,"House No. 141, Gali 6, Hayatabad Phase 3, Peshawar"
AFR-657,Saad Hashmi,1000,Suzuki Cultus,2023,"8-11 Madina Town, Faisalabad"
RIR-6790,S. Wazir,800,Suzuki Mehran,2021,H#346 St-39 ChaklalaScheme3 Rawalpindi
AFR-8338,Chaudhary Tooba Rizvi,660,Suzuki Alto,2020,"House No. 269, Gali 25, Hayatabad Phase 3, Peshawar"
RIR-1729,L.Sial,660,Suzuki Alto,2025,مکان 354 گلی 40 DHA Phase 6 کراچی
RIR-571,W.Shirazi,660,Suzuki Alto,2022,مکان 14 گلی 20 Bahria Phase 4 راولپنڈی
AFR-1381,H.Gill,1200,Honda City,2018,مکان 303 گلی 12 Cantt Multan
RIR-4660,M. Rizvi,1500,Honda Civic RS,2026,H#4 St-12 UniversityTown Peshawar
RIR-4325,Sardar Amna Janjua,2000,Hyundai Tucson,2022,"House No. 109, Gali 24, Cantt, Multan"
RIR-1144,Syed Amna Janjua,1500,Honda Civic RS,2021,"House No. 109, Gali 24, Cantt, Multan"
ICT-786,Malik Amna Janjua,1500,Honda Civic RS,2022,"House No. 109, Gali 24, Cantt, Multan"
ICT-2748,Imran Khan,660,Suzuki Alto,2017,"House 12, Street 12, B-17, Islamabad"
KAR-120,Ehsan Virk,660,Suzuki Alto,2026,"347-18 Gulgasht, Multan"
KAR-8350,Muhammad Durrani,1800,Toyota Corolla Altis,2019,"House 117, Street 1, DHA Phase 6, Karachi"
ICT-7329,Muhammad Durrani,1500,Honda Civic RS,2018,"House 117, Street 1, DHA Phase 6, Karachi"
LEA-7285,Muhammad Durrani,2700,Toyota Prado TX,2018,"House 117, Street 1, DHA Phase 6, Karachi"
ICT-8834,Z.Afridi,2000,Mercedes C200,2017,مکان 274 گلی 5 North Nazimabad کراچی
AFR-2101,Z.Afridi,1500,Honda Civic RS,2020,مکان 274 گلی 5 North Nazimabad کراچی
ICT-7197,Malik Yasir Joiya,2700,Toyota Prado TX,2017,"House No. 61, Gali 40, B-17, Islamabad"
KAR-4133,Mian Yasir Joiya,2000,Audi e-tron,2020,"House No. 61, Gali 40, B-17, Islamabad"
AFR-8833,Sardar Yasir Joiya,1500,Honda Civic RS,2017,"House No. 61, Gali 40, B-17, Islamabad"
LEA-4526,Uzma Tareen,2700,Toyota Prado TX,2018,"House 65, Street 2, Clifton Block 2, Karachi"
AFR-9963,Uzma Tareen,1800,Toyota Corolla Altis,2025,"House 65, Street 2, Clifton Block 2, Karachi"
KAR-3658,Uzma Tareen,2000,Hyundai Tucson,2021,"House 65, Street 2, Clifton Block 2, Karachi"
LEA-7389,O.Wazir,1500,Honda Civic RS,2025,مکان 320 گلی 4 B-17 اسلام آباد
KAR-3659,U. Kazmi,1800,Toyota Corolla Altis,2025,H#113 St-32 ModelTown Lahore
LEA-9038,Haji Usman Malik,2000,Audi e-tron,2025,"House No. 233, Gali 22, Cantt, Multan"
KAR-9036,Rashid Kayani,1200,Honda City,2018,"House 307, Street 33, Gulshan-e-Iqbal, Karachi"
LEA-8411,Madiha Kayani,2000,Audi e-tron,2017,"338-36 E-11/2, Islamabad"
RIR-3993,Madiha Kayani,2000,Mercedes C200,2026,"338-36 E-11/2, Islamabad"
AFR-3105,Mansoor Mirza,1300,Toyota Corolla GLi,2019,"228-15 Westridge, Rawalpindi"
ICT-3010,Saqib Gill,1500,Honda Civic RS,2025,"House 251, Street 24, Bahria Phase 4, Rawalpindi"
KAR-6203,Nadeem Naqvi,1300,Toyota Corolla GLi,2021,"302-28 Gulshan-e-Iqbal, Karachi"
KAR-7364,Hamza Malik,70,Honda CD-70,2021,"House 321, Street 9, Model Town, Lahore"
KAR-5979,Moiz Judge,3300,Toyota Land Cruiser ZX,2022,"House 12, Street 4, F-8/3, Islamabad"
KAR-1870,Moiz Judge,2700,Toyota Fortuner,2024,"House 12, Street 4, F-8/3, Islamabad"
AFR-4217,عائشہ احمد,2000,Audi e-tron,2025,"12-4 F-8/3, Islamabad"
AFR-7361,عائشہ احمد,1800,Toyota Corolla Altis,2024,"12-4 F-8/3, Islamabad"
RIR-8068,s.haseeb,3300,Toyota Land Cruiser ZX,2024,مکان 12 گلی 4 F-8/3 اسلام آباد
LEA-787,s. Ahmed,1500,Honda Civic RS,2022,H#12 St-4 F-8/3 Islamabad
AFR-6635,s. Ahmed,2000,Audi e-tron,2018,H#12 St-4 F-8/3 Islamabad
RIR-4616,s. Ahmed,2000,Audi e-tron,2022,H#12 St-4 F-8/3 Islamabad
AFR-8159,Sardar Maryam Siddiqui,2000,Hyundai Tucson,2024,"House No. 141, Gali 16, B-17, Islamabad"
ICT-7332,P. Mirza,2000,Audi e-tron,2024,H#80 St-13 NorthNazimabad Karachi
ICT-1028,P. Mirza,2700,Toyota Prado TX,2022,H#80 St-13 NorthNazimabad Karachi
ICT-9484,Iqra Dar,1800,Toyota Corolla Altis,2022,"House 161, Street 16, Gulgasht, Multan"
LEA-8786,Rehan Sandhu,2000,Hyundai Tucson,2017,"House 225, Street 35, Johar Town, Lahore"
AFR-5326,Chaudhary Fahad Qureshi,2000,Hyundai Tucson,2021,"House No. 60, Gali 7, Chaklala Scheme 3, Rawalpindi"
LEA-4132,H. Gill,3300,Toyota Land Cruiser ZX,2019,H#342 St-7 BahriaPhase4 Rawalpindi
KAR-6859,H. Gill,1800,Toyota Corolla Altis,2022,H#342 St-7 BahriaPhase4 Rawalpindi
LEA-3099,H. Gill,2000,Mercedes C200,2022,H#342 St-7 BahriaPhase4 Rawalpindi
RIR-3150,F.Bukhari,2000,Audi e-tron,2026,مکان 292 گلی 40 Gulshan-e-Iqbal کراچی
AFR-9554,F.Bukhari,1500,Honda Civic RS,2025,مکان 292 گلی 40 Gulshan-e-Iqbal کراچی
LEA-496,F.Bukhari,2000,Mercedes C200,2017,مکان 292 گلی 40 Gulshan-e-Iqbal کراچی
AFR-3071,S.Warraich,1800,Toyota Corolla Altis,2024,مکان 277 گلی 32 Wapda Town لاہور
RIR-8148,Z. Yousafzai,2700,Toyota Fortuner,2017,H#333 St-6 ShahRukn-e-Alam Multan
AFR-6693,Z. Yousafzai,2000,Hyundai Tucson,2018,H#333 St-6 ShahRukn-e-Alam Multan
AFR-6446,Nadia Naqvi,2000,Audi e-tron,2020,"88-12 DHA Phase 6, Karachi"
ICT-1869,Nadia Naqvi,3300,Toyota Land Cruiser ZX,2021,"88-12 DHA Phase 6, Karachi"
KAR-5321,Nadia Naqvi,2000,Hyundai Tucson,2024,"88-12 DHA Phase 6, Karachi"
LEA-9404,K.Qureshi,2000,Hyundai Tucson,2018,مکان 366 گلی 6 University Town Peshawar
KAR-9751,Malik Mansoor Shirazi,2000,Audi e-tron,2024,"House No. 159, Gali 36, Cantt, Multan"
LEA-5729,Haji Mansoor Shirazi,2000,Mercedes C200,2026,"House No. 159, Gali 36, Cantt, Multan"
KAR-7290,Sardar Mansoor Shirazi,2000,Hyundai Tucson,2018,"House No. 159, Gali 36, Cantt, Multan"
KAR-4326,Sana Gondal,2700,Toyota Prado TX,2025,"40-19 Bahria Phase 4, Rawalpindi"
ICT-2355,Sana Gondal,2700,Toyota Fortuner,2019,"40-19 Bahria Phase 4, Rawalpindi"
AFR-5289,Naveed Janjua,1500,Honda Civic RS,2019,"192-15 Clifton Block 2, Karachi"
LEA-2774,Naveed Janjua,2000,Mercedes C200,2025,"192-15 Clifton Block 2, Karachi"
KAR-8271,S. Abbasi,2000,Hyundai Tucson,2023,H#1 St-40 ModelTown Lahore
RIR-1581,S. Abbasi,2000,Hyundai Tucson,2024,H#1 St-40 ModelTown Lahore
AFR-7117,S. Abbasi,3300,Toyota Land Cruiser ZX,2019,H#1 St-40 ModelTown Lahore
KAR-1005,R. Naqvi,2000,Mercedes C200,2021,H#260 St-36 DGround Faisalabad
ICT-120,R. Naqvi,1500,Honda Civic RS,2023,H#260 St-36 DGround Faisalabad
KAR-5748,R. Naqvi,2700,Toyota Fortuner,2017,H#260 St-36 DGround Faisalabad
AFR-9552,Tooba قریشی,2700,Toyota Fortuner,2017,"301-16 D Ground, Faisalabad"
AFR-3926,Tooba قریشی,3300,Toyota Land Cruiser ZX,2021,"301-16 D Ground, Faisalabad"
RIR-8631,Tooba قریشی,2000,Hyundai Tucson,2022,"301-16 D Ground, Faisalabad"
KAR-5331,I.Kayani,3300,Toyota Land Cruiser ZX,2020,مکان 8 گلی 22 Cantt Multan
RIR-184,I.Kayani,1800,Toyota Corolla Altis,2017,مکان 8 گلی 22 Cantt Multan
LEA-141,I.Kayani,2000,Audi e-tron,2022,مکان 8 گلی 22 Cantt Multan
AFR-5968,Pervez Yousafzai,2000,Mercedes C200,2022,"House 69, Street 31, Bahria Phase 4, Rawalpindi"
ICT-185,Pervez Yousafzai,1800,Toyota Corolla Altis,2024,"House 69, Street 31, Bahria Phase 4, Rawalpindi"
KAR-8050,Nimra Durrani,2700,Toyota Prado TX,2019,"192-25 Shah Rukn-e-Alam, Multan"
LEA-9076,Zara Naqvi,2000,Mercedes C200,2018,"House 154, Street 18, Westridge, Rawalpindi"
ICT-5467,Zara Naqvi,1500,Honda Civic RS,2024,"House 154, Street 18, Westridge, Rawalpindi"
KAR-1918,Zara Naqvi,2000,Mercedes C200,2025,"House 154, Street 18, Westridge, Rawalpindi"
ICT-1665,Fahad Janjua,1800,Toyota Corolla Altis,2019,"House 170, Street 6, Johar Town, Lahore"
KAR-9545,Fahad Janjua,1800,Toyota Corolla Altis,2022,"House 170, Street 6, Johar Town, Lahore"
AFR-6237,Rana Bilal Tarar,2000,Hyundai Tucson,2023,"House No. 185, Gali 35, Peoples Colony, Faisalabad"
LEA-786,Rana Bilal Tarar,2000,Mercedes C200,2020,"House No. 185, Gali 35, Peoples Colony, Faisalabad"
KAR-8873,Kashif Warraich,2700,Toyota Fortuner,2018,"296-18 DHA Phase 6, Karachi"
LEA-153,Kashif Warraich,2000,Audi e-tron,2023,"296-18 DHA Phase 6, Karachi"
AFR-3496,Kashif Warraich,2000,Audi e-tron,2026,"296-18 DHA Phase 6, Karachi"
LEA-1000,Chaudhary Kamran Shirazi,2000,Mercedes C200,2019,"House No. 338, Gali 20, DHA Phase 5, Lahore"
AFR-1866,Syed Kamran Shirazi,2000,Audi e-tron,2018,"House No. 338, Gali 20, DHA Phase 5, Lahore"
ICT-2160,Sardar Kamran Shirazi,2000,Audi e-tron,2022,"House No. 338, Gali 20, DHA Phase 5, Lahore"
KAR-8001,Mian Hafsa Siddiqui,3300,Toyota Land Cruiser ZX,2018,"House No. 172, Gali 28, Hayatabad Phase 3, Peshawar"
RIR-9072,F.Niazi,2700,Toyota Prado TX,2022,مکان 272 گلی 16 F-8/3 اسلام آباد
LEA-1326,F.Niazi,1800,Toyota Corolla Altis,2019,مکان 272 گلی 16 F-8/3 اسلام آباد
ICT-3592,Ayesha Naqvi,2700,Toyota Prado TX,2021,"House 235, Street 6, Gulshan-e-Iqbal, Karachi"
ICT-1195,Ayesha Naqvi,2000,Audi e-tron,2026,"House 235, Street 6, Gulshan-e-Iqbal, Karachi"
AFR-5737,Ayesha Naqvi,2000,Audi e-tron,2020,"House 235, Street 6, Gulshan-e-Iqbal, Karachi"
AFR-3764,N. Yousafzai,2000,Audi e-tron,2017,H#175 St-12 BahriaPhase4 Rawalpindi
AFR-3769,M. Sial,2000,Audi e-tron,2018,H#250 St-21 Gulbahar Peshawar
LEA-8733,M. Sial,2700,Toyota Fortuner,2026,H#250 St-21 Gulbahar Peshawar
ICT-6799,Laiba Malik,2000,Audi e-tron,2023,"House 54, Street 5, Gulberg III, Lahore"
ICT-2303,Laiba Malik,2000,Audi e-tron,2023,"House 54, Street 5, Gulberg III, Lahore"
RIR-1867,Laiba Malik,3300,Toyota Land Cruiser ZX,2020,"House 54, Street 5, Gulberg III, Lahore"
LEA-4628,Laiba Khattak,2700,Toyota Prado TX,2019,"House 20, Street 12, North Nazimabad, Karachi"
LEA-4609,Laiba Khattak,1800,Toyota Corolla Altis,2022,"House 20, Street 12, North Nazimabad, Karachi"
RIR-7360,A.Orakzai,2700,Toyota Prado TX,2022,مکان 121 گلی 1 Gulshan-e-Iqbal کراچی
AFR-5461,A.Orakzai,2000,Mercedes C200,2017,مکان 121 گلی 1 Gulshan-e-Iqbal کراچی
KAR-2056,T.Cheema,2000,Audi e-tron,2021,مکان 24 گلی 38 E-11/2 اسلام آباد
ICT-6570,T.Cheema,3300,Toyota Land Cruiser ZX,2017,مکان 24 گلی 38 E-11/2 اسلام آباد
AFR-698,Khadija Orakzai,1500,Honda Civic RS,2025,"House 365, Street 36, Madina Town, Faisalabad"
LEA-3235,Khadija Orakzai,1800,Toyota Corolla Altis,2018,"House 365, Street 36, Madina Town, Faisalabad"
KAR-3034,Khadija Orakzai,2000,Mercedes C200,2017,"House 365, Street 36, Madina Town, Faisalabad"
AFR-4891,Chaudhary Yousuf Tareen,2700,Toyota Fortuner,2019,"House No. 184, Gali 29, Peoples Colony, Faisalabad"
RIR-4302,K.Mughal,3300,Toyota Land Cruiser ZX,2024,مکان 70 گلی 26 Peoples Colony Faisalabad
RIR-7312,K.Mughal,1800,Toyota Corolla Altis,2021,مکان 70 گلی 26 Peoples Colony Faisalabad
KAR-7041,Atif چوہدری,2700,Toyota Prado TX,2022,"102-38 DHA Phase 5, Lahore"
LEA-2916,Arsalan Yousafzai,2000,Mercedes C200,2023,"163-32 F-8/3, Islamabad"
AFR-4088,Luqman Khokhar,2700,Toyota Prado TX,2024,"House 397, Street 20, Gulshan-e-Iqbal, Karachi"
LEA-1626,U. Mughal,2000,Hyundai Tucson,2018,H#12 St-16 ShahRukn-e-Alam Multan
KAR-4555,U. Mughal,1500,Honda Civic RS,2022,H#12 St-16 ShahRukn-e-Alam Multan
AFR-2007,M.Mughal,3300,Toyota Land Cruiser ZX,2023,مکان 265 گلی 26 Johar Town لاہور
RIR-4182,M.Mughal,2700,Toyota Fortuner,2019,مکان 265 گلی 26 Johar Town لاہور
LEA-5693,Sardar Fatima Malik,2700,Toyota Prado TX,2018,"House No. 77, Gali 39, Westridge, Rawalpindi"
ICT-7414,Rana Fatima Malik,1500,Honda Civic RS,2018,"House No. 77, Gali 39, Westridge, Rawalpindi"
KAR-6114,Luqman راجہ,1800,Toyota Corolla Altis,2019,"279-27 Wapda Town, Lahore"
RIR-4151,Tooba Rajput,3300,Toyota Land Cruiser ZX,2024,"46-5 Madina Town, Faisalabad"
AFR-6590,Tooba Rajput,2000,Audi e-tron,2025,"46-5 Madina Town, Faisalabad"
RIR-6196,S.Siddiqui,2700,Toyota Prado TX,2021,مکان 236 گلی 21 Gulgasht Multan
ICT-4322,زینب راجہ,2000,Hyundai Tucson,2021,"238-10 Gulshan-e-Iqbal, Karachi"
AFR-1840,زینب راجہ,3300,Toyota Land Cruiser ZX,2021,"238-10 Gulshan-e-Iqbal, Karachi"
LEA-5843,Noor Awan,3300,Toyota Land Cruiser ZX,2020,"House 327, Street 30, DHA Phase 5, Lahore"
KAR-3838,Noor Awan,1500,Honda Civic RS,2017,"House 327, Street 30, DHA Phase 5, Lahore"
AFR-7159,F.Yousafzai,2700,Toyota Fortuner,2026,مکان 127 گلی 16 Gulgasht Multan
AFR-5573,F.Yousafzai,2000,Audi e-tron,2023,مکان 127 گلی 16 Gulgasht Multan
AFR-2447,F.Yousafzai,2000,Hyundai Tucson,2024,مکان 127 گلی 16 Gulgasht Multan
RIR-7271,Javeria Wazir,2700,Toyota Fortuner,2026,"188-23 North Nazimabad, Karachi"
RIR-5585,L.Gill,3300,Toyota Land Cruiser ZX,2017,مکان 320 گلی 10 Madina Town Faisalabad
RIR-8710,L.Gill,2000,Hyundai Tucson,2026,مکان 320 گلی 10 Madina Town Faisalabad
RIR-8196,Bilal Butt,1500,Honda Civic RS,2026,"House 171, Street 32, Chaklala Scheme 3, Rawalpindi"
RIR-3756,Sardar Zubair Saddozai,2000,Hyundai Tucson,2021,"House No. 369, Gali 21, University Town, Peshawar"
ICT-2406,Chaudhary Zubair Saddozai,3300,Toyota Land Cruiser ZX,2020,"House No. 369, Gali 21, University Town, Peshawar"
KAR-7911,Javeria چوہدری,3300,Toyota Land Cruiser ZX,2019,"16-22 Chaklala Scheme 3, Rawalpindi"
LEA-1530,Khalid Mehsud,1800,Toyota Corolla Altis,2020,"350-3 Wapda Town, Lahore"
KAR-9350,Khalid Mehsud,2000,Mercedes C200,2025,"350-3 Wapda Town, Lahore"
KAR-2179,Khalid Mehsud,1800,Toyota Corolla Altis,2021,"350-3 Wapda Town, Lahore"
RIR-8631,U.Shirazi,3300,Toyota Land Cruiser ZX,2018,مکان 307 گلی 8 Cantt Multan
ICT-9855,Irfan Khattak,2000,Mercedes C200,2021,"317-3 E-11/2, Islamabad"
KAR-7298,Irfan Khattak,2000,Hyundai Tucson,2022,"317-3 E-11/2, Islamabad"
KAR-9951,I. Janjua,2000,Hyundai Tucson,2025,H#304 St-38 ShahRukn-e-Alam Multan
KAR-7020,Salman Hashmi,2700,Toyota Fortuner,2025,"382-24 G-13/1, Islamabad"
KAR-4314,Salman Hashmi,2000,Hyundai Tucson,2023,"382-24 G-13/1, Islamabad"
LEA-5761,Salman Hashmi,3300,Toyota Land Cruiser ZX,2022,"382-24 G-13/1, Islamabad"
KAR-3208,Sardar Ibrahim Mehsud,1500,Honda Civic RS,2024,"House No. 196, Gali 39, F-8/3, Islamabad"
LEA-4772,Haji Ibrahim Mehsud,1500,Honda Civic RS,2019,"House No. 196, Gali 39, F-8/3, Islamabad"
AFR-4278,Syed Ibrahim Mehsud,2000,Mercedes C200,2022,"House No. 196, Gali 39, F-8/3, Islamabad"
AFR-5552,F. Warraich,2000,Audi e-tron,2019,H#264 St-30 WapdaTown Lahore
LEA-9783,K.Sandhu,2700,Toyota Prado TX,2018,مکان 47 گلی 26 Gulgasht Multan
AFR-2982,K.Sandhu,2000,Audi e-tron,2024,مکان 47 گلی 26 Gulgasht Multan
KAR-4726,حسن Khattak,1800,Toyota Corolla Altis,2021,"379-4 Peoples Colony, Faisalabad"
KAR-2594,حسن Khattak,3300,Toyota Land Cruiser ZX,2021,"379-4 Peoples Colony, Faisalabad"
ICT-3232,حسن Khattak,2000,Hyundai Tucson,2017,"379-4 Peoples Colony, Faisalabad"
KAR-8123,A. Durrani,1500,Honda Civic RS,2017,H#378 St-21 Gulbahar Peshawar
AFR-1798,A. Durrani,1500,Honda Civic RS,2017,H#378 St-21 Gulbahar Peshawar
ICT-3039,Saqib Chaudhry,2000,Mercedes C200,2024,"House 243, Street 8, Model Town, Lahore"
LEA-6072,Mustafa Dar,3300,Toyota Land Cruiser ZX,2026,"342-31 DHA Phase 5, Lahore"
RIR-3994,Mustafa Dar,2000,Hyundai Tucson,2017,"342-31 DHA Phase 5, Lahore"
ICT-9592,N.Niazi,2000,Mercedes C200,2021,مکان 286 گلی 4 Bahria Phase 4 راولپنڈی
AFR-8406,N.Niazi,2000,Hyundai Tucson,2024,مکان 286 گلی 4 Bahria Phase 4 راولپنڈی
KAR-5924,Lubna Sandhu,1800,Toyota Corolla Altis,2018,"363-29 Chaklala Scheme 3, Rawalpindi"
LEA-4649,A. Butt,1800,Toyota Corolla Altis,2022,H#377 St-18 ShahRukn-e-Alam Multan
AFR-138,I.Cheema,1800,Toyota Corolla Altis,2019,مکان 171 گلی 34 Hayatabad Phase 3 Peshawar
RIR-651,I.Cheema,1500,Honda Civic RS,2022,مکان 171 گلی 34 Hayatabad Phase 3 Peshawar
LEA-2625,I.Cheema,1500,Honda Civic RS,2022,مکان 171 گلی 34 Hayatabad Phase 3 Peshawar
LEA-8407,Babar قریشی,2700,Toyota Fortuner,2021,"287-4 Cantt, Multan"
RIR-9754,Babar قریشی,3300,Toyota Land Cruiser ZX,2025,"287-4 Cantt, Multan"
RIR-8376,Shahzad Wazir,2000,Mercedes C200,2019,"House 233, Street 25, Peoples Colony, Faisalabad"
AFR-4336,Shahzad Wazir,2000,Audi e-tron,2024,"House 233, Street 25, Peoples Colony, Faisalabad"
RIR-3812,Mansoor Awan,1800,Toyota Corolla Altis,2019,"256-23 DHA Phase 5, Lahore"
LEA-6827,Mansoor Awan,1800,Toyota Corolla Altis,2026,"256-23 DHA Phase 5, Lahore"
RIR-5342,Malik Mahnoor Hashmi,2000,Hyundai Tucson,2021,"House No. 27, Gali 10, F-8/3, Islamabad"
LEA-3945,Chaudhary Mahnoor Hashmi,1800,Toyota Corolla Altis,2026,"House No. 27, Gali 10, F-8/3, Islamabad"
RIR-2901,Haji Mahnoor Hashmi,3300,Toyota Land Cruiser ZX,2025,"House No. 27, Gali 10, F-8/3, Islamabad"
KAR-775,R. Cheema,2700,Toyota Prado TX,2022,H#101 St-10 Westridge Rawalpindi
ICT-531,R. Cheema,1800,Toyota Corolla Altis,2018,H#101 St-10 Westridge Rawalpindi
RIR-6640,R. Cheema,3300,Toyota Land Cruiser ZX,2019,H#101 St-10 Westridge Rawalpindi
RIR-2801,عمران Bukhari,2000,Hyundai Tucson,2021,"7-8 Cantt, Multan"
RIR-5381,عمران Bukhari,2000,Mercedes C200,2019,"7-8 Cantt, Multan"
RIR-6857,M. Cheema,1500,Honda Civic RS,2025,H#295 St-39 HayatabadPhase3 Peshawar
RIR-2481,Syed Hussain Awan,2000,Hyundai Tucson,2025,"House No. 150, Gali 10, North Nazimabad, Karachi"
KAR-2487,Chaudhary Hussain Awan,1800,Toyota Corolla Altis,2017,"House No. 150, Gali 10, North Nazimabad, Karachi"
ICT-5284,S. Lodhi,2000,Hyundai Tucson,2019,H#49 St-38 Gulgasht Multan
RIR-4761,H.Virk,2000,Hyundai Tucson,2017,مکان 127 گلی 5 G-13/1 اسلام آباد
AFR-5001,H.Virk,2700,Toyota Fortuner,2020,مکان 127 گلی 5 G-13/1 اسلام آباد
LEA-7923,H.Virk,1500,Honda Civic RS,2020,مکان 127 گلی 5 G-13/1 اسلام آباد
AFR-9814,Iqra Afridi,2000,Hyundai Tucson,2024,"House 374, Street 16, G-10/2, Islamabad"
ICT-9450,Haji Nadeem Yousafzai,2000,Hyundai Tucson,2020,"House No. 27, Gali 25, Satellite Town, Rawalpindi"
RIR-1602,P.Tarar,2000,Mercedes C200,2020,مکان 25 گلی 12 Chaklala Scheme 3 راولپنڈی
RIR-6425,T.Sandhu,1500,Honda Civic RS,2020,مکان 108 گلی 38 Chaklala Scheme 3 راولپنڈی
LEA-8431,T.Sandhu,2700,Toyota Prado TX,2025,مکان 108 گلی 38 Chaklala Scheme 3 راولپنڈی
AFR-4280,Amna Bukhari,1800,Toyota Corolla Altis,2023,"99-29 Cantt, Multan"
ICT-3945,Salman Gill,2700,Toyota Prado TX,2022,"329-35 North Nazimabad, Karachi"
RIR-7944,M.Sial,1800,Toyota Corolla Altis,2025,مکان 28 گلی 14 DHA Phase 6 کراچی
AFR-1017,M.Sial,2700,Toyota Fortuner,2018,مکان 28 گلی 14 DHA Phase 6 کراچی
RIR-4227,M.Sial,2700,Toyota Prado TX,2019,مکان 28 گلی 14 DHA Phase 6 کراچی
AFR-3885,A.Mughal,1500,Honda Civic RS,2020,مکان 182 گلی 37 Shah Rukn-e-Alam Multan
AFR-8744,A.Mughal,3300,Toyota Land Cruiser ZX,2022,مکان 182 گلی 37 Shah Rukn-e-Alam Multan
RIR-1517,A.Mughal,1800,Toyota Corolla Altis,2025,مکان 182 گلی 37 Shah Rukn-e-Alam Multan
RIR-5787,Owais Bhatti,2000,Audi e-tron,2018,"House 48, Street 2, Satellite Town, Rawalpindi"
RIR-3348,Owais Bhatti,1800,Toyota Corolla Altis,2026,"House 48, Street 2, Satellite Town, Rawalpindi"
KAR-7138,Owais Bhatti,2000,Audi e-tron,2023,"House 48, Street 2, Satellite Town, Rawalpindi"
RIR-6205,Haji Hassan Siddiqui,2000,Audi e-tron,2020,"House No. 39, Gali 17, I-8/4, Islamabad"
AFR-4680,Sardar Hassan Siddiqui,2700,Toyota Prado TX,2022,"House No. 39, Gali 17, I-8/4, Islamabad"
KAR-4901,Z.Wazir,1500,Honda Civic RS,2024,مکان 165 گلی 31 Gulshan-e-Iqbal کراچی
ICT-3718,H. Rizvi,1800,Toyota Corolla Altis,2024,H#130 St-24 ModelTown Lahore
AFR-2679,H. Rizvi,1800,Toyota Corolla Altis,2021,H#130 St-24 ModelTown Lahore
LEA-6743,H. Rizvi,3300,Toyota Land Cruiser ZX,2020,H#130 St-24 ModelTown Lahore
KAR-760,Sardar Hina Mehsud,2000,Mercedes C200,2022,"House No. 270, Gali 12, Madina Town, Faisalabad"
LEA-4398,N. Gondal,1800,Toyota Corolla Altis,2019,H#80 St-20 Gulgasht Multan
KAR-5524,R. Baig,2700,Toyota Prado TX,2021,H#149 St-19 NorthNazimabad Karachi
ICT-9495,M. Chaudhry,2000,Mercedes C200,2022,H#279 St-14 I-8/4 Islamabad
AFR-4320,Uzma Kazmi,2000,Audi e-tron,2021,"House 105, Street 21, F-8/3, Islamabad"
KAR-5993,K. Malik,1500,Honda Civic RS,2022,H#185 St-22 WapdaTown Lahore
RIR-3272,K. Malik,2700,Toyota Prado TX,2026,H#185 St-22 WapdaTown Lahore
AFR-2593,E. Tareen,2700,Toyota Fortuner,2020,H#241 St-7 DGround Faisalabad
ICT-1930,E. Tareen,2700,Toyota Fortuner,2020,H#241 St-7 DGround Faisalabad
AFR-7587,E. Tareen,2700,Toyota Prado TX,2021,H#241 St-7 DGround Faisalabad
KAR-8352,Atif Bukhari,3300,Toyota Land Cruiser ZX,2017,"56-3 D Ground, Faisalabad"
RIR-8354,Atif Bukhari,2000,Mercedes C200,2025,"56-3 D Ground, Faisalabad"
KAR-6493,Umar Sandhu,2000,Mercedes C200,2022,"House 233, Street 25, Gulgasht, Multan"
LEA-4472,Umar Sandhu,1800,Toyota Corolla Altis,2017,"House 233, Street 25, Gulgasht, Multan"
RIR-2153,Umar Sandhu,2700,Toyota Fortuner,2019,"House 233, Street 25, Gulgasht, Multan"
KAR-9525,Faisal Kayani,2700,Toyota Fortuner,2017,"House 324, Street 38, Madina Town, Faisalabad"
RIR-5239,Faisal Kayani,2000,Mercedes C200,2024,"House 324, Street 38, Madina Town, Faisalabad"
AFR-8825,S. Abbasi,1800,Toyota Corolla Altis,2020,H#43 St-7 Gulbahar Peshawar
ICT-7760,M. Durrani,3300,Toyota Land Cruiser ZX,2020,H#320 St-26 GulbergIII Lahore
LEA-7691,Uzma Khan,2000,Hyundai Tucson,2019,"House 18, Street 18, Madina Town, Faisalabad"
LEA-2599,Zara Malik,2000,Audi e-tron,2018,"House 242, Street 39, Gulbahar, Peshawar"
RIR-973,Zara Malik,2000,Mercedes C200,2022,"House 242, Street 39, Gulbahar, Peshawar"
RIR-238,Zara Malik,1500,Honda Civic RS,2019,"House 242, Street 39, Gulbahar, Peshawar"
LEA-5825,I. Khokhar,2000,Audi e-tron,2025,H#47 St-12 G-10/2 Islamabad
ICT-4444,Tooba Shirazi,2700,Toyota Prado TX,2020,"189-24 Bahria Phase 4, Rawalpindi"
AFR-7702,Tooba Shirazi,2700,Toyota Prado TX,2021,"189-24 Bahria Phase 4, Rawalpindi"
AFR-4744,Tooba Shirazi,2700,Toyota Prado TX,2022,"189-24 Bahria Phase 4, Rawalpindi"
ICT-8251,Rashid Khattak,2700,Toyota Fortuner,2022,"222-8 Cantt, Multan"
ICT-2007,Rashid Khattak,2700,Toyota Prado TX,2021,"222-8 Cantt, Multan"
RIR-8918,Rashid Khattak,2700,Toyota Fortuner,2018,"222-8 Cantt, Multan"
AFR-9905,Adnan Warraich,1800,Toyota Corolla Altis,2018,"140-1 Chaklala Scheme 3, Rawalpindi"
KAR-9317,Adnan Warraich,3300,Toyota Land Cruiser ZX,2018,"140-1 Chaklala Scheme 3, Rawalpindi"
AFR-4554,Waseem Mirza,1500,Honda Civic RS,2019,"172-30 G-13/1, Islamabad"
LEA-602,Rana Talha Awan,2000,Hyundai Tucson,2022,"House No. 16, Gali 14, DHA Phase 5, Lahore"
LEA-381,Chaudhary Junaid Niazi,2000,Hyundai Tucson,2017,"House No. 133, Gali 24, Satellite Town, Rawalpindi"
AFR-6185,N. Joiya,1800,Toyota Corolla Altis,2019,H#127 St-16 DGround Faisalabad
KAR-9662,N. Joiya,2700,Toyota Fortuner,2026,H#127 St-16 DGround Faisalabad
ICT-7481,Kinza Yousafzai,2700,Toyota Prado TX,2025,"166-11 Bahria Phase 4, Rawalpindi"
RIR-8730,Chaudhary Tooba Tarar,1500,Honda Civic RS,2019,"House No. 234, Gali 18, Johar Town, Lahore"
RIR-3391,Mian Tooba Tarar,1500,Honda Civic RS,2018,"House No. 234, Gali 18, Johar Town, Lahore"
ICT-975,Mian Tooba Tarar,2000,Audi e-tron,2021,"House No. 234, Gali 18, Johar Town, Lahore"
LEA-5316,Bushra Kazmi,1800,Toyota Corolla Altis,2026,"265-8 D Ground, Faisalabad"
RIR-4345,Bushra Kazmi,1800,Toyota Corolla Altis,2023,"265-8 D Ground, Faisalabad"
ICT-8652,B. Qureshi,1800,Toyota Corolla Altis,2025,H#391 St-34 ShahRukn-e-Alam Multan
AFR-7872,B. Qureshi,2000,Audi e-tron,2019,H#391 St-34 ShahRukn-e-Alam Multan
LEA-5339,M. Kazmi,3300,Toyota Land Cruiser ZX,2019,H#262 St-13 Westridge Rawalpindi
RIR-6797,Sardar Kamran Warraich,2000,Mercedes C200,2022,"House No. 379, Gali 38, B-17, Islamabad"
ICT-2113,Syed Kamran Warraich,2700,Toyota Fortuner,2019,"House No. 379, Gali 38, B-17, Islamabad"
AFR-7571,Malik Kamran Warraich,2700,Toyota Fortuner,2020,"House No. 379, Gali 38, B-17, Islamabad"
KAR-6095,فاطمہ Kayani,2700,Toyota Fortuner,2020,"7-7 DHA Phase 5, Lahore"
ICT-7495,فاطمہ Kayani,1800,Toyota Corolla Altis,2022,"7-7 DHA Phase 5, Lahore"
LEA-5946,فاطمہ Kayani,1800,Toyota Corolla Altis,2025,"7-7 DHA Phase 5, Lahore"
ICT-7632,M.Naqvi,2000,Hyundai Tucson,2024,مکان 102 گلی 32 Westridge راولپنڈی
RIR-5884,M.Naqvi,2000,Audi e-tron,2021,مکان 102 گلی 32 Westridge راولپنڈی
LEA-6635,Haji Bushra Siddiqui,2000,Mercedes C200,2022,"House No. 97, Gali 12, Cantt, Multan"
KAR-9848,Mian Bushra Siddiqui,2700,Toyota Prado TX,2025,"House No. 97, Gali 12, Cantt, Multan"
RIR-2659,Mian Bushra Siddiqui,1500,Honda Civic RS,2026,"House No. 97, Gali 12, Cantt, Multan"
AFR-698,F. Mehsud,2000,Hyundai Tucson,2017,H#34 St-37 DGround Faisalabad
AFR-8822,F. Mehsud,2000,Mercedes C200,2022,H#34 St-37 DGround Faisalabad
RIR-223,F. Mehsud,2700,Toyota Fortuner,2022,H#34 St-37 DGround Faisalabad
LEA-351,Zara Zaidi,2700,Toyota Prado TX,2025,"170-13 Wapda Town, Lahore"
AFR-1884,Zara Zaidi,2700,Toyota Prado TX,2017,"170-13 Wapda Town, Lahore"
AFR-5959,Zara Zaidi,2700,Toyota Fortuner,2026,"170-13 Wapda Town, Lahore"
ICT-9470,Iqra Shirazi,3300,Toyota Land Cruiser ZX,2019,"331-13 Peoples Colony, Faisalabad"
AFR-3912,Iqra Shirazi,2700,Toyota Fortuner,2024,"331-13 Peoples Colony, Faisalabad"
LEA-4787,Iqra Shirazi,2700,Toyota Fortuner,2026,"331-13 Peoples Colony, Faisalabad"
ICT-2144,Noor Joiya,2000,Audi e-tron,2021,"56-18 University Town, Peshawar"
KAR-8741,S.Tarar,1500,Honda Civic RS,2019,مکان 253 گلی 26 DHA Phase 5 لاہور
KAR-6093,Syed Ahmed Sandhu,2000,Audi e-tron,2017,"House No. 204, Gali 14, Peoples Colony, Faisalabad"
AFR-1025,Sardar Laiba Virk,2000,Mercedes C200,2021,"House No. 381, Gali 14, Hayatabad Phase 3, Peshawar"
AFR-4931,Danish Ansari,1800,Toyota Corolla Altis,2019,"House 106, Street 32, University Town, Peshawar"
ICT-4375,Nadia Kazmi,2000,Mercedes C200,2026,"House 267, Street 7, Peoples Colony, Faisalabad"
RIR-470,Nadia Kazmi,2700,Toyota Prado TX,2021,"House 267, Street 7, Peoples Colony, Faisalabad"
ICT-9805,Nadia Kazmi,1800,Toyota Corolla Altis,2021,"House 267, Street 7, Peoples Colony, Faisalabad"
LEA-9610,Haji Farhan Bangash,2000,Hyundai Tucson,2021,"House No. 251, Gali 8, University Town, Peshawar"
LEA-5200,Chaudhary Farhan Bangash,3300,Toyota Land Cruiser ZX,2026,"House No. 251, Gali 8, University Town, Peshawar"
KAR-8225,Malik Kinza Butt,2700,Toyota Prado TX,2017,"House No. 244, Gali 17, Clifton Block 2, Karachi"
AFR-7277,N. Rizvi,2000,Hyundai Tucson,2018,H#324 St-5 DGround Faisalabad
ICT-2094,N. Rizvi,3300,Toyota Land Cruiser ZX,2017,H#324 St-5 DGround Faisalabad
ICT-5487,N. Rizvi,2000,Audi e-tron,2023,H#324 St-5 DGround Faisalabad
KAR-4189,Tariq Cheema,2700,Toyota Prado TX,2023,"House 333, Street 37, Bahria Phase 4, Rawalpindi"
RIR-6416,Junaid Lodhi,2000,Audi e-tron,2022,"House 357, Street 23, E-11/2, Islamabad"
RIR-6250,Junaid Lodhi,1500,Honda Civic RS,2024,"House 357, Street 23, E-11/2, Islamabad"
KAR-9313,Junaid Lodhi,1800,Toyota Corolla Altis,2022,"House 357, Street 23, E-11/2, Islamabad"
KAR-7613,R. Khattak,2000,Audi e-tron,2026,H#134 St-11 GulbergIII Lahore
AFR-818,Hina Durrani,1800,Toyota Corolla Altis,2019,"313-4 Westridge, Rawalpindi"
LEA-7445,Tariq Malik,2000,Hyundai Tucson,2023,"House 388, Street 27, Peoples Colony, Faisalabad"
AFR-9662,Tariq Malik,2700,Toyota Prado TX,2025,"House 388, Street 27, Peoples Colony, Faisalabad"
ICT-7052,Tariq Malik,2700,Toyota Fortuner,2018,"House 388, Street 27, Peoples Colony, Faisalabad"
ICT-1839,Mian Tariq Mughal,2000,Mercedes C200,2022,"House No. 393, Gali 40, North Nazimabad, Karachi"
RIR-1857,Hafsa Kakar,2000,Audi e-tron,2018,"House 207, Street 37, Westridge, Rawalpindi"
KAR-5789,Hafsa Kakar,3300,Toyota Land Cruiser ZX,2023,"House 207, Street 37, Westridge, Rawalpindi"
RIR-574,Talha Shirazi,1800,Toyota Corolla Altis,2018,"House 344, Street 39, Chaklala Scheme 3, Rawalpindi"
LEA-5532,Talha Shirazi,2700,Toyota Prado TX,2020,"House 344, Street 39, Chaklala Scheme 3, Rawalpindi"
ICT-8057,Sardar Sufyan Tarar,2000,Mercedes C200,2023,"House No. 111, Gali 1, Cantt, Multan"
ICT-9591,Qasim Siddiqui,2000,Audi e-tron,2020,"House 230, Street 5, Bahria Phase 4, Rawalpindi"
AFR-7632,Syed Qasim Malik,3300,Toyota Land Cruiser ZX,2017,"House No. 294, Gali 29, Johar Town, Lahore"
RIR-4952,Haji Qasim Malik,3300,Toyota Land Cruiser ZX,2023,"House No. 294, Gali 29, Johar Town, Lahore"
ICT-1943,Z. Rizvi,2700,Toyota Fortuner,2019,H#338 St-11 SatelliteTown Rawalpindi
LEA-2863,Z. Rizvi,1800,Toyota Corolla Altis,2019,H#338 St-11 SatelliteTown Rawalpindi
ICT-8949,Danish Rizvi,2700,Toyota Fortuner,2024,"House 1, Street 26, Wapda Town, Lahore"
ICT-6252,Danish Rizvi,2700,Toyota Fortuner,2022,"House 1, Street 26, Wapda Town, Lahore"
LEA-2228,Arsalan Sandhu,1500,Honda Civic RS,2017,"House 196, Street 40, University Town, Peshawar"
AFR-4267,Anas Awan,2700,Toyota Prado TX,2018,"262-22 Gulshan-e-Iqbal, Karachi"
KAR-2167,Gul Zaidi,2700,Toyota Prado TX,2019,"321-34 Shah Rukn-e-Alam, Multan"
LEA-2930,Danish Sheikh,2000,Audi e-tron,2017,"House 342, Street 30, North Nazimabad, Karachi"
AFR-4589,Danish Sheikh,2700,Toyota Fortuner,2024,"House 342, Street 30, North Nazimabad, Karachi"
LEA-9717,Danish Sheikh,2000,Mercedes C200,2024,"House 342, Street 30, North Nazimabad, Karachi"
KAR-5945,F. Niazi,2000,Audi e-tron,2022,H#83 St-8 PeoplesColony Faisalabad
ICT-1723,F. Niazi,2000,Mercedes C200,2024,H#83 St-8 PeoplesColony Faisalabad
LEA-6557,F. Niazi,1500,Honda Civic RS,2024,H#83 St-8 PeoplesColony Faisalabad
RIR-9409,Laiba Rajput,2000,Audi e-tron,2024,"93-13 Cantt, Multan"
ICT-3363,Laiba Rajput,1800,Toyota Corolla Altis,2021,"93-13 Cantt, Multan"
RIR-3150,G.Bukhari,1500,Honda Civic RS,2026,مکان 341 گلی 4 Shah Rukn-e-Alam Multan
AFR-5806,G.Bukhari,2000,Hyundai Tucson,2021,مکان 341 گلی 4 Shah Rukn-e-Alam Multan
LEA-3321,G.Bukhari,2000,Mercedes C200,2022,مکان 341 گلی 4 Shah Rukn-e-Alam Multan
KAR-9139,Yasir Awan,1500,Honda Civic RS,2026,"House 294, Street 15, G-13/1, Islamabad"
RIR-4407,Yasir Awan,2700,Toyota Fortuner,2019,"House 294, Street 15, G-13/1, Islamabad"
LEA-3018,Wajahat Bhatti,3300,Toyota Land Cruiser ZX,2019,"House 202, Street 25, Peoples Colony, Faisalabad"
LEA-4102,H.Ansari,3300,Toyota Land Cruiser ZX,2023,مکان 78 گلی 19 F-8/3 اسلام آباد
AFR-940,Mehwish Sandhu,2000,Hyundai Tucson,2018,"148-4 Clifton Block 2, Karachi"
ICT-7767,Mehwish Sandhu,2000,Audi e-tron,2026,"148-4 Clifton Block 2, Karachi"
RIR-8490,Mehwish Sandhu,2000,Mercedes C200,2023,"148-4 Clifton Block 2, Karachi"
LEA-3585,Gul Bangash,2000,Hyundai Tucson,2022,"4-12 Gulbahar, Peshawar"
AFR-7525,Malik Khadija Kazmi,2000,Mercedes C200,2022,"House No. 275, Gali 24, DHA Phase 6, Karachi"
ICT-4345,Malik Khadija Kazmi,2700,Toyota Fortuner,2019,"House No. 275, Gali 24, DHA Phase 6, Karachi"
LEA-2924,Waqas Kakar,2000,Hyundai Tucson,2019,"House 110, Street 4, Gulberg III, Lahore"
KAR-527,B.Gill,2000,Mercedes C200,2026,مکان 114 گلی 36 Gulgasht Multan
AFR-7678,B.Gill,2000,Hyundai Tucson,2024,مکان 114 گلی 36 Gulgasht Multan
ICT-7594,B.Gill,2000,Hyundai Tucson,2022,مکان 114 گلی 36 Gulgasht Multan
ICT-4658,Syed Zeeshan Sheikh,2000,Hyundai Tucson,2023,"House No. 71, Gali 2, Clifton Block 2, Karachi"
AFR-2412,Mian Zeeshan Sheikh,1500,Honda Civic RS,2021,"House No. 71, Gali 2, Clifton Block 2, Karachi"
ICT-1351,Malik Zeeshan Sheikh,1500,Honda Civic RS,2025,"House No. 71, Gali 2, Clifton Block 2, Karachi"
AFR-2879,Haji Atif Malik,2000,Audi e-tron,2026,"House No. 130, Gali 27, Bahria Phase 4, Rawalpindi"
KAR-6538,Sardar Atif Malik,2000,Mercedes C200,2025,"House No. 130, Gali 27, Bahria Phase 4, Rawalpindi"
RIR-5852,Mian Atif Malik,2700,Toyota Fortuner,2022,"House No. 130, Gali 27, Bahria Phase 4, Rawalpindi"
ICT-6570,H. Joiya,1500,Honda Civic RS,2020,H#212 St-17 Gulbahar Peshawar
LEA-4837,M. Orakzai,2700,Toyota Fortuner,2026,H#202 St-35 ModelTown Lahore
LEA-6647,M. Orakzai,3300,Toyota Land Cruiser ZX,2025,H#202 St-35 ModelTown Lahore
RIR-6426,M. Orakzai,2000,Mercedes C200,2020,H#202 St-35 ModelTown Lahore
LEA-3894,Haris Sial,1800,Toyota Corolla Altis,2024,"House 172, Street 17, Clifton Block 2, Karachi"
ICT-8625,Saad Mehsud,2700,Toyota Fortuner,2019,"House 199, Street 12, G-10/2, Islamabad"
RIR-380,Saad Mehsud,1800,Toyota Corolla Altis,2020,"House 199, Street 12, G-10/2, Islamabad"
AFR-4602,Sardar Anas Saddozai,2700,Toyota Prado TX,2023,"House No. 30, Gali 15, Peoples Colony, Faisalabad"
LEA-768,Sardar Anas Saddozai,2000,Mercedes C200,2018,"House No. 30, Gali 15, Peoples Colony, Faisalabad"
KAR-8563,F. Gondal,2700,Toyota Fortuner,2025,H#237 St-39 JoharTown Lahore
ICT-6884,M. Rajput,1500,Honda Civic RS,2017,H#49 St-3 NorthNazimabad Karachi
ICT-5293,M. Rajput,1800,Toyota Corolla Altis,2025,H#49 St-3 NorthNazimabad Karachi
AFR-7702,M. Rajput,1800,Toyota Corolla Altis,2020,H#49 St-3 NorthNazimabad Karachi
LEA-5540,N. Siddiqui,2700,Toyota Prado TX,2023,H#215 St-38 WapdaTown Lahore
ICT-2177,N. Siddiqui,2000,Mercedes C200,2026,H#215 St-38 WapdaTown Lahore
RIR-2673,N. Siddiqui,2000,Audi e-tron,2021,H#215 St-38 WapdaTown Lahore
AFR-6187,Mian Kamran Khan,1500,Honda Civic RS,2025,"House No. 235, Gali 20, D Ground, Faisalabad"
ICT-4446,Mian Kamran Khan,2000,Audi e-tron,2026,"House No. 235, Gali 20, D Ground, Faisalabad"
AFR-6396,Mian Kamran Khan,2000,Hyundai Tucson,2019,"House No. 235, Gali 20, D Ground, Faisalabad"
ICT-9146,Malik Faisal Zaidi,1500,Honda Civic RS,2018,"House No. 285, Gali 13, D Ground, Faisalabad"
KAR-522,B. Khan,2000,Mercedes C200,2019,H#109 St-3 G-10/2 Islamabad
AFR-1780,Chaudhary Imran Orakzai,2700,Toyota Prado TX,2017,"House No. 119, Gali 18, G-10/2, Islamabad"
ICT-3677,Syed Imran Orakzai,2700,Toyota Fortuner,2017,"House No. 119, Gali 18, G-10/2, Islamabad"
ICT-8043,Zeeshan Mehsud,1500,Honda Civic RS,2024,"167-11 Wapda Town, Lahore"
KAR-4154,Zeeshan Mehsud,1800,Toyota Corolla Altis,2023,"167-11 Wapda Town, Lahore"
KAR-3656,S.Gondal,1800,Toyota Corolla Altis,2021,مکان 70 گلی 38 Westridge راولپنڈی
RIR-3325,S.Gondal,1500,Honda Civic RS,2021,مکان 70 گلی 38 Westridge راولپنڈی
LEA-6778,S.Gondal,3300,Toyota Land Cruiser ZX,2017,مکان 70 گلی 38 Westridge راولپنڈی
RIR-2858,T. Bhatti,2000,Audi e-tron,2022,H#217 St-38 Westridge Rawalpindi
LEA-142,T. Bhatti,2000,Hyundai Tucson,2026,H#217 St-38 Westridge Rawalpindi
ICT-5925,Rabia Rizvi,3300,Toyota Land Cruiser ZX,2021,"387-30 Hayatabad Phase 3, Peshawar"
KAR-8104,Rabia Rizvi,2700,Toyota Fortuner,2024,"387-30 Hayatabad Phase 3, Peshawar"
ICT-1776,Rabia Rizvi,1500,Honda Civic RS,2023,"387-30 Hayatabad Phase 3, Peshawar"
AFR-5434,Ahmed Cheema,3300,Toyota Land Cruiser ZX,2026,"House 385, Street 28, Madina Town, Faisalabad"
ICT-6298,Ahmed Cheema,2700,Toyota Prado TX,2023,"House 385, Street 28, Madina Town, Faisalabad"
ICT-9161,Ahmed Cheema,2000,Hyundai Tucson,2017,"House 385, Street 28, Madina Town, Faisalabad"
AFR-4532,Sardar Zafar Kazmi,2000,Audi e-tron,2019,"House No. 164, Gali 23, Gulshan-e-Iqbal, Karachi"
AFR-9292,Chaudhary Tariq Butt,2000,Mercedes C200,2026,"House No. 336, Gali 11, DHA Phase 5, Lahore"
KAR-4327,Syed Tariq Butt,2000,Mercedes C200,2025,"House No. 336, Gali 11, DHA Phase 5, Lahore"
KAR-3311,Syed Tariq Butt,3300,Toyota Land Cruiser ZX,2024,"House No. 336, Gali 11, DHA Phase 5, Lahore"
ICT-4370,Rauf Tareen,1500,Honda Civic RS,2018,"239-2 Wapda Town, Lahore"
RIR-7040,Rauf Tareen,3300,Toyota Land Cruiser ZX,2018,"239-2 Wapda Town, Lahore"
AFR-7104,Rauf Tareen,1800,Toyota Corolla Altis,2026,"239-2 Wapda Town, Lahore"
ICT-3796,T. Janjua,2700,Toyota Fortuner,2022,H#104 St-30 Westridge Rawalpindi
AFR-4229,T. Janjua,1800,Toyota Corolla Altis,2020,H#104 St-30 Westridge Rawalpindi
KAR-3549,T. Janjua,1800,Toyota Corolla Altis,2025,H#104 St-30 Westridge Rawalpindi
RIR-8066,Malik Fahad Janjua,1500,Honda Civic RS,2018,"House No. 50, Gali 34, Clifton Block 2, Karachi"
ICT-5312,Nadeem Kayani,1800,Toyota Corolla Altis,2021,"House 73, Street 37, Wapda Town, Lahore"
LEA-3438,Nadeem Kayani,1500,Honda Civic RS,2018,"House 73, Street 37, Wapda Town, Lahore"
RIR-6017,L.Mughal,2700,Toyota Prado TX,2021,مکان 233 گلی 2 Chaklala Scheme 3 راولپنڈی
LEA-1494,T. Malik,2000,Mercedes C200,2020,H#46 St-22 G-13/1 Islamabad
AFR-5949,T. Malik,2000,Mercedes C200,2023,H#46 St-22 G-13/1 Islamabad
KAR-8578,Gul Saddozai,2000,Hyundai Tucson,2021,"House 3, Street 16, Madina Town, Faisalabad"
AFR-883,Gul Saddozai,3300,Toyota Land Cruiser ZX,2022,"House 3, Street 16, Madina Town, Faisalabad"
AFR-5438,Gul Saddozai,3300,Toyota Land Cruiser ZX,2025,"House 3, Street 16, Madina Town, Faisalabad"
AFR-7137,Ghulam چوہدری,3300,Toyota Land Cruiser ZX,2021,"369-24 North Nazimabad, Karachi"
ICT-8732,K. Malik,2000,Audi e-tron,2018,H#227 St-19 HayatabadPhase3 Peshawar
LEA-7872,K. Malik,3300,Toyota Land Cruiser ZX,2018,H#227 St-19 HayatabadPhase3 Peshawar
AFR-9855,A.Bhatti,2000,Mercedes C200,2017,مکان 220 گلی 17 Madina Town Faisalabad
LEA-3704,Irfan Mughal,2700,Toyota Fortuner,2018,"House 156, Street 23, D Ground, Faisalabad"
RIR-6290,Irfan Mughal,3300,Toyota Land Cruiser ZX,2020,"House 156, Street 23, D Ground, Faisalabad"
RIR-4234,K. Abbasi,2000,Audi e-tron,2023,H#206 St-13 Westridge Rawalpindi
RIR-7324,Qasim Joiya,2700,Toyota Fortuner,2022,"House 327, Street 9, North Nazimabad, Karachi"
RIR-5873,Qasim Joiya,3300,Toyota Land Cruiser ZX,2020,"House 327, Street 9, North Nazimabad, Karachi"
ICT-8089,Qasim Joiya,2000,Mercedes C200,2025,"House 327, Street 9, North Nazimabad, Karachi"
AFR-5310,U. Gill,2000,Audi e-tron,2024,H#60 St-13 GulbergIII Lahore
KAR-7462,U. Gill,2000,Mercedes C200,2023,H#60 St-13 GulbergIII Lahore
RIR-1683,U. Gill,2700,Toyota Fortuner,2026,H#60 St-13 GulbergIII Lahore
RIR-1698,T.Sandhu,2000,Hyundai Tucson,2020,مکان 194 گلی 9 Cantt Multan
AFR-7642,P.Gilani,1800,Toyota Corolla Altis,2023,مکان 82 گلی 32 Gulbahar Peshawar
KAR-2367,P.Gilani,2000,Hyundai Tucson,2025,مکان 82 گلی 32 Gulbahar Peshawar
AFR-5466,Chaudhary Khalid Mehsud,2700,Toyota Prado TX,2017,"House No. 355, Gali 2, Gulgasht, Multan"
ICT-7712,Chaudhary Khalid Mehsud,2000,Hyundai Tucson,2020,"House No. 355, Gali 2, Gulgasht, Multan"
ICT-4883,A. Gondal,2700,Toyota Prado TX,2022,H#176 St-34 Cantt Multan
RIR-9208,A. Gondal,2700,Toyota Prado TX,2021,H#176 St-34 Cantt Multan
KAR-6309,A. Gondal,3300,Toyota Land Cruiser ZX,2020,H#176 St-34 Cantt Multan
LEA-873,Zainab Naqvi,2700,Toyota Fortuner,2022,"House 339, Street 2, DHA Phase 5, Lahore"
AFR-619,Zainab Naqvi,1500,Honda Civic RS,2020,"House 339, Street 2, DHA Phase 5, Lahore"
AFR-2714,Zainab Naqvi,2000,Audi e-tron,2017,"House 339, Street 2, DHA Phase 5, Lahore"
KAR-9315,Syed Farhan Zaidi,2000,Audi e-tron,2023,"House No. 165, Gali 36, Bahria Phase 4, Rawalpindi"
AFR-4520,Rana Farhan Zaidi,1800,Toyota Corolla Altis,2018,"House No. 165, Gali 36, Bahria Phase 4, Rawalpindi"
LEA-5879,Syed Farhan Zaidi,2700,Toyota Prado TX,2025,"House No. 165, Gali 36, Bahria Phase 4, Rawalpindi"
ICT-5628,عمران Bhatti,2000,Mercedes C200,2023,"47-25 Chaklala Scheme 3, Rawalpindi"
RIR-3038,عمران Bhatti,2000,Mercedes C200,2026,"47-25 Chaklala Scheme 3, Rawalpindi"
ICT-9519,N. Orakzai,1500,Honda Civic RS,2025,H#277 St-19 PeoplesColony Faisalabad
ICT-4200,Zainab Janjua,1800,Toyota Corolla Altis,2021,"House 190, Street 3, Clifton Block 2, Karachi"
AFR-9610,Zainab Janjua,2000,Mercedes C200,2017,"House 190, Street 3, Clifton Block 2, Karachi"
AFR-748,Zainab Janjua,2000,Hyundai Tucson,2018,"House 190, Street 3, Clifton Block 2, Karachi"
KAR-2074,Z.Malik,3300,Toyota Land Cruiser ZX,2025,مکان 70 گلی 2 Chaklala Scheme 3 راولپنڈی
RIR-5461,Sardar Fahad Zaidi,1500,Honda Civic RS,2023,"House No. 288, Gali 8, B-17, Islamabad"
LEA-2190,Malik Fahad Zaidi,1800,Toyota Corolla Altis,2019,"House No. 288, Gali 8, B-17, Islamabad"
LEA-7040,Malik Fahad Zaidi,1500,Honda Civic RS,2023,"House No. 288, Gali 8, B-17, Islamabad"
RIR-7563,Z.Sheikh,2000,Mercedes C200,2019,مکان 92 گلی 17 Johar Town لاہور
LEA-4792,Z.Sheikh,2000,Mercedes C200,2024,مکان 92 گلی 17 Johar Town لاہور
RIR-3803,Mian Amna Lodhi,2000,Audi e-tron,2023,"House No. 40, Gali 17, Gulbahar, Peshawar"
RIR-9048,Rana Amna Lodhi,3300,Toyota Land Cruiser ZX,2018,"House No. 40, Gali 17, Gulbahar, Peshawar"
KAR-886,Mian Amna Lodhi,2700,Toyota Prado TX,2025,"House No. 40, Gali 17, Gulbahar, Peshawar"
KAR-5188,Naveed Sheikh,2000,Mercedes C200,2021,"House 173, Street 34, North Nazimabad, Karachi"
AFR-1793,Naveed Sheikh,2700,Toyota Prado TX,2025,"House 173, Street 34, North Nazimabad, Karachi"
RIR-9864,Naveed Sheikh,2700,Toyota Fortuner,2025,"House 173, Street 34, North Nazimabad, Karachi"
RIR-5328,O.Gilani,2000,Mercedes C200,2021,مکان 328 گلی 15 Model Town لاہور
ICT-7691,احمد Afridi,2000,Hyundai Tucson,2023,"317-29 North Nazimabad, Karachi"
KAR-3956,Y.Niazi,2000,Mercedes C200,2019,مکان 14 گلی 14 Peoples Colony Faisalabad
ICT-5202,Wajahat Naqvi,3300,Toyota Land Cruiser ZX,2025,"110-5 Gulshan-e-Iqbal, Karachi"
LEA-7662,Wajahat Naqvi,1800,Toyota Corolla Altis,2019,"110-5 Gulshan-e-Iqbal, Karachi"
LEA-7420,Wajahat Naqvi,2700,Toyota Prado TX,2018,"110-5 Gulshan-e-Iqbal, Karachi"
AFR-4715,I. Warraich,2000,Audi e-tron,2023,H#304 St-20 HayatabadPhase3 Peshawar
RIR-2388,I. Warraich,2000,Mercedes C200,2017,H#304 St-20 HayatabadPhase3 Peshawar
ICT-7038,N. Afridi,2700,Toyota Fortuner,2017,H#360 St-19 Westridge Rawalpindi
RIR-1373,N. Afridi,1500,Honda Civic RS,2017,H#360 St-19 Westridge Rawalpindi
KAR-4736,N. Afridi,2000,Audi e-tron,2026,H#360 St-19 Westridge Rawalpindi
AFR-6359,J.Mughal,2700,Toyota Prado TX,2021,مکان 15 گلی 8 Wapda Town لاہور
AFR-3981,J.Mughal,3300,Toyota Land Cruiser ZX,2020,مکان 15 گلی 8 Wapda Town لاہور
RIR-186,N.Cheema,2000,Hyundai Tucson,2018,مکان 90 گلی 32 Chaklala Scheme 3 راولپنڈی
AFR-284,N.Cheema,1500,Honda Civic RS,2022,مکان 90 گلی 32 Chaklala Scheme 3 راولپنڈی
LEA-8149,Sardar Hafsa Zaidi,3300,Toyota Land Cruiser ZX,2020,"House No. 301, Gali 36, I-8/4, Islamabad"
ICT-151,Malik Hafsa Zaidi,2700,Toyota Prado TX,2021,"House No. 301, Gali 36, I-8/4, Islamabad"
ICT-2323,H.Durrani,1500,Honda Civic RS,2018,مکان 117 گلی 1 DHA Phase 6 کراچی
AFR-7271,Chaudhary Khadija Tareen,2000,Hyundai Tucson,2017,"House No. 65, Gali 2, Clifton Block 2, Karachi"
KAR-3638,Mian Khadija Tareen,1800,Toyota Corolla Altis,2024,"House No. 65, Gali 2, Clifton Block 2, Karachi"
LEA-636,Mian Khadija Tareen,2000,Mercedes C200,2024,"House No. 65, Gali 2, Clifton Block 2, Karachi"
RIR-5377,Chaudhary Yousuf Kazmi,2700,Toyota Prado TX,2019,"House No. 113, Gali 32, Model Town, Lahore"
RIR-7478,Syed Yousuf Kazmi,3300,Toyota Land Cruiser ZX,2024,"House No. 113, Gali 32, Model Town, Lahore"
KAR-9806,Rana Yousuf Kazmi,2000,Hyundai Tucson,2026,"House No. 113, Gali 32, Model Town, Lahore"
LEA-5814,Sana Malik,2000,Mercedes C200,2023,"House 233, Street 22, Cantt, Multan"
