fbr_id,full_name,declared_income_pkr,tax_paid_pkr,filer_status,reported_address,phone_number
FBR-100000,T. Siddiqui,0,0,Filer,H#141 St-16 B-17 Islamabad,03122719583
FBR-100001,Mahnoor Sial,3599388,263671,Filer,"House 48, Street 14, G-10/2, Islamabad",03181445199
FBR-100003,Asad Raja,15882696,1231332,Filer,"House 184, Street 23, Clifton Block 2, Karachi",03441728977
FBR-100004,Khalid راجہ,2393808,82093,Filer,"322-40 Madina Town, Faisalabad",0309-6828339
FBR-100005,Z.Raja,2278104,142047,Filer,مکان 52 گلی 25 Hayatabad Phase 3 Peshawar,0327-7120868
FBR-100006,F.Lodhi,3868284,242890,Filer,مکان 332 گلی 5 Gulgasht Multan,03429961380
FBR-100007,Khalid Lodhi,615480,40838,Filer,"House 286, Street 15, Gulgasht, Multan",0320-4842788
FBR-100008,Sajid چوہدری,2613024,170368,Filer,"109-32 Chaklala Scheme 3, Rawalpindi",+92 337 3396987
FBR-100009,Khadija Sial,386220,17900,Filer,"186-15 Madina Town, Faisalabad",0341-7900000
FBR-100010,A.Afridi,1032228,41883,Filer,مکان 306 گلی 5 Westridge راولپنڈی,+92 317 8711923
FBR-100011,Hafsa Durrani,980412,65882,Filer,"275-18 B-17, Islamabad",+92 321 5924115
FBR-100012,Mian Noor Durrani,19611516,1467901,Filer,"House No. 391, Gali 12, Wapda Town, Lahore",03295573720
FBR-100013,Sardar Adnan Sandhu,3243672,140604,Filer,"House No. 277, Gali 34, Hayatabad Phase 3, Peshawar",+92 309 6438436
FBR-100014,Owais Janjua,400968,24436,Filer,"House 291, Street 6, F-8/3, Islamabad",03072161193
FBR-100016,Malik Madiha Niazi,1092336,75476,Filer,"House No. 225, Gali 34, Gulshan-e-Iqbal, Karachi",0331-5159166
FBR-100017,M. Zaidi,355716,12499,Filer,H#4 St-5 BahriaPhase4 Rawalpindi,0303-2130789
FBR-100019,U.Qureshi,1579188,42141,Filer,مکان 221 گلی 23 B-17 اسلام آباد,03368835373
FBR-100020,Imran Warraich,2114400,161826,Filer,"House 56, Street 16, Shah Rukn-e-Alam, Multan",+92 306 8729524
FBR-100021,W. Khokhar,485892,15057,Filer,H#227 St-36 SatelliteTown Rawalpindi,0300-1247595
FBR-100022,Junaid Tarar,508560,19051,Filer,"House 110, Street 26, North Nazimabad, Karachi",0302-7358113
FBR-100023,U.Mirza,0,0,Non-Filer,مکان 80 گلی 13 North Nazimabad کراچی,03231981186
FBR-100025,Haji Iqra Chaudhry,2950416,220756,Filer,"House No. 207, Gali 8, Cantt, Multan",+92 334 8569127
FBR-100026,N.Dar,0,0,Non-Filer,مکان 161 گلی 16 Gulgasht Multan,03037532256
FBR-100027,Sardar Faisal Khan,354096,20878,Filer,"House No. 38, Gali 35, Clifton Block 2, Karachi",03469870458
FBR-100028,Syed Yasir Sandhu,0,0,Non-Filer,"House No. 225, Gali 35, Johar Town, Lahore",0329-9874152
FBR-100029,B.Qureshi,0,0,Non-Filer,مکان 60 گلی 7 Chaklala Scheme 3 راولپنڈی,0304-1136007
FBR-100030,Haji Noman Mehsud,23525760,898390,Filer,"House No. 259, Gali 32, Shah Rukn-e-Alam, Multan",03269014350
FBR-100031,U. Khan,1433388,94613,Filer,H#327 St-17 JoharTown Lahore,03178175395
FBR-100032,J.Abbasi,3254184,124954,Filer,مکان 190 گلی 38 Peoples Colony Faisalabad,0328-9116089
FBR-100033,U.Gill,0,0,Non-Filer,مکان 342 گلی 7 Bahria Phase 4 راولپنڈی,03287817881
FBR-100034,Saad Tarar,385008,25967,Filer,"378-22 F-8/3, Islamabad",0333-5476257
FBR-100035,K. Butt,2175060,97237,Filer,H#114 St-13 UniversityTown Peshawar,0335-6120253
FBR-100037,Sardar Babar Malik,46268868,2035337,Filer,"House No. 92, Gali 38, I-8/4, Islamabad",03338899980
FBR-100038,Chaudhary Saqib Sial,0,0,Non-Filer,"House No. 60, Gali 25, D Ground, Faisalabad",0343-5273534
FBR-100039,Ibrahim Sial,3529380,87671,Filer,"House 170, Street 40, B-17, Islamabad",0349-2675054
FBR-100040,Atif Warraich,0,0,Non-Filer,"House 284, Street 9, Shah Rukn-e-Alam, Multan",03167361002
FBR-100041,N. Zaidi,43605432,2577215,Filer,H#156 St-19 HayatabadPhase3 Peshawar,+92 316 6406444
FBR-100042,Chaudhary Rehan Kazmi,484704,38291,Filer,"House No. 338, Gali 6, DHA Phase 6, Karachi",0328-6623525
FBR-100043,Gul Niazi,357264,20640,Filer,"76-2 Bahria Phase 4, Rawalpindi",0314-4384236
FBR-100044,Ubaid Tarar,0,0,Non-Filer,"House 100, Street 25, Gulgasht, Multan",0336-5093379
FBR-100045,Qasim Gondal,825000,62538,Filer,"House 26, Street 36, Westridge, Rawalpindi",0311-8658158
FBR-100046,Hina Zaidi,17610672,1164037,Filer,"House 387, Street 29, Madina Town, Faisalabad",03488159521
FBR-100047,Yousuf Joiya,45513888,1215028,Filer,"327-18 Johar Town, Lahore",+92 347 5013879
FBR-100048,Irfan Janjua,1921356,96830,Filer,"164-35 Gulberg III, Lahore",0302-3530518
FBR-100051,Pervez Rizvi,11060856,397790,Filer,"280-39 Gulgasht, Multan",+92 317 4681284
FBR-100052,Syed Luqman Cheema,765480,44175,Filer,"House No. 208, Gali 11, Gulgasht, Multan",0332-9961107
FBR-100053,R.Wazir,3019524,212511,Filer,مکان 330 گلی 28 G-10/2 اسلام آباد,0317-4048907
FBR-100054,Rana Rehan Khokhar,47299620,3282430,Filer,"House No. 390, Gali 25, Gulberg III, Lahore",0326-5232413
FBR-100055,Z.Sheikh,788628,54319,Filer,مکان 333 گلی 5 Johar Town لاہور,0300-5148725
FBR-100057,Junaid Shirazi,2922660,237261,Filer,"368-8 D Ground, Faisalabad",03142813596
FBR-100058,A.Mehsud,0,0,Non-Filer,مکان 367 گلی 13 North Nazimabad کراچی,0309-1636561
FBR-100059,R.Butt,685500,40638,Filer,مکان 220 گلی 24 Wapda Town لاہور,+92 306 6105675
FBR-100060,Asad Sial,4001892,236130,Filer,"House 363, Street 10, Model Town, Lahore",03329753457
FBR-100061,Wajahat Sial,491772,25610,Filer,"House 304, Street 18, Gulbahar, Peshawar",+92 323 2453962
FBR-100062,W. Gilani,27458916,2455136,Filer,H#195 St-22 DGround Faisalabad,0307-6452832
FBR-100063,Nadeem Cheema,3517020,144247,Filer,"House 360, Street 18, Wapda Town, Lahore",0340-9667566
FBR-100064,Mustafa Zaidi,3504264,231437,Filer,"354-31 Hayatabad Phase 3, Peshawar",0337-1289293
FBR-100066,B.Gill,1712172,42538,Filer,مکان 139 گلی 20 Shah Rukn-e-Alam Multan,03233024269
FBR-100067,Maryam Tareen,1592448,100764,Filer,"House 99, Street 14, Cantt, Multan",03349801946
FBR-100068,Umar Mirza,1303044,53466,Filer,"92-20 Chaklala Scheme 3, Rawalpindi",+92 308 3123709
FBR-100069,Haji Sadia Mirza,26748288,605089,Filer,"House No. 327, Gali 32, Cantt, Multan",+92 300 5712700
FBR-100070,Syed Talha Sheikh,0,0,Non-Filer,"House No. 59, Gali 5, Model Town, Lahore",03372242892
FBR-100071,Adnan Gilani,3745356,109598,Filer,"House 128, Street 8, DHA Phase 5, Lahore",03464786401
FBR-100072,Mubashir Bukhari,0,0,Non-Filer,"House 292, Street 40, Gulshan-e-Iqbal, Karachi",0309-2664863
FBR-100073,Waqas Janjua,2772588,89378,Filer,"81-1 Satellite Town, Rawalpindi",03175362692
FBR-100074,L. Mirza,2374368,148041,Filer,H#37 St-15 ShahRukn-e-Alam Multan,+92 329 4318855
FBR-100075,Mian Uzma Abbasi,2873172,126790,Filer,"House No. 37, Gali 4, Johar Town, Lahore",+92 314 5842082
FBR-100076,Kinza Warraich,834768,72977,Filer,"House 277, Street 32, Wapda Town, Lahore",+92 331 1668752
FBR-100077,Rana Hassan Raja,31858128,1836418,Filer,"House No. 392, Gali 18, Satellite Town, Rawalpindi",+92 340 3939212
FBR-100079,Waqas Cheema,2993856,121850,Filer,"148-26 North Nazimabad, Karachi",0340-8630712
FBR-100080,F. Kakar,40938180,3218630,Filer,H#337 St-35 CliftonBlock2 Karachi,0336-1909393
FBR-100081,A. Afridi,681192,47122,Filer,H#105 St-18 CliftonBlock2 Karachi,0325-4037459
FBR-100082,Haji Hamza Malik,20909544,419013,Filer,"House No. 123, Gali 11, Gulgasht, Multan",03281229419
FBR-100083,F.Khokhar,671364,59493,Filer,مکان 79 گلی 32 B-17 اسلام آباد,+92 324 6245110
FBR-100084,Yasir Khokhar,3570588,216312,Filer,"House 197, Street 13, Peoples Colony, Faisalabad",+92 319 9652424
FBR-100085,Ehsan Kazmi,33977700,1198246,Filer,"145-20 DHA Phase 5, Lahore",0349-9214801
FBR-100088,Z. Joiya,22939032,1131977,Filer,H#234 St-1 G-13/1 Islamabad,0316-3589751
FBR-100089,E. Yousafzai,0,0,Non-Filer,H#333 St-6 ShahRukn-e-Alam Multan,03322239596
FBR-100090,زینب بٹ,379032,30598,Filer,"121-19 Peoples Colony, Faisalabad",03029622635
FBR-100091,Sufyan Mughal,1875840,37688,Filer,"House 15, Street 3, Shah Rukn-e-Alam, Multan",+92 320 5921894
FBR-100092,Syed Yasir Naqvi,0,0,Non-Filer,"House No. 88, Gali 12, DHA Phase 6, Karachi",03097418028
FBR-100093,D. Khokhar,13317588,371699,Filer,H#236 St-17 ShahRukn-e-Alam Multan,03075825658
FBR-100094,Sufyan Gill,680004,29660,Filer,"328-28 Madina Town, Faisalabad",0327-6068760
FBR-100096,Laiba Saddozai,2536800,125067,Filer,"House 398, Street 15, Gulshan-e-Iqbal, Karachi",03454674286
FBR-100097,Syed Gul Tareen,3255504,128927,Filer,"House No. 349, Gali 9, Gulgasht, Multan",+92 300 6183033
FBR-100098,R. Awan,587712,32465,Filer,H#168 St-27 I-8/4 Islamabad,03133217273
FBR-100099,Malik Hina Kazmi,410688,23045,Filer,"House No. 132, Gali 31, Johar Town, Lahore",+92 325 2932227
FBR-100100,Shoaib Mehsud,1737552,89424,Filer,"House 204, Street 36, Gulgasht, Multan",0313-1886802
FBR-100102,N. Zaidi,1194108,51515,Filer,H#114 St-5 WapdaTown Lahore,0334-7850067
FBR-100103,Mubashir Hashmi,944424,45314,Filer,"House 121, Street 35, G-10/2, Islamabad",+92 316 8610879
FBR-100104,Malik Mahnoor Saddozai,3291168,224712,Filer,"House No. 213, Gali 7, Cantt, Multan",+92 339 7847048
FBR-100105,Rehan Joiya,2154168,53201,Filer,"186-7 DHA Phase 6, Karachi",0328-7017548
FBR-100106,H. Khokhar,744000,23883,Filer,H#109 St-39 B-17 Islamabad,0300-6595355
FBR-100107,N. Chaudhry,768696,20019,Filer,H#107 St-38 Gulbahar Peshawar,+92 301 4421652
FBR-100108,Sardar Muhammad Lodhi,403644,12746,Filer,"House No. 67, Gali 35, Hayatabad Phase 3, Peshawar",03222844258
FBR-100109,احمد Gill,3608448,119720,Filer,"302-21 Hayatabad Phase 3, Peshawar",03091605663
FBR-100112,Hafsa Qureshi,3005880,247245,Filer,"House 38, Street 6, North Nazimabad, Karachi",03156665078
FBR-100113,Khalid Shirazi,2312808,117324,Filer,"House 233, Street 33, Madina Town, Faisalabad",03462663938
FBR-100114,R. Joiya,43075968,1645948,Filer,H#174 St-30 Westridge Rawalpindi,+92 336 2595275
FBR-100115,Chaudhary Kashif Sandhu,0,0,Filer,"House No. 35, Gali 6, Westridge, Rawalpindi",03017940102
FBR-100116,Mian Nadia Sheikh,632604,25657,Filer,"House No. 288, Gali 22, D Ground, Faisalabad",0335-8300156
FBR-100117,N. Sheikh,3993672,271887,Filer,H#160 St-23 WapdaTown Lahore,0309-9512969
FBR-100118,Shoaib قریشی,788940,31707,Filer,"189-8 Wapda Town, Lahore",+92 329 4794319
FBR-100119,Mehwish Mehsud,0,0,Non-Filer,"14-39 Gulgasht, Multan",03393092024
FBR-100120,F. Khan,529176,28638,Filer,H#290 St-26 BahriaPhase4 Rawalpindi,0302-1514340
FBR-100121,Pervez Khokhar,1273068,28956,Filer,"House 190, Street 20, Johar Town, Lahore",0329-2425342
FBR-100122,G. Raja,4183404,144832,Filer,H#339 St-28 ModelTown Lahore,+92 339 8416270
FBR-100123,Fahad Gill,1304652,44131,Filer,"House 146, Street 38, Clifton Block 2, Karachi",0338-6174418
FBR-100124,Haji Muhammad Dar,3669444,212184,Filer,"House No. 393, Gali 9, Johar Town, Lahore",03347199669
FBR-100125,S. Awan,1077900,56026,Filer,H#257 St-36 DHAPhase6 Karachi,03384652279
FBR-100126,Ubaid چوہدری,1091208,97480,Filer,"295-28 University Town, Peshawar",+92 346 8007741
FBR-100127,Syed Atif Mughal,29755296,1767516,Filer,"House No. 236, Gali 24, Gulbahar, Peshawar",0306-2776088
FBR-100128,Haji Hina Raja,15339144,1181461,Filer,"House No. 382, Gali 22, Gulshan-e-Iqbal, Karachi",0315-3820798
FBR-100129,H. Kazmi,1921764,62219,Filer,H#180 St-10 ChaklalaScheme3 Rawalpindi,+92 311 3456926
FBR-100130,Syed Zara Chaudhry,3726744,106498,Filer,"House No. 238, Gali 37, Westridge, Rawalpindi",03476422534
FBR-100131,Kamran Rajput,3803196,186808,Filer,"141-38 Gulshan-e-Iqbal, Karachi",0305-9511700
FBR-100132,حسین شیخ,37499652,2877921,Filer,"40-6 Gulberg III, Lahore",+92 308 2554284
FBR-100133,U. Joiya,1349268,42398,Filer,H#334 St-13 Gulbahar Peshawar,03298979730
FBR-100134,Malik Taimoor Qureshi,0,0,Non-Filer,"House No. 366, Gali 6, University Town, Peshawar",0342-1656695
FBR-100135,I. Sandhu,3392040,214737,Filer,H#210 St-22 ModelTown Lahore,0340-6614484
FBR-100136,I.Kayani,3425976,158529,Filer,مکان 309 گلی 10 Gulgasht Multan,+92 321 3372774
FBR-100137,S.Shirazi,0,0,Non-Filer,مکان 159 گلی 36 Cantt Multan,03353144023
FBR-100139,Umar Gondal,0,0,Non-Filer,"40-19 Bahria Phase 4, Rawalpindi",03164577018
FBR-100140,I.Virk,2454408,177310,Filer,مکان 93 گلی 40 Bahria Phase 4 راولپنڈی,+92 317 1733037
FBR-100141,S.Yousafzai,3731988,314538,Filer,مکان 120 گلی 35 Model Town لاہور,0314-8868776
FBR-100142,Haji Wajahat Kakar,2532876,53848,Filer,"House No. 258, Gali 34, Model Town, Lahore",03324350371
FBR-100143,Sardar Bilal Khattak,514524,18051,Filer,"House No. 284, Gali 7, Gulshan-e-Iqbal, Karachi",0341-5782563
FBR-100144,T. Kazmi,4118352,345901,Filer,H#47 St-15 Westridge Rawalpindi,+92 335 1447451
FBR-100145,J. Janjua,0,0,Non-Filer,H#192 St-15 CliftonBlock2 Karachi,03052662338
FBR-100146,Naveed Butt,2316780,169860,Filer,"House 357, Street 9, Model Town, Lahore",0337-1088100
FBR-100147,Malik Adnan Zaidi,2460120,181496,Filer,"House No. 271, Gali 28, Gulgasht, Multan",+92 304 4986941
FBR-100148,Pervez Afridi,0,0,Non-Filer,"235-5 Gulbahar, Peshawar",03444565798
FBR-100151,A. Gill,3089952,271401,Filer,H#177 St-16 HayatabadPhase3 Peshawar,+92 307 2968629
FBR-100152,U.Ansari,659928,18947,Filer,مکان 238 گلی 31 Gulbahar Peshawar,03122058651
FBR-100153,Chaudhary Hussain Mirza,727056,41809,Filer,"House No. 103, Gali 3, Satellite Town, Rawalpindi",+92 324 9646701
FBR-100154,Yousuf Kayani,3275376,280307,Filer,"98-19 B-17, Islamabad",+92 320 6568772
FBR-100155,Rauf Warraich,708372,49465,Filer,"House 198, Street 22, Shah Rukn-e-Alam, Multan",+92 317 9347057
FBR-100157,Rana Bushra Mirza,3178104,156120,Filer,"House No. 309, Gali 28, Model Town, Lahore",0306-8153327
FBR-100158,M.Sial,3716736,106576,Filer,مکان 39 گلی 26 DHA Phase 5 لاہور,0328-3684131
FBR-100160,J. Sandhu,0,0,Filer,H#294 St-9 CliftonBlock2 Karachi,+92 345 7677903
FBR-100161,حسن Saddozai,0,0,Non-Filer,"266-25 Westridge, Rawalpindi",+92 341 5391883
FBR-100163,F. Gill,0,0,Non-Filer,H#282 St-35 Cantt Multan,03243642499
FBR-100164,Chaudhary Ibrahim Kazmi,28167900,1737218,Filer,"House No. 103, Gali 9, Satellite Town, Rawalpindi",+92 317 1440972
FBR-100165,Wajahat Zaidi,752112,19849,Filer,"House 34, Street 20, Satellite Town, Rawalpindi",+92 337 9819709
FBR-100166,Faisal Awan,0,0,Filer,"House 231, Street 30, DHA Phase 5, Lahore",03453153097
FBR-100167,Rauf Kazmi,2378532,128842,Filer,"64-34 Hayatabad Phase 3, Peshawar",0314-3762487
FBR-100169,Syed Ayesha Khattak,2625060,174079,Filer,"House No. 88, Gali 40, Bahria Phase 4, Rawalpindi",0345-1691125
FBR-100170,Z.Dar,679800,53773,Filer,مکان 214 گلی 40 Gulbahar Peshawar,03075859883
FBR-100172,Ehsan Shirazi,14944404,768877,Filer,"House 368, Street 21, Chaklala Scheme 3, Rawalpindi",+92 337 5005695
FBR-100173,S.Janjua,3376860,122083,Filer,مکان 137 گلی 29 Clifton Block 2 کراچی,0319-4708239
FBR-100174,Rana Mehwish Tarar,667116,16914,Filer,"House No. 168, Gali 37, Bahria Phase 4, Rawalpindi",+92 323 3673322
FBR-100175,A.Niazi,0,0,Non-Filer,مکان 47 گلی 26 Clifton Block 2 کراچی,0324-2780987
FBR-100176,I. Hashmi,22911348,1681192,Filer,H#345 St-31 DGround Faisalabad,0328-1137194
FBR-100177,R. Sandhu,13300968,1024318,Filer,H#188 St-3 UniversityTown Peshawar,03043684897
FBR-100178,Luqman Kazmi,3093336,173897,Filer,"House 320, Street 40, Gulshan-e-Iqbal, Karachi",+92 311 7028119
FBR-100180,M.Cheema,2964012,194202,Filer,مکان 266 گلی 30 University Town Peshawar,0319-9648751
FBR-100181,Waqas Warraich,37932900,2756655,Filer,"154-38 D Ground, Faisalabad",03196352982
FBR-100182,Mubashir Rajput,794868,55087,Filer,"189-22 Hayatabad Phase 3, Peshawar",03066161977
FBR-100183,حسن Shirazi,35985468,2987359,Filer,"336-38 Gulshan-e-Iqbal, Karachi",03431861596
FBR-100184,S. Durrani,2933580,75136,Filer,H#76 St-16 MadinaTown Faisalabad,0309-2843740
FBR-100186,Nadia Bhatti,3188976,185917,Filer,"270-25 Shah Rukn-e-Alam, Multan",03228711874
FBR-100187,Gul Kakar,2837988,107579,Filer,"House 349, Street 17, Gulbahar, Peshawar",0347-4225657
FBR-100188,Malik Shoaib Niazi,45922548,3119255,Filer,"House No. 361, Gali 14, University Town, Peshawar",+92 335 9049765
FBR-100190,M.Raja,2668884,229579,Filer,مکان 336 گلی 17 Model Town لاہور,03334390138
FBR-100191,Rana Naveed Qureshi,0,0,Filer,"House No. 301, Gali 16, D Ground, Faisalabad",0310-9909397
FBR-100192,Obaid Cheema,0,0,Non-Filer,"House 52, Street 9, Shah Rukn-e-Alam, Multan",+92 308 3649811
FBR-100194,S.Tarar,1635072,62979,Filer,مکان 19 گلی 26 Hayatabad Phase 3 Peshawar,0332-5856449
FBR-100195,Babar Mirza,3847236,174019,Filer,"House 69, Street 33, North Nazimabad, Karachi",0323-8299160
FBR-100197,Q. Kazmi,305364,23092,Filer,H#206 St-7 DHAPhase5 Lahore,+92 312 9010350
FBR-100198,N. Virk,0,0,Filer,H#386 St-18 Westridge Rawalpindi,+92 324 1191859
FBR-100199,عمران Wazir,2816208,164905,Filer,"158-11 E-11/2, Islamabad",03386217344
FBR-100200,Jawad Yousafzai,0,0,Non-Filer,"69-31 Bahria Phase 4, Rawalpindi",+92 332 5162555
FBR-100201,Maryam Wazir,27809220,1426444,Filer,"391-16 Hayatabad Phase 3, Peshawar",+92 341 9816538
FBR-100203,Sardar Fahad Mehsud,32591412,665998,Filer,"House No. 47, Gali 33, Westridge, Rawalpindi",0330-8607331
FBR-100204,R.Sheikh,0,0,Non-Filer,مکان 345 گلی 20 Madina Town Faisalabad,0306-5269083
FBR-100205,عثمان Sial,16416348,939415,Filer,"278-4 DHA Phase 5, Lahore",+92 307 1532422
FBR-100206,Uzma Durrani,0,0,Filer,"192-25 Shah Rukn-e-Alam, Multan",0336-7302286
FBR-100207,Zara Gill,534636,45445,Filer,"276-26 F-8/3, Islamabad",0342-4736121
FBR-100208,W. Mehsud,2694228,210847,Filer,H#218 St-35 Gulgasht Multan,0320-2647890
FBR-100209,Umar Durrani,1171236,32413,Filer,"House 17, Street 27, Hayatabad Phase 3, Peshawar",03295067139
FBR-100211,عمران Awan,1861308,92099,Filer,"120-37 Madina Town, Faisalabad",0329-6379867
FBR-100212,Sardar Bushra Naqvi,0,0,Non-Filer,"House No. 154, Gali 18, Westridge, Rawalpindi",+92 321 9383533
FBR-100213,B.Gill,2116860,75230,Filer,مکان 196 گلی 34 Gulgasht Multan,03444529282
FBR-100214,Maryam Rajput,16349100,508763,Filer,"154-10 Bahria Phase 4, Rawalpindi",+92 330 7923579
FBR-100215,Luqman Janjua,0,0,Filer,"170-6 Johar Town, Lahore",03352551288
FBR-100217,Mubashir خان,734172,49694,Filer,"380-8 Bahria Phase 4, Rawalpindi",+92 333 4431161
FBR-100218,Atif Kakar,34628784,2508889,Filer,"239-35 Model Town, Lahore",+92 324 5388275
FBR-100219,Chaudhary Wajahat Qureshi,2352132,60907,Filer,"House No. 241, Gali 21, Gulbahar, Peshawar",03328626291
FBR-100220,R.Malik,3349740,216602,Filer,مکان 300 گلی 38 Wapda Town لاہور,+92 331 2488398
FBR-100221,Rabia Janjua,433104,11687,Filer,"132-32 Gulshan-e-Iqbal, Karachi",03373822492
FBR-100222,Naveed Durrani,825504,70365,Filer,"95-35 Madina Town, Faisalabad",0308-1567468
FBR-100223,B. Tareen,28383804,1284459,Filer,H#71 St-15 E-11/2 Islamabad,0302-1153368
FBR-100224,I. Yousafzai,10196472,531806,Filer,H#316 St-31 Gulgasht Multan,03301110936
FBR-100225,Ali Naqvi,1565952,59938,Filer,"House 275, Street 19, Shah Rukn-e-Alam, Multan",+92 308 4695034
FBR-100226,H.Abbasi,3514500,313300,Filer,مکان 318 گلی 34 Bahria Phase 4 راولپنڈی,+92 330 8143297
FBR-100227,U.Gilani,3954756,240020,Filer,مکان 154 گلی 6 Bahria Phase 4 راولپنڈی,03203328562
FBR-100228,Imran Afridi,374988,8462,Filer,"House 88, Street 6, B-17, Islamabad",03366557798
FBR-100229,H. Butt,0,0,Non-Filer,H#355 St-37 BahriaPhase4 Rawalpindi,0334-1781180
FBR-100230,Saad Bhatti,38122728,2581910,Filer,"301-10 F-8/3, Islamabad",0331-6021033
FBR-100231,L. Mehsud,2420520,151473,Filer,H#197 St-9 MadinaTown Faisalabad,0308-6802559
FBR-100232,F.Cheema,27508560,2286934,Filer,مکان 305 گلی 26 D Ground Faisalabad,0313-9515926
FBR-100233,Sadia Virk,0,0,Non-Filer,"House 349, Street 38, DHA Phase 6, Karachi",0331-5955645
FBR-100234,A.Virk,2899440,83345,Filer,مکان 79 گلی 25 Gulgasht Multan,0325-2787627
FBR-100235,Sufyan Sandhu,35391984,1756682,Filer,"House 53, Street 9, University Town, Peshawar",+92 302 8230636
FBR-100236,Syed Obaid Qureshi,3563460,172066,Filer,"House No. 182, Gali 36, G-10/2, Islamabad",+92 309 6443037
FBR-100237,L.Kakar,1833504,148979,Filer,مکان 287 گلی 16 B-17 اسلام آباد,03483845129
FBR-100238,S.Niazi,1443936,65551,Filer,مکان 75 گلی 5 Model Town لاہور,0306-3515004
FBR-100239,Ibrahim Kayani,3449472,73448,Filer,"House 305, Street 40, Westridge, Rawalpindi",0317-2794698
FBR-100241,Z. Bhatti,3432132,292102,Filer,H#164 St-19 Westridge Rawalpindi,+92 339 5067204
FBR-100242,I.Siddiqui,45253272,1406724,Filer,مکان 304 گلی 35 Peoples Colony Faisalabad,03181451577
FBR-100243,Noman Joiya,2549724,112816,Filer,"House 355, Street 5, University Town, Peshawar",03373335038
FBR-100244,Bushra Abbasi,35098644,2703379,Filer,"194-5 Shah Rukn-e-Alam, Multan",03196115729
FBR-100245,J.Tarar,0,0,Non-Filer,مکان 185 گلی 35 Peoples Colony Faisalabad,0341-2834914
FBR-100246,Malik Uzma Yousafzai,2356704,65150,Filer,"House No. 331, Gali 26, G-13/1, Islamabad",03243111457
FBR-100247,F.Saddozai,43803144,3456420,Filer,مکان 298 گلی 37 D Ground Faisalabad,0303-6196614
FBR-100248,M. Orakzai,367512,18614,Filer,H#177 St-2 PeoplesColony Faisalabad,+92 331 5956530
FBR-100249,F.Durrani,1574184,113588,Filer,مکان 160 گلی 22 Chaklala Scheme 3 راولپنڈی,+92 333 9742856
FBR-100250,Syed Sufyan Durrani,809580,48689,Filer,"House No. 164, Gali 5, Shah Rukn-e-Alam, Multan",0320-2930810
FBR-100251,Asad Mehsud,32855940,812848,Filer,"380-16 Hayatabad Phase 3, Peshawar",+92 342 3686631
FBR-100252,D.Warraich,0,0,Non-Filer,مکان 96 گلی 28 Cantt Multan,+92 330 4310554
FBR-100253,Haji Lubna Dar,3838656,90353,Filer,"House No. 386, Gali 5, Chaklala Scheme 3, Rawalpindi",+92 341 4136665
FBR-100254,F. Kayani,3174492,74400,Filer,H#271 St-21 ShahRukn-e-Alam Multan,03275719224
FBR-100255,U.Yousafzai,1695768,133333,Filer,مکان 315 گلی 38 Chaklala Scheme 3 راولپنڈی,0302-6254384
FBR-100256,T.Sandhu,2128656,85470,Filer,مکان 262 گلی 25 Cantt Multan,+92 312 2277635
FBR-100257,M.Afridi,2939160,104534,Filer,مکان 331 گلی 12 D Ground Faisalabad,+92 342 9214830
FBR-100258,T. Yousafzai,34512648,2107193,Filer,H#5 St-32 I-8/4 Islamabad,+92 322 2856611
FBR-100259,O.Mehsud,2347440,180400,Filer,مکان 364 گلی 29 North Nazimabad کراچی,03322386982
FBR-100260,Zubair بٹ,38425632,2071516,Filer,"276-19 Johar Town, Lahore",03179309978
FBR-100261,Fahad Lodhi,2517324,62592,Filer,"House 188, Street 35, Gulbahar, Peshawar",+92 307 4666525
FBR-100262,Mubashir Butt,762360,47394,Filer,"House 179, Street 6, Gulshan-e-Iqbal, Karachi",+92 327 6520427
FBR-100263,Chaudhary Javeria Gill,346680,25857,Filer,"House No. 313, Gali 28, Gulbahar, Peshawar",0319-3335975
FBR-100264,Rabia Gill,35491344,981881,Filer,"House 306, Street 35, Madina Town, Faisalabad",+92 315 5909595
FBR-100265,G.Qureshi,0,0,Non-Filer,مکان 31 گلی 18 Westridge راولپنڈی,0312-5188889
FBR-100266,G.Warraich,0,0,Filer,مکان 296 گلی 18 DHA Phase 6 کراچی,0315-7325356
FBR-100267,Nasir Kazmi,1545996,129188,Filer,"House 356, Street 24, Shah Rukn-e-Alam, Multan",03376491002
FBR-100268,Rida Khokhar,466596,16637,Filer,"House 358, Street 23, Gulgasht, Multan",0308-7672565
FBR-100269,A.Lodhi,338064,15571,Filer,مکان 173 گلی 36 Gulberg III لاہور,+92 342 9142618
FBR-100270,Usman Qureshi,636432,28135,Filer,"House 9, Street 8, Shah Rukn-e-Alam, Multan",0317-8659103
FBR-100271,H.Orakzai,2001384,50807,Filer,مکان 82 گلی 18 Chaklala Scheme 3 راولپنڈی,0305-5200835
FBR-100272,Haji Bilal Warraich,1450344,105563,Filer,"House No. 372, Gali 15, Shah Rukn-e-Alam, Multan",0331-2596917
FBR-100273,Shahzad Bukhari,1405608,110698,Filer,"5-1 Westridge, Rawalpindi",03218085252
FBR-100275,U.Mehsud,2300424,156381,Filer,مکان 272 گلی 37 Satellite Town راولپنڈی,+92 309 3753418
FBR-100276,S.Saddozai,763656,36160,Filer,مکان 316 گلی 29 Westridge راولپنڈی,0341-4541364
FBR-100278,N. Shirazi,0,0,Non-Filer,H#338 St-20 DHAPhase5 Lahore,0318-9548370
FBR-100279,Arsalan Hashmi,548880,12316,Filer,"House 124, Street 32, Clifton Block 2, Karachi",0341-9863176
FBR-100280,Shahzad Virk,1384872,44919,Filer,"House 216, Street 24, Gulbahar, Peshawar",0342-8902314
FBR-100281,A.Kayani,29847276,2188402,Filer,مکان 31 گلی 26 Satellite Town راولپنڈی,+92 344 9406206
FBR-100282,Tariq Afridi,19827264,886529,Filer,"House 316, Street 10, D Ground, Faisalabad",0321-6199374
FBR-100283,A.Rizvi,3693528,279067,Filer,مکان 301 گلی 5 Model Town لاہور,0326-5003671
FBR-100284,Fahad Khokhar,1031400,70341,Filer,"House 29, Street 20, D Ground, Faisalabad",03111212482
FBR-100286,R. Siddiqui,0,0,Non-Filer,H#172 St-28 HayatabadPhase3 Peshawar,+92 328 2071594
FBR-100287,A.Khokhar,1607412,68262,Filer,مکان 29 گلی 32 Madina Town Faisalabad,0342-7168777
FBR-100288,Rana Amna Mehsud,3249936,67723,Filer,"House No. 117, Gali 33, Cantt, Multan",0300-1206159
FBR-100289,L. Abbasi,551604,28125,Filer,H#284 St-27 SatelliteTown Rawalpindi,+92 315 5165165
FBR-100290,S.Chaudhry,615300,53810,Filer,مکان 62 گلی 33 Madina Town Faisalabad,03024744423
FBR-100291,K.Khokhar,2794548,127260,Filer,مکان 397 گلی 20 University Town Peshawar,0321-8662929
FBR-100292,Syed Rabia Niazi,0,0,Non-Filer,"House No. 125, Gali 30, Gulgasht, Multan",0329-9277218
FBR-100293,Adnan خان,595908,42149,Filer,"120-35 Clifton Block 2, Karachi",03361456764
FBR-100294,Haji Rida Niazi,0,0,Non-Filer,"House No. 272, Gali 16, F-8/3, Islamabad",0337-2004872
FBR-100295,Danish Naqvi,0,0,Non-Filer,"235-6 Gulshan-e-Iqbal, Karachi",0341-9479670
FBR-100297,Kinza Saddozai,759828,45110,Filer,"232-18 Gulberg III, Lahore",0311-4400953
FBR-100298,Sardar Asad Abbasi,2266332,188454,Filer,"House No. 231, Gali 30, F-8/3, Islamabad",03263025626
FBR-100299,Taimoor Niazi,557784,22637,Filer,"62-6 Gulshan-e-Iqbal, Karachi",0314-1676621
FBR-100300,R. Raja,436728,35211,Filer,H#183 St-26 Cantt Multan,+92 340 6013715
FBR-100301,H. Warraich,409932,20374,Filer,H#285 St-36 UniversityTown Peshawar,+92 316 2383885
FBR-100302,Hamza خان,0,0,Non-Filer,"67-13 F-8/3, Islamabad",03352409947
FBR-100303,علی چوہدری,3685176,112732,Filer,"66-6 Westridge, Rawalpindi",+92 321 1716325
FBR-100304,Noor Warraich,3766056,196009,Filer,"House 196, Street 28, Clifton Block 2, Karachi",0315-4602338
FBR-100305,A.Butt,14015160,872411,Filer,مکان 316 گلی 16 D Ground Faisalabad,03237783660
FBR-100307,Z.Rizvi,2966196,146197,Filer,مکان 177 گلی 37 University Town Peshawar,+92 316 2559323
FBR-100309,Sajid Rizvi,2960700,83504,Filer,"29-15 Gulbahar, Peshawar",0346-6952633
FBR-100310,Sardar Kinza Gill,687096,44003,Filer,"House No. 361, Gali 23, Peoples Colony, Faisalabad",0314-8189094
FBR-100311,زینب Niazi,9634392,696926,Filer,"20-6 Westridge, Rawalpindi",03491909520
FBR-100312,B.Yousafzai,0,0,Filer,مکان 175 گلی 12 Bahria Phase 4 راولپنڈی,0320-1367637
FBR-100313,Malik Hina Sandhu,1950924,56567,Filer,"House No. 361, Gali 26, I-8/4, Islamabad",+92 341 6646557
FBR-100315,K.Niazi,2962044,95013,Filer,مکان 151 گلی 9 Gulgasht Multan,03107569981
FBR-100316,M. Gondal,2970228,257409,Filer,H#54 St-32 Gulgasht Multan,0315-2305378
FBR-100317,Malik Junaid Afridi,1386516,54816,Filer,"House No. 344, Gali 22, B-17, Islamabad",0330-5449526
FBR-100319,Obaid Hashmi,11281716,502115,Filer,"House 280, Street 25, Gulshan-e-Iqbal, Karachi",03182131134
FBR-100320,Rana Zubair Malik,0,0,Non-Filer,"House No. 54, Gali 5, Gulberg III, Lahore",0322-7299138
FBR-100321,Ehsan Shirazi,3043056,173075,Filer,"361-2 Madina Town, Faisalabad",0332-8284673
FBR-100322,Noman Baig,4048776,261779,Filer,"339-19 Gulshan-e-Iqbal, Karachi",0333-3068650
FBR-100323,Adnan شیخ,2262024,133184,Filer,"219-6 DHA Phase 5, Lahore",0329-9058573
FBR-100326,Wajahat Kayani,3564576,200383,Filer,"289-4 Chaklala Scheme 3, Rawalpindi",03112437930
FBR-100327,M. Gondal,674544,51947,Filer,H#199 St-34 PeoplesColony Faisalabad,+92 309 6797931
FBR-100328,Rana Mubashir Raja,653136,33485,Filer,"House No. 258, Gali 37, Clifton Block 2, Karachi",+92 341 8503822
FBR-100329,Sardar Saad Mughal,793260,25543,Filer,"House No. 65, Gali 3, Bahria Phase 4, Rawalpindi",0331-8304686
FBR-100330,Chaudhary Rashid Shirazi,2697696,238312,Filer,"House No. 373, Gali 5, Gulberg III, Lahore",03067666510
FBR-100331,Sana Khokhar,17059128,845171,Filer,"359-40 Hayatabad Phase 3, Peshawar",0348-8039616
FBR-100332,R.Bukhari,507720,21111,Filer,مکان 55 گلی 37 Peoples Colony Faisalabad,+92 304 9986438
FBR-100334,Chaudhary Hussain Warraich,538332,34880,Filer,"House No. 26, Gali 31, Johar Town, Lahore",+92 325 1339451
FBR-100335,O.Lodhi,25749828,1641601,Filer,مکان 357 گلی 7 University Town Peshawar,03126041225
FBR-100336,Sajid Durrani,344196,11899,Filer,"97-29 Clifton Block 2, Karachi",03169127895
FBR-100337,F.Mughal,2172756,59725,Filer,مکان 364 گلی 33 I-8/4 اسلام آباد,03329796063
FBR-100339,M. Afridi,673224,17202,Filer,H#16 St-16 B-17 Islamabad,0327-8484373
FBR-100340,Mahnoor Zaidi,2308368,202505,Filer,"84-17 Gulberg III, Lahore",+92 304 1460542
FBR-100341,S. Khattak,809112,20390,Filer,H#138 St-27 BahriaPhase4 Rawalpindi,+92 340 1149283
FBR-100342,Chaudhary Saad Shirazi,574236,44148,Filer,"House No. 115, Gali 17, Hayatabad Phase 3, Peshawar",+92 344 5620085
FBR-100343,U.Kayani,42937440,2648790,Filer,مکان 155 گلی 34 Westridge راولپنڈی,0346-2716512
FBR-100344,Mian Jawad Zaidi,2699472,55544,Filer,"House No. 312, Gali 19, Gulgasht, Multan",0321-9082229
FBR-100345,Haji Tooba Bhatti,771876,21346,Filer,"House No. 134, Gali 20, University Town, Peshawar",0312-9678746
FBR-100346,Rana Nasir Wazir,46680936,2255077,Filer,"House No. 370, Gali 2, Johar Town, Lahore",+92 334 5352450
FBR-100347,Hussain Bukhari,2848656,143200,Filer,"House 98, Street 22, Gulgasht, Multan",03188981512
FBR-100348,J. Wazir,443964,12069,Filer,H#151 St-7 PeoplesColony Faisalabad,03325339457
FBR-100349,Hafsa Cheema,2810004,202805,Filer,"114-23 Cantt, Multan",+92 314 8054359
FBR-100350,Haji Wajahat Siddiqui,693588,18534,Filer,"House No. 325, Gali 38, Clifton Block 2, Karachi",+92 349 2194801
FBR-100352,U. Abbasi,0,0,Non-Filer,H#399 St-6 JoharTown Lahore,+92 335 3966618
FBR-100354,N. Sial,717612,43433,Filer,H#3 St-3 NorthNazimabad Karachi,0313-1777932
FBR-100355,U.Malik,4126716,216601,Filer,مکان 321 گلی 16 Cantt Multan,0315-6236039
FBR-100356,M. Niazi,31427076,693532,Filer,H#24 St-20 SatelliteTown Rawalpindi,03279728991
FBR-100357,H.Awan,1785468,43494,Filer,مکان 184 گلی 13 Model Town لاہور,0316-1320859
FBR-100358,R.Durrani,501156,17619,Filer,مکان 259 گلی 11 G-13/1 اسلام آباد,+92 305 1626854
FBR-100359,Rana Maryam Yousafzai,15820740,803260,Filer,"House No. 25, Gali 7, G-13/1, Islamabad",+92 300 2942630
FBR-100361,Laiba Orakzai,691428,17661,Filer,"House 54, Street 33, Westridge, Rawalpindi",0341-5743032
FBR-100362,Haris Shirazi,4082784,183289,Filer,"House 268, Street 13, Chaklala Scheme 3, Rawalpindi",0326-5955170
FBR-100363,Noman Orakzai,0,0,Filer,"121-1 Gulshan-e-Iqbal, Karachi",0326-2778176
FBR-100364,Fatima Chaudhry,14623536,903011,Filer,"House 52, Street 17, Gulgasht, Multan",+92 317 5966428
FBR-100365,S. Butt,1830696,70262,Filer,H#185 St-21 UniversityTown Peshawar,0331-2593809
FBR-100366,B. Khattak,443808,19274,Filer,H#184 St-29 ChaklalaScheme3 Rawalpindi,+92 344 2559464
FBR-100367,Fahad Warraich,1328964,93393,Filer,"House 140, Street 25, North Nazimabad, Karachi",0336-3798082
FBR-100368,Waqas قریشی,0,0,Filer,"292-29 North Nazimabad, Karachi",0339-4820510
FBR-100369,Z. Hashmi,0,0,Filer,H#226 St-3 E-11/2 Islamabad,0304-6272037
FBR-100370,F. Cheema,3381432,273002,Filer,H#353 St-40 DGround Faisalabad,+92 306 5170429
FBR-100371,A.Zaidi,4053180,244276,Filer,مکان 6 گلی 11 Peoples Colony Faisalabad,0347-9318729
FBR-100372,Atif Janjua,361992,32229,Filer,"26-33 Gulberg III, Lahore",+92 318 7352484
FBR-100373,U. Joiya,813828,59840,Filer,H#230 St-6 Gulbahar Peshawar,0337-6302632
FBR-100374,Ali Qureshi,801372,34317,Filer,"House 19, Street 36, North Nazimabad, Karachi",03402524974
FBR-100375,Mubashir Kazmi,561072,23155,Filer,"House 336, Street 30, Peoples Colony, Faisalabad",0325-1910586
FBR-100376,Nadia Kakar,3107628,156565,Filer,"243-24 D Ground, Faisalabad",03401354144
FBR-100377,G.Afridi,45680544,2572796,Filer,مکان 281 گلی 34 University Town Peshawar,0321-1768029
FBR-100378,Noor Tarar,19192140,839099,Filer,"House 313, Street 13, I-8/4, Islamabad",0311-7591709
FBR-100379,M.Cheema,0,0,Non-Filer,مکان 24 گلی 38 E-11/2 اسلام آباد,03078673695
FBR-100380,A. Khan,439356,33390,Filer,H#25 St-36 DGround Faisalabad,03399102253
FBR-100381,Javeria Bukhari,629244,29025,Filer,"54-25 Bahria Phase 4, Rawalpindi",03496399642
FBR-100382,L.Orakzai,4183068,132886,Filer,مکان 141 گلی 26 Hayatabad Phase 3 Peshawar,0324-8597490
FBR-100383,M. Orakzai,899964,44079,Filer,H#365 St-36 MadinaTown Faisalabad,03134518395
FBR-100385,Syed Amna Wazir,3356220,131051,Filer,"House No. 346, Gali 35, Shah Rukn-e-Alam, Multan",+92 333 1595516
FBR-100386,Rashid Sheikh,532104,11672,Filer,"House 103, Street 18, Cantt, Multan",0314-5203716
FBR-100387,Syed Noman Tareen,0,0,Non-Filer,"House No. 184, Gali 29, Peoples Colony, Faisalabad",03094763253
FBR-100388,Fatima Orakzai,519708,19891,Filer,"House 196, Street 25, DHA Phase 5, Lahore",0335-1902651
FBR-100389,Shoaib Afridi,531348,23033,Filer,"House 332, Street 24, Gulgasht, Multan",03484296204
FBR-100390,Taimoor Ansari,37614516,801160,Filer,"96-12 Cantt, Multan",0341-7328336
FBR-100391,Mian Nadeem Awan,769404,25685,Filer,"House No. 3, Gali 22, Chaklala Scheme 3, Rawalpindi",0338-4870109
FBR-100392,Bilal Kakar,549972,29123,Filer,"House 339, Street 20, Gulgasht, Multan",0339-7007679
FBR-100394,B. Cheema,810624,46779,Filer,H#151 St-14 GulbergIII Lahore,0315-6235092
FBR-100397,M. Butt,41154564,2471418,Filer,H#165 St-33 JoharTown Lahore,03013808418
FBR-100398,K.Dar,642276,34229,Filer,مکان 397 گلی 14 Gulgasht Multan,03314449052
FBR-100399,U. Chaudhry,2079828,60599,Filer,H#79 St-2 Gulgasht Multan,0335-1635626
FBR-100401,علی Virk,581304,45320,Filer,"274-1 Cantt, Multan",03411763646
FBR-100402,A.Qureshi,324228,24461,Filer,مکان 311 گلی 6 Gulberg III لاہور,+92 327 7399057
FBR-100403,Yousuf Mughal,0,0,Non-Filer,"House 70, Street 26, Peoples Colony, Faisalabad",+92 344 3417186
FBR-100404,Mian Ahmed Zaidi,13884564,1022699,Filer,"House No. 73, Gali 8, Gulbahar, Peshawar",03007611593
FBR-100405,O.Dar,2349072,58006,Filer,مکان 372 گلی 23 Gulgasht Multan,0316-9599207
FBR-100406,M.Kayani,24229020,1252048,Filer,مکان 93 گلی 37 Satellite Town راولپنڈی,03088738745
FBR-100407,Farah چوہدری,0,0,Non-Filer,"102-38 DHA Phase 5, Lahore",+92 301 5492115
FBR-100408,Irfan Yousafzai,0,0,Non-Filer,"House 163, Street 32, F-8/3, Islamabad",03356128383
FBR-100409,S. Sial,3046008,225714,Filer,H#161 St-16 SatelliteTown Rawalpindi,+92 316 5641917
FBR-100410,Zafar Khokhar,424464,15687,Filer,"House 397, Street 20, Gulshan-e-Iqbal, Karachi",0338-2825908
FBR-100411,Chaudhary Naveed Rizvi,3508884,211203,Filer,"House No. 376, Gali 5, Chaklala Scheme 3, Rawalpindi",03009509040
FBR-100412,M. Dar,2790804,137923,Filer,H#134 St-35 G-13/1 Islamabad,+92 347 3493647
FBR-100413,Naveed Khokhar,2003388,93804,Filer,"House 47, Street 26, D Ground, Faisalabad",03281177698
FBR-100414,F. Awan,4027968,115028,Filer,H#92 St-37 DHAPhase6 Karachi,+92 342 9111841
FBR-100416,Haji Usman Butt,0,0,Non-Filer,"House No. 53, Gali 34, Shah Rukn-e-Alam, Multan",+92 324 3916715
FBR-100417,Sana Kayani,305184,26975,Filer,"265-26 DHA Phase 6, Karachi",+92 325 9168181
FBR-100419,L. Bangash,0,0,Non-Filer,H#339 St-15 HayatabadPhase3 Peshawar,+92 335 2901507
FBR-100420,M. Mughal,0,0,Non-Filer,H#12 St-16 ShahRukn-e-Alam Multan,0306-3985991
FBR-100421,Imran Mughal,1005888,43057,Filer,"House 265, Street 26, Johar Town, Lahore",03491312392
FBR-100422,T. Dar,443028,17213,Filer,H#247 St-11 NorthNazimabad Karachi,03163394312
FBR-100423,N.Wazir,1791804,117964,Filer,مکان 86 گلی 22 Madina Town Faisalabad,03062369769
FBR-100424,Asad ملک,0,0,Non-Filer,"77-39 Westridge, Rawalpindi",03028983760
FBR-100425,Mian Salman Rajput,1233288,94491,Filer,"House No. 309, Gali 35, Cantt, Multan",+92 306 9758448
FBR-100426,K.Naqvi,3961908,306643,Filer,مکان 247 گلی 25 DHA Phase 6 کراچی,+92 329 2639417
FBR-100428,Sana خان,39062640,1391982,Filer,"353-21 DHA Phase 6, Karachi",0335-2788169
FBR-100430,O.Zaidi,754272,37037,Filer,مکان 248 گلی 12 Gulbahar Peshawar,+92 328 9116148
FBR-100432,Rehan Kazmi,1533072,71477,Filer,"House 282, Street 40, Gulshan-e-Iqbal, Karachi",03027528076
FBR-100434,Mian Nasir Yousafzai,2759388,60253,Filer,"House No. 147, Gali 39, Gulgasht, Multan",+92 302 9294125
FBR-100436,Z.Khan,1056672,39046,Filer,مکان 142 گلی 26 Satellite Town راولپنڈی,03267802338
FBR-100437,Lubna چوہدری,2183844,149362,Filer,"146-36 G-13/1, Islamabad",+92 345 6829664
FBR-100438,Ubaid Warraich,2811264,137074,Filer,"134-12 Peoples Colony, Faisalabad",03382786185
FBR-100439,E. Siddiqui,21844332,1887110,Filer,H#132 St-35 Gulbahar Peshawar,03268883328
FBR-100440,Malik Ehsan Kakar,2346516,88263,Filer,"House No. 301, Gali 2, North Nazimabad, Karachi",0331-5325497
FBR-100441,Gul Orakzai,495228,22564,Filer,"212-23 Chaklala Scheme 3, Rawalpindi",03481163128
FBR-100442,Rana Irfan Raja,2652876,170069,Filer,"House No. 39, Gali 36, Gulshan-e-Iqbal, Karachi",+92 317 6265911
FBR-100443,Rana Talha Saddozai,2530944,168956,Filer,"House No. 256, Gali 13, Cantt, Multan",0325-7886706
FBR-100444,Malik Nimra Gill,679284,33760,Filer,"House No. 62, Gali 6, Satellite Town, Rawalpindi",03391111126
FBR-100445,Jawad Yousafzai,1766844,115795,Filer,"House 295, Street 18, Model Town, Lahore",+92 332 9575399
FBR-100446,بلال Naqvi,437460,31319,Filer,"245-35 University Town, Peshawar",+92 308 6826541
FBR-100447,Ubaid Siddiqui,0,0,Non-Filer,"House 236, Street 21, Gulgasht, Multan",+92 300 4535838
FBR-100448,Mehwish Kayani,3627216,290142,Filer,"122-18 Chaklala Scheme 3, Rawalpindi",0304-9370278
FBR-100449,Noman Tarar,2398008,206631,Filer,"House 187, Street 26, Shah Rukn-e-Alam, Multan",03302663200
FBR-100451,Mian Saad Tarar,1260156,81298,Filer,"House No. 323, Gali 34, DHA Phase 6, Karachi",+92 345 9164132
FBR-100453,I. Zaidi,456456,21623,Filer,H#177 St-2 MadinaTown Faisalabad,03316890320
FBR-100454,Sardar Amna Gilani,46670568,1347673,Filer,"House No. 276, Gali 12, Gulgasht, Multan",03256454109
FBR-100455,T.Raja,0,0,Non-Filer,مکان 238 گلی 10 Gulshan-e-Iqbal کراچی,03158076906
FBR-100456,T. Mughal,585600,28544,Filer,H#161 St-21 JoharTown Lahore,+92 324 7634639
FBR-100457,M.Naqvi,1463712,40000,Filer,مکان 86 گلی 12 North Nazimabad کراچی,03024936391
FBR-100458,N. Mughal,712068,14467,Filer,H#49 St-5 CliftonBlock2 Karachi,0338-1903041
FBR-100459,Tariq Qureshi,0,0,Non-Filer,"House 80, Street 6, Wapda Town, Lahore",0334-4847954
FBR-100460,Rana Shahzad Naqvi,725124,30678,Filer,"House No. 15, Gali 3, Hayatabad Phase 3, Peshawar",+92 325 8988550
FBR-100461,Syed Sajid Zaidi,0,0,Non-Filer,"House No. 358, Gali 35, DHA Phase 6, Karachi",03198659527
FBR-100463,Obaid Kayani,10018608,663934,Filer,"House 6, Street 1, Chaklala Scheme 3, Rawalpindi",+92 342 6769431
FBR-100464,Javeria Hashmi,19091088,1684980,Filer,"House 154, Street 1, University Town, Peshawar",0334-4879150
FBR-100466,S. Tareen,1390728,96904,Filer,H#356 St-18 Gulbahar Peshawar,+92 328 5510085
FBR-100467,T. Awan,507672,17812,Filer,H#327 St-30 DHAPhase5 Lahore,03475565653
FBR-100468,Ali Abbasi,0,0,Non-Filer,"House 12, Street 12, G-13/1, Islamabad",03161302736
FBR-100469,Danish راجہ,664656,25443,Filer,"253-14 Satellite Town, Rawalpindi",03443422695
FBR-100470,Kinza بٹ,18740412,645242,Filer,"385-10 DHA Phase 5, Lahore",0304-7583744
FBR-100471,Umar Kayani,0,0,Non-Filer,"7-8 University Town, Peshawar",0316-8431651
FBR-100473,Sadia Naqvi,1670484,102746,Filer,"247-20 I-8/4, Islamabad",03151873883
FBR-100474,Arsalan Afridi,307020,12853,Filer,"House 8, Street 11, Gulshan-e-Iqbal, Karachi",+92 329 3007387
FBR-100475,U.Bukhari,1535040,97017,Filer,مکان 244 گلی 39 Gulbahar Peshawar,+92 330 3128792
FBR-100476,H. Yousafzai,25542012,1057449,Filer,H#31 St-23 DHAPhase5 Lahore,0318-2801733
FBR-100477,Nadia Khattak,1208436,50171,Filer,"House 225, Street 13, University Town, Peshawar",+92 347 1665524
FBR-100478,M. Bangash,3906876,316086,Filer,H#278 St-32 Gulshan-e-Iqbal Karachi,03194131076
FBR-100479,Haji Waseem Shirazi,725928,56456,Filer,"House No. 83, Gali 5, Gulbahar, Peshawar",+92 342 8539415
FBR-100480,I.Khokhar,1358508,69525,Filer,مکان 260 گلی 25 B-17 اسلام آباد,03107108168
FBR-100481,Rana Bushra Rizvi,3538260,270680,Filer,"House No. 98, Gali 34, University Town, Peshawar",03383585897
FBR-100482,Uzma Bhatti,4013676,183308,Filer,"268-5 G-10/2, Islamabad",0302-3997061
FBR-100483,Malik Umar Qureshi,1405896,102842,Filer,"House No. 329, Gali 25, G-13/1, Islamabad",0338-5293936
FBR-100484,Ahmed Dar,345840,21996,Filer,"House 41, Street 30, Shah Rukn-e-Alam, Multan",+92 305 7978536
FBR-100485,M. Lodhi,2413428,106953,Filer,H#376 St-5 PeoplesColony Faisalabad,03214622201
FBR-100486,M.Virk,3212100,277316,Filer,مکان 270 گلی 16 Bahria Phase 4 راولپنڈی,03427965641
FBR-100487,G.Khokhar,1955160,93506,Filer,مکان 219 گلی 7 Gulgasht Multan,03127737011
FBR-100488,Maryam Shirazi,46134108,1400456,Filer,"162-36 Gulshan-e-Iqbal, Karachi",03257917972
FBR-100489,Sardar Atif Shirazi,300144,24853,Filer,"House No. 193, Gali 36, Bahria Phase 4, Rawalpindi",+92 325 8590070
FBR-100490,Noor Butt,468936,13122,Filer,"House 9, Street 34, Wapda Town, Lahore",+92 314 1110206
FBR-100491,Sardar Saqib Malik,3197592,268476,Filer,"House No. 142, Gali 36, Gulbahar, Peshawar",0348-3595683
FBR-100492,Sardar Adnan Awan,38241972,1147963,Filer,"House No. 299, Gali 16, Gulberg III, Lahore",03094384186
FBR-100493,R.Durrani,0,0,Non-Filer,مکان 167 گلی 31 B-17 اسلام آباد,03172599943
FBR-100494,Tariq Kakar,0,0,Non-Filer,"House 179, Street 28, I-8/4, Islamabad",03068686088
FBR-100496,Ayesha Orakzai,2783148,99793,Filer,"House 26, Street 26, Bahria Phase 4, Rawalpindi",0339-9467953
FBR-100497,Mansoor Abbasi,4117188,317316,Filer,"House 43, Street 31, Chaklala Scheme 3, Rawalpindi",+92 340 7697318
FBR-100498,R.Kakar,2193744,119335,Filer,مکان 391 گلی 9 Cantt Multan,03093412905
FBR-100499,N.Yousafzai,0,0,Non-Filer,مکان 127 گلی 16 Gulgasht Multan,+92 304 8215305
FBR-100500,Fahad Wazir,965292,43375,Filer,"House 188, Street 23, North Nazimabad, Karachi",03156780168
FBR-100501,J. Gill,0,0,Filer,H#320 St-10 MadinaTown Faisalabad,03352110819
FBR-100502,F.Saddozai,539952,47830,Filer,مکان 318 گلی 10 F-8/3 اسلام آباد,03206759137
FBR-100503,T. Rajput,40958724,1898090,Filer,H#108 St-35 I-8/4 Islamabad,+92 313 9778944
FBR-100504,Malik Rida Abbasi,1338168,43244,Filer,"House No. 343, Gali 2, Gulgasht, Multan",0339-9838222
FBR-100505,I.Baig,2666928,82902,Filer,مکان 317 گلی 18 Gulbahar Peshawar,0307-1139824
FBR-100506,B.Wazir,378324,26776,Filer,مکان 10 گلی 19 DHA Phase 5 لاہور,03337387106
FBR-100508,A. Butt,0,0,Non-Filer,H#171 St-32 ChaklalaScheme3 Rawalpindi,+92 332 1308234
FBR-100509,Rana Arsalan Kazmi,3431568,306936,Filer,"House No. 321, Gali 17, DHA Phase 5, Lahore",0330-5700872
FBR-100510,Bushra Awan,31064676,2436836,Filer,"House 196, Street 34, B-17, Islamabad",0343-8001691
FBR-100511,Owais Shirazi,1810932,78599,Filer,"House 278, Street 9, Model Town, Lahore",0312-4394202
FBR-100512,Rauf Kakar,1875540,140369,Filer,"163-5 Bahria Phase 4, Rawalpindi",0348-2986209
FBR-100513,R. Malik,383964,15083,Filer,H#212 St-27 UniversityTown Peshawar,0327-5593537
FBR-100514,S. Ansari,1124100,91471,Filer,H#316 St-18 G-13/1 Islamabad,03494874049
FBR-100515,G.Raja,686484,51268,Filer,مکان 69 گلی 33 Shah Rukn-e-Alam Multan,+92 303 9295063
FBR-100516,Syed Yousuf Awan,2236116,102327,Filer,"House No. 116, Gali 3, Bahria Phase 4, Rawalpindi",+92 330 5527477
FBR-100517,N.Chaudhry,11705184,755329,Filer,مکان 316 گلی 32 Westridge راولپنڈی,+92 327 5140345
FBR-100519,Sana Qureshi,3397296,200352,Filer,"House 22, Street 16, North Nazimabad, Karachi",03487637254
FBR-100520,Sana Tareen,30863208,1230375,Filer,"98-19 Cantt, Multan",+92 336 6109570
FBR-100521,Syed Zubair Yousafzai,18648180,1193402,Filer,"House No. 265, Gali 10, B-17, Islamabad",03372517344
FBR-100523,H. Khokhar,27867528,2120894,Filer,H#166 St-11 I-8/4 Islamabad,03012915369
FBR-100524,Sardar Tariq Naqvi,2035104,49364,Filer,"House No. 373, Gali 33, Shah Rukn-e-Alam, Multan",03427353173
FBR-100525,B. Gilani,3767604,223526,Filer,H#77 St-11 Gulbahar Peshawar,+92 312 1860847
FBR-100526,Irfan Afridi,34697484,2933005,Filer,"68-13 Satellite Town, Rawalpindi",0309-5246497
FBR-100527,Z.Khan,39860220,3446814,Filer,مکان 122 گلی 14 Madina Town Faisalabad,+92 347 8612468
FBR-100528,Iqra Khan,3155832,88900,Filer,"House 318, Street 36, Chaklala Scheme 3, Rawalpindi",0310-4101100
FBR-100529,H.Abbasi,3583260,99227,Filer,مکان 342 گلی 37 Hayatabad Phase 3 Peshawar,0344-6555122
FBR-100530,Saad Mughal,0,0,Filer,"House 313, Street 39, Shah Rukn-e-Alam, Multan",+92 315 5247749
FBR-100531,Rana Salman Kakar,15741624,1357889,Filer,"House No. 189, Gali 25, Gulberg III, Lahore",+92 306 2089275
FBR-100532,Javeria Lodhi,41257524,3429082,Filer,"212-34 Wapda Town, Lahore",0313-1976175
FBR-100533,Hina راجہ,578280,44769,Filer,"219-39 Gulshan-e-Iqbal, Karachi",03249814602
FBR-100534,Shahzad Yousafzai,2177736,45861,Filer,"House 267, Street 32, Madina Town, Faisalabad",03324904421
FBR-100535,M. Siddiqui,3159804,112020,Filer,H#321 St-8 E-11/2 Islamabad,+92 319 7956372
FBR-100536,Syed Nadia Afridi,2997948,225848,Filer,"House No. 328, Gali 13, Satellite Town, Rawalpindi",+92 324 2138100
FBR-100537,M. Siddiqui,3086112,199154,Filer,H#175 St-26 ShahRukn-e-Alam Multan,0349-1488508
FBR-100539,O.Saddozai,3046992,249894,Filer,مکان 154 گلی 37 G-13/1 اسلام آباد,0328-9990666
FBR-100540,G. Chaudhry,0,0,Non-Filer,H#16 St-22 ChaklalaScheme3 Rawalpindi,03383784505
FBR-100541,O. Bangash,592224,20005,Filer,H#364 St-3 UniversityTown Peshawar,+92 326 2456225
FBR-100543,Chaudhary Zafar Kazmi,377268,33035,Filer,"House No. 175, Gali 31, Bahria Phase 4, Rawalpindi",0344-6491819
FBR-100544,S.Mehsud,1237008,97974,Filer,مکان 371 گلی 3 Bahria Phase 4 راولپنڈی,0336-9763492
FBR-100545,Haji Hafsa Shirazi,0,0,Non-Filer,"House No. 171, Gali 30, Hayatabad Phase 3, Peshawar",03019733844
FBR-100547,Haji Waqas Lodhi,2963724,73767,Filer,"House No. 319, Gali 36, G-10/2, Islamabad",03414465793
FBR-100548,Sajid Abbasi,725124,17066,Filer,"294-16 Shah Rukn-e-Alam, Multan",03116224048
FBR-100550,Haji Lubna Shirazi,827592,21876,Filer,"House No. 354, Gali 29, D Ground, Faisalabad",+92 345 6241884
FBR-100551,M.Raja,3888012,78153,Filer,مکان 291 گلی 9 University Town Peshawar,+92 307 2631802
FBR-100552,Y. Gondal,559776,32554,Filer,H#316 St-17 BahriaPhase4 Rawalpindi,03264076154
FBR-100553,A. Khokhar,521976,30641,Filer,H#34 St-31 CliftonBlock2 Karachi,03471430063
FBR-100554,Mian Farhan Shirazi,983184,33780,Filer,"House No. 261, Gali 7, Peoples Colony, Faisalabad",0303-3163689
FBR-100555,Maryam Khokhar,3103584,273873,Filer,"House 123, Street 40, North Nazimabad, Karachi",+92 318 3667917
FBR-100556,Noman Orakzai,421248,27965,Filer,"223-37 Madina Town, Faisalabad",0328-4962012
FBR-100558,Mian Iqra Qureshi,1833984,156626,Filer,"House No. 395, Gali 25, Gulgasht, Multan",0327-2031500
FBR-100560,Haris Dar,840888,29711,Filer,"154-37 Shah Rukn-e-Alam, Multan",0326-6775801
FBR-100561,Shahzad Mirza,324516,13483,Filer,"House 282, Street 4, I-8/4, Islamabad",0308-7027124
FBR-100562,Haji Arsalan Sial,42944088,969906,Filer,"House No. 202, Gali 21, Gulgasht, Multan",+92 336 7401599
FBR-100563,Saad Rajput,826956,56707,Filer,"285-25 Bahria Phase 4, Rawalpindi",+92 326 3588175
FBR-100565,U. Orakzai,602544,28326,Filer,H#320 St-12 MadinaTown Faisalabad,+92 318 8431885
FBR-100566,Ghulam Gondal,30278136,2369328,Filer,"310-1 Westridge, Rawalpindi",+92 301 6267553
FBR-100567,زینب Gilani,44353860,1855930,Filer,"20-37 DHA Phase 5, Lahore",+92 348 4920784
FBR-100568,T.Abbasi,369552,16226,Filer,مکان 270 گلی 18 Gulgasht Multan,03382312558
FBR-100569,Yasir Rajput,3121404,72906,Filer,"House 340, Street 5, Gulgasht, Multan",+92 334 2968031
FBR-100570,Maryam Kakar,2813568,153051,Filer,"233-33 E-11/2, Islamabad",+92 339 6561881
FBR-100571,Syed Zubair Mughal,18110028,1448813,Filer,"House No. 306, Gali 20, B-17, Islamabad",03442030419
FBR-100572,A. Sheikh,1443564,61608,Filer,H#378 St-40 ShahRukn-e-Alam Multan,0304-9132926
FBR-100573,Waseem Kayani,0,0,Non-Filer,"141-17 Chaklala Scheme 3, Rawalpindi",03013929534
FBR-100574,J.Ansari,768348,62996,Filer,مکان 249 گلی 12 Johar Town لاہور,0340-6752034
FBR-100575,Adnan Hashmi,26968224,1437614,Filer,"395-25 University Town, Peshawar",0317-3806547
FBR-100576,بلال Khattak,47470932,1056553,Filer,"27-11 DHA Phase 5, Lahore",03016921560
FBR-100577,Maryam Gondal,3783732,171630,Filer,"House 243, Street 17, North Nazimabad, Karachi",0318-8293631
FBR-100578,Khalid Mehsud,0,0,Non-Filer,"350-3 Wapda Town, Lahore",+92 308 6936250
FBR-100579,Rana Babar Lodhi,0,0,Non-Filer,"House No. 131, Gali 38, DHA Phase 5, Lahore",03141439017
FBR-100580,Chaudhary Sana Cheema,1574664,70820,Filer,"House No. 93, Gali 21, Gulgasht, Multan",0340-1142206
FBR-100581,Rana Hina Qureshi,1538436,130682,Filer,"House No. 180, Gali 15, Shah Rukn-e-Alam, Multan",0324-4239337
FBR-100583,F.Orakzai,885000,39496,Filer,مکان 151 گلی 30 Chaklala Scheme 3 راولپنڈی,+92 307 5636946
FBR-100584,Kashif Mughal,2625120,138794,Filer,"House 142, Street 4, Hayatabad Phase 3, Peshawar",0336-6581020
FBR-100585,S.Joiya,3673212,249928,Filer,مکان 103 گلی 40 E-11/2 اسلام آباد,0332-9255351
FBR-100586,Rehan Yousafzai,22212924,1361913,Filer,"227-17 Cantt, Multan",0300-2223386
FBR-100588,Rana Amna Khan,355128,13126,Filer,"House No. 395, Gali 32, D Ground, Faisalabad",03367776531
FBR-100590,Sardar Nasir Sheikh,528024,38305,Filer,"House No. 47, Gali 24, Gulgasht, Multan",+92 345 2349840
FBR-100592,Haji Saba Joiya,2896068,142983,Filer,"House No. 72, Gali 3, Cantt, Multan",+92 310 5001116
FBR-100593,Anas Rizvi,1703568,56223,Filer,"9-3 University Town, Peshawar",03327065645
FBR-100594,R. Khattak,1850808,145905,Filer,H#235 St-35 Gulgasht Multan,0319-4908850
FBR-100595,Mustafa Khattak,0,0,Non-Filer,"House 317, Street 3, E-11/2, Islamabad",0312-1241008
FBR-100597,K. Baig,467688,31065,Filer,H#378 St-26 Gulshan-e-Iqbal Karachi,+92 321 3304005
FBR-100598,U.Bukhari,0,0,Filer,مکان 33 گلی 8 Chaklala Scheme 3 راولپنڈی,0322-7965133
FBR-100599,Syed Sufyan Janjua,363480,22645,Filer,"House No. 69, Gali 7, Peoples Colony, Faisalabad",+92 307 8403913
FBR-100600,محمد خان,1860228,87457,Filer,"362-38 Satellite Town, Rawalpindi",03268986164
FBR-100602,Mehwish Raja,1561980,109369,Filer,"House 179, Street 27, Shah Rukn-e-Alam, Multan",0308-4953366
FBR-100603,Malik Nimra Sandhu,1898784,147354,Filer,"House No. 260, Gali 15, Gulbahar, Peshawar",0333-5637668
FBR-100605,M.Tareen,15441744,503910,Filer,مکان 54 گلی 4 Clifton Block 2 کراچی,0342-3651565
FBR-100606,F.Janjua,0,0,Filer,مکان 304 گلی 38 Shah Rukn-e-Alam Multan,03264334495
FBR-100608,B.Sial,19372128,1329971,Filer,مکان 313 گلی 30 Bahria Phase 4 راولپنڈی,0316-7266039
FBR-100609,S.Gill,3888888,81999,Filer,مکان 172 گلی 9 Johar Town لاہور,+92 309 2000789
FBR-100610,U. Tarar,480636,17641,Filer,H#113 St-19 ChaklalaScheme3 Rawalpindi,+92 302 6123306
FBR-100611,Salman Tarar,3653436,210365,Filer,"251-14 Gulbahar, Peshawar",+92 347 8763873
FBR-100612,Yasir Janjua,331500,18477,Filer,"House 297, Street 15, Model Town, Lahore",+92 342 1085187
FBR-100613,Y. Durrani,655812,19602,Filer,H#18 St-28 Gulbahar Peshawar,0314-6528135
FBR-100615,A. Rajput,16577160,1116060,Filer,H#83 St-30 ShahRukn-e-Alam Multan,+92 349 1409590
FBR-100616,Lubna Warraich,1165812,26925,Filer,"House 321, Street 30, Chaklala Scheme 3, Rawalpindi",03017457202
FBR-100617,Haji Zubair Sial,3072000,63737,Filer,"House No. 358, Gali 40, University Town, Peshawar",0336-2683255
FBR-100618,I.Kazmi,3265392,119584,Filer,مکان 27 گلی 8 Shah Rukn-e-Alam Multan,03358807325
FBR-100620,Z. Saddozai,30886716,1694674,Filer,H#360 St-14 Gulbahar Peshawar,+92 315 6917519
FBR-100621,W.Sheikh,36371628,2045524,Filer,مکان 177 گلی 29 I-8/4 اسلام آباد,+92 326 2655201
FBR-100623,I. Chaudhry,41171844,2662715,Filer,H#142 St-8 F-8/3 Islamabad,0317-3524938
FBR-100624,A. Mirza,1098636,73093,Filer,H#243 St-23 DHAPhase6 Karachi,+92 337 1360413
FBR-100625,Syed Danish Naqvi,0,0,Non-Filer,"House No. 211, Gali 38, Shah Rukn-e-Alam, Multan",03259156216
FBR-100626,U. Niazi,337212,20528,Filer,H#157 St-11 PeoplesColony Faisalabad,+92 323 9124251
FBR-100627,Rashid Gill,824040,61332,Filer,"86-40 Model Town, Lahore",+92 318 5450679
FBR-100629,Nadia Bangash,719664,60519,Filer,"House 163, Street 23, B-17, Islamabad",03158523391
FBR-100630,Sardar Mubashir Siddiqui,729504,36502,Filer,"House No. 256, Gali 10, E-11/2, Islamabad",0335-3618139
FBR-100633,T.Gill,518568,13526,Filer,مکان 29 گلی 39 I-8/4 اسلام آباد,0319-9832094
FBR-100634,H. Malik,4178424,84867,Filer,H#229 St-6 G-13/1 Islamabad,+92 346 4262330
FBR-100635,Syed Imran Wazir,3170532,155880,Filer,"House No. 76, Gali 28, Model Town, Lahore",0326-7255068
FBR-100636,O. Joiya,3626520,91419,Filer,H#45 St-14 Gulbahar Peshawar,+92 336 8423991
FBR-100637,Sardar Rida Tarar,3324144,218900,Filer,"House No. 74, Gali 14, Satellite Town, Rawalpindi",+92 327 9813089
FBR-100638,Salman خان,3361884,222220,Filer,"213-12 Gulshan-e-Iqbal, Karachi",0347-3297254
FBR-100640,Adnan Kayani,0,0,Non-Filer,"64-19 Model Town, Lahore",03329252486
FBR-100641,Waseem Hashmi,0,0,Non-Filer,"House 382, Street 24, G-13/1, Islamabad",+92 347 8316015
FBR-100642,Jawad Kazmi,1812468,154348,Filer,"House 9, Street 17, Gulgasht, Multan",0319-1981641
FBR-100643,Mian Ghulam Mughal,13466808,1008013,Filer,"House No. 185, Gali 27, I-8/4, Islamabad",+92 320 5862980
FBR-100644,Mian Fatima Baig,838680,40468,Filer,"House No. 94, Gali 7, Gulbahar, Peshawar",+92 342 6412444
FBR-100645,M. Lodhi,2730516,83302,Filer,H#353 St-24 Gulgasht Multan,0308-6899361
FBR-100646,Jawad Kakar,2145408,124715,Filer,"House 175, Street 11, North Nazimabad, Karachi",03033593001
FBR-100647,Chaudhary Nadia Yousafzai,1785636,114716,Filer,"House No. 273, Gali 36, Gulgasht, Multan",03266779911
FBR-100648,Malik Ali Rajput,2876904,242376,Filer,"House No. 354, Gali 24, Gulberg III, Lahore",+92 317 9776515
FBR-100649,Mian Hassan Saddozai,1454532,113400,Filer,"House No. 114, Gali 9, Hayatabad Phase 3, Peshawar",0346-6811609
FBR-100650,Qasim Orakzai,4190520,211620,Filer,"40-2 Hayatabad Phase 3, Peshawar",0336-1713315
FBR-100651,Mahnoor Sheikh,773268,24461,Filer,"House 130, Street 3, Clifton Block 2, Karachi",0304-1172342
FBR-100652,N.Bukhari,755928,26414,Filer,مکان 344 گلی 23 Bahria Phase 4 راولپنڈی,03013442040
FBR-100653,F. Gill,2165112,51706,Filer,H#259 St-37 BahriaPhase4 Rawalpindi,03011234617
FBR-100654,Irfan Mughal,0,0,Non-Filer,"House 3, Street 7, Gulbahar, Peshawar",+92 318 8964404
FBR-100655,Gul قریشی,2937276,69780,Filer,"195-28 Chaklala Scheme 3, Rawalpindi",+92 318 4817726
FBR-100656,H.Khokhar,1688052,128141,Filer,مکان 70 گلی 32 G-13/1 اسلام آباد,0324-1681298
FBR-100657,L. Mirza,636552,45291,Filer,H#352 St-29 Gulshan-e-Iqbal Karachi,+92 318 7833061
FBR-100658,U. Chaudhry,3716016,133393,Filer,H#348 St-24 UniversityTown Peshawar,03109248490
FBR-100659,Sana Wazir,432684,36661,Filer,"62-10 Cantt, Multan",03362706614
FBR-100661,U. Warraich,3820308,182830,Filer,H#342 St-39 ModelTown Lahore,+92 337 9580111
FBR-100662,A.Siddiqui,1389252,67474,Filer,مکان 255 گلی 15 Model Town لاہور,0345-8032337
FBR-100663,Anas Mehsud,0,0,Filer,"House 196, Street 39, F-8/3, Islamabad",03226079345
FBR-100664,Rana Bushra Tareen,3121836,66886,Filer,"House No. 239, Gali 13, Madina Town, Faisalabad",03279225036
FBR-100666,H. Ansari,3407880,282523,Filer,H#400 St-20 DGround Faisalabad,03084594997
FBR-100667,M.Tareen,17467380,970874,Filer,مکان 346 گلی 32 G-13/1 اسلام آباد,+92 348 8882244
FBR-100669,Mahnoor بٹ,27586812,1110676,Filer,"179-38 Chaklala Scheme 3, Rawalpindi",+92 331 3831475
FBR-100670,O. Gill,2878332,193846,Filer,H#126 St-16 B-17 Islamabad,03142425085
FBR-100671,Sardar Fahad Cheema,30798312,1111407,Filer,"House No. 276, Gali 21, Satellite Town, Rawalpindi",+92 303 7193765
FBR-100672,S.Malik,34179888,1982399,Filer,مکان 302 گلی 2 Shah Rukn-e-Alam Multan,+92 326 7548160
FBR-100674,H.Hashmi,616164,45244,Filer,مکان 275 گلی 14 Cantt Multan,+92 324 1797443
FBR-100675,Chaudhary Shoaib Yousafzai,3950124,136454,Filer,"House No. 368, Gali 38, Cantt, Multan",+92 309 6651204
FBR-100678,Amna Hashmi,3869712,306958,Filer,"138-35 Westridge, Rawalpindi",03462004647
FBR-100679,Malik Rashid Janjua,2765928,228489,Filer,"House No. 223, Gali 27, Chaklala Scheme 3, Rawalpindi",0312-8967629
FBR-100681,Wajahat Hashmi,2707584,200003,Filer,"217-3 Madina Town, Faisalabad",0312-5575347
FBR-100683,O.Sandhu,0,0,Non-Filer,مکان 47 گلی 26 Gulgasht Multan,03132877913
FBR-100684,A. Raja,0,0,Filer,H#396 St-21 SatelliteTown Rawalpindi,03297542286
FBR-100686,Fahad Bhatti,0,0,Non-Filer,"244-16 Madina Town, Faisalabad",+92 322 7090096
FBR-100687,Sardar Ali Khattak,0,0,Non-Filer,"House No. 379, Gali 4, Peoples Colony, Faisalabad",+92 314 7454030
FBR-100688,Hafsa Siddiqui,2441388,207965,Filer,"227-25 Peoples Colony, Faisalabad",+92 306 5287143
FBR-100689,Mian Mubashir Dar,686676,22628,Filer,"House No. 225, Gali 21, Hayatabad Phase 3, Peshawar",0330-5597569
FBR-100690,Haji Yousuf Saddozai,3607884,86810,Filer,"House No. 368, Gali 28, Gulshan-e-Iqbal, Karachi",03224202744
FBR-100691,Laiba Durrani,0,0,Non-Filer,"House 378, Street 21, Gulbahar, Peshawar",0332-4842637
FBR-100692,U. Awan,1778472,132110,Filer,H#103 St-20 E-11/2 Islamabad,0329-2379624
FBR-100693,I.Mehsud,0,0,Non-Filer,مکان 232 گلی 31 Gulshan-e-Iqbal کراچی,03143910495
FBR-100694,H.Raja,739236,17598,Filer,مکان 94 گلی 26 Gulshan-e-Iqbal کراچی,+92 315 3966870
FBR-100695,Uzma Yousafzai,31187412,766390,Filer,"46-30 Cantt, Multan",+92 343 1249619
FBR-100696,I. Kayani,32435856,2758676,Filer,H#189 St-11 SatelliteTown Rawalpindi,03411236808
FBR-100697,Chaudhary Gul Hashmi,16153140,706567,Filer,"House No. 366, Gali 14, F-8/3, Islamabad",03145831200
FBR-100698,Rauf Dar,2607096,133803,Filer,"145-13 Peoples Colony, Faisalabad",0326-2405180
FBR-100699,A. Yousafzai,2993676,81022,Filer,H#190 St-38 DHAPhase6 Karachi,+92 331 1173144
FBR-100700,J. Warraich,1329636,94867,Filer,H#366 St-25 Cantt Multan,0339-5298752
FBR-100701,Bilal Cheema,28773216,806365,Filer,"House 182, Street 39, Westridge, Rawalpindi",+92 340 1089942
FBR-100702,Mubashir Warraich,4060680,328025,Filer,"House 68, Street 36, Shah Rukn-e-Alam, Multan",0326-1612396
FBR-100703,Ehsan Khokhar,1764492,68460,Filer,"163-34 Satellite Town, Rawalpindi",0332-5368887
FBR-100704,Anas Lodhi,1997988,64536,Filer,"House 221, Street 19, Shah Rukn-e-Alam, Multan",03295425123
FBR-100705,S.Saddozai,1185624,65782,Filer,مکان 285 گلی 29 DHA Phase 6 کراچی,0303-3493443
FBR-100706,Yousuf Kayani,741072,40917,Filer,"224-8 Westridge, Rawalpindi",+92 330 8407471
FBR-100707,M. Khokhar,442068,36040,Filer,H#369 St-10 CliftonBlock2 Karachi,0305-2569976
FBR-100708,J. Saddozai,441996,27991,Filer,H#289 St-38 MadinaTown Faisalabad,03191069218
FBR-100709,Pervez Chaudhry,395928,20317,Filer,"House 347, Street 7, Westridge, Rawalpindi",03205769447
FBR-100710,Mian Mansoor Sandhu,0,0,Non-Filer,"House No. 166, Gali 10, Peoples Colony, Faisalabad",03018721431
FBR-100711,Iqra Wazir,806172,19749,Filer,"23-40 I-8/4, Islamabad",0335-3169632
FBR-100712,Syed Irfan Bhatti,2079936,71220,Filer,"House No. 381, Gali 5, Hayatabad Phase 3, Peshawar",0349-7398678
FBR-100713,Rana Arsalan Kakar,1929720,71016,Filer,"House No. 46, Gali 2, University Town, Peshawar",+92 312 7517997
FBR-100714,Hamza Niazi,3271836,205368,Filer,"377-20 North Nazimabad, Karachi",03427023763
FBR-100715,فاطمہ Baig,589584,15781,Filer,"199-31 North Nazimabad, Karachi",0329-8097946
FBR-100718,M. Abbasi,1243704,90026,Filer,H#128 St-34 ChaklalaScheme3 Rawalpindi,0321-4907940
FBR-100720,Ayesha Malik,2832636,146398,Filer,"House 339, Street 30, B-17, Islamabad",0312-7592730
FBR-100721,Saqib Bukhari,1452120,64600,Filer,"388-29 Shah Rukn-e-Alam, Multan",0344-6726640
FBR-100723,Zara Rajput,0,0,Non-Filer,"House 337, Street 39, North Nazimabad, Karachi",03347052024
FBR-100724,Mubashir راجہ,1873224,130494,Filer,"8-13 Bahria Phase 4, Rawalpindi",+92 337 4135831
FBR-100725,Z. Janjua,2005044,78340,Filer,H#45 St-20 DHAPhase6 Karachi,+92 332 8952217
FBR-100726,Adnan Saddozai,3424572,90260,Filer,"House 249, Street 31, Shah Rukn-e-Alam, Multan",0307-5070650
FBR-100727,Bilal Cheema,34066260,1953034,Filer,"House 323, Street 28, G-10/2, Islamabad",0337-5878387
FBR-100728,فاطمہ Bukhari,25497252,1812442,Filer,"348-32 Gulgasht, Multan",03044953492
FBR-100729,S.Chaudhry,0,0,Non-Filer,مکان 243 گلی 8 Model Town لاہور,+92 339 6817736
FBR-100730,Irfan Durrani,566712,18407,Filer,"House 177, Street 29, Westridge, Rawalpindi",03184685993
FBR-100731,L. Bangash,427416,33195,Filer,H#68 St-19 ShahRukn-e-Alam Multan,+92 336 7044085
FBR-100732,Nimra Dar,0,0,Non-Filer,"342-31 DHA Phase 5, Lahore",0312-4346789
FBR-100733,Anas Niazi,0,0,Non-Filer,"House 286, Street 4, Bahria Phase 4, Rawalpindi",+92 305 5375632
FBR-100734,Kamran Cheema,3101124,252986,Filer,"House 317, Street 15, Clifton Block 2, Karachi",+92 308 4759700
FBR-100735,Mian Ghulam Kakar,3714564,157386,Filer,"House No. 137, Gali 10, G-13/1, Islamabad",03492747213
FBR-100736,Ubaid Tareen,1702764,75551,Filer,"House 313, Street 40, G-10/2, Islamabad",03081704130
FBR-100737,N.Sandhu,0,0,Filer,مکان 363 گلی 29 Chaklala Scheme 3 راولپنڈی,+92 323 1168086
FBR-100738,Mian Hamza Baig,13889952,1112917,Filer,"House No. 394, Gali 1, North Nazimabad, Karachi",03048347741
FBR-100739,Syed Sajid Sandhu,3657912,124916,Filer,"House No. 185, Gali 16, Shah Rukn-e-Alam, Multan",0318-8075324
FBR-100740,O. Tarar,2940576,263797,Filer,H#16 St-29 Gulshan-e-Iqbal Karachi,0310-9679670
FBR-100741,Rana Nasir Kakar,819324,63597,Filer,"House No. 32, Gali 26, Westridge, Rawalpindi",03021969887
FBR-100742,Sana Mirza,715068,30295,Filer,"349-36 North Nazimabad, Karachi",03251722689
FBR-100743,Mehwish Abbasi,3504924,236826,Filer,"229-14 Shah Rukn-e-Alam, Multan",03498417942
FBR-100744,H.Niazi,1543968,41808,Filer,مکان 276 گلی 22 G-10/2 اسلام آباد,0339-2744116
FBR-100745,Fatima Zaidi,539028,15954,Filer,"House 175, Street 11, Wapda Town, Lahore",0300-5340101
FBR-100746,Noor Sial,1744848,120166,Filer,"House 375, Street 4, Peoples Colony, Faisalabad",+92 324 9514426
FBR-100747,Taimoor Niazi,2842404,94711,Filer,"House 3, Street 30, D Ground, Faisalabad",03239947098
FBR-100748,Irfan Wazir,2171448,56032,Filer,"House 294, Street 9, Gulbahar, Peshawar",0338-5154597
FBR-100749,Ibrahim Khokhar,16146300,1321994,Filer,"House 365, Street 28, F-8/3, Islamabad",+92 340 9810276
FBR-100750,Yousuf Dar,759504,50612,Filer,"House 190, Street 34, Clifton Block 2, Karachi",+92 339 9706452
FBR-100751,Rana Anas Afridi,3839676,258835,Filer,"House No. 353, Gali 32, North Nazimabad, Karachi",03323421727
FBR-100753,Hamza Shirazi,15526152,425303,Filer,"House 57, Street 8, University Town, Peshawar",0329-5858523
FBR-100755,Irfan Dar,38443008,802989,Filer,"House 2, Street 8, Westridge, Rawalpindi",0345-2133544
FBR-100756,O. Gilani,959004,48331,Filer,H#194 St-31 Gulshan-e-Iqbal Karachi,+92 301 6521202
FBR-100757,Farah Joiya,566592,16294,Filer,"46-40 Chaklala Scheme 3, Rawalpindi",0346-7496727
FBR-100758,Z.Butt,0,0,Non-Filer,مکان 377 گلی 18 Shah Rukn-e-Alam Multan,03272834886
FBR-100759,Sardar Nadia Khattak,47376840,2060450,Filer,"House No. 287, Gali 6, B-17, Islamabad",03191887084
FBR-100760,Yousuf Kazmi,3754848,137550,Filer,"House 338, Street 35, G-10/2, Islamabad",0310-5613105
FBR-100762,حسن Naqvi,2567808,92206,Filer,"132-6 Model Town, Lahore",+92 301 3821189
FBR-100763,Haji Salman Abbasi,1328052,66732,Filer,"House No. 348, Gali 11, Model Town, Lahore",03053965800
FBR-100764,M.Virk,2467572,59821,Filer,مکان 73 گلی 27 I-8/4 اسلام آباد,0324-7300065
FBR-100765,Syed Iqra Bukhari,3521100,259329,Filer,"House No. 261, Gali 33, Westridge, Rawalpindi",0331-5517895
FBR-100766,Kamran Rajput,812400,72466,Filer,"325-15 E-11/2, Islamabad",0304-2703045
FBR-100768,Yasir Rizvi,300420,13148,Filer,"House 22, Street 1, North Nazimabad, Karachi",03465822076
FBR-100769,Chaudhary Imran Rajput,1399992,107157,Filer,"House No. 129, Gali 25, Wapda Town, Lahore",+92 323 9561890
FBR-100770,Mubashir Raja,25620756,2133405,Filer,"House 72, Street 36, Clifton Block 2, Karachi",03264537478
FBR-100771,H.Cheema,3026472,256277,Filer,مکان 386 گلی 29 Shah Rukn-e-Alam Multan,0348-5580046
FBR-100772,A.Orakzai,44655480,3800914,Filer,مکان 312 گلی 31 Satellite Town راولپنڈی,+92 300 3911451
FBR-100773,Rana Lubna Hashmi,15811704,862993,Filer,"House No. 276, Gali 6, University Town, Peshawar",03081519213
FBR-100775,S.Khan,0,0,Filer,مکان 389 گلی 18 Satellite Town راولپنڈی,03232509387
FBR-100776,D. Hashmi,802080,67928,Filer,H#144 St-32 DHAPhase5 Lahore,0343-1119712
FBR-100778,Kamran Bukhari,450876,16849,Filer,"66-17 Satellite Town, Rawalpindi",0323-9272433
FBR-100779,G.Malik,804072,43423,Filer,مکان 273 گلی 40 Gulgasht Multan,0328-8615616
FBR-100780,G. Khattak,35634384,2522333,Filer,H#222 St-27 I-8/4 Islamabad,+92 348 6940792
FBR-100781,عثمان Durrani,3065784,258118,Filer,"143-27 Satellite Town, Rawalpindi",0347-6305659
FBR-100782,Syed Tariq Gilani,2915412,105289,Filer,"House No. 378, Gali 15, Hayatabad Phase 3, Peshawar",0331-5194038
FBR-100783,Kamran Afridi,3939480,141971,Filer,"15-31 Cantt, Multan",+92 330 6608665
FBR-100785,T.Sheikh,3676896,149362,Filer,مکان 161 گلی 5 E-11/2 اسلام آباد,03492264107
FBR-100787,Mian Iqra Wazir,0,0,Non-Filer,"House No. 233, Gali 25, Peoples Colony, Faisalabad",+92 336 2699161
FBR-100789,Mian Amna Awan,1237260,62296,Filer,"House No. 132, Gali 23, Gulgasht, Multan",0337-8459558
FBR-100791,E. Mirza,739968,41691,Filer,H#266 St-38 DHAPhase5 Lahore,03104982698
FBR-100793,Wajahat Shirazi,1619640,141361,Filer,"297-37 Shah Rukn-e-Alam, Multan",+92 329 6026983
FBR-100794,Ubaid Butt,26285700,699854,Filer,"House 2, Street 15, DHA Phase 6, Karachi",0337-5429521
FBR-100795,Khalid Dar,16767324,511556,Filer,"4-24 DHA Phase 6, Karachi",0301-7004341
FBR-100796,Zubair Joiya,2608344,192206,Filer,"23-2 Chaklala Scheme 3, Rawalpindi",0313-5766421
FBR-100797,N.Ansari,316500,26958,Filer,مکان 126 گلی 12 Wapda Town لاہور,+92 310 3954088
FBR-100798,Malik Gul Awan,819756,46097,Filer,"House No. 174, Gali 14, Clifton Block 2, Karachi",+92 327 5029047
FBR-100800,Javeria Sandhu,1894692,91576,Filer,"220-16 Wapda Town, Lahore",03094172607
FBR-100801,Mian Atif Janjua,0,0,Non-Filer,"House No. 144, Gali 9, B-17, Islamabad",0349-9203901
FBR-100803,M. Sandhu,759252,26291,Filer,H#248 St-32 DGround Faisalabad,0325-1697583
FBR-100804,Zara بٹ,28579200,1011433,Filer,"104-29 Bahria Phase 4, Rawalpindi",+92 316 4667394
FBR-100805,Amna Mughal,27295344,916149,Filer,"131-36 University Town, Peshawar",03197784614
FBR-100806,Haji Danish Bukhari,28097472,1636426,Filer,"House No. 263, Gali 40, E-11/2, Islamabad",+92 326 8569061
FBR-100807,Anas Bhatti,1478532,110902,Filer,"House 13, Street 12, Model Town, Lahore",03335456445
FBR-100808,Z. Kazmi,1200840,93543,Filer,H#330 St-6 DGround Faisalabad,+92 324 8441821
FBR-100809,Z. Baig,0,0,Non-Filer,H#346 St-22 JoharTown Lahore,0324-5604751
FBR-100810,A. Kakar,0,0,Non-Filer,H#178 St-26 GulbergIII Lahore,+92 339 1199493
FBR-100812,T. Bhatti,1834188,107365,Filer,H#220 St-27 HayatabadPhase3 Peshawar,03178549276
FBR-100813,A.Awan,677220,55028,Filer,مکان 256 گلی 23 DHA Phase 5 لاہور,+92 323 8032125
FBR-100814,Atif Bukhari,3417660,166264,Filer,"17-9 G-13/1, Islamabad",+92 344 6453318
FBR-100815,Kamran Rizvi,373320,22998,Filer,"244-7 DHA Phase 6, Karachi",03298575505
FBR-100816,Malik Junaid Qureshi,3387828,81594,Filer,"House No. 91, Gali 3, Gulgasht, Multan",03316193888
FBR-100817,I. Dar,18248268,421101,Filer,H#338 St-34 ChaklalaScheme3 Rawalpindi,+92 307 1963904
FBR-100818,A.Tarar,2259048,72063,Filer,مکان 57 گلی 9 DHA Phase 6 کراچی,03469023722
FBR-100819,S.Dar,3847500,295784,Filer,مکان 364 گلی 31 Model Town لاہور,03196206200
FBR-100820,W.Baig,4048836,277184,Filer,مکان 229 گلی 5 F-8/3 اسلام آباد,03395141290
FBR-100821,Sardar Ubaid Khokhar,533916,42135,Filer,"House No. 378, Gali 6, Peoples Colony, Faisalabad",03327449845
FBR-100823,Rana Kinza Gilani,43153932,2857249,Filer,"House No. 358, Gali 3, E-11/2, Islamabad",03125593203
FBR-100825,Syed Ayesha Kakar,1128084,55644,Filer,"House No. 210, Gali 29, University Town, Peshawar",03144479126
FBR-100826,Faisal Afridi,1027548,27028,Filer,"384-30 Gulgasht, Multan",0335-7699844
FBR-100827,Kashif Siddiqui,21795036,1716427,Filer,"House 168, Street 30, Cantt, Multan",0337-2144829
FBR-100828,M. Joiya,3419004,160835,Filer,H#143 St-11 Westridge Rawalpindi,0310-2686363
FBR-100829,J.Chaudhry,1176708,101783,Filer,مکان 347 گلی 18 Cantt Multan,03211362988
FBR-100830,Gul Rizvi,1289760,37995,Filer,"357-4 Westridge, Rawalpindi",03417553489
FBR-100831,I. Khan,3612996,276389,Filer,H#393 St-13 E-11/2 Islamabad,0315-5002042
FBR-100832,حسن خان,3575232,87326,Filer,"349-5 Johar Town, Lahore",03113816607
FBR-100833,Fatima Qureshi,3651984,177088,Filer,"House 166, Street 36, University Town, Peshawar",+92 341 2999934
FBR-100834,H. Gondal,3408540,133390,Filer,H#183 St-21 SatelliteTown Rawalpindi,03107746781
FBR-100835,Syed Rehan Khokhar,623292,14079,Filer,"House No. 337, Gali 18, Satellite Town, Rawalpindi",0345-1737173
FBR-100836,Mubashir Kakar,856128,49410,Filer,"53-35 Madina Town, Faisalabad",0342-5226854
FBR-100837,Gul Kakar,3784296,255621,Filer,"171-12 Cantt, Multan",+92 327 2132688
FBR-100838,K. Kazmi,0,0,Non-Filer,H#120 St-33 Gulgasht Multan,0340-4902479
FBR-100839,O. Janjua,2826132,118092,Filer,H#388 St-16 ShahRukn-e-Alam Multan,0341-2005341
FBR-100840,Haji Haris Abbasi,405588,15777,Filer,"House No. 329, Gali 3, DHA Phase 6, Karachi",03198444490
FBR-100842,Noman Rizvi,998016,55698,Filer,"128-15 B-17, Islamabad",+92 346 9748847
FBR-100844,Arsalan Kazmi,40093488,2408189,Filer,"372-30 E-11/2, Islamabad",0322-4314108
FBR-100845,Yasir Niazi,2015484,73246,Filer,"230-13 Wapda Town, Lahore",+92 327 2342445
FBR-100846,Yousuf Joiya,536100,21874,Filer,"House 390, Street 10, North Nazimabad, Karachi",+92 330 7399154
FBR-100847,Iqra Rizvi,3985200,343016,Filer,"132-25 Bahria Phase 4, Rawalpindi",+92 334 8610197
FBR-100848,Faisal Cheema,0,0,Non-Filer,"House 101, Street 10, Westridge, Rawalpindi",03101215323
FBR-100849,Nasir Tarar,397884,9649,Filer,"House 197, Street 32, Gulshan-e-Iqbal, Karachi",+92 329 2195114
FBR-100850,L.Gilani,44252796,3497716,Filer,مکان 391 گلی 28 Bahria Phase 4 راولپنڈی,03259549809
FBR-100852,S.Bangash,2516592,106839,Filer,مکان 358 گلی 10 Cantt Multan,03298641531
FBR-100853,Laiba Bukhari,0,0,Non-Filer,"House 7, Street 8, Cantt, Multan",03067671743
FBR-100854,Sana Baig,760908,36879,Filer,"219-17 DHA Phase 6, Karachi",03289945633
FBR-100855,O.Durrani,3463812,137835,Filer,مکان 56 گلی 37 Clifton Block 2 کراچی,03225513429
FBR-100856,Kinza Niazi,24112632,1417718,Filer,"House 252, Street 1, F-8/3, Islamabad",03309774746
FBR-100857,Rida Sial,15148464,1266217,Filer,"House 192, Street 12, Bahria Phase 4, Rawalpindi",0313-9161633
FBR-100858,Taimoor Gilani,621480,16678,Filer,"House 96, Street 13, Hayatabad Phase 3, Peshawar",+92 302 4219293
FBR-100859,S.Afridi,1364304,108423,Filer,مکان 326 گلی 11 Peoples Colony Faisalabad,+92 304 2437925
FBR-100860,Ehsan Malik,305676,12045,Filer,"House 245, Street 32, Peoples Colony, Faisalabad",+92 300 2024357
FBR-100862,Haji Sajid Hashmi,584064,39437,Filer,"House No. 310, Gali 28, Gulshan-e-Iqbal, Karachi",+92 325 6755884
FBR-100863,Rana Farah Warraich,16589196,1040363,Filer,"House No. 183, Gali 22, Clifton Block 2, Karachi",03008665833
FBR-100864,Mian Hassan Shirazi,19059072,1296451,Filer,"House No. 144, Gali 16, G-13/1, Islamabad",03278972523
FBR-100866,F. Sial,4134888,287653,Filer,H#376 St-25 CliftonBlock2 Karachi,03294272848
FBR-100867,Hussain Awan,36812700,2322226,Filer,"House 155, Street 36, Clifton Block 2, Karachi",0332-8487448
FBR-100868,A. Janjua,556764,49525,Filer,H#386 St-6 BahriaPhase4 Rawalpindi,0313-9194418
FBR-100869,L. Kakar,0,0,Non-Filer,H#369 St-17 JoharTown Lahore,03313277614
FBR-100870,Chaudhary Javeria Cheema,0,0,Non-Filer,"House No. 295, Gali 39, Hayatabad Phase 3, Peshawar",03057325183
FBR-100871,Zara Khattak,1520808,53128,Filer,"House 224, Street 15, Gulbahar, Peshawar",+92 314 2940955
FBR-100872,E.Saddozai,753696,66786,Filer,مکان 382 گلی 8 Peoples Colony Faisalabad,+92 345 3137710
FBR-100873,M.Niazi,399324,33569,Filer,مکان 275 گلی 13 G-13/1 اسلام آباد,+92 324 6735069
FBR-100874,S.Wazir,2827452,173635,Filer,مکان 114 گلی 7 D Ground Faisalabad,+92 330 8727632
FBR-100875,S. Hashmi,4120680,102386,Filer,H#76 St-39 ShahRukn-e-Alam Multan,03221576194
FBR-100877,Adnan Bangash,818448,61261,Filer,"359-4 Bahria Phase 4, Rawalpindi",+92 317 7573445
FBR-100878,Waqas ملک,2740728,184137,Filer,"173-28 Madina Town, Faisalabad",+92 335 7565976
FBR-100879,Irfan Orakzai,1989876,151210,Filer,"House 50, Street 9, Westridge, Rawalpindi",0309-4428165
FBR-100880,Amna Awan,0,0,Non-Filer,"150-10 North Nazimabad, Karachi",0340-4874059
FBR-100881,Sardar Gul Abbasi,1290120,29554,Filer,"House No. 348, Gali 11, North Nazimabad, Karachi",+92 301 6965707
FBR-100882,Hamza Kazmi,3455472,142397,Filer,"House 304, Street 28, Shah Rukn-e-Alam, Multan",0316-5110434
FBR-100883,Mustafa Niazi,710052,47030,Filer,"House 89, Street 25, Gulgasht, Multan",+92 307 7410589
FBR-100884,A. Siddiqui,38421432,2591952,Filer,H#63 St-32 G-10/2 Islamabad,03431386324
FBR-100885,Z.Lodhi,0,0,Non-Filer,مکان 49 گلی 38 Gulgasht Multan,03169123384
FBR-100886,Z.Bhatti,716868,17113,Filer,مکان 276 گلی 12 B-17 اسلام آباد,03307606809
FBR-100887,Mustafa Chaudhry,364176,12430,Filer,"House 276, Street 8, D Ground, Faisalabad",03114031041
FBR-100888,S. Siddiqui,1744644,154832,Filer,H#295 St-14 F-8/3 Islamabad,0311-5307726
FBR-100889,A. Niazi,708504,28454,Filer,H#88 St-28 WapdaTown Lahore,0303-6043230
FBR-100890,Zubair Wazir,0,0,Filer,"72-37 Madina Town, Faisalabad",0314-9271666
FBR-100891,Mian Javeria Qureshi,773544,35081,Filer,"House No. 122, Gali 3, Cantt, Multan",0312-6028286
FBR-100892,S. Dar,3361956,281006,Filer,H#143 St-9 MadinaTown Faisalabad,03412347768
FBR-100894,Malik Tooba Orakzai,548784,17015,Filer,"House No. 366, Gali 24, Cantt, Multan",+92 348 3752186
FBR-100895,R.Virk,0,0,Non-Filer,مکان 127 گلی 5 G-13/1 اسلام آباد,0321-9916589
FBR-100896,B.Afridi,2358120,153735,Filer,مکان 171 گلی 18 I-8/4 اسلام آباد,0313-5591031
FBR-100897,K.Qureshi,44855076,2975224,Filer,مکان 90 گلی 34 Hayatabad Phase 3 Peshawar,0329-9214437
FBR-100899,Zafar Bukhari,23057160,915987,Filer,"5-33 Chaklala Scheme 3, Rawalpindi",+92 312 3393607
FBR-100900,Bilal Durrani,27417468,695596,Filer,"House 363, Street 16, Shah Rukn-e-Alam, Multan",0346-8680384
FBR-100901,W. Kazmi,25340556,992075,Filer,H#220 St-34 GulbergIII Lahore,0313-5894168
FBR-100903,احمد Sial,718692,56318,Filer,"375-9 Gulgasht, Multan",03379640458
FBR-100904,Kinza Siddiqui,1226472,31859,Filer,"House 316, Street 13, Clifton Block 2, Karachi",0324-8993431
FBR-100905,Laiba Joiya,632436,27961,Filer,"House 90, Street 5, Bahria Phase 4, Rawalpindi",+92 322 9618195
FBR-100907,N.Dar,11383200,699168,Filer,مکان 324 گلی 37 B-17 اسلام آباد,03336114027
FBR-100908,Malik Wajahat Yousafzai,1634208,54289,Filer,"House No. 30, Gali 23, University Town, Peshawar",+92 309 8723456
FBR-100909,محمد Gill,4195812,116021,Filer,"206-23 Cantt, Multan",+92 301 8227688
FBR-100911,Syed Qasim Ansari,0,0,Non-Filer,"House No. 56, Gali 29, Madina Town, Faisalabad",+92 332 3346703
FBR-100913,Waqas Wazir,43912920,2802701,Filer,"341-18 Westridge, Rawalpindi",03069205196
FBR-100915,Ayesha Khan,23804760,866067,Filer,"House 122, Street 4, Gulbahar, Peshawar",+92 326 1134702
FBR-100916,M. Raja,1683636,127783,Filer,H#127 St-40 UniversityTown Peshawar,0318-4134994
FBR-100917,Nadeem Orakzai,764928,20329,Filer,"102-31 Westridge, Rawalpindi",0308-4039834
FBR-100918,Saba Afridi,635256,44832,Filer,"62-9 Bahria Phase 4, Rawalpindi",0330-5594635
FBR-100920,E. Sial,3168444,161365,Filer,H#262 St-28 CliftonBlock2 Karachi,+92 304 2846415
FBR-100921,Madiha Tarar,526704,34262,Filer,"House 25, Street 12, Chaklala Scheme 3, Rawalpindi",03001874606
FBR-100922,Yousuf Lodhi,1569552,133829,Filer,"House 221, Street 12, Peoples Colony, Faisalabad",03085262610
FBR-100923,Farah Khan,715908,53873,Filer,"House 395, Street 9, Gulgasht, Multan",03257063033
FBR-100924,Chaudhary Laiba Sandhu,0,0,Filer,"House No. 108, Gali 38, Chaklala Scheme 3, Rawalpindi",0331-2784517
FBR-100925,Usman Bukhari,0,0,Non-Filer,"House 99, Street 29, Cantt, Multan",+92 301 6752873
FBR-100926,Maryam Durrani,587832,13464,Filer,"House 66, Street 13, Satellite Town, Rawalpindi",03385236674
FBR-100927,Taimoor Afridi,431280,31099,Filer,"House 224, Street 5, Cantt, Multan",03369787280
FBR-100928,I.Lodhi,689304,33442,Filer,مکان 149 گلی 3 Cantt Multan,03014730006
FBR-100929,H. Rizvi,615240,16654,Filer,H#39 St-11 Gulbahar Peshawar,03387444974
FBR-100930,L. Lodhi,45222420,3930724,Filer,H#2 St-11 BahriaPhase4 Rawalpindi,03431148668
FBR-100932,Z. Butt,9670452,792022,Filer,H#143 St-9 Cantt Multan,0320-5177662
FBR-100933,Zara Gill,2815320,68350,Filer,"189-21 Gulgasht, Multan",03085429825
FBR-100934,A.Sheikh,38956488,1580059,Filer,مکان 183 گلی 15 Cantt Multan,0322-5294752
FBR-100935,A. Durrani,2651100,115936,Filer,H#196 St-17 Gulgasht Multan,+92 348 4458774
FBR-100936,N. Bukhari,373680,10566,Filer,H#80 St-29 ShahRukn-e-Alam Multan,0316-7184753
FBR-100937,A.Ansari,2911356,104128,Filer,مکان 91 گلی 13 DHA Phase 6 کراچی,03474026721
FBR-100938,Waqas Ansari,32502108,964028,Filer,"House 352, Street 39, University Town, Peshawar",0311-3407905
FBR-100939,Haji Uzma Warraich,1652280,144404,Filer,"House No. 270, Gali 9, B-17, Islamabad",+92 309 2673190
FBR-100940,A. Tareen,771564,67732,Filer,H#23 St-9 Gulbahar Peshawar,0311-5490530
FBR-100941,A. Khan,649428,15858,Filer,H#278 St-22 HayatabadPhase3 Peshawar,+92 303 3335893
FBR-100942,Syed Waqas Niazi,10667424,463030,Filer,"House No. 80, Gali 16, Model Town, Lahore",03085487177
FBR-100943,U.Qureshi,3647292,311775,Filer,مکان 53 گلی 33 Madina Town Faisalabad,0332-1020307
FBR-100944,Luqman Abbasi,2733012,123952,Filer,"116-25 Gulberg III, Lahore",0307-3844728
FBR-100945,G. Chaudhry,26453244,917949,Filer,H#61 St-24 MadinaTown Faisalabad,0300-3535087
FBR-100947,B.Sandhu,33680268,2400279,Filer,مکان 2 گلی 10 DHA Phase 5 لاہور,+92 315 3479340
FBR-100948,Kamran Siddiqui,3382320,116945,Filer,"House 373, Street 18, Madina Town, Faisalabad",0311-6419936
FBR-100949,Ghulam Bhatti,601344,51451,Filer,"House 247, Street 27, North Nazimabad, Karachi",03453318968
FBR-100950,Pervez Zaidi,0,0,Non-Filer,"273-35 North Nazimabad, Karachi",03162402872
FBR-100951,Malik Kinza Raja,346848,11521,Filer,"House No. 2, Gali 14, Chaklala Scheme 3, Rawalpindi",0305-8951164
FBR-100952,Farhan Sandhu,2372976,195642,Filer,"House 151, Street 30, Hayatabad Phase 3, Peshawar",0318-8064499
FBR-100953,I.Saddozai,1626948,133000,Filer,مکان 357 گلی 10 Satellite Town راولپنڈی,+92 302 2076538
FBR-100955,Sardar Ahmed Gilani,669768,16506,Filer,"House No. 77, Gali 12, University Town, Peshawar",03329849143
FBR-100956,Chaudhary Obaid Durrani,325248,23796,Filer,"House No. 331, Gali 1, Model Town, Lahore",0321-3615355
FBR-100957,Laiba Tareen,45302892,1522484,Filer,"6-26 Bahria Phase 4, Rawalpindi",03375329433
FBR-100958,D. Sial,0,0,Non-Filer,H#48 St-34 ChaklalaScheme3 Rawalpindi,+92 349 7686365
FBR-100959,T. Saddozai,3297132,221562,Filer,H#40 St-30 DGround Faisalabad,+92 335 7796448
FBR-100960,Syed Uzma Sial,1983996,68005,Filer,"House No. 56, Gali 7, Chaklala Scheme 3, Rawalpindi",0305-6628280
FBR-100961,زینب قریشی,489000,35243,Filer,"306-1 F-8/3, Islamabad",03234384399
FBR-100962,S. Raja,2901564,111421,Filer,H#23 St-37 DGround Faisalabad,+92 330 1806126
FBR-100963,احمد Gill,1774848,90877,Filer,"204-33 University Town, Peshawar",03157553873
FBR-100964,K.Mehsud,660504,21668,Filer,مکان 209 گلی 33 I-8/4 اسلام آباد,0308-3519714
FBR-100965,M.Butt,814488,61634,Filer,مکان 78 گلی 30 Johar Town لاہور,0301-4885101
FBR-100967,Z.Sandhu,34641132,846247,Filer,مکان 21 گلی 25 Madina Town Faisalabad,0313-2258262
FBR-100969,Chaudhary Waqas Chaudhry,502848,36060,Filer,"House No. 187, Gali 23, Wapda Town, Lahore",+92 309 9210364
FBR-100970,Rana Yousuf Kayani,2763288,69998,Filer,"House No. 333, Gali 9, University Town, Peshawar",0309-9191626
FBR-100971,N.Tarar,593868,51463,Filer,مکان 349 گلی 9 Gulbahar Peshawar,03359597975
FBR-100972,Sardar Tariq Mehsud,306240,14511,Filer,"House No. 135, Gali 3, North Nazimabad, Karachi",03405107344
FBR-100973,A. Qureshi,826236,36447,Filer,H#82 St-37 ModelTown Lahore,+92 303 1506662
FBR-100974,S.Gill,672168,46076,Filer,مکان 329 گلی 35 North Nazimabad کراچی,03471993223
FBR-100975,H.Warraich,0,0,Non-Filer,مکان 163 گلی 22 DHA Phase 5 لاہور,+92 313 4677815
FBR-100976,Ubaid بٹ,349068,9456,Filer,"241-10 Peoples Colony, Faisalabad",03151525516
FBR-100977,I. Sial,0,0,Non-Filer,H#28 St-14 DHAPhase6 Karachi,+92 306 5527300
FBR-100978,K. Lodhi,444756,38924,Filer,H#153 St-29 CliftonBlock2 Karachi,03384592084
FBR-100979,بلال راجہ,36552912,2288268,Filer,"386-20 Gulshan-e-Iqbal, Karachi",03436698706
FBR-100981,A.Wazir,25525320,2241096,Filer,مکان 381 گلی 21 Gulbahar Peshawar,0302-8695022
FBR-100982,Sardar Fahad Mehsud,376632,22163,Filer,"House No. 267, Gali 1, Gulshan-e-Iqbal, Karachi",03328538483
FBR-100983,H.Dar,2162664,113671,Filer,مکان 216 گلی 35 Cantt Multan,03269966422
FBR-100985,O. Tarar,28379808,1944678,Filer,H#278 St-28 GulbergIII Lahore,0345-2902200
FBR-100986,S. Zaidi,1584264,120986,Filer,H#278 St-28 PeoplesColony Faisalabad,0311-5795281
FBR-100987,Sardar Salman Qureshi,728388,53989,Filer,"House No. 9, Gali 40, B-17, Islamabad",03319328292
FBR-100988,Zeeshan Afridi,15363024,643119,Filer,"342-19 Clifton Block 2, Karachi",+92 340 2402111
FBR-100989,H. Rajput,23069208,1615526,Filer,H#238 St-27 I-8/4 Islamabad,0330-7285479
FBR-100990,B. Kayani,3315552,201186,Filer,H#345 St-16 ModelTown Lahore,0306-1548189
FBR-100991,Sana Saddozai,451512,18605,Filer,"172-11 Madina Town, Faisalabad",03465057252
FBR-100992,Mehwish Khattak,706800,41217,Filer,"296-28 Clifton Block 2, Karachi",+92 316 3914492
FBR-100993,W.Sial,734820,60356,Filer,مکان 364 گلی 9 Satellite Town راولپنڈی,03417576872
FBR-100994,Waqas Bhatti,0,0,Non-Filer,"House 48, Street 2, Satellite Town, Rawalpindi",0330-3567729
FBR-100995,A. Virk,0,0,Non-Filer,H#376 St-9 B-17 Islamabad,0335-4129876
FBR-100996,U.Rizvi,793428,61142,Filer,مکان 372 گلی 25 Hayatabad Phase 3 Peshawar,0320-5613144
FBR-100997,A. Afridi,2096400,146031,Filer,H#57 St-30 PeoplesColony Faisalabad,0341-2796448
FBR-100998,S.Chaudhry,1440108,110531,Filer,مکان 107 گلی 26 Gulshan-e-Iqbal کراچی,+92 307 1368376
FBR-100999,Mian Noman Mehsud,818772,47267,Filer,"House No. 161, Gali 29, North Nazimabad, Karachi",03417970355
FBR-101000,Rabia Afridi,22409448,538164,Filer,"House 61, Street 22, Peoples Colony, Faisalabad",0327-1084130
FBR-101001,H.Baig,390264,19899,Filer,مکان 275 گلی 2 Peoples Colony Faisalabad,0348-3555942
FBR-101002,Rehan ملک,1538616,61052,Filer,"113-6 Johar Town, Lahore",+92 314 5591361
FBR-101004,Saad Baig,683640,44920,Filer,"House 144, Street 26, Gulgasht, Multan",0309-6227531
FBR-101005,Syed Rauf Joiya,3180348,75972,Filer,"House No. 164, Gali 40, Gulshan-e-Iqbal, Karachi",+92 309 7426442
FBR-101006,J. Afridi,39994380,2118065,Filer,H#231 St-11 HayatabadPhase3 Peshawar,03085245703
FBR-101007,Chaudhary Uzma Naqvi,1417008,104405,Filer,"House No. 16, Gali 8, Model Town, Lahore",0315-8203915
FBR-101009,R. Khokhar,2328156,158962,Filer,H#120 St-36 MadinaTown Faisalabad,0338-5556327
FBR-101011,Haji Haris Sheikh,39870996,942408,Filer,"House No. 256, Gali 3, University Town, Peshawar",0349-2460421
FBR-101012,A.Bukhari,3494256,225454,Filer,مکان 296 گلی 2 DHA Phase 6 کراچی,+92 320 1077963
FBR-101013,H.Rizvi,576012,31225,Filer,مکان 173 گلی 2 Peoples Colony Faisalabad,+92 307 2595845
FBR-101014,Farhan Warraich,3819972,175328,Filer,"House 397, Street 21, G-13/1, Islamabad",+92 339 1789750
FBR-101015,Anas Khattak,2991252,154658,Filer,"House 317, Street 7, I-8/4, Islamabad",+92 309 2670060
FBR-101017,Malik Usman Siddiqui,468336,31565,Filer,"House No. 39, Gali 17, I-8/4, Islamabad",+92 329 7367900
FBR-101018,Hamza Awan,38685888,3206549,Filer,"House 386, Street 38, Johar Town, Lahore",03373053083
FBR-101019,Zafar Wazir,0,0,Filer,"165-31 Gulshan-e-Iqbal, Karachi",+92 311 5426031
FBR-101024,Sardar Rashid Khokhar,3807768,314134,Filer,"House No. 57, Gali 16, B-17, Islamabad",+92 307 4137838
FBR-101025,Ghulam Kayani,35164788,1951916,Filer,"House 44, Street 23, G-13/1, Islamabad",0300-8507629
FBR-101026,Babar شیخ,3493512,243044,Filer,"190-7 Gulshan-e-Iqbal, Karachi",0306-8089856
FBR-101027,Syed Saad Shirazi,2526216,210676,Filer,"House No. 312, Gali 32, Wapda Town, Lahore",03462831812
FBR-101028,F.Gondal,2384784,152855,Filer,مکان 19 گلی 37 G-10/2 اسلام آباد,03232104735
FBR-101029,Nimra Orakzai,2240784,151968,Filer,"House 201, Street 26, Shah Rukn-e-Alam, Multan",+92 303 5500772
FBR-101030,Farhan Afridi,0,0,Non-Filer,"House 148, Street 1, Wapda Town, Lahore",03029442968
FBR-101035,F.Rizvi,0,0,Non-Filer,مکان 130 گلی 24 Model Town لاہور,+92 330 6916088
FBR-101036,F. Lodhi,580908,34526,Filer,H#373 St-2 Gulgasht Multan,03276202314
FBR-101037,Anas Malik,2683380,152091,Filer,"House 185, Street 14, Westridge, Rawalpindi",0320-5318080
FBR-101038,Saba Mehsud,0,0,Non-Filer,"House 270, Street 12, Madina Town, Faisalabad",03396957615
FBR-101039,U.Butt,27064968,616444,Filer,مکان 360 گلی 22 D Ground Faisalabad,+92 341 8272245
FBR-101040,I. Siddiqui,0,0,Filer,H#351 St-10 E-11/2 Islamabad,+92 332 9777607
FBR-101042,Bilal Hashmi,2742144,69752,Filer,"House 221, Street 23, DHA Phase 5, Lahore",0300-5218353
FBR-101043,Sardar Ayesha Wazir,423468,34085,Filer,"House No. 80, Gali 6, Gulbahar, Peshawar",+92 322 4300538
FBR-101044,Shoaib بٹ,769524,46252,Filer,"128-25 Gulshan-e-Iqbal, Karachi",+92 336 2646494
FBR-101045,Owais Ansari,2215284,198448,Filer,"348-21 Madina Town, Faisalabad",+92 342 4347166
FBR-101046,Mubashir Niazi,3740196,87656,Filer,"House 291, Street 30, I-8/4, Islamabad",+92 342 7307661
FBR-101048,Mian Wajahat Malik,0,0,Non-Filer,"House No. 393, Gali 27, Peoples Colony, Faisalabad",0302-6073262
FBR-101049,Nimra Rizvi,707376,36453,Filer,"28-26 Madina Town, Faisalabad",+92 316 1099872
FBR-101050,Ubaid Sheikh,44358672,931042,Filer,"House 139, Street 7, G-10/2, Islamabad",+92 329 2634085
FBR-101051,Babar Sheikh,34529496,2340995,Filer,"House 300, Street 33, B-17, Islamabad",0302-3441773
FBR-101052,N.Gondal,0,0,Non-Filer,مکان 80 گلی 20 Gulgasht Multan,03209136197
FBR-101053,محمد Abbasi,4142244,159911,Filer,"267-7 Peoples Colony, Faisalabad",+92 313 2738237
FBR-101054,S. Warraich,3722760,182739,Filer,H#154 St-26 G-10/2 Islamabad,+92 333 2821734
FBR-101057,Chaudhary Kinza Qureshi,10154628,480695,Filer,"House No. 218, Gali 10, North Nazimabad, Karachi",03012860289
FBR-101058,Khadija Niazi,45993060,2816344,Filer,"334-40 B-17, Islamabad",0330-6951329
FBR-101059,U.Lodhi,35422404,1038417,Filer,مکان 184 گلی 33 F-8/3 اسلام آباد,03436852464
FBR-101060,Kamran Ansari,817812,26198,Filer,"181-37 Cantt, Multan",+92 327 3349469
FBR-101061,Mubashir Warraich,0,0,Non-Filer,"248-25 B-17, Islamabad",03394026182
FBR-101062,S. Orakzai,1961460,163789,Filer,H#298 St-23 WapdaTown Lahore,0349-7774201
FBR-101064,Rida Virk,357312,12440,Filer,"House 33, Street 4, University Town, Peshawar",0344-2920551
FBR-101065,S. Tareen,16305012,1243606,Filer,H#324 St-2 WapdaTown Lahore,03152806251
FBR-101066,Chaudhary Tooba Gilani,1979772,132211,Filer,"House No. 101, Gali 17, Peoples Colony, Faisalabad",0337-5799782
FBR-101067,R. Naqvi,304116,19060,Filer,H#45 St-38 HayatabadPhase3 Peshawar,0301-4414828
FBR-101068,I. Kakar,33443748,2250010,Filer,H#175 St-12 CliftonBlock2 Karachi,03165812067
FBR-101069,Syed Ayesha Gill,1405860,106220,Filer,"House No. 287, Gali 9, Wapda Town, Lahore",03068153736
FBR-101070,R. Raja,10734600,962627,Filer,H#52 St-8 ChaklalaScheme3 Rawalpindi,03331863674
FBR-101071,Syed Shoaib Mirza,21749976,1496539,Filer,"House No. 200, Gali 23, University Town, Peshawar",0302-5832995
FBR-101073,Z.Malik,3033720,124986,Filer,مکان 216 گلی 17 I-8/4 اسلام آباد,0315-1996431
FBR-101074,Bushra شیخ,770400,68401,Filer,"38-37 Westridge, Rawalpindi",0340-6802325
FBR-101075,Mehwish راجہ,42332520,3226686,Filer,"67-18 Madina Town, Faisalabad",03007528913
FBR-101077,Sadia Rajput,3715356,107891,Filer,"House 393, Street 25, E-11/2, Islamabad",03168161079
FBR-101078,H. Yousafzai,1023216,79290,Filer,H#100 St-22 GulbergIII Lahore,0330-4995833
FBR-101079,Chaudhary Danish Tarar,3719148,281517,Filer,"House No. 291, Gali 3, Gulgasht, Multan",0303-1954349
FBR-101080,Rana Talha Mirza,1729920,129051,Filer,"House No. 180, Gali 39, I-8/4, Islamabad",03441275631
FBR-101081,Bushra Chaudhry,0,0,Non-Filer,"House 279, Street 14, I-8/4, Islamabad",+92 335 4695807
FBR-101082,Z. Janjua,789048,21864,Filer,H#164 St-35 MadinaTown Faisalabad,+92 341 1905928
FBR-101083,Sardar Mustafa Lodhi,1853136,73162,Filer,"House No. 71, Gali 34, F-8/3, Islamabad",+92 346 2274848
FBR-101084,حسین Janjua,3377028,240867,Filer,"333-30 Shah Rukn-e-Alam, Multan",0300-9370278
FBR-101085,Malik Mubashir Raja,20896860,842665,Filer,"House No. 313, Gali 25, I-8/4, Islamabad",+92 330 7418764
FBR-101088,Asad Zaidi,3358872,103788,Filer,"274-30 Gulshan-e-Iqbal, Karachi",+92 334 8727244
FBR-101089,Mian Wajahat Saddozai,3442608,182463,Filer,"House No. 8, Gali 18, Bahria Phase 4, Rawalpindi",03215193173
FBR-101090,Hussain Yousafzai,25755924,974331,Filer,"House 138, Street 17, Gulberg III, Lahore",+92 328 4826182
FBR-101091,Nadeem Ansari,37615008,1527517,Filer,"9-29 North Nazimabad, Karachi",+92 307 1620820
FBR-101092,R. Tarar,22585908,1395229,Filer,H#41 St-18 G-13/1 Islamabad,0348-6268490
FBR-101094,Talha Mehsud,503724,23208,Filer,"297-21 Madina Town, Faisalabad",0342-1727134
FBR-101095,K. Malik,3752220,231912,Filer,H#277 St-3 ShahRukn-e-Alam Multan,0343-6867489
FBR-101098,U.Mirza,699648,35725,Filer,مکان 55 گلی 39 Satellite Town راولپنڈی,03159569737
FBR-101099,Khadija Bangash,1446396,57140,Filer,"194-38 Johar Town, Lahore",03027393623
FBR-101100,Mian Shoaib Gilani,777444,47622,Filer,"House No. 323, Gali 36, D Ground, Faisalabad",03383034109
FBR-101101,Yousuf Wazir,3237276,220636,Filer,"House 226, Street 21, D Ground, Faisalabad",0323-5916819
FBR-101102,Sardar Danish Khokhar,4141224,254559,Filer,"House No. 355, Gali 16, DHA Phase 5, Lahore",0336-7071358
FBR-101104,Maryam Janjua,1702164,57524,Filer,"House 346, Street 38, University Town, Peshawar",+92 319 5366756
FBR-101105,Malik Tariq Tarar,3593760,106857,Filer,"House No. 295, Gali 32, DHA Phase 6, Karachi",0305-2275602
FBR-101106,Nadeem Tareen,0,0,Non-Filer,"House 241, Street 7, D Ground, Faisalabad",0310-8238024
FBR-101107,فاطمہ Naqvi,3079008,63066,Filer,"182-9 North Nazimabad, Karachi",03385050605
FBR-101108,Ehsan Bukhari,942504,20997,Filer,"House 56, Street 3, D Ground, Faisalabad",+92 349 4899660
FBR-101109,Z.Tareen,766788,45903,Filer,مکان 376 گلی 12 DHA Phase 6 کراچی,0348-2405754
FBR-101110,Mahnoor Sandhu,0,0,Non-Filer,"233-25 Gulgasht, Multan",03273964907
FBR-101111,Danish Niazi,3376344,282796,Filer,"House 25, Street 37, Gulshan-e-Iqbal, Karachi",+92 348 9526649
FBR-101112,S.Tareen,547224,47474,Filer,مکان 22 گلی 14 Bahria Phase 4 راولپنڈی,03385668364
FBR-101113,Z.Gill,526860,20317,Filer,مکان 61 گلی 19 Johar Town لاہور,0327-8363801
FBR-101114,N. Shirazi,432780,21383,Filer,H#119 St-18 HayatabadPhase3 Peshawar,03114470251
FBR-101115,حسن Shirazi,3643320,213942,Filer,"276-13 G-13/1, Islamabad",+92 307 1432471
FBR-101116,R. Joiya,13971996,446075,Filer,H#233 St-19 PeoplesColony Faisalabad,+92 301 8455879
FBR-101117,Naveed Lodhi,3069756,139053,Filer,"60-23 Gulgasht, Multan",+92 303 2247391
FBR-101118,W. Khokhar,709956,40012,Filer,H#263 St-5 Gulgasht Multan,0320-8270870
FBR-101119,S. Baig,2345436,129429,Filer,H#339 St-3 Gulbahar Peshawar,0348-2240484
FBR-101121,Chaudhary Sana Durrani,3590820,146143,Filer,"House No. 2, Gali 28, Cantt, Multan",03074498837
FBR-101124,I. Tarar,0,0,Non-Filer,H#127 St-28 Gulshan-e-Iqbal Karachi,+92 302 8796975
FBR-101125,Lubna Awan,2313324,187414,Filer,"House 251, Street 39, University Town, Peshawar",+92 333 1485910
FBR-101126,Obaid شیخ,1303716,82574,Filer,"134-21 Madina Town, Faisalabad",+92 336 8414716
FBR-101127,S.Hashmi,17981988,411273,Filer,مکان 174 گلی 3 Cantt Multan,0327-7875496
FBR-101129,A. Virk,2208468,121302,Filer,H#171 St-23 B-17 Islamabad,03411825694
FBR-101130,Waqas Rizvi,22117668,1612101,Filer,"149-11 DHA Phase 6, Karachi",0325-7935621
FBR-101132,Mubashir Malik,512328,15906,Filer,"House 18, Street 18, Bahria Phase 4, Rawalpindi",0306-7723485
FBR-101134,Umar Shirazi,14617008,1164338,Filer,"166-28 University Town, Peshawar",+92 340 6069302
FBR-101135,N. Khattak,33927768,2898253,Filer,H#193 St-19 MadinaTown Faisalabad,+92 331 4728785
FBR-101136,I.Orakzai,385164,8699,Filer,مکان 126 گلی 25 D Ground Faisalabad,+92 307 7604270
FBR-101137,T.Gondal,2914188,254725,Filer,مکان 204 گلی 15 Peoples Colony Faisalabad,0327-7318864
FBR-101139,Nasir Yousafzai,46871136,1579797,Filer,"268-37 University Town, Peshawar",0300-3564905
FBR-101140,Rana Ehsan Abbasi,0,0,Non-Filer,"House No. 353, Gali 37, I-8/4, Islamabad",+92 346 1093478
FBR-101141,Z. Hashmi,13500924,1199615,Filer,H#165 St-30 JoharTown Lahore,0338-2366240
FBR-101142,Khalid Awan,389388,15568,Filer,"House 83, Street 34, Hayatabad Phase 3, Peshawar",+92 302 4311279
FBR-101144,R. Mirza,471288,37054,Filer,H#139 St-34 Gulgasht Multan,03297234947
FBR-101145,S. Mehsud,406428,29056,Filer,H#266 St-39 ChaklalaScheme3 Rawalpindi,0327-8765840
FBR-101146,J. Naqvi,995244,22895,Filer,H#6 St-21 ShahRukn-e-Alam Multan,+92 324 8917942
FBR-101147,Owais Orakzai,3908760,94170,Filer,"356-7 Bahria Phase 4, Rawalpindi",0347-6553847
FBR-101148,I.Mughal,3641196,118944,Filer,مکان 326 گلی 36 I-8/4 اسلام آباد,0315-1237053
FBR-101149,Khadija Durrani,0,0,Non-Filer,"320-26 Gulberg III, Lahore",0340-4266217
FBR-101150,W. Ansari,39404880,2928642,Filer,H#53 St-9 WapdaTown Lahore,+92 349 7424776
FBR-101151,Laiba Lodhi,371820,10987,Filer,"House 316, Street 31, Gulbahar, Peshawar",0312-1044808
FBR-101152,M. Abbasi,31730268,1722843,Filer,H#244 St-1 BahriaPhase4 Rawalpindi,+92 312 3061982
FBR-101153,Q. Wazir,673140,14451,Filer,H#155 St-33 Gulshan-e-Iqbal Karachi,+92 303 7597584
FBR-101155,M.Abbasi,812820,64567,Filer,مکان 287 گلی 29 University Town Peshawar,0338-2248638
FBR-101156,F.Ansari,1027140,22415,Filer,مکان 239 گلی 23 I-8/4 اسلام آباد,+92 333 4204180
FBR-101157,Sardar Haris Joiya,499560,38283,Filer,"House No. 100, Gali 1, Wapda Town, Lahore",0344-6510502
FBR-101158,Ayesha Khan,0,0,Non-Filer,"House 18, Street 18, Madina Town, Faisalabad",03361736811
FBR-101159,Amna ملک,0,0,Non-Filer,"242-39 Gulbahar, Peshawar",0319-4140673
FBR-101160,Rana Hussain Sandhu,393912,11637,Filer,"House No. 366, Gali 10, G-13/1, Islamabad",+92 312 2389566
FBR-101161,Rana Imran Joiya,0,0,Non-Filer,"House No. 32, Gali 21, Gulgasht, Multan",0308-5655311
FBR-101162,B. Mehsud,617064,38969,Filer,H#364 St-11 UniversityTown Peshawar,0345-9662755
FBR-101163,P. Wazir,1240020,42673,Filer,H#34 St-13 Cantt Multan,0342-5473408
FBR-101164,Waseem Shirazi,1501656,122048,Filer,"89-1 Westridge, Rawalpindi",0324-6883514
FBR-101165,R. Khokhar,0,0,Non-Filer,H#47 St-12 G-10/2 Islamabad,+92 301 8457273
FBR-101166,احمد Dar,404376,11268,Filer,"236-6 Shah Rukn-e-Alam, Multan",03144205892
FBR-101168,S.Baig,27158652,1722898,Filer,مکان 133 گلی 29 Chaklala Scheme 3 راولپنڈی,+92 321 9218917
FBR-101169,Uzma Naqvi,42114636,3275358,Filer,"19-38 DHA Phase 6, Karachi",03324534335
FBR-101170,H.Mirza,503064,35400,Filer,مکان 359 گلی 33 Chaklala Scheme 3 راولپنڈی,03442522658
FBR-101171,Rehan Khokhar,0,0,Non-Filer,"House 60, Street 34, DHA Phase 5, Lahore",+92 317 3345711
FBR-101172,B. Bukhari,26545248,1003881,Filer,H#360 St-7 I-8/4 Islamabad,+92 320 3663391
FBR-101174,Ubaid Bukhari,3085740,114126,Filer,"223-26 D Ground, Faisalabad",03335237501
FBR-101176,Nasir Bukhari,746676,28600,Filer,"263-11 F-8/3, Islamabad",0329-9792694
FBR-101177,Naveed Awan,3857760,262753,Filer,"House 28, Street 6, Shah Rukn-e-Alam, Multan",+92 322 6806635
FBR-101178,Malik Muhammad Wazir,643308,48730,Filer,"House No. 89, Gali 20, Bahria Phase 4, Rawalpindi",0321-4096967
FBR-101179,Haji Salman Durrani,3922020,197433,Filer,"House No. 351, Gali 36, Bahria Phase 4, Rawalpindi",0320-9008504
FBR-101180,Sadia Mehsud,1800072,49509,Filer,"242-25 DHA Phase 6, Karachi",+92 333 2607674
FBR-101182,S.Shirazi,0,0,Non-Filer,مکان 189 گلی 24 Bahria Phase 4 راولپنڈی,03281026701
FBR-101183,Uzma Gondal,2091672,46734,Filer,"House 97, Street 3, Westridge, Rawalpindi",0314-8304810
FBR-101184,Qasim Abbasi,1629600,101203,Filer,"House 199, Street 31, Gulberg III, Lahore",0304-8075570
FBR-101185,W.Raja,28926852,1927924,Filer,مکان 336 گلی 26 DHA Phase 5 لاہور,03406777594
FBR-101187,Laiba Joiya,633492,51072,Filer,"House 400, Street 31, Madina Town, Faisalabad",03194724774
FBR-101188,Maryam Tareen,40529808,3555426,Filer,"House 77, Street 1, Clifton Block 2, Karachi",0329-5325779
FBR-101189,Rida Khokhar,3283404,94521,Filer,"House 238, Street 19, Clifton Block 2, Karachi",+92 301 9214484
FBR-101190,K.Sial,1070208,57672,Filer,مکان 393 گلی 2 Gulberg III لاہور,+92 344 3998561
FBR-101192,T. Rizvi,785412,65363,Filer,H#373 St-10 F-8/3 Islamabad,+92 336 5608638
FBR-101194,Chaudhary Khalid Kazmi,501996,39760,Filer,"House No. 173, Gali 20, Cantt, Multan",0336-1375532
FBR-101195,Noor Khattak,0,0,Non-Filer,"222-8 Cantt, Multan",+92 319 5378446
FBR-101196,Javeria شیخ,11902272,280081,Filer,"243-14 Wapda Town, Lahore",+92 334 4115755
FBR-101197,Laiba Warraich,576084,32083,Filer,"House 140, Street 1, Chaklala Scheme 3, Rawalpindi",03305897793
FBR-101198,Haji Wajahat Shirazi,1360896,121231,Filer,"House No. 163, Gali 7, Gulbahar, Peshawar",03131303213
FBR-101199,Mehwish Mirza,1039056,21214,Filer,"House 312, Street 30, Gulgasht, Multan",0328-3671890
FBR-101200,Ehsan Cheema,0,0,Non-Filer,"House 228, Street 10, Gulberg III, Lahore",03374533909
FBR-101202,M.Mirza,3674952,94764,Filer,مکان 232 گلی 30 University Town Peshawar,0316-4323727
FBR-101204,Zeeshan Warraich,732588,45037,Filer,"57-37 Bahria Phase 4, Rawalpindi",03223669548
FBR-101205,Obaid Gill,2959260,174899,Filer,"215-39 Hayatabad Phase 3, Peshawar",03257093060
FBR-101206,عائشہ Rizvi,2077524,156759,Filer,"116-26 Madina Town, Faisalabad",+92 337 5803038
FBR-101208,U.Afridi,0,0,Non-Filer,مکان 115 گلی 9 G-13/1 اسلام آباد,0342-6000818
FBR-101209,A.Bhatti,1054812,50335,Filer,مکان 86 گلی 37 Peoples Colony Faisalabad,0331-7212534
FBR-101210,Sadia Kazmi,457116,15016,Filer,"83-30 Hayatabad Phase 3, Peshawar",+92 323 3939552
FBR-101211,A. Awan,0,0,Non-Filer,H#16 St-14 DHAPhase5 Lahore,0347-8703978
FBR-101212,S. Khokhar,0,0,Non-Filer,H#57 St-39 DGround Faisalabad,+92 322 5108127
FBR-101213,Rana Hussain Mehsud,722580,31467,Filer,"House No. 267, Gali 31, Shah Rukn-e-Alam, Multan",+92 331 7997602
FBR-101214,Hamza Bangash,3466488,100082,Filer,"332-35 Gulbahar, Peshawar",03079066612
FBR-101215,N.Kakar,2611500,86114,Filer,مکان 205 گلی 33 I-8/4 اسلام آباد,0336-3081328
FBR-101216,K. Tareen,679524,26411,Filer,H#370 St-11 HayatabadPhase3 Peshawar,+92 348 3357407
FBR-101218,Malik Babar Joiya,10905624,874664,Filer,"House No. 291, Gali 18, Shah Rukn-e-Alam, Multan",0340-3349162
FBR-101219,Shoaib Sandhu,889476,53346,Filer,"House 366, Street 19, Madina Town, Faisalabad",+92 322 6112711
FBR-101220,Syed Adnan Saddozai,0,0,Non-Filer,"House No. 66, Gali 10, Gulbahar, Peshawar",+92 344 7446253
FBR-101221,Khadija Niazi,0,0,Non-Filer,"133-24 Satellite Town, Rawalpindi",+92 304 9772191
FBR-101222,U.Abbasi,3992808,264460,Filer,مکان 161 گلی 34 D Ground Faisalabad,03269141073
FBR-101223,S.Rajput,2711004,90716,Filer,مکان 343 گلی 5 Clifton Block 2 کراچی,0323-6189331
FBR-101224,L. Kakar,309588,25032,Filer,H#333 St-13 Cantt Multan,03278706139
FBR-101225,H.Gondal,1459836,40949,Filer,مکان 187 گلی 3 Cantt Multan,03316528345
FBR-101226,عمران Joiya,0,0,Non-Filer,"127-16 D Ground, Faisalabad",0322-5111878
FBR-101227,U.Shirazi,2266932,145776,Filer,مکان 143 گلی 6 Wapda Town لاہور,03113223802
FBR-101230,A.Bukhari,3521676,292232,Filer,مکان 369 گلی 29 Clifton Block 2 کراچی,0319-8654679
FBR-101231,Iqra Lodhi,2526708,155591,Filer,"House 169, Street 33, DHA Phase 6, Karachi",03385760630
FBR-101232,Sardar Ehsan Lodhi,4165788,109751,Filer,"House No. 258, Gali 20, Gulgasht, Multan",+92 331 4056477
FBR-101233,Yousuf Hashmi,0,0,Non-Filer,"34-28 Bahria Phase 4, Rawalpindi",0322-4204891
FBR-101234,Malik Umar Kakar,44064408,2450691,Filer,"House No. 110, Gali 20, F-8/3, Islamabad",03335094316
FBR-101235,Mubashir Yousafzai,0,0,Non-Filer,"166-11 Bahria Phase 4, Rawalpindi",0316-3881944
FBR-101236,S. Rajput,2886636,229365,Filer,H#214 St-18 Gulgasht Multan,+92 314 8918538
FBR-101237,Rana Babar Durrani,3502248,265677,Filer,"House No. 231, Gali 20, Gulberg III, Lahore",+92 339 7602542
FBR-101238,عمران Tarar,0,0,Non-Filer,"234-18 Johar Town, Lahore",03034499878
FBR-101240,Asad چوہدری,4024188,97125,Filer,"167-31 Bahria Phase 4, Rawalpindi",03471771751
FBR-101241,Malik Yasir Lodhi,31651512,1444079,Filer,"House No. 193, Gali 4, D Ground, Faisalabad",03036141585
FBR-101242,I. Siddiqui,0,0,Filer,H#384 St-5 DHAPhase6 Karachi,0326-3546321
FBR-101243,Chaudhary Nadia Raja,0,0,Non-Filer,"House No. 168, Gali 37, DHA Phase 6, Karachi",+92 344 9909162
FBR-101244,Kinza Bangash,3238788,69745,Filer,"House 185, Street 29, Shah Rukn-e-Alam, Multan",+92 312 6389968
FBR-101245,Babar Baig,696060,59172,Filer,"House 133, Street 17, Gulgasht, Multan",0340-3353339
FBR-101246,Mustafa شیخ,557208,17277,Filer,"31-33 Gulbahar, Peshawar",0320-8335114
FBR-101247,Syed Maryam Hashmi,718188,30659,Filer,"House No. 171, Gali 5, Wapda Town, Lahore",03092545911
FBR-101248,Waqas Kazmi,23535060,2011071,Filer,"294-30 Hayatabad Phase 3, Peshawar",0302-5751677
FBR-101249,W.Joiya,44458992,2172214,Filer,مکان 334 گلی 22 Cantt Multan,+92 302 6701061
FBR-101250,R. Malik,1906824,92423,Filer,H#4 St-40 Gulshan-e-Iqbal Karachi,0330-1143242
FBR-101251,Sardar Nadeem Gondal,753648,51685,Filer,"House No. 394, Gali 21, D Ground, Faisalabad",03474361005
FBR-101252,A. Baig,0,0,Non-Filer,H#106 St-20 HayatabadPhase3 Peshawar,03111439973
FBR-101253,Shahzad Rizvi,2665464,223857,Filer,"House 168, Street 21, DHA Phase 5, Lahore",+92 313 4383988
FBR-101254,D. Dar,47043840,3786830,Filer,H#14 St-9 UniversityTown Peshawar,0331-7293367
FBR-101256,Saad Kazmi,0,0,Non-Filer,"265-8 D Ground, Faisalabad",+92 313 3019277
FBR-101257,Pervez Baig,312696,10661,Filer,"260-24 Satellite Town, Rawalpindi",0334-9535161
FBR-101258,Mian Muhammad Virk,42416316,870594,Filer,"House No. 205, Gali 7, University Town, Peshawar",0325-6200630
FBR-101259,Mubashir Gondal,0,0,Filer,"334-25 Cantt, Multan",03305608971
FBR-101263,Mian Nimra Bhatti,3332100,176091,Filer,"House No. 170, Gali 2, G-10/2, Islamabad",+92 330 3421636
FBR-101265,Fahad Rajput,22528260,1868348,Filer,"275-29 North Nazimabad, Karachi",+92 319 1012106
FBR-101266,Shahzad Bhatti,749232,50590,Filer,"House 188, Street 40, Gulgasht, Multan",03079267840
FBR-101267,Haris Awan,382752,9438,Filer,"House 74, Street 15, Bahria Phase 4, Rawalpindi",03029134646
FBR-101268,Y. Gondal,23024748,1749127,Filer,H#374 St-20 JoharTown Lahore,03279722758
FBR-101269,S.Bhatti,2205048,167854,Filer,مکان 339 گلی 10 Gulshan-e-Iqbal کراچی,03407459731
FBR-101270,T. Khan,26909136,2374163,Filer,H#122 St-11 SatelliteTown Rawalpindi,0301-1798248
FBR-101273,Bushra قریشی,0,0,Non-Filer,"391-34 Shah Rukn-e-Alam, Multan",0303-6624727
FBR-101274,Z. Gondal,37448424,2666242,Filer,H#62 St-36 CliftonBlock2 Karachi,+92 322 6832167
FBR-101275,Malik Tariq Kazmi,0,0,Non-Filer,"House No. 262, Gali 13, Westridge, Rawalpindi",0313-1280502
FBR-101276,R.Naqvi,1590012,59425,Filer,مکان 273 گلی 24 Peoples Colony Faisalabad,0343-9906521
FBR-101277,Hafsa Mughal,3482064,254222,Filer,"317-15 Gulgasht, Multan",0318-8113803
FBR-101278,Mian Zubair Virk,2920440,145599,Filer,"House No. 244, Gali 30, Madina Town, Faisalabad",0322-6033050
FBR-101280,Mansoor Mughal,2697804,141200,Filer,"House 201, Street 38, Shah Rukn-e-Alam, Multan",0313-6878859
FBR-101281,Syed Naveed Warraich,958140,56769,Filer,"House No. 379, Gali 38, B-17, Islamabad",0313-8438704
FBR-101282,Malik Ahmed Afridi,0,0,Filer,"House No. 160, Gali 34, G-13/1, Islamabad",0309-8903903
FBR-101283,Zainab Saddozai,500892,43601,Filer,"House 79, Street 5, Madina Town, Faisalabad",+92 324 1687389
FBR-101284,Fahad Afridi,3240960,253923,Filer,"300-11 North Nazimabad, Karachi",0318-9460961
FBR-101285,A.Wazir,0,0,Non-Filer,مکان 216 گلی 4 North Nazimabad کراچی,+92 304 5628257
FBR-101286,Farah Kayani,0,0,Non-Filer,"House 7, Street 7, DHA Phase 5, Lahore",0333-9304320
FBR-101287,Asad Kakar,43199244,3045400,Filer,"House 250, Street 36, Gulbahar, Peshawar",03497305252
FBR-101288,Rana Khalid Butt,3613920,133286,Filer,"House No. 303, Gali 7, Peoples Colony, Faisalabad",0341-2970875
FBR-101289,M.Bangash,793968,60998,Filer,مکان 178 گلی 29 Cantt Multan,0339-9770547
FBR-101290,R.Wazir,322308,15298,Filer,مکان 291 گلی 12 F-8/3 اسلام آباد,+92 305 2657659
FBR-101291,Rida Khokhar,555204,36398,Filer,"House 184, Street 23, University Town, Peshawar",+92 323 5641122
FBR-101292,Sardar Ubaid Orakzai,27142548,882454,Filer,"House No. 394, Gali 11, Shah Rukn-e-Alam, Multan",03186400269
FBR-101293,Rana Saad Hashmi,379656,16954,Filer,"House No. 171, Gali 23, Hayatabad Phase 3, Peshawar",+92 348 4818006
FBR-101294,Noor Raja,4014120,171373,Filer,"House 161, Street 40, Shah Rukn-e-Alam, Multan",0332-7420579
FBR-101295,F.Cheema,2913660,81356,Filer,مکان 186 گلی 11 University Town Peshawar,0315-1267216
FBR-101297,S. Bangash,3383712,231268,Filer,H#208 St-17 DGround Faisalabad,+92 315 9939366
FBR-101298,A.Saddozai,493380,11054,Filer,مکان 315 گلی 37 University Town Peshawar,0301-5301863
FBR-101299,Chaudhary Sadia Abbasi,20470020,1299862,Filer,"House No. 14, Gali 32, Shah Rukn-e-Alam, Multan",0302-9540212
FBR-101300,Rashid خان,38192688,2910726,Filer,"11-40 Johar Town, Lahore",03377954589
FBR-101301,U.Tarar,27946608,2367562,Filer,مکان 322 گلی 37 Westridge راولپنڈی,03492529212
FBR-101302,Arsalan Bhatti,699072,20942,Filer,"House 40, Street 9, Madina Town, Faisalabad",0323-3160312
FBR-101303,L. Rajput,1294704,31847,Filer,H#54 St-39 MadinaTown Faisalabad,+92 315 4757489
FBR-101305,عمران Gill,4047900,313732,Filer,"33-23 DHA Phase 6, Karachi",03045228060
FBR-101306,R.Bangash,4155768,235079,Filer,مکان 203 گلی 14 Hayatabad Phase 3 Peshawar,+92 334 6111364
FBR-101308,H. Kakar,441036,24495,Filer,H#33 St-34 G-13/1 Islamabad,0332-4265164
FBR-101309,Haji Talha Malik,44094948,3212559,Filer,"House No. 374, Gali 8, Shah Rukn-e-Alam, Multan",+92 321 2579766
FBR-101310,Chaudhary Luqman Tarar,3667596,261985,Filer,"House No. 71, Gali 22, North Nazimabad, Karachi",+92 311 6220992
FBR-101312,Zeeshan Naqvi,1039128,62016,Filer,"311-4 DHA Phase 5, Lahore",0340-7260367
FBR-101313,محمد Bhatti,4094400,221464,Filer,"15-37 Gulshan-e-Iqbal, Karachi",0345-2164158
FBR-101314,T.Rizvi,0,0,Non-Filer,مکان 50 گلی 10 Chaklala Scheme 3 راولپنڈی,+92 345 3968364
FBR-101315,Ayesha Abbasi,384756,15599,Filer,"House 16, Street 40, University Town, Peshawar",+92 308 3018015
FBR-101316,Farhan Mehsud,657564,49662,Filer,"52-32 Bahria Phase 4, Rawalpindi",03193604706
FBR-101317,B. Zaidi,2466492,200496,Filer,H#230 St-8 UniversityTown Peshawar,0341-6676469
FBR-101319,H.Gilani,3777960,277823,Filer,مکان 273 گلی 34 D Ground Faisalabad,+92 338 4371081
FBR-101320,Haris Mirza,25782348,1457122,Filer,"207-28 Shah Rukn-e-Alam, Multan",0331-9228643
FBR-101323,Luqman Baig,1241352,82003,Filer,"27-28 Wapda Town, Lahore",0336-8049798
FBR-101324,R.Qureshi,40454148,3575415,Filer,مکان 114 گلی 21 DHA Phase 6 کراچی,0303-9309339
FBR-101325,Ahmed Butt,560112,47390,Filer,"House 353, Street 8, DHA Phase 6, Karachi",03205033031
FBR-101326,Saad Virk,2584356,170983,Filer,"House 191, Street 26, Hayatabad Phase 3, Peshawar",0349-3628138
FBR-101328,K. Lodhi,0,0,Non-Filer,H#399 St-32 HayatabadPhase3 Peshawar,03291174981
FBR-101330,Junaid Saddozai,610560,45636,Filer,"146-35 Model Town, Lahore",0324-5387228
FBR-101331,Malik Haris Raja,2398500,140852,Filer,"House No. 103, Gali 9, Madina Town, Faisalabad",+92 340 8867792
FBR-101332,Hussain Virk,0,0,Filer,"House 391, Street 5, Satellite Town, Rawalpindi",0310-9717186
FBR-101333,B.Kazmi,2537904,152418,Filer,مکان 394 گلی 14 Hayatabad Phase 3 Peshawar,0320-1238423
FBR-101334,Saad Gill,20936472,483893,Filer,"House 330, Street 4, DHA Phase 6, Karachi",+92 336 3568550
FBR-101335,Mian Talha Afridi,0,0,Non-Filer,"House No. 337, Gali 29, Chaklala Scheme 3, Rawalpindi",0307-2164051
FBR-101336,Mian Rashid Zaidi,0,0,Non-Filer,"House No. 58, Gali 5, DHA Phase 5, Lahore",0338-9963626
FBR-101337,Jawad بٹ,3398100,189533,Filer,"351-15 Satellite Town, Rawalpindi",03061057394
FBR-101338,Rabia Siddiqui,0,0,Non-Filer,"House 391, Street 3, Hayatabad Phase 3, Peshawar",03219718517
FBR-101339,Syed Amna Khattak,22185036,1348352,Filer,"House No. 352, Gali 40, Gulshan-e-Iqbal, Karachi",03374987424
FBR-101340,Farhan Afridi,2056932,82187,Filer,"79-30 North Nazimabad, Karachi",0345-4755409
FBR-101342,زینب Gondal,32365596,978816,Filer,"321-23 DHA Phase 6, Karachi",+92 316 8065567
FBR-101343,S.Virk,2161440,183777,Filer,مکان 173 گلی 21 Gulshan-e-Iqbal کراچی,03419816623
FBR-101344,R. Baig,0,0,Non-Filer,H#338 St-40 Gulbahar Peshawar,+92 327 7848595
FBR-101345,Sardar Rashid Rajput,3084516,159041,Filer,"House No. 334, Gali 29, G-13/1, Islamabad",0331-7291004
FBR-101346,S. Mughal,2044272,143989,Filer,H#265 St-28 ShahRukn-e-Alam Multan,03171399891
FBR-101347,Sajid Saddozai,33184380,1080449,Filer,"394-10 Gulgasht, Multan",0315-9544822
FBR-101348,Yasir Saddozai,1371192,82006,Filer,"House 162, Street 40, Westridge, Rawalpindi",03481592263
FBR-101351,Z. Zaidi,41242620,966492,Filer,H#84 St-27 BahriaPhase4 Rawalpindi,+92 340 3271332
FBR-101352,Sardar Yousuf Orakzai,671832,42900,Filer,"House No. 59, Gali 10, Johar Town, Lahore",03115962748
FBR-101353,Chaudhary Khalid Rajput,686736,37392,Filer,"House No. 301, Gali 24, Satellite Town, Rawalpindi",+92 339 4050662
FBR-101354,Farah Gilani,3436416,156944,Filer,"House 44, Street 24, Gulberg III, Lahore",03023263974
FBR-101355,Adnan Siddiqui,689076,29133,Filer,"House 101, Street 21, Gulbahar, Peshawar",0306-8950490
FBR-101357,Rana Mustafa Bhatti,2676528,176315,Filer,"House No. 333, Gali 16, Satellite Town, Rawalpindi",+92 324 8531813
FBR-101358,Bushra Khokhar,24835908,1505379,Filer,"171-36 Cantt, Multan",03021179145
FBR-101359,Khalid Baig,633840,13984,Filer,"199-3 North Nazimabad, Karachi",+92 326 6631019
FBR-101360,O.Bangash,3790356,267501,Filer,مکان 178 گلی 17 Johar Town لاہور,0342-1109675
FBR-101361,Malik Farah Raja,2074260,169898,Filer,"House No. 164, Gali 33, Gulbahar, Peshawar",+92 347 3695333
FBR-101362,J.Chaudhry,785580,49518,Filer,مکان 399 گلی 6 Bahria Phase 4 راولپنڈی,03001225606
FBR-101363,F.Abbasi,0,0,Non-Filer,مکان 236 گلی 22 D Ground Faisalabad,0309-3046457
FBR-101364,T. Raja,2975808,109824,Filer,H#2 St-28 Cantt Multan,03131838837
FBR-101365,Saba Naqvi,0,0,Non-Filer,"House 102, Street 32, Westridge, Rawalpindi",0345-5761681
FBR-101367,Kinza Siddiqui,0,0,Non-Filer,"House 97, Street 12, Cantt, Multan",+92 323 3725015
FBR-101368,I. Tarar,1003932,54221,Filer,H#147 St-14 DGround Faisalabad,03346784096
FBR-101369,Zara Mehsud,1340028,81115,Filer,"House 387, Street 11, Gulberg III, Lahore",+92 300 2053323
FBR-101370,N. Tareen,584268,22012,Filer,H#41 St-29 UniversityTown Peshawar,0301-4872199
FBR-101371,Syed Kinza Mehsud,0,0,Non-Filer,"House No. 34, Gali 37, D Ground, Faisalabad",+92 325 8562950
FBR-101372,A.Niazi,0,0,Non-Filer,مکان 161 گلی 35 University Town Peshawar,0313-3861403
FBR-101374,H.Awan,820428,19946,Filer,مکان 196 گلی 10 University Town Peshawar,+92 335 1234044
FBR-101375,Saad Abbasi,2204172,86492,Filer,"112-7 Peoples Colony, Faisalabad",0306-8923681
FBR-101376,A. Hashmi,0,0,Non-Filer,H#156 St-36 DHAPhase6 Karachi,+92 323 4186766
FBR-101377,R.Mughal,2439444,170697,Filer,مکان 181 گلی 7 Clifton Block 2 کراچی,03058997703
FBR-101379,Mehwish Siddiqui,33433188,1526307,Filer,"272-19 Peoples Colony, Faisalabad",+92 325 3149723
FBR-101380,Chaudhary Kamran Malik,1069224,29545,Filer,"House No. 214, Gali 16, Gulshan-e-Iqbal, Karachi",+92 315 4916445
FBR-101381,Waseem Zaidi,0,0,Non-Filer,"170-13 Wapda Town, Lahore",03154840752
FBR-101382,M.Gilani,4048728,144194,Filer,مکان 161 گلی 33 Clifton Block 2 کراچی,03063488991
FBR-101383,Wajahat Shirazi,1331328,48669,Filer,"35-29 Shah Rukn-e-Alam, Multan",03335634040
FBR-101384,Chaudhary Yousuf Janjua,681180,56789,Filer,"House No. 168, Gali 23, Satellite Town, Rawalpindi",+92 347 3451490
FBR-101385,Chaudhary Saqib Shirazi,0,0,Non-Filer,"House No. 331, Gali 13, Peoples Colony, Faisalabad",+92 349 3019346
FBR-101386,Hina Kazmi,1119060,94447,Filer,"193-28 Johar Town, Lahore",0304-5378650
FBR-101387,Hassan Khattak,1947612,160439,Filer,"House 41, Street 24, Shah Rukn-e-Alam, Multan",03328494132
FBR-101388,I. Joiya,0,0,Non-Filer,H#56 St-18 UniversityTown Peshawar,03344318209
FBR-101391,Uzma Mirza,0,0,Non-Filer,"House 388, Street 37, Wapda Town, Lahore",+92 300 2957391
FBR-101392,K.Chaudhry,565932,44934,Filer,مکان 53 گلی 34 Bahria Phase 4 راولپنڈی,+92 313 2541145
FBR-101393,Tariq Tarar,0,0,Filer,"House 253, Street 26, DHA Phase 5, Lahore",+92 340 9802658
FBR-101394,S.Raja,1112400,38352,Filer,مکان 230 گلی 11 Hayatabad Phase 3 Peshawar,0304-4815074
FBR-101395,Haji Bilal Khattak,408264,19908,Filer,"House No. 116, Gali 31, Gulbahar, Peshawar",0300-4674225
FBR-101397,Haji Sadia Chaudhry,1467252,78725,Filer,"House No. 302, Gali 3, F-8/3, Islamabad",0313-9245415
FBR-101398,K. Sandhu,0,0,Non-Filer,H#204 St-14 PeoplesColony Faisalabad,03181123311
FBR-101399,N. Sandhu,2597928,222696,Filer,H#82 St-13 MadinaTown Faisalabad,0344-6611739
FBR-101401,U.Virk,1057284,45827,Filer,مکان 381 گلی 14 Hayatabad Phase 3 Peshawar,03196009840
FBR-101402,Ibrahim Khokhar,1037760,83614,Filer,"321-15 B-17, Islamabad",03444637402
FBR-101404,Zafar Zaidi,787008,29135,Filer,"House 342, Street 16, Madina Town, Faisalabad",0309-2799550
FBR-101405,Bilal Khan,2314596,142559,Filer,"House 156, Street 29, DHA Phase 5, Lahore",03418481469
FBR-101406,Mian Uzma Baig,537540,40481,Filer,"House No. 39, Gali 18, Gulshan-e-Iqbal, Karachi",0318-2163129
FBR-101407,R.Kayani,2437248,191886,Filer,مکان 62 گلی 2 DHA Phase 6 کراچی,0332-1240653
FBR-101408,Ubaid Bukhari,0,0,Non-Filer,"House 140, Street 18, Gulgasht, Multan",0309-9048449
FBR-101409,K.Warraich,1043472,43838,Filer,مکان 16 گلی 3 Shah Rukn-e-Alam Multan,+92 336 8813176
FBR-101410,A.Butt,2671032,85379,Filer,مکان 395 گلی 18 Cantt Multan,+92 327 4400718
FBR-101411,U. Janjua,0,0,Filer,H#1 St-3 ShahRukn-e-Alam Multan,0346-9196133
FBR-101413,A.Saddozai,529980,27280,Filer,مکان 209 گلی 12 Shah Rukn-e-Alam Multan,+92 346 7242968
FBR-101414,Rashid Mehsud,0,0,Filer,"House 346, Street 35, University Town, Peshawar",0335-8242914
FBR-101416,Haji Rashid Shirazi,3595968,163826,Filer,"House No. 324, Gali 11, Wapda Town, Lahore",03424452965
FBR-101417,Fahad Kazmi,0,0,Non-Filer,"House 267, Street 7, Peoples Colony, Faisalabad",03336343672
FBR-101418,Hafsa Bangash,0,0,Filer,"House 251, Street 8, University Town, Peshawar",03257626337
FBR-101420,Madiha خان,538176,22219,Filer,"56-32 Gulbahar, Peshawar",0311-6143155
FBR-101421,Noman Rizvi,1408800,36783,Filer,"House 98, Street 2, Cantt, Multan",0300-5962433
FBR-101422,K. Kayani,2271432,83100,Filer,H#217 St-23 CliftonBlock2 Karachi,+92 330 6036779
FBR-101423,Syed Mubashir Sial,27291420,2341755,Filer,"House No. 245, Gali 40, D Ground, Faisalabad",0340-9243207
FBR-101424,H.Kayani,10975464,966366,Filer,مکان 197 گلی 35 Shah Rukn-e-Alam Multan,03066889724
FBR-101425,Malik Khalid Butt,0,0,Non-Filer,"House No. 244, Gali 17, Clifton Block 2, Karachi",0341-2391916
FBR-101428,Chaudhary Talha Khokhar,18353604,609706,Filer,"House No. 199, Gali 35, Wapda Town, Lahore",03042974150
FBR-101429,T. Mirza,0,0,Non-Filer,H#21 St-19 HayatabadPhase3 Peshawar,0345-8159368
FBR-101430,Syed Haris Rajput,3099528,213290,Filer,"House No. 3, Gali 25, DHA Phase 6, Karachi",0341-3379565
FBR-101431,Syed Hafsa Bukhari,1108968,63397,Filer,"House No. 118, Gali 29, University Town, Peshawar",0301-3758732
FBR-101432,S. Hashmi,23637600,957178,Filer,H#11 St-34 ModelTown Lahore,+92 328 2783889
FBR-101435,N.Kayani,2233680,133425,Filer,مکان 337 گلی 12 Clifton Block 2 کراچی,03462943637
FBR-101437,K.Naqvi,736128,54408,Filer,مکان 71 گلی 21 I-8/4 اسلام آباد,0317-4582959
FBR-101439,Zafar Kazmi,47468064,2502682,Filer,"House 85, Street 16, G-13/1, Islamabad",+92 335 4780612
FBR-101440,R. Butt,20910576,1579877,Filer,H#400 St-26 UniversityTown Peshawar,+92 303 7269347
FBR-101441,Shahzad Rajput,13377660,331680,Filer,"209-11 D Ground, Faisalabad",+92 319 9745266
FBR-101442,Rauf Shirazi,2726844,156595,Filer,"34-36 E-11/2, Islamabad",+92 302 1670225
FBR-101443,Wajahat Khattak,29032728,1038406,Filer,"House 156, Street 35, University Town, Peshawar",+92 345 6169762
FBR-101444,J. Bukhari,4040772,152616,Filer,H#350 St-39 Gulgasht Multan,+92 349 3302963
FBR-101446,Atif Janjua,22883028,1780976,Filer,"House 179, Street 20, Peoples Colony, Faisalabad",03159685090
FBR-101447,I. Sial,920424,48304,Filer,H#97 St-40 Gulgasht Multan,03144187101
FBR-101448,N. Khokhar,565320,18177,Filer,H#89 St-8 DGround Faisalabad,03234451640
FBR-101450,Rashid Kayani,2563128,91002,Filer,"House 130, Street 8, Peoples Colony, Faisalabad",0338-7594804
FBR-101451,Anas Khokhar,3650892,196507,Filer,"House 142, Street 33, D Ground, Faisalabad",+92 346 4341853
FBR-101452,S. Hashmi,3233316,247229,Filer,H#244 St-28 PeoplesColony Faisalabad,0335-3003950
FBR-101453,B.Butt,632868,49538,Filer,مکان 143 گلی 7 Hayatabad Phase 3 Peshawar,0348-5503244
FBR-101454,Noman بٹ,21200856,1031621,Filer,"31-1 Gulgasht, Multan",+92 305 5650204
FBR-101455,Haji Shoaib Yousafzai,2952612,130301,Filer,"House No. 385, Gali 18, D Ground, Faisalabad",0345-4965501
FBR-101456,Shoaib Mughal,40510284,2523737,Filer,"House 105, Street 35, University Town, Peshawar",0340-3690994
FBR-101457,S. Hashmi,2051832,106335,Filer,H#127 St-27 G-10/2 Islamabad,03138709241
FBR-101458,S. Lodhi,1591452,62377,Filer,H#123 St-20 G-10/2 Islamabad,+92 339 7487804
FBR-101459,Malik Tariq Tarar,23276280,1458297,Filer,"House No. 227, Gali 10, Shah Rukn-e-Alam, Multan",0339-7378070
FBR-101460,Noman Mehsud,0,0,Non-Filer,"House 269, Street 22, North Nazimabad, Karachi",03209372370
FBR-101461,L.Dar,2936844,248694,Filer,مکان 361 گلی 5 Johar Town لاہور,+92 346 3824975
FBR-101462,Rana Ghulam Warraich,0,0,Non-Filer,"House No. 367, Gali 19, Johar Town, Lahore",0316-8880476
FBR-101463,Uzma Orakzai,4048836,110439,Filer,"House 366, Street 2, E-11/2, Islamabad",+92 339 6791229
FBR-101464,Rauf Durrani,2594892,219958,Filer,"46-28 North Nazimabad, Karachi",+92 325 4834547
FBR-101465,Z.Mughal,586704,14330,Filer,مکان 300 گلی 34 Bahria Phase 4 راولپنڈی,03465252952
FBR-101466,B. Tareen,2565228,161541,Filer,H#363 St-11 SatelliteTown Rawalpindi,+92 309 1839952
FBR-101468,D.Raja,485784,11390,Filer,مکان 294 گلی 12 Peoples Colony Faisalabad,+92 328 8889458
FBR-101469,A.Baig,3870024,186876,Filer,مکان 40 گلی 5 D Ground Faisalabad,03043998601
FBR-101470,Sadia Tareen,514164,39042,Filer,"79-35 Johar Town, Lahore",+92 313 1146741
FBR-101471,Fatima Malik,1792296,143125,Filer,"House 30, Street 26, D Ground, Faisalabad",+92 312 8837887
FBR-101472,A.Shirazi,0,0,Filer,مکان 294 گلی 18 University Town Peshawar,0333-8632696
FBR-101473,Waqas Afridi,34260312,2071286,Filer,"House 35, Street 25, Peoples Colony, Faisalabad",0312-7486209
FBR-101474,Rana Gul Tareen,30119112,1410826,Filer,"House No. 269, Gali 30, North Nazimabad, Karachi",0321-8274307
FBR-101475,J. Kazmi,3554676,239645,Filer,H#65 St-3 UniversityTown Peshawar,+92 311 7165648
FBR-101476,Khalid Virk,41734416,1466583,Filer,"13-21 Gulberg III, Lahore",0301-5690665
FBR-101478,Syed Sufyan Kayani,12184332,423171,Filer,"House No. 239, Gali 30, North Nazimabad, Karachi",0323-8772872
FBR-101479,Y. Abbasi,640824,20657,Filer,H#152 St-24 Cantt Multan,+92 305 8802905
FBR-101480,F. Shirazi,2177256,147098,Filer,H#263 St-36 GulbergIII Lahore,0330-9043979
FBR-101481,O. Kazmi,41342880,2948189,Filer,H#52 St-10 SatelliteTown Rawalpindi,0344-2004736
FBR-101483,B.Naqvi,745392,25099,Filer,مکان 225 گلی 32 Peoples Colony Faisalabad,03381606595
FBR-101486,A. Sial,3996660,83734,Filer,H#131 St-14 DGround Faisalabad,0301-3741253
FBR-101487,Kamran Gondal,0,0,Non-Filer,"345-32 DHA Phase 6, Karachi",+92 301 8710913
FBR-101489,Iqra Kakar,3506208,206997,Filer,"House 12, Street 28, Bahria Phase 4, Rawalpindi",03346505504
FBR-101490,Bilal Bukhari,17313732,1118656,Filer,"House 55, Street 10, Gulberg III, Lahore",0343-4673414
FBR-101491,Z.Orakzai,1982016,65575,Filer,مکان 186 گلی 27 D Ground Faisalabad,+92 336 6556834
FBR-101492,N. Rajput,3936948,82996,Filer,H#397 St-21 Cantt Multan,03082456674
FBR-101493,Chaudhary Hassan Cheema,3665988,207185,Filer,"House No. 158, Gali 16, DHA Phase 5, Lahore",03377649560
FBR-101494,A.Mirza,1477848,56359,Filer,مکان 173 گلی 11 Bahria Phase 4 راولپنڈی,+92 348 2995485
FBR-101495,Chaudhary Ahmed Abbasi,1799796,105635,Filer,"House No. 253, Gali 6, Madina Town, Faisalabad",+92 310 1035018
FBR-101496,Z. Sandhu,559632,40289,Filer,H#359 St-23 Gulgasht Multan,0341-1678300
FBR-101499,Waqas Khattak,3435012,117756,Filer,"House 264, Street 7, Gulbahar, Peshawar",03394754605
FBR-101501,Arsalan Niazi,1700616,73776,Filer,"House 108, Street 16, Shah Rukn-e-Alam, Multan",0332-3604144
FBR-101502,Sardar Rashid Qureshi,3989940,182021,Filer,"House No. 77, Gali 5, DHA Phase 6, Karachi",0345-4338946
FBR-101503,Rauf Tarar,0,0,Filer,"343-36 B-17, Islamabad",+92 344 4519388
FBR-101504,M.Baig,29606304,2274686,Filer,مکان 26 گلی 3 DHA Phase 5 لاہور,+92 326 4129999
FBR-101505,Haji Lubna Bhatti,429108,21959,Filer,"House No. 168, Gali 28, DHA Phase 6, Karachi",0329-4086368
FBR-101507,N. Ansari,3997500,119948,Filer,H#395 St-1 CliftonBlock2 Karachi,+92 325 7258302
FBR-101508,A. Baig,781656,54754,Filer,H#171 St-33 BahriaPhase4 Rawalpindi,0303-8434659
FBR-101509,M. Baig,1072704,88247,Filer,H#233 St-38 CliftonBlock2 Karachi,+92 342 4515160
FBR-101511,T. Kayani,11640648,862666,Filer,H#118 St-38 DHAPhase5 Lahore,03295887018
FBR-101515,Zafar Malik,3642984,110354,Filer,"House 384, Street 17, F-8/3, Islamabad",+92 314 5313296
FBR-101517,Muhammad Janjua,720420,59274,Filer,"House 92, Street 8, I-8/4, Islamabad",+92 337 6456799
FBR-101518,Wajahat Kazmi,3400332,89704,Filer,"343-40 E-11/2, Islamabad",03466461576
FBR-101519,U. Rizvi,2181612,104670,Filer,H#318 St-6 DHAPhase5 Lahore,+92 302 3446335
FBR-101520,Zafar Tareen,616500,51023,Filer,"House 16, Street 22, Shah Rukn-e-Alam, Multan",03362737605
FBR-101522,Atif Khattak,3303792,230663,Filer,"22-3 Johar Town, Lahore",03331062440
FBR-101523,Zara Cheema,15463320,1172616,Filer,"House 162, Street 30, Clifton Block 2, Karachi",03022610232
FBR-101524,M.Awan,2923296,117315,Filer,مکان 284 گلی 36 North Nazimabad کراچی,03211544925
FBR-101525,Maryam Sial,520716,45733,Filer,"House 55, Street 4, DHA Phase 5, Lahore",+92 322 5333242
FBR-101526,Ehsan Tarar,2754036,165610,Filer,"187-5 G-13/1, Islamabad",0303-4291236
FBR-101527,Sardar Atif Ansari,2622192,102968,Filer,"House No. 71, Gali 34, Cantt, Multan",+92 349 2679778
FBR-101528,Babar Bhatti,1461192,112050,Filer,"296-14 F-8/3, Islamabad",0341-4884250
FBR-101529,Madiha Zaidi,332028,28712,Filer,"House 280, Street 20, D Ground, Faisalabad",03013416259
FBR-101530,Owais Tarar,762660,66599,Filer,"House 171, Street 18, B-17, Islamabad",0302-2153392
FBR-101532,Tariq Cheema,0,0,Non-Filer,"333-37 Bahria Phase 4, Rawalpindi",0300-8890587
FBR-101533,Chaudhary Hafsa Kazmi,12588264,458778,Filer,"House No. 3, Gali 34, Westridge, Rawalpindi",+92 329 4146566
FBR-101534,Rauf Dar,39334428,1702061,Filer,"199-13 D Ground, Faisalabad",0344-6775856
FBR-101535,Obaid Bukhari,0,0,Non-Filer,"House 128, Street 40, Gulberg III, Lahore",03065278178
FBR-101536,N. Bukhari,1212948,57386,Filer,H#354 St-9 ChaklalaScheme3 Rawalpindi,03033036562
FBR-101538,Syed Muhammad Khattak,16998120,1243731,Filer,"House No. 357, Gali 1, Satellite Town, Rawalpindi",0331-6727019
FBR-101539,Noor Khattak,2228028,158834,Filer,"House 189, Street 21, Hayatabad Phase 3, Peshawar",+92 322 2120594
FBR-101540,T. Abbasi,22289172,1427039,Filer,H#181 St-13 Westridge Rawalpindi,+92 317 9202607
FBR-101541,M. Sial,24055740,678140,Filer,H#32 St-4 DHAPhase6 Karachi,0338-5849838
FBR-101542,R. Mirza,24860328,600342,Filer,H#219 St-1 JoharTown Lahore,03382095468
FBR-101543,Uzma Gondal,31651764,1399983,Filer,"353-18 DHA Phase 6, Karachi",0336-5523800
FBR-101544,N. Malik,386364,33100,Filer,H#331 St-32 HayatabadPhase3 Peshawar,03339551308
FBR-101545,S. Durrani,12769260,659471,Filer,H#131 St-7 WapdaTown Lahore,0316-3488038
FBR-101546,Syed Rabia Qureshi,0,0,Non-Filer,"House No. 130, Gali 16, Chaklala Scheme 3, Rawalpindi",0337-3198933
FBR-101547,A. Malik,2887308,153703,Filer,H#215 St-37 WapdaTown Lahore,0320-9070163
FBR-101548,Noor Tareen,773088,50997,Filer,"House 357, Street 18, Gulshan-e-Iqbal, Karachi",03437743663
FBR-101549,Syed Rabia Gilani,3074856,117017,Filer,"House No. 195, Gali 31, DHA Phase 5, Lahore",+92 327 5483682
FBR-101550,G.Rajput,1439832,55568,Filer,مکان 273 گلی 22 Hayatabad Phase 3 Peshawar,03338228013
FBR-101551,Asad Gilani,357096,12059,Filer,"211-3 Bahria Phase 4, Rawalpindi",03177918250
FBR-101553,A. Bukhari,781116,48576,Filer,H#144 St-38 CliftonBlock2 Karachi,+92 333 2568383
FBR-101555,Bushra Tareen,2402808,82334,Filer,"4-32 Gulgasht, Multan",03471075787
FBR-101557,Chaudhary Farah Lodhi,2815968,124965,Filer,"House No. 81, Gali 15, Bahria Phase 4, Rawalpindi",0340-5972912
FBR-101558,Ubaid Sheikh,460560,27722,Filer,"House 116, Street 40, Shah Rukn-e-Alam, Multan",03102977634
FBR-101559,Malik Ibrahim Afridi,2038188,128217,Filer,"House No. 352, Gali 28, University Town, Peshawar",+92 311 3668732
FBR-101560,Jawad بٹ,3571284,193737,Filer,"351-27 Peoples Colony, Faisalabad",0301-3642987
FBR-101561,Asad Sial,2316348,160872,Filer,"House 137, Street 34, Bahria Phase 4, Rawalpindi",03115918063
FBR-101562,T.Sial,315744,16913,Filer,مکان 143 گلی 21 Westridge راولپنڈی,03019503132
FBR-101563,Haris Warraich,1298424,104975,Filer,"House 396, Street 35, Model Town, Lahore",03312935210
FBR-101565,Danish Awan,26668056,723682,Filer,"261-39 Satellite Town, Rawalpindi",03415051609
FBR-101566,H. Rizvi,19933104,1786396,Filer,H#134 St-22 I-8/4 Islamabad,0342-3991546
FBR-101567,Naveed Gondal,41502936,2044107,Filer,"House 46, Street 34, Gulgasht, Multan",0307-2374929
FBR-101568,Zainab Raja,321480,9134,Filer,"House 236, Street 11, Shah Rukn-e-Alam, Multan",0325-1502647
FBR-101569,Farah Orakzai,0,0,Non-Filer,"16-6 B-17, Islamabad",+92 315 2286669
FBR-101570,Sardar Sufyan Rizvi,1684500,37146,Filer,"House No. 30, Gali 39, Shah Rukn-e-Alam, Multan",03325938844
FBR-101571,Malik Ayesha Khattak,0,0,Non-Filer,"House No. 134, Gali 11, Gulberg III, Lahore",03083482081
FBR-101572,Irfan Hashmi,1214064,69220,Filer,"House 78, Street 12, Peoples Colony, Faisalabad",03373398836
FBR-101573,Mian Ayesha Sial,3108456,246705,Filer,"House No. 23, Gali 39, Clifton Block 2, Karachi",0300-5383639
FBR-101574,S.Sandhu,3558192,243484,Filer,مکان 141 گلی 34 Gulgasht Multan,03167337109
FBR-101575,A. Lodhi,595164,25433,Filer,H#165 St-24 PeoplesColony Faisalabad,0305-6203057
FBR-101576,Rida بٹ,40514136,2973748,Filer,"21-31 D Ground, Faisalabad",0306-4488260
FBR-101577,N. Khokhar,1255608,95007,Filer,H#9 St-40 MadinaTown Faisalabad,03042075848
FBR-101578,H. Warraich,0,0,Filer,H#64 St-36 WapdaTown Lahore,03405389050
FBR-101579,Malik Sadia Rajput,2644848,150837,Filer,"House No. 265, Gali 13, DHA Phase 6, Karachi",03271353946
FBR-101580,Yasir Abbasi,43296792,2714889,Filer,"73-26 Cantt, Multan",+92 313 7853794
FBR-101581,Farah Durrani,3670908,159202,Filer,"House 153, Street 11, Model Town, Lahore",+92 327 5719135
FBR-101582,Rehan قریشی,3191424,182065,Filer,"43-30 Gulberg III, Lahore",+92 345 4817026
FBR-101583,Jawad Tareen,0,0,Non-Filer,"House 96, Street 26, DHA Phase 5, Lahore",03156703091
FBR-101584,Malik Rida Malik,36293628,1938627,Filer,"House No. 241, Gali 25, Cantt, Multan",+92 326 5694057
FBR-101585,Ayesha Malik,2692872,118236,Filer,"House 375, Street 7, Hayatabad Phase 3, Peshawar",03239404879
FBR-101586,Rana Babar Durrani,0,0,Non-Filer,"House No. 313, Gali 4, Westridge, Rawalpindi",03205860295
FBR-101587,Arsalan Dar,1728684,116439,Filer,"392-23 Bahria Phase 4, Rawalpindi",03185323775
FBR-101588,Mansoor Durrani,15829980,685706,Filer,"House 53, Street 6, Bahria Phase 4, Rawalpindi",03098629336
FBR-101590,Shoaib Butt,557508,48916,Filer,"House 371, Street 5, Clifton Block 2, Karachi",+92 309 9470588
FBR-101591,L. Qureshi,1127148,79304,Filer,H#399 St-36 NorthNazimabad Karachi,0313-8544825
FBR-101593,Yasir Orakzai,302412,22851,Filer,"House 242, Street 32, Gulshan-e-Iqbal, Karachi",03243008248
FBR-101594,N. Mehsud,1406136,69773,Filer,H#189 St-40 Westridge Rawalpindi,0322-1972156
FBR-101595,Rana Hamza Naqvi,3963204,221176,Filer,"House No. 147, Gali 7, Gulgasht, Multan",0344-4789035
FBR-101596,E. Malik,0,0,Non-Filer,H#388 St-27 PeoplesColony Faisalabad,0312-3645399
FBR-101598,S.Naqvi,29505984,1634795,Filer,مکان 383 گلی 3 Madina Town Faisalabad,0320-6662173
FBR-101600,عثمان Baig,1131564,58162,Filer,"267-14 Hayatabad Phase 3, Peshawar",03267674485
FBR-101601,Luqman Abbasi,3102444,186537,Filer,"House 38, Street 21, Shah Rukn-e-Alam, Multan",+92 303 1926782
FBR-101602,Ghulam شیخ,0,0,Non-Filer,"261-36 University Town, Peshawar",+92 316 2824919
FBR-101603,N.Khattak,991188,84449,Filer,مکان 269 گلی 17 Bahria Phase 4 راولپنڈی,0320-2943280
FBR-101604,Syed Hina Joiya,20268324,497787,Filer,"House No. 176, Gali 20, Hayatabad Phase 3, Peshawar",0317-9868569
FBR-101605,D.Khattak,0,0,Filer,مکان 371 گلی 8 Wapda Town لاہور,03358253587
FBR-101607,Khadija Mughal,957288,32011,Filer,"393-40 North Nazimabad, Karachi",03465972962
FBR-101608,Salman Naqvi,1607664,54006,Filer,"House 275, Street 24, Johar Town, Lahore",0346-5164118
FBR-101609,Haji Zubair Malik,2363160,167226,Filer,"House No. 159, Gali 37, Gulbahar, Peshawar",0323-1009576
FBR-101610,Haji Zubair Kakar,798756,26074,Filer,"House No. 207, Gali 37, Westridge, Rawalpindi",03407842069
FBR-101611,Adnan Warraich,2395140,69828,Filer,"235-27 Cantt, Multan",03412837024
FBR-101613,Chaudhary Irfan Khan,1886364,106917,Filer,"House No. 340, Gali 8, Model Town, Lahore",+92 319 8283798
FBR-101615,Syed Farhan Tarar,0,0,Non-Filer,"House No. 111, Gali 1, Cantt, Multan",0347-8146319
FBR-101616,Umar Naqvi,21709824,1333871,Filer,"House 173, Street 8, Wapda Town, Lahore",+92 323 5480306
FBR-101618,Rauf Shirazi,2176344,153503,Filer,"House 33, Street 4, North Nazimabad, Karachi",0306-9454027
FBR-101619,M.Cheema,0,0,Non-Filer,مکان 25 گلی 5 Hayatabad Phase 3 Peshawar,03381939293
FBR-101620,Saba Shirazi,38916288,1317606,Filer,"House 165, Street 4, B-17, Islamabad",03363972741
FBR-101621,Sufyan Khattak,646536,52325,Filer,"House 26, Street 24, DHA Phase 6, Karachi",03464430413
FBR-101622,S. Shirazi,0,0,Non-Filer,H#84 St-4 ModelTown Lahore,+92 332 7764896
FBR-101623,Farhan ملک,39889488,2571873,Filer,"382-32 Peoples Colony, Faisalabad",0336-1800191
FBR-101624,Kamran Kakar,456048,34318,Filer,"House 12, Street 26, University Town, Peshawar",+92 319 8022978
FBR-101625,Haris Khokhar,615600,46809,Filer,"House 68, Street 21, Satellite Town, Rawalpindi",+92 322 4399375
FBR-101626,A. Khokhar,0,0,Non-Filer,H#238 St-1 PeoplesColony Faisalabad,0312-2705514
FBR-101627,Fahad Gondal,26962668,1757630,Filer,"122-33 University Town, Peshawar",+92 322 8847168
FBR-101628,Khalid Siddiqui,0,0,Filer,"House 230, Street 5, Bahria Phase 4, Rawalpindi",+92 344 6152253
FBR-101629,Khadija Bhatti,1292808,43682,Filer,"203-19 F-8/3, Islamabad",+92 340 2585719
FBR-101630,A. Joiya,692940,28364,Filer,H#53 St-26 ChaklalaScheme3 Rawalpindi,0338-2816680
FBR-101631,Farah Kazmi,18780084,1630500,Filer,"39-1 Bahria Phase 4, Rawalpindi",03119247265
FBR-101633,Sufyan Gondal,25627692,1269806,Filer,"119-35 University Town, Peshawar",0311-9645304
FBR-101634,Obaid ملک,0,0,Non-Filer,"294-29 Johar Town, Lahore",+92 307 8192211
FBR-101635,Zafar Orakzai,974160,82118,Filer,"House 255, Street 16, E-11/2, Islamabad",0338-3458603
FBR-101636,K. Rizvi,427776,21001,Filer,H#338 St-11 SatelliteTown Rawalpindi,+92 313 6860345
FBR-101637,Gul Wazir,1905852,130187,Filer,"House 398, Street 22, DHA Phase 5, Lahore",03472759945
FBR-101638,R.Chaudhry,32587752,986888,Filer,مکان 395 گلی 12 D Ground Faisalabad,03207525347
FBR-101639,I.Butt,424512,13205,Filer,مکان 274 گلی 18 D Ground Faisalabad,03165845328
FBR-101640,Shahzad Butt,0,0,Non-Filer,"House 18, Street 39, University Town, Peshawar",03188267065
FBR-101641,A.Mirza,0,0,Non-Filer,مکان 153 گلی 39 Cantt Multan,03299593384
FBR-101643,T.Virk,1450680,35519,Filer,مکان 277 گلی 12 DHA Phase 6 کراچی,+92 309 8583409
FBR-101645,Nimra Gilani,1200204,62913,Filer,"House 368, Street 10, North Nazimabad, Karachi",03159659004
FBR-101646,U. Rizvi,0,0,Non-Filer,H#1 St-26 WapdaTown Lahore,0313-7185439
FBR-101647,Syed Bushra Sandhu,492048,24678,Filer,"House No. 196, Gali 40, University Town, Peshawar",0327-1642832
FBR-101648,Sardar Zainab Ansari,3439248,275951,Filer,"House No. 176, Gali 24, Gulbahar, Peshawar",03244062782
FBR-101649,Haris Awan,23151912,700119,Filer,"House 151, Street 12, Wapda Town, Lahore",03129937275
FBR-101650,Mansoor Gondal,3022836,259179,Filer,"House 280, Street 37, Hayatabad Phase 3, Peshawar",0305-7793112
FBR-101651,T. Rizvi,435144,37723,Filer,H#370 St-31 UniversityTown Peshawar,0315-7527621
FBR-101652,Nasir Bukhari,696732,35007,Filer,"176-34 Bahria Phase 4, Rawalpindi",0345-2714979
FBR-101653,Asad Zaidi,739356,28873,Filer,"190-24 Shah Rukn-e-Alam, Multan",0315-6006926
FBR-101654,A.Malik,1714824,46208,Filer,مکان 388 گلی 32 Madina Town Faisalabad,0323-3281150
FBR-101655,Gul Kazmi,3058920,170000,Filer,"39-8 Gulbahar, Peshawar",03462623994
FBR-101657,A.Bhatti,629892,23891,Filer,مکان 104 گلی 7 University Town Peshawar,0333-3418332
FBR-101658,Mian Yousuf Durrani,2631972,228774,Filer,"House No. 50, Gali 16, Gulbahar, Peshawar",0337-6323750
FBR-101659,A. Orakzai,40590132,3449294,Filer,H#56 St-19 Gulbahar Peshawar,0300-6936777
FBR-101660,H.Siddiqui,3231120,253370,Filer,مکان 269 گلی 31 Gulgasht Multan,+92 340 3208458
FBR-101661,Shahzad Janjua,738360,62802,Filer,"House 270, Street 36, Gulbahar, Peshawar",0326-3731154
FBR-101662,Q.Tarar,24631548,2106373,Filer,مکان 396 گلی 38 I-8/4 اسلام آباد,03468546050
FBR-101663,J. Awan,646032,51020,Filer,H#262 St-22 Gulshan-e-Iqbal Karachi,03286696472
FBR-101664,Madiha Yousafzai,636672,16757,Filer,"258-9 Johar Town, Lahore",0329-2990747
FBR-101665,B.Malik,2420172,168827,Filer,مکان 21 گلی 3 Satellite Town راولپنڈی,03147249573
FBR-101666,Syed Faisal Janjua,1172580,35830,Filer,"House No. 167, Gali 21, Satellite Town, Rawalpindi",+92 303 1093444
FBR-101668,L. Bukhari,646860,50418,Filer,H#252 St-10 DGround Faisalabad,+92 333 8097975
FBR-101670,N.Chaudhry,1861008,54256,Filer,مکان 89 گلی 35 Peoples Colony Faisalabad,0302-4194779
FBR-101671,U.Khan,30506148,1069322,Filer,مکان 320 گلی 6 Shah Rukn-e-Alam Multan,0306-1136144
FBR-101672,N.Hashmi,3927432,337812,Filer,مکان 368 گلی 36 Bahria Phase 4 راولپنڈی,03351406434
FBR-101673,N. Naqvi,22703364,1603173,Filer,H#341 St-30 Cantt Multan,+92 312 6873497
FBR-101674,Ibrahim Zaidi,1527696,97514,Filer,"248-9 Shah Rukn-e-Alam, Multan",+92 332 1548510
FBR-101675,Fatima Kakar,1294044,65639,Filer,"House 380, Street 30, Gulbahar, Peshawar",03385044801
FBR-101676,S. Ansari,3746472,131106,Filer,H#62 St-31 ShahRukn-e-Alam Multan,03118669985
FBR-101677,Rana Madiha Durrani,783504,64954,Filer,"House No. 15, Gali 21, Bahria Phase 4, Rawalpindi",03123603683
FBR-101678,Rehan Saddozai,1865160,159602,Filer,"House 52, Street 28, DHA Phase 6, Karachi",03292264379
FBR-101679,Chaudhary Arsalan Mughal,25105236,743369,Filer,"House No. 360, Gali 16, Gulberg III, Lahore",+92 348 4408903
FBR-101680,Sajid Tarar,1083060,93279,Filer,"372-30 E-11/2, Islamabad",+92 333 3710555
FBR-101681,Amna Cheema,0,0,Non-Filer,"House 296, Street 32, Gulberg III, Lahore",+92 341 4027624
FBR-101682,Muhammad Ansari,0,0,Non-Filer,"House 226, Street 5, Peoples Colony, Faisalabad",0310-6555099
FBR-101686,N. Orakzai,0,0,Non-Filer,H#361 St-24 Gulgasht Multan,0345-4098017
FBR-101687,Usman Baig,27059412,2196051,Filer,"House 155, Street 16, I-8/4, Islamabad",0331-6381025
FBR-101689,Chaudhary Bushra Malik,0,0,Non-Filer,"House No. 102, Gali 31, I-8/4, Islamabad",0328-4235507
FBR-101690,Amna Tarar,1909572,113595,Filer,"House 108, Street 38, Clifton Block 2, Karachi",0331-2932234
FBR-101691,R.Abbasi,1684560,134414,Filer,مکان 81 گلی 8 F-8/3 اسلام آباد,03368827457
FBR-101692,Rana Laiba Kakar,2096904,88095,Filer,"House No. 46, Gali 8, Gulgasht, Multan",0306-7756122
FBR-101693,Usman Siddiqui,455664,22181,Filer,"House 17, Street 29, D Ground, Faisalabad",+92 315 9877751
FBR-101694,Nimra Saddozai,1044360,76283,Filer,"19-19 Cantt, Multan",+92 302 4045980
FBR-101695,B. Ansari,2749596,224687,Filer,H#398 St-34 Gulshan-e-Iqbal Karachi,0318-9305111
FBR-101698,Zara Khan,0,0,Non-Filer,"House 367, Street 37, Hayatabad Phase 3, Peshawar",03453150894
FBR-101699,Zeeshan Gondal,3267012,263205,Filer,"House 73, Street 18, Clifton Block 2, Karachi",0308-6117336
FBR-101701,Bilal Sial,1347036,93062,Filer,"House 315, Street 11, I-8/4, Islamabad",+92 333 9302324
FBR-101702,Sufyan Durrani,2730408,181351,Filer,"221-28 Cantt, Multan",0340-7917936
FBR-101703,Hina Khattak,0,0,Filer,"House 164, Street 17, I-8/4, Islamabad",03104721805
FBR-101704,Haji Yasir Sheikh,25115196,1197895,Filer,"House No. 316, Gali 24, G-10/2, Islamabad",+92 337 8574470
FBR-101705,Nimra چوہدری,497604,38516,Filer,"303-23 Model Town, Lahore",0324-8133170
FBR-101706,Sardar Zafar Qureshi,1705596,150352,Filer,"House No. 237, Gali 28, Chaklala Scheme 3, Rawalpindi",03011740271
FBR-101707,فاطمہ Siddiqui,1526100,32519,Filer,"14-27 F-8/3, Islamabad",+92 343 2684049
FBR-101708,Sardar Mustafa Mughal,1151772,102915,Filer,"House No. 279, Gali 1, Clifton Block 2, Karachi",+92 341 7144552
FBR-101709,N. Qureshi,22006896,1457813,Filer,H#238 St-6 DHAPhase5 Lahore,+92 318 1712203
FBR-101710,B. Khokhar,686940,51498,Filer,H#171 St-6 Cantt Multan,03107443863
FBR-101711,Mubashir Baig,27162396,1125186,Filer,"90-8 University Town, Peshawar",03101292420
FBR-101712,M. Naqvi,1718088,114527,Filer,H#229 St-28 ShahRukn-e-Alam Multan,+92 339 5257397
FBR-101714,Syed Mansoor Sial,673548,34936,Filer,"House No. 41, Gali 23, Hayatabad Phase 3, Peshawar",0341-9801594
FBR-101716,Fahad شیخ,0,0,Non-Filer,"342-30 North Nazimabad, Karachi",0304-1626641
FBR-101717,Chaudhary Zainab Kakar,1373844,49110,Filer,"House No. 367, Gali 37, Peoples Colony, Faisalabad",+92 329 1050782
FBR-101718,Saqib Ansari,690780,56093,Filer,"313-39 I-8/4, Islamabad",03405993383
FBR-101719,Mansoor Shirazi,15653784,438676,Filer,"House 328, Street 15, Madina Town, Faisalabad",03038772007
FBR-101720,P.Virk,4011072,237556,Filer,مکان 384 گلی 19 D Ground Faisalabad,0306-7408963
FBR-101721,Irfan Sheikh,20216724,733895,Filer,"House 293, Street 18, North Nazimabad, Karachi",+92 313 3922514
FBR-101722,J. Kazmi,10337880,262980,Filer,H#305 St-19 Gulgasht Multan,03492911569
FBR-101723,Kamran Bangash,3858732,242957,Filer,"House 85, Street 28, University Town, Peshawar",+92 310 4596066
FBR-101725,T. Janjua,365664,17663,Filer,H#293 St-33 WapdaTown Lahore,0348-8525927
FBR-101726,Sufyan ملک,613776,23381,Filer,"258-38 Gulgasht, Multan",0328-1512305
FBR-101729,Syed Saqib Rajput,0,0,Non-Filer,"House No. 93, Gali 13, Cantt, Multan",03066862751
FBR-101730,Sardar Waqas Kazmi,47457276,1963515,Filer,"House No. 85, Gali 39, Gulshan-e-Iqbal, Karachi",0338-9467237
FBR-101731,M.Bukhari,0,0,Filer,مکان 341 گلی 4 Shah Rukn-e-Alam Multan,0320-6949892
FBR-101732,K. Sial,43533216,3199650,Filer,H#219 St-3 I-8/4 Islamabad,0338-5162620
FBR-101733,Syed Javeria Zaidi,817968,51181,Filer,"House No. 171, Gali 25, Peoples Colony, Faisalabad",0342-5444814
FBR-101734,Rana Farah Khattak,2524392,215958,Filer,"House No. 150, Gali 3, DHA Phase 6, Karachi",03465748622
FBR-101735,N. Kayani,1033068,35834,Filer,H#14 St-18 MadinaTown Faisalabad,0338-6241096
FBR-101736,A.Zaidi,36910932,3312276,Filer,مکان 198 گلی 10 DHA Phase 5 لاہور,03155079515
FBR-101737,Z.Awan,0,0,Filer,مکان 294 گلی 15 G-13/1 اسلام آباد,03287713076
FBR-101739,S.Niazi,0,0,Non-Filer,مکان 58 گلی 38 F-8/3 اسلام آباد,0315-3738798
FBR-101742,Qasim Bhatti,669648,20303,Filer,"99-19 Cantt, Multan",+92 320 7985879
FBR-101744,محمد Warraich,14863992,447251,Filer,"50-18 DHA Phase 6, Karachi",+92 307 5544445
FBR-101745,Syed Shoaib Bhatti,0,0,Non-Filer,"House No. 202, Gali 25, Peoples Colony, Faisalabad",03288083090
FBR-101747,Atif Cheema,0,0,Filer,"161-4 Madina Town, Faisalabad",03013261026
FBR-101748,Hafsa Kakar,30864216,2482545,Filer,"127-25 Gulshan-e-Iqbal, Karachi",0305-2902343
FBR-101749,Hafsa Durrani,3544464,314546,Filer,"306-35 F-8/3, Islamabad",+92 346 4475258
FBR-101750,Lubna Khattak,4014552,242128,Filer,"House 264, Street 38, Satellite Town, Rawalpindi",03257247640
FBR-101753,Atif Sial,567312,46109,Filer,"House 8, Street 20, Johar Town, Lahore",+92 326 7110052
FBR-101754,M.Malik,1783272,50475,Filer,مکان 158 گلی 21 Madina Town Faisalabad,03139496348
FBR-101755,Yasir Sandhu,1641984,35612,Filer,"196-9 Model Town, Lahore",03166645656
FBR-101756,Mansoor Afridi,634620,17761,Filer,"House 312, Street 23, Wapda Town, Lahore",03101153613
FBR-101758,N. Awan,1588608,118774,Filer,H#314 St-5 UniversityTown Peshawar,0330-2739064
FBR-101759,Salman Sandhu,722196,25292,Filer,"House 129, Street 35, Gulbahar, Peshawar",0346-2006106
FBR-101760,احمد قریشی,3214632,71356,Filer,"247-32 North Nazimabad, Karachi",0342-4286384
FBR-101761,Sufyan خان,359868,11585,Filer,"229-9 University Town, Peshawar",03343753307
FBR-101762,Rashid Durrani,676476,45969,Filer,"28-14 F-8/3, Islamabad",03444838753
FBR-101763,Ehsan Gondal,41588676,2377844,Filer,"357-38 Gulshan-e-Iqbal, Karachi",+92 338 1806878
FBR-101764,Rana Junaid Sandhu,2553108,164230,Filer,"House No. 90, Gali 20, Wapda Town, Lahore",03114901721
FBR-101765,Rana Ibrahim Tareen,0,0,Non-Filer,"House No. 17, Gali 28, DHA Phase 5, Lahore",+92 324 7164406
FBR-101766,Haris Chaudhry,366732,31513,Filer,"House 100, Street 10, F-8/3, Islamabad",03349241865
FBR-101767,Syed Taimoor Joiya,2165616,51139,Filer,"House No. 392, Gali 14, University Town, Peshawar",+92 314 3791018
FBR-101768,N.Rizvi,0,0,Filer,مکان 38 گلی 31 DHA Phase 6 کراچی,0320-2019689
FBR-101770,Sajid Yousafzai,3453540,196776,Filer,"House 118, Street 20, Chaklala Scheme 3, Rawalpindi",03002742095
FBR-101771,Sufyan Rajput,3221544,207495,Filer,"House 264, Street 5, Madina Town, Faisalabad",+92 335 3889875
FBR-101772,Nadeem Kayani,531000,37276,Filer,"273-14 Clifton Block 2, Karachi",+92 345 2106581
FBR-101774,Fatima Wazir,17401584,724927,Filer,"House 377, Street 25, Wapda Town, Lahore",03498140130
FBR-101776,Mian Hafsa Awan,2644848,130980,Filer,"House No. 120, Gali 3, Model Town, Lahore",03097397798
FBR-101777,Shahzad Dar,1609296,126722,Filer,"House 333, Street 15, Gulbahar, Peshawar",03473730224
FBR-101778,A. Siddiqui,2044656,146187,Filer,H#282 St-32 Gulgasht Multan,03063635975
FBR-101779,Syed Sana Kazmi,1695924,82169,Filer,"House No. 296, Gali 36, B-17, Islamabad",0312-3444535
FBR-101780,احمد Ansari,15368724,877829,Filer,"2-2 Bahria Phase 4, Rawalpindi",+92 308 7474995
FBR-101781,عثمان ملک,24471576,2111296,Filer,"306-36 D Ground, Faisalabad",0310-8312193
FBR-101782,Umar Sandhu,0,0,Non-Filer,"House 148, Street 4, Clifton Block 2, Karachi",+92 318 5854705
FBR-101783,Haji Mahnoor Kazmi,3531108,138759,Filer,"House No. 248, Gali 18, Hayatabad Phase 3, Peshawar",0338-3319495
FBR-101784,M.Bhatti,617928,40783,Filer,مکان 51 گلی 3 Gulbahar Peshawar,+92 303 1283563
FBR-101785,T.Khan,1249884,55092,Filer,مکان 169 گلی 38 Gulberg III لاہور,+92 337 2250454
FBR-101786,Rana Rauf Sial,3293928,84336,Filer,"House No. 217, Gali 18, Shah Rukn-e-Alam, Multan",03011218806
FBR-101788,M. Bukhari,453072,34311,Filer,H#241 St-3 WapdaTown Lahore,+92 349 1252403
FBR-101789,R.Tarar,40897728,2039300,Filer,مکان 151 گلی 36 Peoples Colony Faisalabad,03169963996
FBR-101790,Nasir Mughal,41574636,1958906,Filer,"8-34 North Nazimabad, Karachi",03188272068
FBR-101791,Mian Rabia Siddiqui,27871452,1433335,Filer,"House No. 315, Gali 5, North Nazimabad, Karachi",03207224275
FBR-101792,Ubaid Chaudhry,404352,31575,Filer,"House 194, Street 2, Madina Town, Faisalabad",0343-3122388
FBR-101793,R.Orakzai,1454880,73510,Filer,مکان 233 گلی 34 University Town Peshawar,+92 348 4133513
FBR-101794,Mian Sadia Khan,15527988,999698,Filer,"House No. 189, Gali 9, Gulbahar, Peshawar",+92 307 7060046
FBR-101795,Ubaid Hashmi,0,0,Non-Filer,"362-6 Gulshan-e-Iqbal, Karachi",+92 317 5979441
FBR-101796,Zeeshan Rizvi,18510012,786116,Filer,"283-10 Gulgasht, Multan",0321-7758079
FBR-101797,Waqas Abbasi,507876,12155,Filer,"House 172, Street 33, Madina Town, Faisalabad",0341-8537652
FBR-101800,Lubna Gilani,1292436,83351,Filer,"House 26, Street 5, B-17, Islamabad",+92 333 6740679
FBR-101801,Ubaid Mughal,1057896,37529,Filer,"143-31 Bahria Phase 4, Rawalpindi",03183733931
FBR-101802,M. Sheikh,14134344,849224,Filer,H#267 St-34 E-11/2 Islamabad,03125392569
FBR-101803,Haji Naveed Tarar,742332,58367,Filer,"House No. 278, Gali 24, E-11/2, Islamabad",0307-2105804
FBR-101804,U. Orakzai,3878112,311300,Filer,H#47 St-8 HayatabadPhase3 Peshawar,03451017208
FBR-101805,A. Wazir,646488,53683,Filer,H#96 St-28 I-8/4 Islamabad,0310-3403875
FBR-101806,B. Gilani,1052520,67611,Filer,H#23 St-3 BahriaPhase4 Rawalpindi,03318217356
FBR-101807,Muhammad Rajput,1846140,134495,Filer,"House 259, Street 37, DHA Phase 5, Lahore",03286489988
FBR-101808,Syed Rabia Naqvi,2577468,123235,Filer,"House No. 304, Gali 36, North Nazimabad, Karachi",+92 343 7914310
FBR-101809,Waseem Rajput,2915724,187913,Filer,"House 212, Street 6, Hayatabad Phase 3, Peshawar",+92 348 3369793
FBR-101810,Rana Maryam Raja,822180,32725,Filer,"House No. 19, Gali 17, Satellite Town, Rawalpindi",+92 335 4205918
FBR-101812,Ehsan Abbasi,19352064,1534847,Filer,"House 208, Street 18, Clifton Block 2, Karachi",03461652932
FBR-101814,Khalid Afridi,3755496,105209,Filer,"House 208, Street 9, University Town, Peshawar",+92 314 8091405
FBR-101815,Waseem Bangash,3458112,139525,Filer,"House 185, Street 29, E-11/2, Islamabad",0345-6912948
FBR-101816,W.Dar,4064100,290893,Filer,مکان 374 گلی 1 Peoples Colony Faisalabad,+92 340 6591955
FBR-101817,Saba Orakzai,663876,52162,Filer,"342-39 DHA Phase 5, Lahore",0303-2673189
FBR-101818,Syed Ayesha Virk,836328,52752,Filer,"House No. 352, Gali 2, G-13/1, Islamabad",03155948136
FBR-101819,L. Sheikh,2646420,154807,Filer,H#91 St-11 Gulgasht Multan,0342-8845208
FBR-101820,Kinza راجہ,745032,15923,Filer,"1-6 Cantt, Multan",+92 312 8344014
FBR-101821,Ghulam شیخ,2111916,122140,Filer,"214-4 F-8/3, Islamabad",+92 305 2862166
FBR-101822,F.Khattak,11805828,853161,Filer,مکان 302 گلی 17 Gulgasht Multan,0307-1622731
FBR-101823,A.Qureshi,0,0,Non-Filer,مکان 361 گلی 13 University Town Peshawar,+92 317 1830765
FBR-101824,U. Malik,309588,11931,Filer,H#25 St-1 SatelliteTown Rawalpindi,+92 334 4627767
FBR-101825,N. Orakzai,35092080,1121314,Filer,H#2 St-18 PeoplesColony Faisalabad,0322-1527353
FBR-101826,Mehwish Orakzai,564876,18432,Filer,"House 33, Street 5, University Town, Peshawar",0344-2573623
FBR-101827,Mehwish Yousafzai,3400596,288015,Filer,"178-16 Chaklala Scheme 3, Rawalpindi",0329-6712098
FBR-101828,Chaudhary Faisal Butt,37156476,2416496,Filer,"House No. 250, Gali 37, E-11/2, Islamabad",03107824943
FBR-101829,Imran Chaudhry,676680,31442,Filer,"House 368, Street 29, Madina Town, Faisalabad",03341739687
FBR-101830,A. Lodhi,0,0,Filer,H#65 St-14 Gulgasht Multan,+92 319 5848213
FBR-101831,A. Khan,3149040,244422,Filer,H#235 St-25 NorthNazimabad Karachi,0315-6504465
FBR-101832,احمد چوہدری,3850152,154609,Filer,"195-21 DHA Phase 6, Karachi",0322-7562626
FBR-101833,M.Kayani,1559244,63761,Filer,مکان 322 گلی 12 Satellite Town راولپنڈی,0342-4671444
FBR-101834,Kamran Khan,3564684,133683,Filer,"House 293, Street 3, Cantt, Multan",03133480926
FBR-101835,فاطمہ Kayani,1816140,124071,Filer,"78-8 Satellite Town, Rawalpindi",+92 306 7586434
FBR-101836,Rana Mehwish Khan,446328,30189,Filer,"House No. 234, Gali 22, Gulberg III, Lahore",+92 323 3595459
FBR-101837,S. Mughal,2471640,50863,Filer,H#304 St-28 DGround Faisalabad,0322-7631049
FBR-101838,Pervez Wazir,2569560,222503,Filer,"5-10 Hayatabad Phase 3, Peshawar",03356934489
FBR-101839,Wajahat Khokhar,427476,30585,Filer,"306-9 B-17, Islamabad",0307-2921569
FBR-101840,Sardar Shoaib Bangash,0,0,Non-Filer,"House No. 4, Gali 12, Gulbahar, Peshawar",0316-3822741
FBR-101841,Kamran Gill,1629504,128626,Filer,"268-37 Peoples Colony, Faisalabad",03307141166
FBR-101842,F. Kazmi,0,0,Non-Filer,H#275 St-24 DHAPhase6 Karachi,03282368232
FBR-101843,Javeria Rajput,676500,21074,Filer,"House 196, Street 36, Satellite Town, Rawalpindi",+92 340 1844630
FBR-101846,W.Khan,479808,33942,Filer,مکان 283 گلی 14 F-8/3 اسلام آباد,03443138437
FBR-101847,Naveed Wazir,0,0,Non-Filer,"House 130, Street 6, Satellite Town, Rawalpindi",+92 324 9175112
FBR-101848,Hina Saddozai,1756068,122541,Filer,"House 216, Street 24, G-10/2, Islamabad",03494293083
FBR-101849,Saba Saddozai,402684,35807,Filer,"19-14 F-8/3, Islamabad",0304-3504296
FBR-101850,M.Joiya,402732,25505,Filer,مکان 66 گلی 7 Gulshan-e-Iqbal کراچی,0315-4254164
FBR-101851,Haji Ayesha Raja,0,0,Non-Filer,"House No. 25, Gali 27, Gulshan-e-Iqbal, Karachi",0300-9516192
FBR-101852,Mian Farhan Bangash,375456,13363,Filer,"House No. 119, Gali 29, Gulbahar, Peshawar",+92 337 6970322
FBR-101853,M.Rizvi,0,0,Non-Filer,مکان 394 گلی 5 Bahria Phase 4 راولپنڈی,+92 302 2504225
FBR-101854,Sardar Yousuf Niazi,2695848,211394,Filer,"House No. 82, Gali 38, Clifton Block 2, Karachi",0343-3002052
FBR-101855,Kamran Yousafzai,10304244,848453,Filer,"House 84, Street 10, North Nazimabad, Karachi",0341-4406178
FBR-101857,A. Raja,2562648,188971,Filer,H#202 St-24 DGround Faisalabad,03206086796
FBR-101858,Mubashir Khattak,3582480,144223,Filer,"House 221, Street 26, E-11/2, Islamabad",0337-7140003
FBR-101859,F. Khan,3689484,257227,Filer,H#193 St-11 WapdaTown Lahore,0333-3172242
FBR-101860,Mian Hamza Raja,25734384,1057260,Filer,"House No. 131, Gali 14, Johar Town, Lahore",03326763353
FBR-101861,Haji Sajid Mehsud,39502956,1552628,Filer,"House No. 348, Gali 33, Satellite Town, Rawalpindi",03409955693
FBR-101864,S. Janjua,30017928,1896205,Filer,H#18 St-16 JoharTown Lahore,03017137849
FBR-101865,حسن Sandhu,3813372,334371,Filer,"190-30 Shah Rukn-e-Alam, Multan",+92 339 5505739
FBR-101866,Nasir Bukhari,3930744,335730,Filer,"138-22 Gulgasht, Multan",+92 304 1441591
FBR-101867,Sajid Warraich,2756520,195236,Filer,"House 33, Street 28, North Nazimabad, Karachi",0314-3121867
FBR-101868,J.Malik,3109728,278810,Filer,مکان 5 گلی 37 D Ground Faisalabad,03296139691
FBR-101869,Malik Talha Tareen,442908,16290,Filer,"House No. 166, Gali 24, DHA Phase 6, Karachi",+92 346 7661811
FBR-101870,F. Janjua,1730952,82236,Filer,H#142 St-9 E-11/2 Islamabad,+92 315 2990842
FBR-101871,I.Sheikh,391488,26486,Filer,مکان 334 گلی 35 Shah Rukn-e-Alam Multan,0343-5157601
FBR-101872,Chaudhary Mubashir Kakar,0,0,Non-Filer,"House No. 110, Gali 4, Gulberg III, Lahore",0339-7923105
FBR-101873,A. Mehsud,1716528,134308,Filer,H#274 St-8 G-10/2 Islamabad,0338-6977182
FBR-101874,T.Sandhu,2717580,92819,Filer,مکان 229 گلی 6 Gulgasht Multan,0344-6340785
FBR-101876,Uzma Mehsud,16246632,401333,Filer,"House 271, Street 27, B-17, Islamabad",+92 322 4734010
FBR-101877,A. Sial,1349724,69947,Filer,H#209 St-13 Gulshan-e-Iqbal Karachi,0317-1057131
FBR-101878,U.Butt,588996,24267,Filer,مکان 359 گلی 23 Gulbahar Peshawar,0317-2054981
FBR-101880,K. Niazi,1736472,76205,Filer,H#238 St-13 ChaklalaScheme3 Rawalpindi,03061444088
FBR-101882,Farhan Bangash,3310032,99362,Filer,"91-2 Westridge, Rawalpindi",0342-9130904
FBR-101884,D. Orakzai,3940140,130109,Filer,H#268 St-39 PeoplesColony Faisalabad,+92 342 1023893
FBR-101885,Javeria Orakzai,3162060,123727,Filer,"182-15 Hayatabad Phase 3, Peshawar",+92 313 8100568
FBR-101886,Malik Hussain Rajput,4092096,214600,Filer,"House No. 26, Gali 36, Clifton Block 2, Karachi",0330-9580718
FBR-101887,Hamza Tareen,3454092,102934,Filer,"103-25 Peoples Colony, Faisalabad",+92 301 1237556
FBR-101889,Haji Lubna Tareen,403032,30629,Filer,"House No. 133, Gali 26, Wapda Town, Lahore",+92 333 6441049
FBR-101890,R.Dar,1928676,158874,Filer,مکان 73 گلی 11 Bahria Phase 4 راولپنڈی,03402780575
FBR-101891,F.Zaidi,2111580,100957,Filer,مکان 290 گلی 10 Gulgasht Multan,+92 312 6934754
FBR-101893,Syed Maryam Sheikh,25467312,510544,Filer,"House No. 351, Gali 32, Model Town, Lahore",0321-4964703
FBR-101894,Danish Zaidi,3384516,122287,Filer,"335-36 DHA Phase 5, Lahore",0348-4549552
FBR-101896,Saqib Durrani,818796,55255,Filer,"House 24, Street 24, Model Town, Lahore",0324-2220063
FBR-101897,K.Sandhu,10450956,869937,Filer,مکان 369 گلی 18 E-11/2 اسلام آباد,+92 301 6741514
FBR-101898,R. Wazir,27606276,1583986,Filer,H#370 St-25 G-13/1 Islamabad,+92 343 6386166
FBR-101899,T.Sheikh,0,0,Non-Filer,مکان 71 گلی 2 Clifton Block 2 کراچی,0322-8291324
FBR-101900,Zeeshan Awan,3665292,233128,Filer,"House 46, Street 10, Gulgasht, Multan",03214385396
FBR-101901,Haji Nimra Warraich,3642432,277193,Filer,"House No. 208, Gali 3, North Nazimabad, Karachi",0348-8961904
FBR-101902,Mian Mustafa Rajput,662052,58851,Filer,"House No. 309, Gali 12, Satellite Town, Rawalpindi",+92 330 9145681
FBR-101903,Ehsan Orakzai,2268648,202725,Filer,"274-40 D Ground, Faisalabad",+92 338 8052413
FBR-101904,Saba Mehsud,558588,12898,Filer,"355-20 D Ground, Faisalabad",03112538395
FBR-101906,Hamza Bukhari,32556000,880222,Filer,"House 13, Street 23, I-8/4, Islamabad",+92 336 5568225
FBR-101907,Irfan Rajput,3698400,206447,Filer,"House 26, Street 1, B-17, Islamabad",+92 316 8789111
FBR-101908,A. Warraich,603288,29955,Filer,H#230 St-38 WapdaTown Lahore,+92 334 2493623
FBR-101909,F.Sial,2347836,152806,Filer,مکان 132 گلی 22 Cantt Multan,0300-5020121
FBR-101911,Sufyan راجہ,1271712,108435,Filer,"290-23 B-17, Islamabad",0319-7377974
FBR-101912,Javeria Sandhu,1973556,85807,Filer,"House 369, Street 1, Madina Town, Faisalabad",0315-6868075
FBR-101913,Haji Wajahat Tarar,3070140,82495,Filer,"House No. 219, Gali 20, Cantt, Multan",03116268273
FBR-101914,Sardar Mehwish Warraich,529752,42285,Filer,"House No. 212, Gali 28, Gulberg III, Lahore",+92 340 6448829
FBR-101915,Shoaib Niazi,763272,52015,Filer,"38-20 Shah Rukn-e-Alam, Multan",03417635756
FBR-101916,Rana Yasir Tareen,2656416,112458,Filer,"House No. 362, Gali 17, Peoples Colony, Faisalabad",+92 329 8564685
FBR-101918,S.Shirazi,512028,41044,Filer,مکان 371 گلی 14 Shah Rukn-e-Alam Multan,03489764165
FBR-101919,Z. Janjua,3971952,204364,Filer,H#5 St-37 SatelliteTown Rawalpindi,03322026831
FBR-101920,Usman Rajput,1789908,145536,Filer,"House 266, Street 23, Gulberg III, Lahore",0348-7286677
FBR-101921,Mian Shahzad Butt,1363200,73747,Filer,"House No. 22, Gali 20, Satellite Town, Rawalpindi",0317-6858028
FBR-101922,R.Durrani,1682244,92682,Filer,مکان 291 گلی 4 Peoples Colony Faisalabad,03412625389
FBR-101923,Mian Noman Durrani,3082620,91785,Filer,"House No. 171, Gali 26, University Town, Peshawar",0328-7570063
FBR-101924,S.Mehsud,3228036,251377,Filer,مکان 2 گلی 36 University Town Peshawar,0331-4664158
FBR-101925,Syed Sadia Niazi,3294036,115805,Filer,"House No. 357, Gali 21, Chaklala Scheme 3, Rawalpindi",0336-4712584
FBR-101926,B. Dar,3838452,78761,Filer,H#98 St-27 JoharTown Lahore,0312-1561792
FBR-101927,Z. Ansari,38764440,1844066,Filer,H#107 St-7 ModelTown Lahore,03044892158
FBR-101928,Pervez Kazmi,812064,45423,Filer,"346-26 Gulgasht, Multan",03401548103
FBR-101929,Saqib Bangash,814176,69982,Filer,"House 292, Street 18, Cantt, Multan",0339-1840925
FBR-101931,Noman Bhatti,779328,44510,Filer,"117-35 F-8/3, Islamabad",0320-3740885
FBR-101932,Malik Waseem Sial,1924584,90022,Filer,"House No. 93, Gali 29, Gulshan-e-Iqbal, Karachi",0322-4338168
FBR-101934,Danish Malik,887160,56815,Filer,"House 130, Street 27, Bahria Phase 4, Rawalpindi",03265108727
FBR-101936,Saad Lodhi,0,0,Non-Filer,"108-4 Shah Rukn-e-Alam, Multan",03024872690
FBR-101937,Mustafa Mughal,1388448,38842,Filer,"111-18 Satellite Town, Rawalpindi",03103131642
FBR-101938,Malik Khadija Saddozai,3308592,172169,Filer,"House No. 47, Gali 30, Hayatabad Phase 3, Peshawar",0321-2499963
FBR-101939,I.Joiya,0,0,Non-Filer,مکان 212 گلی 17 Gulbahar Peshawar,+92 347 2704402
FBR-101940,Atif Kayani,2390604,91169,Filer,"House 319, Street 39, Clifton Block 2, Karachi",+92 314 1839639
FBR-101941,M. Joiya,1212300,25630,Filer,H#323 St-10 Westridge Rawalpindi,0328-2075235
FBR-101942,Mian Khadija Orakzai,0,0,Non-Filer,"House No. 202, Gali 35, Model Town, Lahore",+92 309 3249150
FBR-101944,Hamza Naqvi,358140,31233,Filer,"House 121, Street 23, Clifton Block 2, Karachi",03461838804
FBR-101945,Ubaid Sheikh,2544300,154335,Filer,"House 150, Street 3, University Town, Peshawar",+92 319 3534208
FBR-101946,Javeria Gill,4056840,185036,Filer,"377-8 Chaklala Scheme 3, Rawalpindi",0331-3896812
FBR-101947,L.Saddozai,2779872,106583,Filer,مکان 113 گلی 36 Johar Town لاہور,0332-3743909
FBR-101948,A.Abbasi,301176,19800,Filer,مکان 91 گلی 25 E-11/2 اسلام آباد,0324-7417287
FBR-101949,J.Rizvi,4100028,94017,Filer,مکان 104 گلی 19 Hayatabad Phase 3 Peshawar,0324-8429263
FBR-101950,F. Shirazi,782748,45909,Filer,H#7 St-18 MadinaTown Faisalabad,03261327816
FBR-101952,Anas Kayani,0,0,Non-Filer,"94-26 D Ground, Faisalabad",03333683655
FBR-101953,Sajid Ansari,3592092,116348,Filer,"House 243, Street 21, North Nazimabad, Karachi",03127017865
FBR-101954,T.Warraich,1951956,57389,Filer,مکان 43 گلی 10 Wapda Town لاہور,03421466020
FBR-101955,A. Bukhari,608352,32820,Filer,H#37 St-21 DHAPhase5 Lahore,+92 339 2077854
FBR-101956,D. Sial,441456,34006,Filer,H#343 St-10 Westridge Rawalpindi,0318-3048027
FBR-101957,U.Sial,0,0,Filer,مکان 172 گلی 17 Clifton Block 2 کراچی,03481454123
FBR-101958,Sardar Umar Dar,20896908,1702337,Filer,"House No. 115, Gali 35, Cantt, Multan",0331-5005106
FBR-101959,L.Mughal,2822724,99475,Filer,مکان 43 گلی 12 B-17 اسلام آباد,0311-3900709
FBR-101960,Mian Fatima Wazir,29806308,839329,Filer,"House No. 191, Gali 35, B-17, Islamabad",03167998722
FBR-101961,Mubashir خان,2882628,220855,Filer,"57-34 G-13/1, Islamabad",+92 324 1981259
FBR-101962,Naveed Mehsud,0,0,Filer,"199-12 G-10/2, Islamabad",+92 348 9352168
FBR-101963,Sardar Saqib Naqvi,3698940,308132,Filer,"House No. 327, Gali 26, Model Town, Lahore",03266214228
FBR-101964,N. Awan,413892,25353,Filer,H#338 St-12 ChaklalaScheme3 Rawalpindi,03093364066
FBR-101965,Saad Chaudhry,0,0,Filer,"House 9, Street 20, Bahria Phase 4, Rawalpindi",0300-5770133
FBR-101966,Sardar Fahad Mirza,47869728,1949607,Filer,"House No. 262, Gali 37, Shah Rukn-e-Alam, Multan",0301-2339158
FBR-101967,Obaid Bukhari,2213016,52609,Filer,"314-18 D Ground, Faisalabad",03482619589
FBR-101968,F.Saddozai,0,0,Non-Filer,مکان 30 گلی 15 Peoples Colony Faisalabad,0336-7875661
FBR-101969,L. Khan,19090128,638560,Filer,H#179 St-13 G-10/2 Islamabad,0318-6648226
FBR-101970,Z. Khan,9696180,286223,Filer,H#168 St-12 DHAPhase5 Lahore,0323-9882867
FBR-101971,Ghulam Zaidi,36476184,949631,Filer,"214-40 Cantt, Multan",0319-2047699
FBR-101972,K.Sial,462636,20304,Filer,مکان 388 گلی 28 Westridge راولپنڈی,03224870456
FBR-101973,عائشہ Yousafzai,0,0,Non-Filer,"110-31 DHA Phase 6, Karachi",+92 331 9483536
FBR-101974,Saad Warraich,449316,32948,Filer,"House 127, Street 28, Clifton Block 2, Karachi",0344-2823015
FBR-101976,Rida Gondal,0,0,Non-Filer,"237-39 Johar Town, Lahore",+92 308 9000563
FBR-101977,Sardar Nasir Rajput,0,0,Filer,"House No. 49, Gali 3, North Nazimabad, Karachi",0335-3802602
FBR-101978,Malik Zara Lodhi,4125648,169590,Filer,"House No. 319, Gali 9, Satellite Town, Rawalpindi",+92 339 8459060
FBR-101979,Javeria Siddiqui,0,0,Non-Filer,"House 215, Street 38, Wapda Town, Lahore",+92 343 6014853
FBR-101980,M.Durrani,0,0,Non-Filer,مکان 193 گلی 24 Westridge راولپنڈی,0338-7450373
FBR-101981,N.Bhatti,2676480,55612,Filer,مکان 158 گلی 40 DHA Phase 6 کراچی,+92 349 3726425
FBR-101982,Syed Farah Sial,3949560,246328,Filer,"House No. 5, Gali 29, Gulgasht, Multan",+92 308 2587802
FBR-101983,Syed Rashid Tareen,0,0,Filer,"House No. 217, Gali 38, Madina Town, Faisalabad",03218346285
FBR-101984,N. Khan,0,0,Non-Filer,H#235 St-20 DGround Faisalabad,03346904629
FBR-101986,U.Naqvi,530388,13592,Filer,مکان 106 گلی 26 Shah Rukn-e-Alam Multan,0348-9945913
FBR-101987,K. Rizvi,0,0,Non-Filer,H#149 St-21 I-8/4 Islamabad,03093796179
FBR-101988,احمد Bhatti,2783748,129721,Filer,"17-11 Satellite Town, Rawalpindi",0332-8695389
FBR-101990,M. Zaidi,0,0,Non-Filer,H#285 St-13 DGround Faisalabad,+92 305 9094463
FBR-101991,Nimra Shirazi,3772764,191044,Filer,"135-7 Shah Rukn-e-Alam, Multan",+92 331 5524058
FBR-101992,Jawad خان,0,0,Non-Filer,"109-3 G-10/2, Islamabad",0326-7766201
FBR-101993,U.Dar,3717384,108131,Filer,مکان 199 گلی 19 I-8/4 اسلام آباد,03085379847
FBR-101994,Z. Wazir,315336,26339,Filer,H#222 St-29 UniversityTown Peshawar,+92 340 9433128
FBR-101995,Zara Siddiqui,636372,44234,Filer,"83-27 Madina Town, Faisalabad",03002895801
FBR-101996,J. Orakzai,0,0,Non-Filer,H#119 St-18 G-10/2 Islamabad,0324-5228949
FBR-101997,Zafar Lodhi,597132,21762,Filer,"217-36 Shah Rukn-e-Alam, Multan",+92 335 3765467
FBR-101998,R. Kakar,3636816,120357,Filer,H#166 St-23 SatelliteTown Rawalpindi,+92 349 8318019
FBR-101999,Saad Ansari,809220,46449,Filer,"64-39 Hayatabad Phase 3, Peshawar",0326-4932313
FBR-102000,Bushra Mirza,44063796,1403093,Filer,"House 133, Street 32, Clifton Block 2, Karachi",0344-8758935
FBR-102003,M. Saddozai,803388,68411,Filer,H#66 St-12 Westridge Rawalpindi,0301-8923903
FBR-102004,R.Afridi,2979456,161745,Filer,مکان 81 گلی 28 North Nazimabad کراچی,03285133583
FBR-102005,Syed Madiha Mehsud,0,0,Non-Filer,"House No. 167, Gali 11, Wapda Town, Lahore",0319-6121645
FBR-102006,Madiha Bhatti,1378752,53974,Filer,"60-33 E-11/2, Islamabad",03277178098
FBR-102007,Imran Cheema,25064712,753346,Filer,"House 327, Street 4, G-13/1, Islamabad",+92 324 2556022
FBR-102008,Sajid Rajput,532620,37450,Filer,"327-14 Chaklala Scheme 3, Rawalpindi",+92 322 5992280
FBR-102009,Haji Fahad Khokhar,2238252,99062,Filer,"House No. 298, Gali 20, I-8/4, Islamabad",+92 347 4346027
FBR-102010,H. Cheema,30803976,1326815,Filer,H#262 St-35 Westridge Rawalpindi,0303-4275511
FBR-102011,T. Chaudhry,35069196,1499742,Filer,H#123 St-34 Cantt Multan,0342-8165951
FBR-102012,Rana Maryam Ansari,3695484,185036,Filer,"House No. 35, Gali 23, Gulbahar, Peshawar",0317-8972832
FBR-102013,Chaudhary Talha Bhatti,2298228,83508,Filer,"House No. 161, Gali 12, Cantt, Multan",+92 307 6129290
FBR-102015,U.Mirza,0,0,Filer,مکان 255 گلی 6 Model Town لاہور,+92 327 4382073
FBR-102016,Owais Gondal,0,0,Non-Filer,"70-38 Westridge, Rawalpindi",+92 349 5310948
FBR-102017,E.Sheikh,37488936,2135534,Filer,مکان 295 گلی 38 D Ground Faisalabad,0300-2881825
FBR-102018,E.Rajput,3536964,73907,Filer,مکان 273 گلی 15 Satellite Town راولپنڈی,03222597185
FBR-102019,B. Naqvi,3840360,87596,Filer,H#88 St-19 GulbergIII Lahore,03349633551
FBR-102020,K.Sandhu,1659360,130233,Filer,مکان 288 گلی 24 DHA Phase 6 کراچی,03356847354
FBR-102022,Tooba Shirazi,506580,11209,Filer,"42-30 University Town, Peshawar",+92 305 9877175
FBR-102023,Babar Qureshi,382416,28696,Filer,"House 106, Street 28, University Town, Peshawar",+92 332 9775696
FBR-102024,Tariq Ansari,721812,54967,Filer,"House 327, Street 2, Cantt, Multan",0322-6093850
FBR-102025,F. Kakar,564672,33560,Filer,H#126 St-40 G-13/1 Islamabad,+92 338 2338593
FBR-102026,A.Khan,11965284,1059531,Filer,مکان 378 گلی 40 Hayatabad Phase 3 Peshawar,0344-3375985
FBR-102027,Jawad Bhatti,0,0,Non-Filer,"217-38 Westridge, Rawalpindi",0313-7269122
FBR-102028,Malik Ayesha Rizvi,0,0,Non-Filer,"House No. 387, Gali 30, Hayatabad Phase 3, Peshawar",0305-4274222
FBR-102029,H. Gilani,2942736,152529,Filer,H#6 St-16 SatelliteTown Rawalpindi,+92 342 8957610
FBR-102030,Farhan Siddiqui,695004,28942,Filer,"House 22, Street 37, Westridge, Rawalpindi",0335-9411325
FBR-102032,K.Cheema,3153696,139558,Filer,مکان 255 گلی 14 Gulgasht Multan,03249396370
FBR-102033,فاطمہ Durrani,1004748,46964,Filer,"291-16 Madina Town, Faisalabad",03155059993
FBR-102034,Saba Cheema,0,0,Non-Filer,"385-28 Madina Town, Faisalabad",0347-1872331
FBR-102035,Luqman Virk,2508312,117369,Filer,"House 291, Street 12, Westridge, Rawalpindi",+92 306 3294248
FBR-102036,Mian Mansoor Mehsud,1137240,52602,Filer,"House No. 338, Gali 9, Peoples Colony, Faisalabad",+92 343 8911074
FBR-102037,W. Rizvi,1477200,85543,Filer,H#393 St-25 MadinaTown Faisalabad,0330-6756521
FBR-102038,Mian Khalid Kayani,663192,30929,Filer,"House No. 361, Gali 27, DHA Phase 5, Lahore",03002758975
FBR-102039,A. Afridi,329460,20209,Filer,H#275 St-20 ChaklalaScheme3 Rawalpindi,+92 339 1192922
FBR-102043,Javeria Tareen,23603244,979411,Filer,"House 311, Street 1, Gulbahar, Peshawar",03423904693
FBR-102044,M. Kazmi,0,0,Non-Filer,H#164 St-23 Gulshan-e-Iqbal Karachi,03036513853
FBR-102045,Mustafa Siddiqui,513108,14212,Filer,"101-2 Gulshan-e-Iqbal, Karachi",0338-3010214
FBR-102046,Chaudhary Noor Kakar,698916,51524,Filer,"House No. 104, Gali 20, Hayatabad Phase 3, Peshawar",03045012173
FBR-102047,A.Dar,47901420,3393954,Filer,مکان 227 گلی 23 Madina Town Faisalabad,0343-4926479
FBR-102050,J. Butt,0,0,Non-Filer,H#336 St-11 DHAPhase5 Lahore,03111584689
FBR-102051,Naveed Khan,17630964,561741,Filer,"House 34, Street 2, Gulberg III, Lahore",0307-5565271
FBR-102052,S.Sandhu,0,0,Filer,مکان 283 گلی 5 Hayatabad Phase 3 Peshawar,03348676478
FBR-102053,R.Tareen,0,0,Non-Filer,مکان 239 گلی 2 Wapda Town لاہور,0348-8963631
FBR-102054,N. Ansari,2306268,169318,Filer,H#41 St-32 ChaklalaScheme3 Rawalpindi,+92 322 4112545
FBR-102055,S. Tarar,3675516,240368,Filer,H#274 St-40 G-10/2 Islamabad,+92 321 1401223
FBR-102056,Syed Zeeshan Orakzai,0,0,Filer,"House No. 26, Gali 31, DHA Phase 6, Karachi",+92 302 7700086
FBR-102057,A.Kakar,3227376,79383,Filer,مکان 305 گلی 22 G-10/2 اسلام آباد,03167947521
FBR-102058,Haji Haris Tarar,1337052,81573,Filer,"House No. 16, Gali 1, D Ground, Faisalabad",0322-6147023
FBR-102059,Zeeshan Hashmi,0,0,Filer,"House 171, Street 37, Bahria Phase 4, Rawalpindi",0300-8740921
FBR-102060,Hussain Khattak,4164336,369866,Filer,"House 83, Street 6, DHA Phase 6, Karachi",03037386662
FBR-102061,Y. Chaudhry,2717376,93513,Filer,H#254 St-10 ShahRukn-e-Alam Multan,+92 311 1418620
FBR-102062,Obaid Siddiqui,25021272,1296758,Filer,"292-11 Clifton Block 2, Karachi",0341-8951745
FBR-102063,Y. Tarar,3459660,185512,Filer,H#116 St-20 F-8/3 Islamabad,+92 322 4081423
FBR-102065,R. Malik,2109012,157820,Filer,H#157 St-29 MadinaTown Faisalabad,03327305341
FBR-102066,Pervez Khattak,3889416,278729,Filer,"House 162, Street 7, Shah Rukn-e-Alam, Multan",+92 312 8890740
FBR-102067,Laiba Niazi,15234456,1143089,Filer,"13-9 Gulgasht, Multan",03257024535
FBR-102068,Chaudhary Khalid Butt,725052,15195,Filer,"House No. 55, Gali 37, Satellite Town, Rawalpindi",0305-2525364
FBR-102069,Chaudhary Nasir Tareen,35455116,2947721,Filer,"House No. 376, Gali 39, Shah Rukn-e-Alam, Multan",+92 346 5283210
FBR-102071,N. Malik,2794428,78505,Filer,H#119 St-29 DGround Faisalabad,03412837700
FBR-102072,Nimra Gilani,0,0,Non-Filer,"224-20 Satellite Town, Rawalpindi",03007772356
FBR-102073,Chaudhary Mansoor Shirazi,3709656,267869,Filer,"House No. 66, Gali 13, Gulgasht, Multan",03235674174
FBR-102074,Sajid Joiya,3675972,296001,Filer,"House 81, Street 8, G-13/1, Islamabad",+92 319 9854747
FBR-102075,Chaudhary Talha Abbasi,416688,29363,Filer,"House No. 87, Gali 5, Cantt, Multan",03139248819
FBR-102076,A.Gill,28570164,2184434,Filer,مکان 107 گلی 14 DHA Phase 5 لاہور,0324-1643141
FBR-102077,Y. Mirza,1526112,104948,Filer,H#207 St-30 Gulgasht Multan,03192866127
FBR-102078,H.Kayani,793692,67918,Filer,مکان 2 گلی 2 E-11/2 اسلام آباد,03417450555
FBR-102079,Adnan Janjua,0,0,Non-Filer,"House 104, Street 30, Westridge, Rawalpindi",0327-8910532
FBR-102080,A.Rizvi,605532,38510,Filer,مکان 173 گلی 20 Gulbahar Peshawar,0319-5503992
FBR-102081,Haji Yasir Butt,14471148,537172,Filer,"House No. 306, Gali 38, G-10/2, Islamabad",0344-4676191
FBR-102082,Noor Janjua,867840,41429,Filer,"50-34 Clifton Block 2, Karachi",03052551337
FBR-102083,Javeria Kayani,0,0,Filer,"House 73, Street 37, Wapda Town, Lahore",0322-1304860
FBR-102084,Chaudhary Kamran Sandhu,28477476,1071358,Filer,"House No. 391, Gali 16, Chaklala Scheme 3, Rawalpindi",+92 345 6770495
FBR-102085,Amna Shirazi,1297644,97274,Filer,"House 146, Street 38, Madina Town, Faisalabad",+92 326 8246791
FBR-102086,Z. Sheikh,16534320,792399,Filer,H#137 St-2 PeoplesColony Faisalabad,03182536829
FBR-102087,Z.Gondal,3140928,79782,Filer,مکان 306 گلی 19 Madina Town Faisalabad,0302-7561267
FBR-102088,Ayesha Chaudhry,0,0,Non-Filer,"House 353, Street 21, Gulshan-e-Iqbal, Karachi",+92 317 4815164
FBR-102089,O. Mughal,0,0,Filer,H#233 St-2 ChaklalaScheme3 Rawalpindi,0304-2462804
FBR-102090,Sadia Orakzai,572064,30612,Filer,"House 282, Street 8, DHA Phase 5, Lahore",03313964356
FBR-102091,Malik Rabia Malik,3643116,139976,Filer,"House No. 59, Gali 3, Model Town, Lahore",0307-3900663
FBR-102092,Obaid ملک,1524528,76556,Filer,"66-36 G-10/2, Islamabad",+92 318 3404582
FBR-102093,Malik Noor Saddozai,2624028,116529,Filer,"House No. 66, Gali 37, Bahria Phase 4, Rawalpindi",0331-6886244
FBR-102094,Maryam Bangash,503328,35055,Filer,"House 255, Street 28, DHA Phase 5, Lahore",03354764611
FBR-102095,O.Virk,535800,40676,Filer,مکان 157 گلی 12 Cantt Multan,0317-8029014
FBR-102096,Luqman Malik,0,0,Non-Filer,"House 46, Street 22, G-13/1, Islamabad",+92 310 7139638
FBR-102097,Rida Niazi,30227532,1132630,Filer,"133-16 DHA Phase 6, Karachi",0328-8077565
FBR-102098,Maryam Mughal,9790920,421831,Filer,"House 388, Street 7, Chaklala Scheme 3, Rawalpindi",03013377580
FBR-102100,Sardar Nimra Joiya,820920,37223,Filer,"House No. 262, Gali 18, North Nazimabad, Karachi",+92 344 8940739
FBR-102101,Waqas Bukhari,538524,27773,Filer,"107-24 B-17, Islamabad",0300-7925315
FBR-102102,A.Gilani,2892972,133410,Filer,مکان 75 گلی 9 Gulshan-e-Iqbal کراچی,0321-8091168
FBR-102103,N.Tarar,640380,13486,Filer,مکان 281 گلی 10 Shah Rukn-e-Alam Multan,+92 340 8005201
FBR-102104,Kashif Shirazi,818976,45317,Filer,"84-23 Shah Rukn-e-Alam, Multan",0329-3886814
FBR-102105,J. Lodhi,13642020,871191,Filer,H#330 St-6 UniversityTown Peshawar,0321-1251295
FBR-102106,H. Abbasi,980448,84809,Filer,H#2 St-28 DHAPhase6 Karachi,+92 314 4780700
FBR-102108,علی Warraich,1972908,60182,Filer,"397-2 Gulshan-e-Iqbal, Karachi",0321-2690413
FBR-102109,Jawad Niazi,25250892,1960310,Filer,"43-12 Chaklala Scheme 3, Rawalpindi",03102987493
FBR-102111,Sardar Bilal Sheikh,789864,18146,Filer,"House No. 32, Gali 13, Bahria Phase 4, Rawalpindi",0342-1107433
FBR-102112,Laiba شیخ,489288,15097,Filer,"142-3 G-10/2, Islamabad",+92 303 5996490
FBR-102113,A. Tareen,382536,27153,Filer,H#383 St-7 ShahRukn-e-Alam Multan,0347-7961552
FBR-102114,S.Tareen,2752404,160443,Filer,مکان 390 گلی 23 DHA Phase 6 کراچی,+92 340 9511530
FBR-102115,T. Khokhar,567948,17195,Filer,H#169 St-24 Gulbahar Peshawar,0301-2292538
FBR-102116,S.Cheema,31929156,766036,Filer,مکان 362 گلی 8 Peoples Colony Faisalabad,03073792865
FBR-102117,Sana Saddozai,3574104,207730,Filer,"House 71, Street 30, E-11/2, Islamabad",+92 340 4803354
FBR-102120,Ehsan Gondal,43510260,2225719,Filer,"House 215, Street 36, E-11/2, Islamabad",+92 300 4054479
FBR-102121,Mian Noor Bangash,0,0,Non-Filer,"House No. 181, Gali 30, Madina Town, Faisalabad",0326-8921274
FBR-102122,Umar Kakar,3378756,287602,Filer,"House 203, Street 12, Bahria Phase 4, Rawalpindi",03117554909
FBR-102123,L. Wazir,29175660,870506,Filer,H#283 St-23 UniversityTown Peshawar,03347684223
FBR-102124,Chaudhary Sufyan Mehsud,586788,34179,Filer,"House No. 34, Gali 28, Shah Rukn-e-Alam, Multan",03415125648
FBR-102125,Kinza Saddozai,987756,61389,Filer,"House 165, Street 4, Satellite Town, Rawalpindi",0335-9756937
FBR-102126,Zafar Khan,388476,22271,Filer,"House 187, Street 3, Bahria Phase 4, Rawalpindi",+92 344 3626317
FBR-102127,Mian Nimra Rizvi,1108380,38390,Filer,"House No. 296, Gali 9, Hayatabad Phase 3, Peshawar",03285912954
FBR-102128,احمد Niazi,1595016,47547,Filer,"218-39 B-17, Islamabad",0300-6308190
FBR-102131,Waseem Hashmi,2512608,114094,Filer,"394-10 Gulshan-e-Iqbal, Karachi",0338-8121698
FBR-102132,Sadia Cheema,405360,13921,Filer,"71-35 DHA Phase 5, Lahore",+92 307 9265786
FBR-102134,Farah Shirazi,46752084,1916330,Filer,"117-25 DHA Phase 6, Karachi",03248946141
FBR-102135,Jawad Kakar,1600128,44186,Filer,"House 396, Street 30, Model Town, Lahore",+92 332 1615362
FBR-102136,حسن Khokhar,678024,15113,Filer,"257-30 Satellite Town, Rawalpindi",0315-7344645
FBR-102137,Chaudhary Maryam Khattak,2396148,128366,Filer,"House No. 247, Gali 4, Hayatabad Phase 3, Peshawar",+92 311 9165068
FBR-102138,Hina ملک,0,0,Non-Filer,"227-19 Hayatabad Phase 3, Peshawar",03098002088
FBR-102139,Luqman Sheikh,446220,16950,Filer,"House 171, Street 17, Bahria Phase 4, Rawalpindi",0338-7758309
FBR-102140,N. Naqvi,3333432,129125,Filer,H#24 St-29 UniversityTown Peshawar,0336-5205572
FBR-102142,G. Shirazi,323748,17202,Filer,H#271 St-28 BahriaPhase4 Rawalpindi,+92 347 1874398
FBR-102143,Nadeem Naqvi,504240,36932,Filer,"House 303, Street 15, Madina Town, Faisalabad",+92 310 6613805
FBR-102144,M.Gill,46956324,2446083,Filer,مکان 352 گلی 34 Hayatabad Phase 3 Peshawar,0342-8956852
FBR-102146,Taimoor Sheikh,3705168,103604,Filer,"House 257, Street 39, Shah Rukn-e-Alam, Multan",0324-4125313
FBR-102147,Syed Faisal Bukhari,3491940,220506,Filer,"House No. 124, Gali 34, Cantt, Multan",03092630391
FBR-102148,Haji Shahzad Khokhar,1431924,48892,Filer,"House No. 93, Gali 4, Cantt, Multan",0334-2534841
FBR-102149,Syed Wajahat Sandhu,2813004,221069,Filer,"House No. 219, Gali 39, Shah Rukn-e-Alam, Multan",+92 307 2788584
FBR-102150,Waqas Yousafzai,11229828,949210,Filer,"59-19 Madina Town, Faisalabad",03287780483
FBR-102151,Rana Jawad Ansari,2093604,162092,Filer,"House No. 297, Gali 1, E-11/2, Islamabad",0319-4005993
FBR-102152,Obaid Gilani,13497288,815573,Filer,"8-7 Gulbahar, Peshawar",03395062372
FBR-102153,I. Sial,19365252,1210136,Filer,H#37 St-29 PeoplesColony Faisalabad,0330-4624510
FBR-102154,Taimoor Kakar,3846756,340260,Filer,"351-1 I-8/4, Islamabad",0304-4326662
FBR-102155,T.Kayani,3750888,178478,Filer,مکان 296 گلی 15 Model Town لاہور,03073682839
FBR-102156,Mian Rauf Janjua,1943184,43425,Filer,"House No. 277, Gali 15, Peoples Colony, Faisalabad",+92 340 7672274
FBR-102160,Ubaid Mughal,852768,22501,Filer,"House 156, Street 23, D Ground, Faisalabad",+92 319 9208286
FBR-102161,A. Joiya,0,0,Non-Filer,H#259 St-35 Cantt Multan,0333-4245168
FBR-102162,علی Mughal,1449180,106323,Filer,"6-7 G-13/1, Islamabad",+92 325 4731850
FBR-102163,J. Kakar,11341212,703714,Filer,H#122 St-40 UniversityTown Peshawar,03045346105
FBR-102165,Ghulam چوہدری,477924,10030,Filer,"192-22 F-8/3, Islamabad",0305-9153217
FBR-102166,Malik Ehsan Mirza,790560,57108,Filer,"House No. 116, Gali 26, DHA Phase 5, Lahore",03172684363
FBR-102168,Maryam ملک,371136,24719,Filer,"383-35 Wapda Town, Lahore",+92 311 3119391
FBR-102169,Syed Waqas Bukhari,0,0,Non-Filer,"House No. 400, Gali 22, E-11/2, Islamabad",03466252223
FBR-102171,K. Khan,1575228,93335,Filer,H#305 St-18 DHAPhase6 Karachi,+92 309 4408282
FBR-102172,Rana Mahnoor Awan,3481500,134387,Filer,"House No. 229, Gali 5, Westridge, Rawalpindi",+92 311 9080202
FBR-102173,S. Sial,1852548,48774,Filer,H#243 St-21 UniversityTown Peshawar,+92 341 2792366
FBR-102174,K. Malik,0,0,Non-Filer,H#62 St-29 MadinaTown Faisalabad,+92 348 2165668
FBR-102175,S. Awan,3047904,225098,Filer,H#98 St-11 DHAPhase5 Lahore,03016936330
FBR-102176,Syed Ghulam Khan,1270596,105085,Filer,"House No. 139, Gali 14, DHA Phase 5, Lahore",+92 311 2762739
FBR-102177,Haji Sana Joiya,0,0,Non-Filer,"House No. 327, Gali 9, North Nazimabad, Karachi",+92 327 3128186
FBR-102178,Adnan راجہ,1006704,47951,Filer,"121-17 D Ground, Faisalabad",+92 336 2461182
FBR-102179,M. Kakar,2274720,175631,Filer,H#253 St-3 MadinaTown Faisalabad,03377412315
FBR-102180,Haji Arsalan Tareen,2783484,133431,Filer,"House No. 182, Gali 7, Westridge, Rawalpindi",0329-1958982
FBR-102181,R. Lodhi,725832,16141,Filer,H#171 St-33 G-13/1 Islamabad,0328-9898716
FBR-102182,Junaid Kakar,0,0,Non-Filer,"House 364, Street 31, Model Town, Lahore",0316-3884021
FBR-102183,Z.Awan,593520,47195,Filer,مکان 399 گلی 11 Gulgasht Multan,03244635731
FBR-102184,Tariq Bukhari,719388,20828,Filer,"285-11 DHA Phase 6, Karachi",0312-6878116
FBR-102185,Talha Gill,19097724,1561673,Filer,"House 326, Street 26, Gulgasht, Multan",0314-8503142
FBR-102187,Irfan Gilani,3749520,131524,Filer,"305-1 Peoples Colony, Faisalabad",+92 309 8004579
FBR-102188,Usman Awan,1379964,80808,Filer,"House 1, Street 17, North Nazimabad, Karachi",+92 320 7061717
FBR-102189,Zafar Mirza,752136,19760,Filer,"10-15 Cantt, Multan",03411837220
FBR-102190,Chaudhary Shoaib Janjua,373644,25361,Filer,"House No. 276, Gali 40, Johar Town, Lahore",+92 312 3689758
FBR-102191,S.Bukhari,42772368,3816087,Filer,مکان 3 گلی 3 Westridge راولپنڈی,+92 349 6577930
FBR-102192,H. Bhatti,607428,29297,Filer,H#205 St-8 Gulshan-e-Iqbal Karachi,+92 330 8952427
FBR-102195,A. Khattak,377964,30727,Filer,H#133 St-19 Gulbahar Peshawar,0306-6027633
FBR-102196,L. Gill,0,0,Non-Filer,H#60 St-13 GulbergIII Lahore,+92 332 8783319
FBR-102198,Qasim Chaudhry,688812,38229,Filer,"House 175, Street 7, Gulshan-e-Iqbal, Karachi",0348-8405132
FBR-102199,N. Yousafzai,32012496,2515733,Filer,H#89 St-20 PeoplesColony Faisalabad,+92 310 3830317
FBR-102200,O. Lodhi,26473236,1602932,Filer,H#40 St-32 UniversityTown Peshawar,+92 313 5507505
FBR-102201,H.Kazmi,2806044,182742,Filer,مکان 294 گلی 17 University Town Peshawar,0339-1180862
FBR-102202,Maryam Sandhu,0,0,Filer,"194-9 Cantt, Multan",+92 338 1695624
FBR-102204,Saba Bhatti,774528,53622,Filer,"90-6 Gulshan-e-Iqbal, Karachi",+92 334 4933516
FBR-102205,A.Butt,3543048,118983,Filer,مکان 245 گلی 35 Peoples Colony Faisalabad,0304-8169593
FBR-102206,Z. Mirza,3320400,294499,Filer,H#259 St-34 Westridge Rawalpindi,+92 324 4561445
FBR-102207,Tariq Rizvi,3399192,145699,Filer,"House 334, Street 23, University Town, Peshawar",+92 334 7947341
FBR-102208,Danish Warraich,0,0,Filer,"House 189, Street 20, Peoples Colony, Faisalabad",03087253992
FBR-102209,I.Abbasi,1218000,30729,Filer,مکان 357 گلی 11 North Nazimabad کراچی,03411186109
FBR-102210,K. Khokhar,636900,50755,Filer,H#198 St-2 Gulgasht Multan,03384803527
FBR-102212,H.Warraich,394560,29551,Filer,مکان 341 گلی 14 North Nazimabad کراچی,03068902122
FBR-102213,S.Awan,0,0,Non-Filer,مکان 216 گلی 27 Bahria Phase 4 راولپنڈی,0339-5717908
FBR-102214,F. Khattak,19930368,937012,Filer,H#169 St-14 MadinaTown Faisalabad,+92 345 1783342
FBR-102215,Amna Tarar,318924,21971,Filer,"House 349, Street 11, Chaklala Scheme 3, Rawalpindi",+92 349 9450935
FBR-102216,Chaudhary Saqib Afridi,406140,35135,Filer,"House No. 344, Gali 20, DHA Phase 5, Lahore",+92 339 9666674
FBR-102217,Uzma Zaidi,1344984,85361,Filer,"House 280, Street 26, Clifton Block 2, Karachi",+92 330 7830591
FBR-102218,K.Warraich,362976,10276,Filer,مکان 296 گلی 1 Hayatabad Phase 3 Peshawar,03418297132
FBR-102220,Danish Khokhar,3509448,260047,Filer,"House 378, Street 1, E-11/2, Islamabad",03466166727
FBR-102221,M. Mirza,557028,34655,Filer,H#106 St-38 SatelliteTown Rawalpindi,03432461262
FBR-102222,Mubashir Mehsud,0,0,Non-Filer,"House 355, Street 2, Gulgasht, Multan",03047019539
FBR-102223,Hassan Virk,2586108,200224,Filer,"House 33, Street 40, Peoples Colony, Faisalabad",+92 338 1124724
FBR-102224,Syed Laiba Naqvi,0,0,Non-Filer,"House No. 119, Gali 36, Chaklala Scheme 3, Rawalpindi",0344-5116418
FBR-102225,W.Durrani,2665476,85668,Filer,مکان 213 گلی 31 Peoples Colony Faisalabad,03407482122
FBR-102227,Z. Kazmi,1941936,122609,Filer,H#1 St-13 I-8/4 Islamabad,+92 332 5020448
FBR-102228,Obaid Afridi,35650716,2062253,Filer,"House 229, Street 4, DHA Phase 5, Lahore",03109609689
FBR-102229,Tooba Chaudhry,2822160,212403,Filer,"House 206, Street 10, DHA Phase 6, Karachi",03427956154
FBR-102231,Mian Uzma Khattak,839028,58309,Filer,"House No. 46, Gali 5, Gulshan-e-Iqbal, Karachi",+92 338 1036611
FBR-102232,Fahad Durrani,1168200,28384,Filer,"57-11 Madina Town, Faisalabad",03048882645
FBR-102233,H.Awan,437796,22338,Filer,مکان 123 گلی 40 Hayatabad Phase 3 Peshawar,03192364423
FBR-102234,Pervez Baig,0,0,Non-Filer,"House 144, Street 18, Shah Rukn-e-Alam, Multan",03157400259
FBR-102235,B. Naqvi,412140,24376,Filer,H#4 St-6 ShahRukn-e-Alam Multan,03105953222
FBR-102236,M. Mughal,660600,31471,Filer,H#111 St-27 ShahRukn-e-Alam Multan,0340-2510365
FBR-102237,I. Janjua,3330132,249856,Filer,H#283 St-18 F-8/3 Islamabad,03477795930
FBR-102238,Z.Tareen,542484,17652,Filer,مکان 68 گلی 19 Clifton Block 2 کراچی,0316-6339266
FBR-102239,U.Gill,31726560,1209413,Filer,مکان 358 گلی 28 Johar Town لاہور,03282328070
FBR-102241,Anas Janjua,1201836,27938,Filer,"House 142, Street 26, Madina Town, Faisalabad",0332-4314934
FBR-102242,Khalid Warraich,3305652,260472,Filer,"House 310, Street 40, University Town, Peshawar",03465759760
FBR-102243,K. Niazi,0,0,Non-Filer,H#342 St-12 MadinaTown Faisalabad,0310-5304568
FBR-102245,K. Tarar,774372,19554,Filer,H#177 St-25 BahriaPhase4 Rawalpindi,03493589058
FBR-102246,R. Zaidi,0,0,Filer,H#165 St-36 BahriaPhase4 Rawalpindi,+92 336 9636371
FBR-102247,Jawad Kakar,2542104,93815,Filer,"155-8 Clifton Block 2, Karachi",03037595996
FBR-102248,Haji Laiba Janjua,616500,14751,Filer,"House No. 103, Gali 39, I-8/4, Islamabad",0343-2419986
FBR-102249,Ahmed Malik,352956,27000,Filer,"House 149, Street 20, G-10/2, Islamabad",0307-7692367
FBR-102250,Owais Saddozai,1064952,39865,Filer,"House 117, Street 3, Gulgasht, Multan",0329-2186433
FBR-102251,Noman Naqvi,3695388,87119,Filer,"House 254, Street 21, Gulbahar, Peshawar",0318-8886588
FBR-102252,U.Bhatti,1912092,171161,Filer,مکان 197 گلی 20 Gulbahar Peshawar,0312-5980341
FBR-102253,عمران Naqvi,14749164,732228,Filer,"173-15 Bahria Phase 4, Rawalpindi",0301-7303581
FBR-102254,N. Kayani,590988,19939,Filer,H#206 St-9 DGround Faisalabad,03481569674
FBR-102255,Nasir Rizvi,0,0,Non-Filer,"House 44, Street 31, Satellite Town, Rawalpindi",+92 323 1046609
FBR-102256,Hina Sial,541704,25092,Filer,"House 246, Street 10, Madina Town, Faisalabad",0320-6194563
FBR-102257,M.Kayani,0,0,Non-Filer,مکان 84 گلی 21 B-17 اسلام آباد,+92 311 4257651
FBR-102258,Malik Zeeshan Khan,574944,42078,Filer,"House No. 251, Gali 32, E-11/2, Islamabad",+92 312 2229343
FBR-102259,I. Gondal,1406580,85935,Filer,H#388 St-37 CliftonBlock2 Karachi,03103459753
FBR-102260,Mahnoor Baig,0,0,Non-Filer,"House 100, Street 14, Madina Town, Faisalabad",+92 330 4185612
FBR-102261,O.Lodhi,31943796,1450115,Filer,مکان 147 گلی 36 University Town Peshawar,+92 340 5545511
FBR-102262,Chaudhary Maryam Tarar,625212,31271,Filer,"House No. 397, Gali 15, Hayatabad Phase 3, Peshawar",03211086205
FBR-102264,B.Mughal,2569308,206732,Filer,مکان 304 گلی 23 Gulbahar Peshawar,+92 304 6900131
FBR-102265,H. Shirazi,13578900,755401,Filer,H#286 St-23 HayatabadPhase3 Peshawar,+92 340 6776616
FBR-102267,M.Sheikh,1039272,74558,Filer,مکان 243 گلی 1 Shah Rukn-e-Alam Multan,03041189715
FBR-102268,M. Niazi,729336,25479,Filer,H#61 St-35 GulbergIII Lahore,03205171563
FBR-102269,A.Ansari,331380,9395,Filer,مکان 13 گلی 14 G-13/1 اسلام آباد,0346-7604455
FBR-102271,M.Bhatti,0,0,Non-Filer,مکان 47 گلی 25 Chaklala Scheme 3 راولپنڈی,0326-4466954
FBR-102272,Shahzad Baig,342012,16738,Filer,"House 310, Street 30, F-8/3, Islamabad",03241346701
FBR-102273,R.Hashmi,1699140,43183,Filer,مکان 369 گلی 39 G-13/1 اسلام آباد,03471714040
FBR-102274,I. Orakzai,0,0,Filer,H#277 St-19 PeoplesColony Faisalabad,0311-2541415
FBR-102275,Luqman Virk,1985556,66788,Filer,"172-35 G-10/2, Islamabad",03286679143
FBR-102276,N. Janjua,828660,48160,Filer,H#58 St-39 SatelliteTown Rawalpindi,+92 330 5953785
FBR-102277,W.Abbasi,585756,29207,Filer,مکان 116 گلی 39 I-8/4 اسلام آباد,+92 330 8986773
FBR-102278,Malik Madiha Lodhi,12797232,1129570,Filer,"House No. 372, Gali 4, Model Town, Lahore",0342-4299848
FBR-102279,Zubair Virk,682140,59710,Filer,"317-37 Cantt, Multan",+92 323 5568424
FBR-102280,L.Tarar,1045620,75308,Filer,مکان 93 گلی 16 Westridge راولپنڈی,0301-8054889
FBR-102281,Mian Naveed Saddozai,37560432,2239404,Filer,"House No. 379, Gali 35, Clifton Block 2, Karachi",+92 320 3176673
FBR-102282,Taimoor Khan,3452832,236467,Filer,"House 265, Street 26, Westridge, Rawalpindi",+92 305 1869626
FBR-102283,M. Janjua,0,0,Non-Filer,H#190 St-3 CliftonBlock2 Karachi,03182471865
FBR-102284,Nimra Rizvi,2452692,55944,Filer,"6-14 Peoples Colony, Faisalabad",+92 312 9458436
FBR-102286,Malik Jawad Gilani,3667728,250976,Filer,"House No. 119, Gali 8, Gulshan-e-Iqbal, Karachi",0342-7583768
FBR-102287,Syed Usman Awan,764412,67813,Filer,"House No. 179, Gali 32, University Town, Peshawar",+92 325 5324991
FBR-102288,Chaudhary Naveed Butt,1529772,127691,Filer,"House No. 383, Gali 36, Gulberg III, Lahore",+92 344 5786762
FBR-102290,I.Mirza,4074528,97323,Filer,مکان 204 گلی 26 University Town Peshawar,0312-7224257
FBR-102291,Bilal Bhatti,543468,13164,Filer,"House 195, Street 1, Shah Rukn-e-Alam, Multan",+92 316 2720485
FBR-102292,Z.Sial,2197776,65477,Filer,مکان 6 گلی 19 E-11/2 اسلام آباد,+92 332 8073263
FBR-102293,G. Chaudhry,3735900,314685,Filer,H#187 St-2 WapdaTown Lahore,03054339467
FBR-102294,Sardar Danish Mehsud,3728472,140048,Filer,"House No. 47, Gali 28, Gulgasht, Multan",+92 331 6302160
FBR-102295,A.Sheikh,0,0,Non-Filer,مکان 92 گلی 17 Johar Town لاہور,0321-4509606
FBR-102296,Rabia Kayani,667680,37826,Filer,"193-17 B-17, Islamabad",03232628628
FBR-102298,Mubashir Bangash,777576,23592,Filer,"House 220, Street 22, DHA Phase 6, Karachi",0331-4943509
FBR-102299,Anas Kayani,0,0,Non-Filer,"House 287, Street 30, Gulgasht, Multan",+92 338 1116024
FBR-102301,Rabia Ansari,1863804,159019,Filer,"House 309, Street 24, Satellite Town, Rawalpindi",0337-5058333
FBR-102302,Javeria Bangash,2130480,101943,Filer,"246-14 D Ground, Faisalabad",0347-2106864
FBR-102303,Haji Nadia Awan,813336,70846,Filer,"House No. 391, Gali 11, Johar Town, Lahore",03377309274
FBR-102304,T.Kayani,26619528,2159892,Filer,مکان 243 گلی 16 Westridge راولپنڈی,03424755317
FBR-102305,Syed Zara Abbasi,0,0,Non-Filer,"House No. 123, Gali 12, F-8/3, Islamabad",+92 309 2575728
FBR-102306,Qasim Yousafzai,2828064,182054,Filer,"House 390, Street 12, Bahria Phase 4, Rawalpindi",0344-5921346
FBR-102307,Anas Wazir,25760592,1636241,Filer,"303-34 G-13/1, Islamabad",03191152551
FBR-102308,Rana Tariq Cheema,1396872,64936,Filer,"House No. 354, Gali 22, University Town, Peshawar",+92 316 1966014
FBR-102309,H. Zaidi,0,0,Non-Filer,H#16 St-1 SatelliteTown Rawalpindi,+92 319 4206762
FBR-102310,Malik Saba Durrani,1434576,82125,Filer,"House No. 66, Gali 32, Hayatabad Phase 3, Peshawar",0310-6362039
FBR-102311,P. Durrani,648348,26925,Filer,H#18 St-26 DGround Faisalabad,0334-9021899
FBR-102312,Sardar Muhammad Dar,4127256,313407,Filer,"House No. 27, Gali 16, Madina Town, Faisalabad",03306621341
FBR-102313,Mubashir Awan,512532,31191,Filer,"44-3 Shah Rukn-e-Alam, Multan",0334-1900026
FBR-102314,A.Mehsud,28285632,1114333,Filer,مکان 243 گلی 24 Shah Rukn-e-Alam Multan,+92 342 8181112
FBR-102315,Rabia خان,820896,44853,Filer,"82-1 University Town, Peshawar",0303-7792054
FBR-102316,Ghulam Afridi,4015764,130574,Filer,"135-27 University Town, Peshawar",+92 304 8513116
FBR-102317,Malik Uzma Bukhari,36863820,1356205,Filer,"House No. 268, Gali 14, Satellite Town, Rawalpindi",03499126971
FBR-102318,L. Lodhi,0,0,Non-Filer,H#40 St-17 Gulbahar Peshawar,0348-8168054
FBR-102319,Mian Saqib Khan,1789128,79833,Filer,"House No. 306, Gali 14, University Town, Peshawar",+92 316 8323566
FBR-102320,S.Bukhari,1616376,34391,Filer,مکان 52 گلی 9 Model Town لاہور,+92 349 2065228
FBR-102321,B.Yousafzai,3793860,123717,Filer,مکان 174 گلی 15 Wapda Town لاہور,03201068514
FBR-102322,Chaudhary Rauf Saddozai,1976796,121933,Filer,"House No. 71, Gali 13, Cantt, Multan",+92 348 6103390
FBR-102323,Ehsan Warraich,16081092,609523,Filer,"House 383, Street 33, Shah Rukn-e-Alam, Multan",03319613285
FBR-102324,N. Joiya,1271268,33343,Filer,H#280 St-31 DGround Faisalabad,0305-5867457
FBR-102325,Luqman Orakzai,38538396,2275984,Filer,"House 103, Street 17, B-17, Islamabad",+92 345 7724543
FBR-102326,I. Rizvi,23156292,1922695,Filer,H#201 St-2 UniversityTown Peshawar,0339-6043819
FBR-102328,بلال Rizvi,3594192,315657,Filer,"73-27 G-13/1, Islamabad",03441868442
FBR-102330,Syed Atif Bhatti,9887940,421869,Filer,"House No. 253, Gali 23, University Town, Peshawar",+92 302 5274259
FBR-102332,P.Virk,4183056,318251,Filer,مکان 167 گلی 7 Gulberg III لاہور,+92 312 5306506
FBR-102333,M. Yousafzai,634860,34582,Filer,H#3 St-10 Gulshan-e-Iqbal Karachi,+92 313 9879906
FBR-102334,Mian Ali Kazmi,621024,22706,Filer,"House No. 163, Gali 31, Hayatabad Phase 3, Peshawar",0301-8593960
FBR-102335,Umar بٹ,3053688,149700,Filer,"138-10 Madina Town, Faisalabad",0318-7898996
FBR-102336,R. Sheikh,2653116,105169,Filer,H#377 St-35 DGround Faisalabad,03105663680
FBR-102337,Farah Bukhari,38583792,2264877,Filer,"395-28 G-13/1, Islamabad",03098979753
FBR-102338,M.Awan,2660580,181513,Filer,مکان 173 گلی 10 University Town Peshawar,0344-2837371
FBR-102339,H. Khan,35240916,928974,Filer,H#22 St-30 GulbergIII Lahore,03157335761
FBR-102341,Sardar Naveed Wazir,334824,8388,Filer,"House No. 87, Gali 40, Clifton Block 2, Karachi",03243468580
FBR-102342,D.Raja,313800,25509,Filer,مکان 308 گلی 9 Wapda Town لاہور,03285703772
FBR-102343,W.Baig,23979888,1465929,Filer,مکان 79 گلی 3 University Town Peshawar,03118382285
FBR-102344,M. Sial,510216,28203,Filer,H#313 St-24 Gulshan-e-Iqbal Karachi,03477680794
FBR-102346,Malik Kinza Kazmi,432360,36462,Filer,"House No. 55, Gali 37, University Town, Peshawar",03325105260
FBR-102347,Syed Qasim Malik,33787656,2647734,Filer,"House No. 185, Gali 36, Gulgasht, Multan",0339-5696796
FBR-102349,B. Khattak,24442848,1938024,Filer,H#191 St-6 Cantt Multan,+92 328 9081249
FBR-102350,Rashid Virk,485256,31105,Filer,"175-37 University Town, Peshawar",+92 326 1392646
FBR-102351,N. Khokhar,1913172,96326,Filer,H#113 St-31 Cantt Multan,03079432009
FBR-102352,Mian Junaid Gondal,0,0,Non-Filer,"House No. 19, Gali 28, Clifton Block 2, Karachi",03008692197
FBR-102353,Wajahat Joiya,2234172,72054,Filer,"361-17 Madina Town, Faisalabad",0337-7761639
FBR-102354,M. Naqvi,27354096,988588,Filer,H#277 St-40 G-13/1 Islamabad,0347-8114192
FBR-102355,Khadija Chaudhry,40228032,994091,Filer,"House 309, Street 4, Model Town, Lahore",+92 349 6075106
FBR-102356,Mian Madiha Afridi,30287556,2279202,Filer,"House No. 208, Gali 36, DHA Phase 6, Karachi",03185422047
FBR-102357,N.Naqvi,0,0,Non-Filer,مکان 9 گلی 31 F-8/3 اسلام آباد,0331-3532314
FBR-102358,Rana Talha Siddiqui,808848,51409,Filer,"House No. 309, Gali 2, Gulgasht, Multan",0342-2081789
FBR-102359,Zainab Naqvi,305532,16412,Filer,"House 336, Street 7, Shah Rukn-e-Alam, Multan",03384012603
FBR-102360,N. Virk,16985388,1041006,Filer,H#19 St-8 Gulgasht Multan,0346-8731068
FBR-102363,Mehwish Tarar,34103376,2712994,Filer,"374-15 Gulbahar, Peshawar",0346-5186264
FBR-102364,S. Janjua,1228692,105535,Filer,H#393 St-11 Cantt Multan,+92 311 6417440
FBR-102365,H.Kakar,39975348,912325,Filer,مکان 347 گلی 3 Model Town لاہور,03222570584
FBR-102366,G. Saddozai,722616,28641,Filer,H#364 St-18 ChaklalaScheme3 Rawalpindi,03027076419
FBR-102367,Mian Noman Qureshi,809736,38507,Filer,"House No. 33, Gali 20, I-8/4, Islamabad",0330-2718032
FBR-102368,Atif شیخ,0,0,Filer,"275-29 Westridge, Rawalpindi",03057602571
FBR-102369,Rana Khadija Afridi,0,0,Non-Filer,"House No. 317, Gali 29, North Nazimabad, Karachi",0340-3384438
FBR-102370,Malik Ghulam Sial,482364,35526,Filer,"House No. 135, Gali 27, Madina Town, Faisalabad",0339-5923181
FBR-102371,Qasim Durrani,0,0,Non-Filer,"House 153, Street 2, University Town, Peshawar",0306-4656244
FBR-102373,B.Joiya,14065836,1155606,Filer,مکان 261 گلی 26 Satellite Town راولپنڈی,0343-1633270
FBR-102375,Kamran Zaidi,463020,18232,Filer,"276-16 Gulberg III, Lahore",0346-7527363
FBR-102376,Haji Mubashir Mirza,0,0,Non-Filer,"House No. 242, Gali 17, University Town, Peshawar",0336-4993708
FBR-102377,زینب Mirza,978480,87001,Filer,"322-32 Cantt, Multan",0320-7804214
FBR-102378,E.Khan,525444,11429,Filer,مکان 40 گلی 33 Bahria Phase 4 راولپنڈی,03062204692
FBR-102379,Zeeshan Gondal,4023012,316250,Filer,"141-31 University Town, Peshawar",03305280631
FBR-102381,Hassan Abbasi,391668,21991,Filer,"House 384, Street 2, Gulshan-e-Iqbal, Karachi",03274788894
FBR-102382,Nadia Baig,13523820,821643,Filer,"House 232, Street 30, North Nazimabad, Karachi",+92 309 7334303
FBR-102383,محمد Awan,2345244,134638,Filer,"124-18 Model Town, Lahore",0310-3255315
FBR-102384,S. Yousafzai,3608544,170172,Filer,H#21 St-5 DGround Faisalabad,03178103082
FBR-102385,Mustafa Gill,2875296,189174,Filer,"9-7 D Ground, Faisalabad",+92 337 2210758
FBR-102386,Waseem Warraich,575604,13498,Filer,"House 151, Street 2, I-8/4, Islamabad",0342-4544837
FBR-102387,K.Khokhar,3374220,274223,Filer,مکان 185 گلی 28 Model Town لاہور,0322-7323234
FBR-102389,Chaudhary Mehwish Afridi,506592,32205,Filer,"House No. 299, Gali 11, Gulberg III, Lahore",+92 330 2588785
FBR-102390,Salman Niazi,0,0,Non-Filer,"14-14 Peoples Colony, Faisalabad",0345-1041609
FBR-102391,Haji Kamran Durrani,2398812,90857,Filer,"House No. 139, Gali 19, Cantt, Multan",+92 328 7699648
FBR-102392,Amna Khan,1486536,75552,Filer,"House 387, Street 16, Model Town, Lahore",+92 311 5239450
FBR-102393,J.Mehsud,3841404,276397,Filer,مکان 298 گلی 13 Gulshan-e-Iqbal کراچی,+92 312 6013224
FBR-102394,Hina Naqvi,0,0,Non-Filer,"110-5 Gulshan-e-Iqbal, Karachi",0310-5857226
FBR-102395,S.Hashmi,28422816,2509028,Filer,مکان 218 گلی 7 Shah Rukn-e-Alam Multan,0342-7021396
FBR-102396,Rana Ayesha Sheikh,1490412,79759,Filer,"House No. 371, Gali 35, G-10/2, Islamabad",+92 333 2439050
FBR-102398,M.Zaidi,30902592,1693360,Filer,مکان 234 گلی 7 G-13/1 اسلام آباد,03097801301
FBR-102399,Mubashir Awan,816324,51076,Filer,"House 28, Street 27, Model Town, Lahore",+92 340 3395583
FBR-102401,Talha Baig,1828884,152552,Filer,"258-28 F-8/3, Islamabad",03251316533
FBR-102402,Junaid Mirza,14789028,1089204,Filer,"50-19 Cantt, Multan",+92 310 7773227
FBR-102404,Sardar Qasim Janjua,482532,26344,Filer,"House No. 66, Gali 9, Bahria Phase 4, Rawalpindi",0314-1626767
FBR-102405,Syed Mahnoor Awan,782820,40176,Filer,"House No. 25, Gali 24, Bahria Phase 4, Rawalpindi",0332-1461898
FBR-102406,عثمان چوہدری,2393340,100412,Filer,"132-35 F-8/3, Islamabad",+92 348 7301191
FBR-102407,Mian Uzma Ansari,0,0,Non-Filer,"House No. 265, Gali 25, Johar Town, Lahore",0303-3656233
FBR-102409,M.Joiya,2053872,170882,Filer,مکان 89 گلی 17 Clifton Block 2 کراچی,+92 347 5977410
FBR-102410,بلال Durrani,490704,36406,Filer,"183-16 Gulbahar, Peshawar",03378944908
FBR-102411,Waseem Wazir,1539528,32806,Filer,"House 327, Street 24, D Ground, Faisalabad",0319-8917129
FBR-102412,Babar Orakzai,29233704,2616606,Filer,"207-24 Westridge, Rawalpindi",0310-8373242
FBR-102413,W. Sandhu,2637300,132537,Filer,H#328 St-33 HayatabadPhase3 Peshawar,+92 309 7988644
FBR-102414,Malik Yousuf Sandhu,512952,40573,Filer,"House No. 208, Gali 38, Bahria Phase 4, Rawalpindi",+92 315 1516846
FBR-102415,M. Sial,753444,51053,Filer,H#342 St-15 ShahRukn-e-Alam Multan,0323-7840442
FBR-102416,Sadia Cheema,1609632,122054,Filer,"House 79, Street 19, Cantt, Multan",03169285497
FBR-102418,Obaid Zaidi,609300,43964,Filer,"384-28 Wapda Town, Lahore",+92 319 1438459
FBR-102420,Syed Gul Kazmi,4087500,323235,Filer,"House No. 202, Gali 33, G-10/2, Islamabad",0317-2482845
FBR-102421,N.Rajput,30921096,818360,Filer,مکان 31 گلی 31 Westridge راولپنڈی,+92 310 2600862
FBR-102422,Zafar Zaidi,1730604,47291,Filer,"House 285, Street 9, Cantt, Multan",0334-4489768
FBR-102423,Irfan Warraich,0,0,Non-Filer,"House 304, Street 20, Hayatabad Phase 3, Peshawar",+92 336 4086060
FBR-102425,Khadija Bukhari,362844,18458,Filer,"6-14 Shah Rukn-e-Alam, Multan",03395400067
FBR-102426,F. Siddiqui,0,0,Filer,H#360 St-25 Westridge Rawalpindi,0329-8720280
FBR-102427,O. Mehsud,3411336,250481,Filer,H#112 St-22 PeoplesColony Faisalabad,0342-2445710
FBR-102428,Asad Mughal,0,0,Non-Filer,"House 15, Street 8, Wapda Town, Lahore",03335565225
FBR-102429,Mian Umar Gondal,839208,31842,Filer,"House No. 140, Gali 14, Chaklala Scheme 3, Rawalpindi",03369087141
FBR-102430,Waseem Rizvi,0,0,Non-Filer,"House 145, Street 3, Hayatabad Phase 3, Peshawar",0348-5451032
FBR-102431,Anas Shirazi,2740008,145410,Filer,"House 38, Street 17, Satellite Town, Rawalpindi",+92 341 2740292
FBR-102432,K. Khattak,427044,18422,Filer,H#340 St-6 Gulgasht Multan,03006226950
FBR-102433,حسین Abbasi,788244,44507,Filer,"214-27 D Ground, Faisalabad",03061553318
FBR-102434,L. Butt,537780,36625,Filer,H#74 St-8 ChaklalaScheme3 Rawalpindi,03149421225
FBR-102435,Chaudhary Sadia Kayani,0,0,Non-Filer,"House No. 108, Gali 21, Satellite Town, Rawalpindi",0311-8138153
FBR-102437,A. Siddiqui,3878796,310083,Filer,H#362 St-7 BahriaPhase4 Rawalpindi,0344-1272190
FBR-102438,F. Khan,535200,45583,Filer,H#149 St-6 SatelliteTown Rawalpindi,+92 304 4821846
FBR-102439,Malik Saqib Awan,3354300,268248,Filer,"House No. 396, Gali 39, Clifton Block 2, Karachi",03168993284
FBR-102440,Mian Zubair Sial,0,0,Non-Filer,"House No. 123, Gali 36, Satellite Town, Rawalpindi",+92 300 9377149
FBR-102441,Hamza Gilani,2454012,212900,Filer,"128-10 Johar Town, Lahore",03208519044
FBR-102444,N. Chaudhry,27663420,2029782,Filer,H#299 St-35 ShahRukn-e-Alam Multan,03495629123
FBR-102445,Qasim Virk,3103704,143092,Filer,"260-37 Madina Town, Faisalabad",0343-1979022
FBR-102446,Rauf Joiya,444876,32336,Filer,"House 107, Street 24, Model Town, Lahore",0328-5970144
FBR-102447,Taimoor Afridi,3268692,135354,Filer,"234-10 Cantt, Multan",03363235883
FBR-102448,Hassan Kayani,387468,13319,Filer,"House 244, Street 2, Clifton Block 2, Karachi",03015933512
FBR-102449,S. Khan,14764392,1144170,Filer,H#261 St-27 UniversityTown Peshawar,03141679900
FBR-102451,Rashid خان,818724,25318,Filer,"87-13 North Nazimabad, Karachi",+92 341 3042032
FBR-102452,W. Awan,2707248,229101,Filer,H#283 St-10 BahriaPhase4 Rawalpindi,+92 312 3600857
FBR-102453,Y.Bhatti,1540500,129966,Filer,مکان 270 گلی 13 Hayatabad Phase 3 Peshawar,0329-5985521
FBR-102454,Rana Hussain Durrani,380040,14756,Filer,"House No. 138, Gali 29, Gulbahar, Peshawar",03301473704
FBR-102455,Chaudhary Lubna Siddiqui,429540,18068,Filer,"House No. 342, Gali 2, Chaklala Scheme 3, Rawalpindi",+92 323 6346637
FBR-102456,Uzma Naqvi,11660316,720013,Filer,"4-28 Peoples Colony, Faisalabad",+92 321 7029466
FBR-102457,Syed Iqra Tareen,380472,22970,Filer,"House No. 15, Gali 9, DHA Phase 6, Karachi",0340-2221178
FBR-102458,Rana Nimra Mirza,701496,17604,Filer,"House No. 169, Gali 16, Gulbahar, Peshawar",0321-6585409
FBR-102459,Z. Khattak,401364,29362,Filer,H#241 St-36 GulbergIII Lahore,03375829104
FBR-102460,S. Butt,3126480,148769,Filer,H#329 St-33 SatelliteTown Rawalpindi,+92 309 6989653
FBR-102462,Bushra Yousafzai,734532,60073,Filer,"228-17 Gulgasht, Multan",+92 316 1230532
FBR-102463,A. Gill,46672812,977840,Filer,H#304 St-37 Gulshan-e-Iqbal Karachi,03368238287
FBR-102464,Haji Muhammad Tarar,787200,66607,Filer,"House No. 291, Gali 4, Madina Town, Faisalabad",03253570708
FBR-102465,A.Virk,2679876,178101,Filer,مکان 25 گلی 25 B-17 اسلام آباد,0326-8712448
FBR-102466,Jawad Joiya,628920,46011,Filer,"House 205, Street 21, G-10/2, Islamabad",0317-7952050
FBR-102467,B. Zaidi,0,0,Non-Filer,H#301 St-36 I-8/4 Islamabad,0302-7001450
FBR-102468,Umar Rajput,3853008,96642,Filer,"316-40 Shah Rukn-e-Alam, Multan",+92 319 7673467
FBR-102469,Anas Ansari,2856756,79901,Filer,"273-19 DHA Phase 5, Lahore",+92 313 3362879
FBR-102470,F. Khan,0,0,Filer,H#141 St-6 HayatabadPhase3 Peshawar,0332-6164265
FBR-102471,Malik Mansoor Shirazi,602124,15595,Filer,"House No. 274, Gali 22, I-8/4, Islamabad",03275727628
FBR-102472,Saad Hashmi,2299416,81282,Filer,"House 8, Street 11, Madina Town, Faisalabad",+92 322 7189494
FBR-102473,Shoaib Wazir,553344,30000,Filer,"346-39 Chaklala Scheme 3, Rawalpindi",0325-4041426
FBR-102474,T. Rizvi,409956,24728,Filer,H#269 St-25 HayatabadPhase3 Peshawar,0310-5689804
FBR-102475,Laiba Sial,2819064,61463,Filer,"House 354, Street 40, DHA Phase 6, Karachi",0341-8425962
FBR-102476,Waqas Shirazi,439056,11259,Filer,"14-20 Bahria Phase 4, Rawalpindi",03068784808
FBR-102477,Hamza Gill,303888,9755,Filer,"303-12 Cantt, Multan",03309245704
FBR-102478,M.Gondal,1244100,83739,Filer,مکان 385 گلی 3 Chaklala Scheme 3 راولپنڈی,03114869297
FBR-102481,I. Khan,2118912,129013,Filer,H#12 St-12 B-17 Islamabad,0341-4100766
FBR-102482,E. Virk,2904708,163103,Filer,H#347 St-18 Gulgasht Multan,03319625548
FBR-102483,M. Durrani,425148,27820,Filer,H#117 St-1 DHAPhase6 Karachi,0325-4643930
FBR-102484,Zara Afridi,24092484,1611088,Filer,"274-5 North Nazimabad, Karachi",+92 325 7322401
FBR-102485,Yasir Joiya,0,0,Non-Filer,"House 61, Street 40, B-17, Islamabad",+92 310 8920021
FBR-102487,Uzma Tareen,0,0,Non-Filer,"65-2 Clifton Block 2, Karachi",03422451909
FBR-102489,S. Zaidi,1911060,149329,Filer,H#13 St-25 ShahRukn-e-Alam Multan,+92 336 4430903
FBR-102490,H.Mehsud,2749812,74210,Filer,مکان 277 گلی 23 Clifton Block 2 کراچی,0342-2201455
FBR-102491,Uzma Kazmi,0,0,Non-Filer,"House 113, Street 32, Model Town, Lahore",0301-5799407
FBR-102492,عثمان ملک,0,0,Non-Filer,"233-22 Cantt, Multan",0319-3491461
FBR-102493,Rashid Kayani,721032,45013,Filer,"307-33 Gulshan-e-Iqbal, Karachi",0336-4501267
FBR-102495,Noman Naqvi,3652548,276910,Filer,"House 49, Street 7, Satellite Town, Rawalpindi",+92 320 7506795
FBR-102496,Chaudhary Mansoor Mirza,2719404,205378,Filer,"House No. 228, Gali 15, Westridge, Rawalpindi",+92 321 3424306
FBR-102497,Saqib Gill,30272844,2364187,Filer,"251-24 Bahria Phase 4, Rawalpindi",03291308826
FBR-102498,Malik Nadeem Naqvi,3272784,138803,Filer,"House No. 302, Gali 28, Gulshan-e-Iqbal, Karachi",03125675509
FBR-102499,Hamza ملک,3594900,132009,Filer,"321-9 Model Town, Lahore",03207933616
FBR-102725,Syed Moiz Judge,0,0,Non-Filer,"House No. 12, Gali 4, F-8/3, Islamabad",0300-1234567
FBR-102726,Ayesha Ahmed,0,0,Non-Filer,"House 12, Street 4, F-8/3, Islamabad",0333-3074710
FBR-102727,syed haseeb,0,0,Non-Filer,"12-4 F-8/3, Islamabad",0300-1234567
FBR-102728,s.Ahmed,0,0,Filer,مکان 12 گلی 4 F-8/3 اسلام آباد,0315-5102311
FBR-102500,M. Siddiqui,0,0,Filer,H#141 St-16 B-17 Islamabad,0325-8881187
FBR-102501,Pervez Mirza,0,0,Filer,"House 80, Street 13, North Nazimabad, Karachi",03178011041
FBR-102503,R.Sandhu,0,0,Filer,مکان 225 گلی 35 Johar Town لاہور,0324-3323359
FBR-102504,F.Qureshi,0,0,Non-Filer,مکان 60 گلی 7 Chaklala Scheme 3 راولپنڈی,+92 322 3977259
FBR-102505,H.Gill,0,0,Non-Filer,مکان 342 گلی 7 Bahria Phase 4 راولپنڈی,03278742166
FBR-102506,F. Bukhari,0,0,Non-Filer,H#292 St-40 Gulshan-e-Iqbal Karachi,0339-8778606
FBR-102507,Chaudhary Sana Warraich,0,0,Non-Filer,"House No. 277, Gali 32, Wapda Town, Lahore",+92 303 5913052
FBR-102508,Haji Zara Yousafzai,0,0,Non-Filer,"House No. 333, Gali 6, Shah Rukn-e-Alam, Multan",0348-3247381
FBR-102509,N. Naqvi,0,0,Non-Filer,H#88 St-12 DHAPhase6 Karachi,+92 344 2949602
FBR-102510,K. Qureshi,0,0,Filer,H#366 St-6 UniversityTown Peshawar,03377714259
FBR-102512,Malik Sana Gondal,0,0,Non-Filer,"House No. 40, Gali 19, Bahria Phase 4, Rawalpindi",0333-1072885
FBR-102513,Naveed Janjua,0,0,Filer,"House 192, Street 15, Clifton Block 2, Karachi",+92 316 5101814
FBR-102514,Sajid Abbasi,0,0,Non-Filer,"1-40 Model Town, Lahore",+92 315 1946824
FBR-102516,T. Qureshi,0,0,Non-Filer,H#301 St-16 DGround Faisalabad,0303-7395316
FBR-102518,P. Yousafzai,0,0,Non-Filer,H#69 St-31 BahriaPhase4 Rawalpindi,03188643931
FBR-102519,Chaudhary Nimra Durrani,0,0,Non-Filer,"House No. 192, Gali 25, Shah Rukn-e-Alam, Multan",0306-3521661
FBR-102520,Z. Naqvi,0,0,Non-Filer,H#154 St-18 Westridge Rawalpindi,+92 301 2816657
FBR-102521,Fahad Janjua,0,0,Filer,"170-6 Johar Town, Lahore",03359901929
FBR-102522,بلال Tarar,0,0,Filer,"185-35 Peoples Colony, Faisalabad",03189549184
FBR-102523,K.Warraich,0,0,Non-Filer,مکان 296 گلی 18 DHA Phase 6 کراچی,0300-5728583
FBR-102524,Kamran Shirazi,0,0,Non-Filer,"House 338, Street 20, DHA Phase 5, Lahore",03267458591
FBR-102525,H. Siddiqui,0,0,Non-Filer,H#172 St-28 HayatabadPhase3 Peshawar,03056110756
FBR-102526,Fatima Niazi,0,0,Filer,"House 272, Street 16, F-8/3, Islamabad",0341-1350415
FBR-102527,A. Naqvi,0,0,Filer,H#235 St-6 Gulshan-e-Iqbal Karachi,03031705696
FBR-102528,Nasir Yousafzai,0,0,Filer,"175-12 Bahria Phase 4, Rawalpindi",+92 346 1633682
FBR-102529,Mustafa Sial,0,0,Non-Filer,"250-21 Gulbahar, Peshawar",0338-5400060
FBR-102530,Laiba ملک,0,0,Non-Filer,"54-5 Gulberg III, Lahore",03028760966
FBR-102531,Mian Laiba Khattak,0,0,Non-Filer,"House No. 20, Gali 12, North Nazimabad, Karachi",+92 348 4426007
FBR-102533,Tariq Cheema,0,0,Non-Filer,"House 24, Street 38, E-11/2, Islamabad",+92 349 8885674
FBR-102536,Chaudhary Kashif Mughal,0,0,Filer,"House No. 70, Gali 26, Peoples Colony, Faisalabad",03282123634
FBR-102538,Arsalan Yousafzai,0,0,Filer,"House 163, Street 32, F-8/3, Islamabad",0319-9542620
FBR-102539,Luqman Khokhar,0,0,Non-Filer,"397-20 Gulshan-e-Iqbal, Karachi",+92 332 2581493
FBR-102540,عثمان Mughal,0,0,Filer,"12-16 Shah Rukn-e-Alam, Multan",+92 305 5491003
FBR-102541,Chaudhary Mustafa Mughal,0,0,Non-Filer,"House No. 265, Gali 26, Johar Town, Lahore",0343-1072149
FBR-102542,Fatima Malik,0,0,Filer,"House 77, Street 39, Westridge, Rawalpindi",+92 324 6829205
FBR-102543,L. Raja,0,0,Non-Filer,H#279 St-27 WapdaTown Lahore,+92 339 4724182
FBR-102544,T.Rajput,0,0,Filer,مکان 46 گلی 5 Madina Town Faisalabad,+92 313 6960221
FBR-102545,Sana Siddiqui,0,0,Non-Filer,"236-21 Gulgasht, Multan",0324-8154964
FBR-102546,Z. Raja,0,0,Filer,H#238 St-10 Gulshan-e-Iqbal Karachi,03331128413
FBR-102547,N. Awan,0,0,Filer,H#327 St-30 DHAPhase5 Lahore,03074754074
FBR-102548,Fahad Yousafzai,0,0,Non-Filer,"127-16 Gulgasht, Multan",0308-5907158
FBR-102551,B.Butt,0,0,Non-Filer,مکان 171 گلی 32 Chaklala Scheme 3 راولپنڈی,0314-3362438
FBR-102552,Z.Saddozai,0,0,Filer,مکان 369 گلی 21 University Town Peshawar,+92 333 1869547
FBR-102554,K.Mehsud,0,0,Non-Filer,مکان 350 گلی 3 Wapda Town لاہور,+92 329 8289742
FBR-102555,Ubaid Shirazi,0,0,Non-Filer,"307-8 Cantt, Multan",03341682697
FBR-102556,Malik Irfan Khattak,0,0,Non-Filer,"House No. 317, Gali 3, E-11/2, Islamabad",03201293020
FBR-102559,I.Mehsud,0,0,Non-Filer,مکان 196 گلی 39 F-8/3 اسلام آباد,+92 327 5081001
FBR-102560,Syed Fahad Warraich,0,0,Non-Filer,"House No. 264, Gali 30, Wapda Town, Lahore",0327-2917457
FBR-102561,K. Sandhu,0,0,Filer,H#47 St-26 Gulgasht Multan,+92 300 2161701
FBR-102562,H.Khattak,0,0,Non-Filer,مکان 379 گلی 4 Peoples Colony Faisalabad,+92 340 3257379
FBR-102563,Amna Durrani,0,0,Non-Filer,"House 378, Street 21, Gulbahar, Peshawar",+92 314 8863923
FBR-102564,Rana Saqib Chaudhry,0,0,Non-Filer,"House No. 243, Gali 8, Model Town, Lahore",03289395212
FBR-102565,M.Dar,0,0,Filer,مکان 342 گلی 31 DHA Phase 5 لاہور,0309-4135511
FBR-102566,N. Niazi,0,0,Non-Filer,H#286 St-4 BahriaPhase4 Rawalpindi,+92 339 2531586
FBR-102567,L. Sandhu,0,0,Non-Filer,H#363 St-29 ChaklalaScheme3 Rawalpindi,+92 346 7498463
FBR-102572,M. Awan,0,0,Non-Filer,H#256 St-23 DHAPhase5 Lahore,03016103531
FBR-102573,M.Hashmi,0,0,Filer,مکان 27 گلی 10 F-8/3 اسلام آباد,+92 338 9981915
FBR-102574,R.Cheema,0,0,Non-Filer,مکان 101 گلی 10 Westridge راولپنڈی,03317721697
FBR-102575,Imran Bukhari,0,0,Non-Filer,"House 7, Street 8, Cantt, Multan",+92 313 6373209
FBR-102576,Madiha Cheema,0,0,Filer,"House 295, Street 39, Hayatabad Phase 3, Peshawar",0310-2500036
FBR-102577,H. Awan,0,0,Non-Filer,H#150 St-10 NorthNazimabad Karachi,03409830240
FBR-102578,Chaudhary Sufyan Lodhi,0,0,Non-Filer,"House No. 49, Gali 38, Gulgasht, Multan",03026616643
FBR-102579,Hina Virk,0,0,Non-Filer,"House 127, Street 5, G-13/1, Islamabad",0315-5675458
FBR-102580,Iqra Afridi,0,0,Filer,"374-16 G-10/2, Islamabad",03191848463
FBR-102581,N.Yousafzai,0,0,Non-Filer,مکان 27 گلی 25 Satellite Town راولپنڈی,03379657509
FBR-102582,Pervez Tarar,0,0,Non-Filer,"25-12 Chaklala Scheme 3, Rawalpindi",03329955503
FBR-102583,Tariq Sandhu,0,0,Non-Filer,"108-38 Chaklala Scheme 3, Rawalpindi",03128198924
FBR-102585,Malik Salman Gill,0,0,Non-Filer,"House No. 329, Gali 35, North Nazimabad, Karachi",03054558295
FBR-102586,M. Sial,0,0,Non-Filer,H#28 St-14 DHAPhase6 Karachi,03374402469
FBR-102589,H. Siddiqui,0,0,Filer,H#39 St-17 I-8/4 Islamabad,+92 347 3356961
FBR-102591,Hina Rizvi,0,0,Non-Filer,"House 130, Street 24, Model Town, Lahore",0328-9506949
FBR-102592,Hina Mehsud,0,0,Non-Filer,"House 270, Street 12, Madina Town, Faisalabad",03202472730
FBR-102593,N.Gondal,0,0,Non-Filer,مکان 80 گلی 20 Gulgasht Multan,0319-3666156
FBR-102594,Rauf Baig,0,0,Non-Filer,"House 149, Street 19, North Nazimabad, Karachi",03037720938
FBR-102595,Mansoor چوہدری,0,0,Non-Filer,"279-14 I-8/4, Islamabad",0306-6450324
FBR-102596,U. Kazmi,0,0,Non-Filer,H#105 St-21 F-8/3 Islamabad,+92 348 1011337
FBR-102597,K.Malik,0,0,Non-Filer,مکان 185 گلی 22 Wapda Town لاہور,0315-9983538
FBR-102598,Rana Ehsan Tareen,0,0,Non-Filer,"House No. 241, Gali 7, D Ground, Faisalabad",+92 347 9057631
FBR-102599,Atif Bukhari,0,0,Filer,"House 56, Street 3, D Ground, Faisalabad",+92 347 7378394
FBR-102600,Haji Umar Sandhu,0,0,Non-Filer,"House No. 233, Gali 25, Gulgasht, Multan",03018433551
FBR-102601,Sardar Faisal Kayani,0,0,Non-Filer,"House No. 324, Gali 38, Madina Town, Faisalabad",0321-8395677
FBR-102602,Sadia Abbasi,0,0,Non-Filer,"43-7 Gulbahar, Peshawar",0343-2173918
FBR-102603,Mansoor Durrani,0,0,Non-Filer,"House 320, Street 26, Gulberg III, Lahore",03219965462
FBR-102604,U.Khan,0,0,Non-Filer,مکان 18 گلی 18 Madina Town Faisalabad,+92 304 9817804
FBR-102605,Zara ملک,0,0,Non-Filer,"242-39 Gulbahar, Peshawar",03201073195
FBR-102606,Haji Iqra Khokhar,0,0,Non-Filer,"House No. 47, Gali 12, G-10/2, Islamabad",03188502867
FBR-102607,T.Shirazi,0,0,Non-Filer,مکان 189 گلی 24 Bahria Phase 4 راولپنڈی,03441351278
FBR-102608,Rashid Khattak,0,0,Non-Filer,"House 222, Street 8, Cantt, Multan",0343-1302289
FBR-102609,A.Warraich,0,0,Filer,مکان 140 گلی 1 Chaklala Scheme 3 راولپنڈی,03202070518
FBR-102610,W. Mirza,0,0,Non-Filer,H#172 St-30 G-13/1 Islamabad,0303-5026736
FBR-102612,Junaid Niazi,0,0,Non-Filer,"House 133, Street 24, Satellite Town, Rawalpindi",03009363019
FBR-102614,Kinza Yousafzai,0,0,Non-Filer,"House 166, Street 11, Bahria Phase 4, Rawalpindi",0347-7098183
FBR-102616,Chaudhary Bushra Kazmi,0,0,Non-Filer,"House No. 265, Gali 8, D Ground, Faisalabad",03457845217
FBR-102617,Bilal Qureshi,0,0,Non-Filer,"House 391, Street 34, Shah Rukn-e-Alam, Multan",03462818766
FBR-102618,M.Kazmi,0,0,Non-Filer,مکان 262 گلی 13 Westridge راولپنڈی,+92 325 4672026
FBR-102619,Kamran Warraich,0,0,Non-Filer,"House 379, Street 38, B-17, Islamabad",03268199730
FBR-102620,Chaudhary Fatima Kayani,0,0,Filer,"House No. 7, Gali 7, DHA Phase 5, Lahore",+92 335 6999156
FBR-102621,Mansoor Naqvi,0,0,Non-Filer,"102-32 Westridge, Rawalpindi",0328-6254453
FBR-102622,B.Siddiqui,0,0,Filer,مکان 97 گلی 12 Cantt Multan,03126739446
FBR-102623,Fatima Mehsud,0,0,Non-Filer,"House 34, Street 37, D Ground, Faisalabad",0344-5088661
FBR-102624,Sardar Zara Zaidi,0,0,Filer,"House No. 170, Gali 13, Wapda Town, Lahore",03245091208
FBR-102625,Haji Iqra Shirazi,0,0,Non-Filer,"House No. 331, Gali 13, Peoples Colony, Faisalabad",+92 328 1531397
FBR-102626,Malik Noor Joiya,0,0,Non-Filer,"House No. 56, Gali 18, University Town, Peshawar",+92 325 1999475
FBR-102627,S. Tarar,0,0,Non-Filer,H#253 St-26 DHAPhase5 Lahore,+92 344 7725869
FBR-102629,Laiba Virk,0,0,Filer,"381-14 Hayatabad Phase 3, Peshawar",03191766356
FBR-102630,Danish Ansari,0,0,Non-Filer,"106-32 University Town, Peshawar",0311-6250900
FBR-102631,N. Kazmi,0,0,Non-Filer,H#267 St-7 PeoplesColony Faisalabad,0301-8075121
FBR-102632,F.Bangash,0,0,Non-Filer,مکان 251 گلی 8 University Town Peshawar,03051645109
FBR-102633,K.Butt,0,0,Filer,مکان 244 گلی 17 Clifton Block 2 کراچی,0304-6762918
FBR-102634,Noman Rizvi,0,0,Filer,"House 324, Street 5, D Ground, Faisalabad",0323-2085992
FBR-102635,Tariq Cheema,0,0,Non-Filer,"333-37 Bahria Phase 4, Rawalpindi",0301-3386328
FBR-102636,Junaid Lodhi,0,0,Non-Filer,"357-23 E-11/2, Islamabad",+92 335 4097922
FBR-102637,Haji Rauf Khattak,0,0,Non-Filer,"House No. 134, Gali 11, Gulberg III, Lahore",0332-6770456
FBR-102638,H.Durrani,0,0,Filer,مکان 313 گلی 4 Westridge راولپنڈی,+92 318 6873658
FBR-102639,T.Malik,0,0,Non-Filer,مکان 388 گلی 27 Peoples Colony Faisalabad,03261687493
FBR-102640,T. Mughal,0,0,Non-Filer,H#393 St-40 NorthNazimabad Karachi,+92 334 6771698
FBR-102641,H. Kakar,0,0,Non-Filer,H#207 St-37 Westridge Rawalpindi,+92 317 1524298
FBR-102642,T.Shirazi,0,0,Non-Filer,مکان 344 گلی 39 Chaklala Scheme 3 راولپنڈی,03026770650
FBR-102643,S. Tarar,0,0,Non-Filer,H#111 St-1 Cantt Multan,0326-2601693
FBR-102644,Qasim Siddiqui,0,0,Filer,"230-5 Bahria Phase 4, Rawalpindi",0316-5317249
FBR-102645,Q. Malik,0,0,Filer,H#294 St-29 JoharTown Lahore,03085320780
FBR-102646,Z.Rizvi,0,0,Filer,مکان 338 گلی 11 Satellite Town راولپنڈی,0336-3680726
FBR-102647,Chaudhary Danish Rizvi,0,0,Non-Filer,"House No. 1, Gali 26, Wapda Town, Lahore",0309-8239156
FBR-102648,A.Sandhu,0,0,Non-Filer,مکان 196 گلی 40 University Town Peshawar,0349-6637599
FBR-102649,A. Awan,0,0,Non-Filer,H#262 St-22 Gulshan-e-Iqbal Karachi,03423124033
FBR-102651,Danish شیخ,0,0,Filer,"342-30 North Nazimabad, Karachi",0313-4358395
FBR-102652,Farhan Niazi,0,0,Filer,"House 83, Street 8, Peoples Colony, Faisalabad",0304-3554392
FBR-102653,Laiba Rajput,0,0,Non-Filer,"House 93, Street 13, Cantt, Multan",+92 316 5995918
FBR-102654,G. Bukhari,0,0,Non-Filer,H#341 St-4 ShahRukn-e-Alam Multan,03449110916
FBR-102655,Y.Awan,0,0,Non-Filer,مکان 294 گلی 15 G-13/1 اسلام آباد,+92 322 8908455
FBR-102657,Hassan Ansari,0,0,Non-Filer,"House 78, Street 19, F-8/3, Islamabad",0324-4256164
FBR-102658,Mehwish Sandhu,0,0,Non-Filer,"House 148, Street 4, Clifton Block 2, Karachi",0323-2418621
FBR-102659,Gul Bangash,0,0,Non-Filer,"House 4, Street 12, Gulbahar, Peshawar",+92 305 1265074
FBR-102660,Khadija Kazmi,0,0,Filer,"House 275, Street 24, DHA Phase 6, Karachi",+92 307 3122436
FBR-102661,W.Kakar,0,0,Non-Filer,مکان 110 گلی 4 Gulberg III لاہور,0341-8169923
FBR-102662,بلال Gill,0,0,Filer,"114-36 Gulgasht, Multan",03474835070
FBR-102663,Zeeshan شیخ,0,0,Filer,"71-2 Clifton Block 2, Karachi",03371555953
FBR-102664,Atif ملک,0,0,Non-Filer,"130-27 Bahria Phase 4, Rawalpindi",+92 333 8726065
FBR-102665,Chaudhary Hassan Joiya,0,0,Non-Filer,"House No. 212, Gali 17, Gulbahar, Peshawar",03229620884
FBR-102666,Rana Muhammad Orakzai,0,0,Non-Filer,"House No. 202, Gali 35, Model Town, Lahore",03068181056
FBR-102667,Haji Haris Sial,0,0,Non-Filer,"House No. 172, Gali 17, Clifton Block 2, Karachi",+92 304 5599709
FBR-102668,Saad Mehsud,0,0,Non-Filer,"199-12 G-10/2, Islamabad",03027329770
FBR-102669,A. Saddozai,0,0,Non-Filer,H#30 St-15 PeoplesColony Faisalabad,0349-1574034
FBR-102670,Farhan Gondal,0,0,Non-Filer,"237-39 Johar Town, Lahore",03026305096
FBR-102672,Noor Siddiqui,0,0,Filer,"215-38 Wapda Town, Lahore",03147846562
FBR-102674,F. Zaidi,0,0,Non-Filer,H#285 St-13 DGround Faisalabad,+92 318 3217318
FBR-102675,بلال خان,0,0,Non-Filer,"109-3 G-10/2, Islamabad",0321-5088345
FBR-102677,Syed Zeeshan Mehsud,0,0,Filer,"House No. 167, Gali 11, Wapda Town, Lahore",+92 318 3836338
FBR-102678,Rana Sadia Gondal,0,0,Non-Filer,"House No. 70, Gali 38, Westridge, Rawalpindi",03117488346
FBR-102679,Haji Tooba Bhatti,0,0,Filer,"House No. 217, Gali 38, Westridge, Rawalpindi",0333-7968180
FBR-102680,Rana Rabia Rizvi,0,0,Non-Filer,"House No. 387, Gali 30, Hayatabad Phase 3, Peshawar",0331-3002648
FBR-102681,Rana Ahmed Cheema,0,0,Non-Filer,"House No. 385, Gali 28, Madina Town, Faisalabad",03386138132
FBR-102682,Zafar Kazmi,0,0,Non-Filer,"House 164, Street 23, Gulshan-e-Iqbal, Karachi",0310-1717087
FBR-102683,Tariq بٹ,0,0,Non-Filer,"336-11 DHA Phase 5, Lahore",+92 321 1844801
FBR-102684,Rauf Tareen,0,0,Filer,"House 239, Street 2, Wapda Town, Lahore",0314-7126768
FBR-102686,Fahad Janjua,0,0,Non-Filer,"House 50, Street 34, Clifton Block 2, Karachi",0345-1288764
FBR-102687,N. Kayani,0,0,Non-Filer,H#73 St-37 WapdaTown Lahore,0326-8929095
FBR-102688,Luqman Mughal,0,0,Non-Filer,"233-2 Chaklala Scheme 3, Rawalpindi",+92 309 4121642
FBR-102689,Tariq ملک,0,0,Non-Filer,"46-22 G-13/1, Islamabad",03178485108
FBR-102690,Haji Gul Saddozai,0,0,Non-Filer,"House No. 3, Gali 16, Madina Town, Faisalabad",0348-7967136
FBR-102691,Chaudhary Ghulam Chaudhry,0,0,Non-Filer,"House No. 369, Gali 24, North Nazimabad, Karachi",03313256065
FBR-102692,Khalid ملک,0,0,Non-Filer,"227-19 Hayatabad Phase 3, Peshawar",0338-4670161
FBR-102693,Anas Bhatti,0,0,Filer,"House 220, Street 17, Madina Town, Faisalabad",0317-2651642
FBR-102695,K.Abbasi,0,0,Filer,مکان 206 گلی 13 Westridge راولپنڈی,03145347334
FBR-102696,Q. Joiya,0,0,Filer,H#327 St-9 NorthNazimabad Karachi,+92 313 1014235
FBR-102698,T. Sandhu,0,0,Non-Filer,H#194 St-9 Cantt Multan,0328-4804472
FBR-102700,K.Mehsud,0,0,Non-Filer,مکان 355 گلی 2 Gulgasht Multan,03497501157
FBR-102701,A.Gondal,0,0,Non-Filer,مکان 176 گلی 34 Cantt Multan,0316-4881016
FBR-102702,Z.Naqvi,0,0,Filer,مکان 339 گلی 2 DHA Phase 5 لاہور,+92 317 4822476
FBR-102703,F.Zaidi,0,0,Non-Filer,مکان 165 گلی 36 Bahria Phase 4 راولپنڈی,03423432140
FBR-102704,Chaudhary Imran Bhatti,0,0,Filer,"House No. 47, Gali 25, Chaklala Scheme 3, Rawalpindi",+92 335 4742228
FBR-102705,Nadeem Orakzai,0,0,Non-Filer,"277-19 Peoples Colony, Faisalabad",0314-4344524
FBR-102706,Z.Janjua,0,0,Filer,مکان 190 گلی 3 Clifton Block 2 کراچی,03323152222
FBR-102707,Malik Zafar Malik,0,0,Non-Filer,"House No. 70, Gali 2, Chaklala Scheme 3, Rawalpindi",+92 313 1334994
FBR-102708,F. Zaidi,0,0,Non-Filer,H#288 St-8 B-17 Islamabad,03397718915
FBR-102710,A. Lodhi,0,0,Non-Filer,H#40 St-17 Gulbahar Peshawar,03348529542
FBR-102711,Malik Naveed Sheikh,0,0,Non-Filer,"House No. 173, Gali 34, North Nazimabad, Karachi",0307-3084381
FBR-102712,Mian Obaid Gilani,0,0,Filer,"House No. 328, Gali 15, Model Town, Lahore",+92 313 9359201
FBR-102713,Ahmed Afridi,0,0,Non-Filer,"House 317, Street 29, North Nazimabad, Karachi",0331-9263047
FBR-102714,Syed Yasir Niazi,0,0,Filer,"House No. 14, Gali 14, Peoples Colony, Faisalabad",+92 329 1945074
FBR-102715,Rana Wajahat Naqvi,0,0,Filer,"House No. 110, Gali 5, Gulshan-e-Iqbal, Karachi",0325-8526784
FBR-102716,Iqra Warraich,0,0,Non-Filer,"House 304, Street 20, Hayatabad Phase 3, Peshawar",0329-7887394
FBR-102717,Nadia Afridi,0,0,Non-Filer,"House 360, Street 19, Westridge, Rawalpindi",03412487802
FBR-102718,Javeria Mughal,0,0,Non-Filer,"15-8 Wapda Town, Lahore",+92 336 3241437
FBR-102719,Noman Cheema,0,0,Filer,"House 90, Street 32, Chaklala Scheme 3, Rawalpindi",+92 307 2289492
FBR-102720,H. Zaidi,0,0,Filer,H#301 St-36 I-8/4 Islamabad,0311-7526630
FBR-102721,H. Durrani,0,0,Non-Filer,H#117 St-1 DHAPhase6 Karachi,03118888755
FBR-102723,Yousuf Kazmi,0,0,Non-Filer,"113-32 Model Town, Lahore",03196993780
FBR-102724,Sana ملک,0,0,Non-Filer,"233-22 Cantt, Multan",+92 328 4773320
