source,record_id,person_id
fbr,FBR-100000,0
excise,RIR-9236,0
excise,KAR-6997,0
excise,LEA-6748,0
disco,MTR-41309099,0
property,REG-681811,0
property,REG-109098,0
banking,PK53-3670449118,0
banking,PK45-9727847913,0
banking,PK34-4975976994,0
banking,PK70-7136616347,0
travel,TRP-5928043,0
travel,TRP-3864474,0
travel,TRP-4100890,0
fbr,FBR-100001,1
disco,MTR-14136232,1
banking,PK57-9621386065,1
excise,RIR-1788,2
disco,MTR-93348828,2
banking,PK14-6669008912,2
fbr,FBR-100003,3
excise,RIR-6380,3
excise,LEA-9568,3
excise,ICT-2959,3
disco,MTR-68087047,3
property,REG-663357,3
banking,PK89-4406121844,3
travel,TRP-3980886,3
travel,TRP-9680402,3
travel,TRP-9838407,3
travel,TRP-5831336,3
fbr,FBR-100004,4
disco,MTR-80204163,4
fbr,FBR-100005,5
excise,ICT-7805,5
disco,MTR-71459213,5
banking,PK85-6756213770,5
fbr,FBR-100006,6
disco,MTR-12986213,6
banking,PK66-4900624904,6
travel,TRP-9060352,6
fbr,FBR-100007,7
disco,MTR-48129457,7
fbr,FBR-100008,8
excise,AFR-3857,8
disco,MTR-45472873,8
banking,PK99-2914278120,8
fbr,FBR-100009,9
disco,MTR-64653981,9
banking,PK38-9671304166,9
fbr,FBR-100010,10
disco,MTR-39022555,10
banking,PK64-6221099461,10
fbr,FBR-100011,11
excise,KAR-1554,11
disco,MTR-70195738,11
banking,PK69-2838278841,11
fbr,FBR-100012,12
excise,RIR-8331,12
excise,AFR-5902,12
disco,MTR-44057736,12
property,REG-598408,12
banking,PK63-7301773105,12
travel,TRP-2275594,12
travel,TRP-1976246,12
travel,TRP-7251201,12
fbr,FBR-100013,13
excise,LEA-3381,13
banking,PK95-4275735718,13
fbr,FBR-100014,14
excise,ICT-1388,14
disco,MTR-63566592,14
banking,PK50-3157716066,14
disco,MTR-78601597,15
banking,PK84-7062813381,15
fbr,FBR-100016,16
excise,AFR-3146,16
disco,MTR-47344670,16
fbr,FBR-100017,17
excise,RIR-8038,17
disco,MTR-38617102,17
disco,MTR-91296702,18
property,REG-921130,18
fbr,FBR-100019,19
excise,LEA-241,19
disco,MTR-66157785,19
banking,PK89-5805756498,19
fbr,FBR-100020,20
disco,MTR-37586308,20
banking,PK83-9983782476,20
fbr,FBR-100021,21
disco,MTR-42502527,21
travel,TRP-9640441,21
fbr,FBR-100022,22
disco,MTR-17244245,22
property,REG-571628,22
fbr,FBR-100023,23
excise,RIR-5073,23
disco,MTR-90213329,23
property,REG-260118,23
property,REG-209724,23
banking,PK17-3733524381,23
banking,PK28-1540933236,23
travel,TRP-7399812,23
travel,TRP-2448717,23
travel,TRP-6900463,23
travel,TRP-1824706,23
travel,TRP-8772927,23
excise,ICT-4937,24
disco,MTR-15998983,24
travel,TRP-9657185,24
fbr,FBR-100025,25
disco,MTR-15591248,25
banking,PK84-7464181146,25
travel,TRP-6523544,25
fbr,FBR-100026,26
excise,LEA-2361,26
disco,MTR-35975112,26
property,REG-889825,26
banking,PK75-1071624258,26
banking,PK82-6539856155,26
travel,TRP-4915104,26
travel,TRP-7859186,26
fbr,FBR-100027,27
disco,MTR-61002447,27
banking,PK94-4804937484,27
travel,TRP-1700187,27
fbr,FBR-100028,28
excise,KAR-4504,28
excise,RIR-2501,28
excise,ICT-7924,28
disco,MTR-90490408,28
property,REG-663556,28
banking,PK97-4988068944,28
banking,PK73-7117754787,28
banking,PK55-7166844130,28
banking,PK16-6182070900,28
travel,TRP-6490864,28
travel,TRP-5710444,28
fbr,FBR-100029,29
excise,AFR-182,29
disco,MTR-39416977,29
property,REG-883150,29
banking,PK63-4782797552,29
banking,PK72-8970566223,29
banking,PK52-4218591807,29
travel,TRP-9903930,29
travel,TRP-1714268,29
travel,TRP-4649178,29
fbr,FBR-100030,30
excise,RIR-6578,30
excise,AFR-466,30
excise,ICT-9317,30
property,REG-260617,30
banking,PK53-5725796546,30
banking,PK44-7184644643,30
travel,TRP-1314439,30
fbr,FBR-100031,31
disco,MTR-28906449,31
property,REG-524584,31
banking,PK69-3004122832,31
fbr,FBR-100032,32
excise,KAR-8299,32
disco,MTR-46287573,32
fbr,FBR-100033,33
excise,RIR-9155,33
excise,KAR-9894,33
disco,MTR-23115897,33
property,REG-375242,33
banking,PK37-6591839941,33
banking,PK61-4076559327,33
travel,TRP-6860272,33
travel,TRP-7255608,33
fbr,FBR-100034,34
excise,KAR-677,34
disco,MTR-87124734,34
banking,PK77-6637578747,34
fbr,FBR-100035,35
excise,RIR-5933,35
disco,MTR-70995860,35
banking,PK37-1031359041,35
disco,MTR-86205634,36
banking,PK35-9637195933,36
fbr,FBR-100037,37
excise,LEA-8399,37
excise,KAR-9656,37
disco,MTR-27236582,37
property,REG-266793,37
banking,PK52-9010744717,37
banking,PK58-9223632105,37
travel,TRP-2835015,37
travel,TRP-4147074,37
travel,TRP-2682205,37
fbr,FBR-100038,38
excise,LEA-4080,38
excise,ICT-1923,38
excise,KAR-287,38
disco,MTR-49068079,38
property,REG-793528,38
property,REG-876431,38
banking,PK71-9872029928,38
banking,PK46-9801787009,38
banking,PK30-7015555598,38
travel,TRP-4870352,38
travel,TRP-9162832,38
fbr,FBR-100039,39
excise,LEA-9595,39
disco,MTR-33508440,39
banking,PK60-4129422632,39
fbr,FBR-100040,40
excise,AFR-3881,40
disco,MTR-10571999,40
property,REG-426629,40
property,REG-270838,40
banking,PK41-1813459680,40
banking,PK87-2949038093,40
travel,TRP-7892172,40
travel,TRP-7408675,40
fbr,FBR-100041,41
excise,KAR-7595,41
excise,ICT-6453,41
excise,RIR-9719,41
disco,MTR-20741296,41
property,REG-377030,41
property,REG-456815,41
banking,PK85-4444532908,41
banking,PK47-5991602131,41
travel,TRP-2764731,41
travel,TRP-7074314,41
travel,TRP-8649014,41
travel,TRP-5502386,41
fbr,FBR-100042,42
disco,MTR-97235411,42
property,REG-135410,42
banking,PK15-8840095562,42
travel,TRP-1925668,42
fbr,FBR-100043,43
excise,LEA-950,43
disco,MTR-43853894,43
fbr,FBR-100044,44
excise,LEA-5687,44
excise,RIR-2403,44
excise,AFR-5730,44
disco,MTR-61343672,44
property,REG-657536,44
property,REG-938396,44
banking,PK49-4884859229,44
banking,PK48-5168793922,44
banking,PK91-9420649582,44
travel,TRP-3052579,44
travel,TRP-6469850,44
travel,TRP-9799372,44
fbr,FBR-100045,45
disco,MTR-87502343,45
property,REG-668225,45
banking,PK99-1177500057,45
travel,TRP-1060841,45
fbr,FBR-100046,46
excise,KAR-6900,46
disco,MTR-23109745,46
property,REG-365145,46
banking,PK78-6762361623,46
travel,TRP-9278067,46
travel,TRP-1175585,46
travel,TRP-8473146,46
fbr,FBR-100047,47
excise,KAR-8019,47
disco,MTR-57029564,47
property,REG-858982,47
banking,PK82-4906234933,47
travel,TRP-8442905,47
travel,TRP-6607731,47
travel,TRP-4078929,47
travel,TRP-6802014,47
fbr,FBR-100048,48
excise,RIR-3233,48
disco,MTR-93568775,48
disco,MTR-79595566,49
disco,MTR-49327336,50
fbr,FBR-100051,51
excise,KAR-6357,51
excise,RIR-4387,51
property,REG-724356,51
banking,PK96-2426306018,51
travel,TRP-7643810,51
travel,TRP-1193365,51
fbr,FBR-100052,52
disco,MTR-53357953,52
banking,PK71-2515744164,52
fbr,FBR-100053,53
disco,MTR-17462790,53
fbr,FBR-100054,54
excise,RIR-2984,54
excise,KAR-8172,54
excise,ICT-7192,54
property,REG-342428,54
property,REG-804505,54
banking,PK52-2961398180,54
banking,PK39-6485679107,54
travel,TRP-2702398,54
travel,TRP-7279849,54
travel,TRP-2218410,54
travel,TRP-2607887,54
fbr,FBR-100055,55
disco,MTR-55753342,55
property,REG-490344,55
banking,PK72-9913636459,55
disco,MTR-24774041,56
banking,PK25-6980019840,56
travel,TRP-3018711,56
fbr,FBR-100057,57
excise,RIR-780,57
disco,MTR-85480965,57
fbr,FBR-100058,58
excise,RIR-6941,58
disco,MTR-75175079,58
property,REG-938072,58
banking,PK24-7477910927,58
banking,PK54-3695996121,58
banking,PK77-1147209338,58
banking,PK91-9009262915,58
travel,TRP-5743218,58
travel,TRP-1834110,58
travel,TRP-6816315,58
travel,TRP-7501644,58
fbr,FBR-100059,59
excise,AFR-6087,59
property,REG-560215,59
banking,PK54-7135456306,59
fbr,FBR-100060,60
disco,MTR-59818487,60
banking,PK43-3855235648,60
travel,TRP-6739511,60
fbr,FBR-100061,61
excise,KAR-1695,61
disco,MTR-47862613,61
property,REG-183328,61
fbr,FBR-100062,62
excise,RIR-4547,62
excise,LEA-8488,62
excise,LEA-5985,62
disco,MTR-31040273,62
property,REG-273993,62
property,REG-590836,62
banking,PK43-3701677843,62
banking,PK65-9776527376,62
travel,TRP-9152287,62
travel,TRP-7558348,62
travel,TRP-3685540,62
fbr,FBR-100063,63
disco,MTR-81539870,63
banking,PK25-9246709525,63
travel,TRP-8620212,63
fbr,FBR-100064,64
disco,MTR-85188624,64
banking,PK38-2124566911,64
excise,LEA-2665,65
disco,MTR-88818874,65
property,REG-534184,65
fbr,FBR-100066,66
disco,MTR-46475851,66
travel,TRP-8925498,66
fbr,FBR-100067,67
disco,MTR-91103559,67
fbr,FBR-100068,68
excise,LEA-7089,68
disco,MTR-96691736,68
property,REG-977150,68
fbr,FBR-100069,69
excise,KAR-9921,69
excise,AFR-8600,69
disco,MTR-72719553,69
property,REG-578145,69
banking,PK50-5453761971,69
travel,TRP-1612597,69
travel,TRP-2445038,69
travel,TRP-9707087,69
travel,TRP-2827004,69
fbr,FBR-100070,70
excise,LEA-6422,70
excise,KAR-3956,70
property,REG-262288,70
banking,PK58-8979287418,70
banking,PK94-5692203566,70
banking,PK71-6972224708,70
travel,TRP-8759588,70
travel,TRP-4153748,70
travel,TRP-9977736,70
fbr,FBR-100071,71
disco,MTR-63355943,71
banking,PK93-5530161660,71
travel,TRP-2863712,71
fbr,FBR-100072,72
excise,LEA-1537,72
excise,LEA-8797,72
excise,AFR-939,72
disco,MTR-39266348,72
property,REG-588850,72
property,REG-245230,72
banking,PK37-4224029675,72
banking,PK91-1124793561,72
travel,TRP-9501735,72
travel,TRP-8290462,72
travel,TRP-2136149,72
fbr,FBR-100073,73
disco,MTR-35031616,73
banking,PK48-5129327659,73
fbr,FBR-100074,74
excise,KAR-1495,74
disco,MTR-98573777,74
property,REG-604870,74
banking,PK22-3955347415,74
travel,TRP-3996034,74
fbr,FBR-100075,75
disco,MTR-71119118,75
property,REG-463076,75
fbr,FBR-100076,76
excise,LEA-5918,76
disco,MTR-23879465,76
property,REG-132117,76
property,REG-833400,76
banking,PK27-7490882544,76
banking,PK76-3253844196,76
banking,PK47-7634730493,76
banking,PK18-7945746933,76
travel,TRP-3687135,76
travel,TRP-6490139,76
fbr,FBR-100077,77
excise,KAR-2933,77
disco,MTR-38159410,77
property,REG-882051,77
banking,PK35-9571743769,77
travel,TRP-1505595,77
travel,TRP-7467733,77
excise,KAR-1731,78
disco,MTR-10575014,78
banking,PK52-3372192211,78
fbr,FBR-100079,79
excise,AFR-6783,79
disco,MTR-36191515,79
fbr,FBR-100080,80
excise,RIR-3950,80
excise,RIR-8241,80
property,REG-191162,80
banking,PK69-3311993357,80
banking,PK78-3523555561,80
travel,TRP-8900187,80
fbr,FBR-100081,81
excise,AFR-6764,81
disco,MTR-21846501,81
property,REG-843064,81
fbr,FBR-100082,82
excise,ICT-1886,82
excise,ICT-3460,82
disco,MTR-18158813,82
property,REG-173765,82
banking,PK97-7424592713,82
travel,TRP-3124764,82
travel,TRP-4696468,82
travel,TRP-9612818,82
travel,TRP-8841865,82
fbr,FBR-100083,83
disco,MTR-51568151,83
banking,PK64-5876667885,83
fbr,FBR-100084,84
disco,MTR-17273282,84
banking,PK74-8967473739,84
fbr,FBR-100085,85
excise,LEA-1030,85
disco,MTR-72541552,85
property,REG-789531,85
property,REG-255831,85
banking,PK34-2460579054,85
travel,TRP-7586532,85
travel,TRP-6553502,85
excise,KAR-1326,86
disco,MTR-54256849,86
property,REG-573415,86
banking,PK34-6622834251,86
excise,ICT-6956,87
disco,MTR-23873812,87
fbr,FBR-100088,88
excise,RIR-6178,88
disco,MTR-87931150,88
property,REG-623996,88
property,REG-529855,88
banking,PK96-8831789409,88
travel,TRP-3384327,88
travel,TRP-8451141,88
travel,TRP-1622874,88
travel,TRP-2808824,88
fbr,FBR-100089,89
excise,LEA-3888,89
excise,AFR-6291,89
excise,ICT-140,89
disco,MTR-21413833,89
property,REG-344500,89
banking,PK16-6650272287,89
banking,PK17-2718971996,89
travel,TRP-1889459,89
travel,TRP-9238780,89
travel,TRP-8156941,89
travel,TRP-3967621,89
travel,TRP-9301669,89
fbr,FBR-100090,90
property,REG-934210,90
fbr,FBR-100091,91
excise,AFR-7050,91
disco,MTR-82846503,91
property,REG-496360,91
banking,PK34-4855020873,91
fbr,FBR-100092,92
excise,ICT-2041,92
disco,MTR-63738922,92
property,REG-780383,92
banking,PK38-6261057489,92
banking,PK62-9947436896,92
travel,TRP-1859692,92
travel,TRP-7075376,92
travel,TRP-5849620,92
travel,TRP-3888174,92
travel,TRP-6599609,92
travel,TRP-3801766,92
fbr,FBR-100093,93
excise,RIR-744,93
disco,MTR-41991528,93
property,REG-877580,93
banking,PK10-6670347401,93
travel,TRP-9740342,93
fbr,FBR-100094,94
excise,RIR-7377,94
disco,MTR-85824617,94
banking,PK41-2362956048,94
excise,KAR-8483,95
disco,MTR-90054740,95
property,REG-624371,95
fbr,FBR-100096,96
banking,PK52-4548649570,96
fbr,FBR-100097,97
excise,AFR-4161,97
disco,MTR-43832258,97
property,REG-452268,97
fbr,FBR-100098,98
excise,AFR-7653,98
disco,MTR-44625815,98
banking,PK88-5225050022,98
fbr,FBR-100099,99
excise,AFR-4791,99
disco,MTR-66630797,99
banking,PK56-8745189396,99
travel,TRP-6625197,99
fbr,FBR-100100,100
property,REG-533959,100
banking,PK63-4463822274,100
excise,RIR-4995,101
excise,AFR-6675,101
disco,MTR-20724650,101
property,REG-284570,101
banking,PK79-6932319349,101
banking,PK87-2332136758,101
banking,PK29-1190937149,101
banking,PK31-1072029093,101
travel,TRP-7529675,101
travel,TRP-9878239,101
travel,TRP-9105360,101
travel,TRP-1121687,101
travel,TRP-6821001,101
fbr,FBR-100102,102
excise,KAR-3677,102
disco,MTR-95366281,102
property,REG-843635,102
banking,PK62-5461085968,102
fbr,FBR-100103,103
excise,RIR-6327,103
disco,MTR-79108609,103
property,REG-846245,103
property,REG-660630,103
banking,PK30-7936200936,103
banking,PK72-2772019437,103
banking,PK16-5102618056,103
banking,PK58-1961409737,103
travel,TRP-1283679,103
travel,TRP-4317311,103
travel,TRP-8731063,103
travel,TRP-7175540,103
travel,TRP-7221890,103
travel,TRP-3248209,103
fbr,FBR-100104,104
disco,MTR-18281633,104
fbr,FBR-100105,105
excise,RIR-8151,105
disco,MTR-29990089,105
banking,PK27-6420579726,105
travel,TRP-7079661,105
fbr,FBR-100106,106
disco,MTR-12959768,106
property,REG-853328,106
banking,PK17-4038268700,106
fbr,FBR-100107,107
disco,MTR-45163181,107
banking,PK97-7972504667,107
fbr,FBR-100108,108
disco,MTR-40036360,108
property,REG-748092,108
fbr,FBR-100109,109
excise,LEA-3248,109
disco,MTR-22629912,109
property,REG-414984,109
banking,PK98-3418860540,109
travel,TRP-3665701,109
excise,AFR-7878,110
disco,MTR-70905581,110
property,REG-337076,110
banking,PK13-4587363131,110
travel,TRP-4153501,110
travel,TRP-1381009,110
travel,TRP-7658917,110
travel,TRP-4660789,110
excise,ICT-9265,111
disco,MTR-39018227,111
banking,PK72-6554048083,111
fbr,FBR-100112,112
excise,ICT-3566,112
disco,MTR-13211324,112
banking,PK64-8346261022,112
fbr,FBR-100113,113
excise,AFR-7157,113
banking,PK21-1559502902,113
fbr,FBR-100114,114
excise,ICT-4513,114
disco,MTR-83021172,114
property,REG-665198,114
banking,PK58-1326967312,114
travel,TRP-5523361,114
travel,TRP-5140593,114
travel,TRP-5478131,114
fbr,FBR-100115,115
excise,KAR-2554,115
disco,MTR-45843604,115
property,REG-566638,115
banking,PK57-4757039945,115
banking,PK87-3463536267,115
travel,TRP-5355728,115
travel,TRP-8950071,115
travel,TRP-6548553,115
fbr,FBR-100116,116
excise,AFR-227,116
disco,MTR-18970696,116
banking,PK84-8521611445,116
fbr,FBR-100117,117
excise,KAR-309,117
property,REG-454251,117
fbr,FBR-100118,118
disco,MTR-42913331,118
fbr,FBR-100119,119
excise,LEA-6892,119
disco,MTR-73398160,119
property,REG-167894,119
property,REG-611328,119
banking,PK19-7018661167,119
banking,PK83-7259814068,119
banking,PK79-8582310827,119
travel,TRP-9314402,119
travel,TRP-3466780,119
travel,TRP-1516641,119
travel,TRP-2013391,119
travel,TRP-4410278,119
travel,TRP-9885323,119
fbr,FBR-100120,120
excise,KAR-9603,120
excise,ICT-9449,120
excise,AFR-2632,120
disco,MTR-64944172,120
property,REG-597834,120
banking,PK27-7129221148,120
banking,PK30-3156696866,120
banking,PK10-4463742154,120
travel,TRP-8339416,120
travel,TRP-7525330,120
fbr,FBR-100121,121
excise,AFR-5716,121
disco,MTR-74241397,121
property,REG-896976,121
fbr,FBR-100122,122
excise,RIR-2222,122
disco,MTR-31386369,122
property,REG-285297,122
banking,PK70-1228520817,122
fbr,FBR-100123,123
disco,MTR-94120268,123
property,REG-186496,123
travel,TRP-4676232,123
fbr,FBR-100124,124
excise,LEA-1670,124
disco,MTR-39857789,124
banking,PK51-8833624009,124
fbr,FBR-100125,125
excise,RIR-474,125
disco,MTR-88068296,125
banking,PK20-4124520973,125
fbr,FBR-100126,126
excise,AFR-9553,126
disco,MTR-58100262,126
property,REG-294194,126
banking,PK55-2719880971,126
fbr,FBR-100127,127
excise,KAR-6035,127
excise,ICT-7799,127
excise,ICT-977,127
disco,MTR-72779379,127
property,REG-509491,127
property,REG-629522,127
banking,PK95-2681209011,127
travel,TRP-1384288,127
travel,TRP-8504013,127
travel,TRP-7091258,127
travel,TRP-1389380,127
fbr,FBR-100128,128
excise,AFR-5017,128
excise,LEA-3930,128
disco,MTR-53698864,128
property,REG-192144,128
banking,PK66-9978933612,128
banking,PK55-9776319254,128
travel,TRP-6425250,128
travel,TRP-7542015,128
fbr,FBR-100129,129
disco,MTR-14320951,129
banking,PK36-6627873303,129
fbr,FBR-100130,130
excise,LEA-3006,130
disco,MTR-87115184,130
banking,PK62-4014678200,130
fbr,FBR-100131,131
excise,LEA-8547,131
disco,MTR-13477862,131
fbr,FBR-100132,132
excise,KAR-1584,132
excise,AFR-9409,132
excise,LEA-6672,132
disco,MTR-55102920,132
property,REG-626035,132
banking,PK92-5071287855,132
travel,TRP-8089455,132
fbr,FBR-100133,133
banking,PK37-3904353432,133
fbr,FBR-100134,134
excise,ICT-3860,134
excise,AFR-6171,134
excise,RIR-8134,134
disco,MTR-84405920,134
property,REG-227337,134
banking,PK35-1254636985,134
banking,PK29-1949882416,134
banking,PK59-3719856191,134
banking,PK30-1382482909,134
travel,TRP-7793903,134
travel,TRP-7829497,134
travel,TRP-1639900,134
travel,TRP-6912239,134
travel,TRP-1582698,134
travel,TRP-8251085,134
fbr,FBR-100135,135
disco,MTR-69466854,135
property,REG-576199,135
travel,TRP-7555631,135
fbr,FBR-100136,136
excise,KAR-2221,136
disco,MTR-21381979,136
banking,PK79-7008734370,136
fbr,FBR-100137,137
excise,ICT-2690,137
excise,LEA-3479,137
excise,LEA-4581,137
disco,MTR-62382269,137
property,REG-729358,137
banking,PK17-1645098787,137
banking,PK25-7507028022,137
travel,TRP-3506902,137
travel,TRP-5544401,137
travel,TRP-2260050,137
excise,LEA-5076,138
disco,MTR-25402457,138
property,REG-814558,138
banking,PK15-7729621392,138
fbr,FBR-100139,139
excise,LEA-8193,139
excise,LEA-2201,139
disco,MTR-80650419,139
property,REG-363995,139
banking,PK33-3026052352,139
banking,PK58-9225213265,139
banking,PK99-2918759935,139
banking,PK97-9208995700,139
travel,TRP-2598563,139
travel,TRP-4688768,139
travel,TRP-6963830,139
travel,TRP-4582498,139
travel,TRP-5641038,139
fbr,FBR-100140,140
excise,AFR-8231,140
disco,MTR-57774108,140
banking,PK74-9300417166,140
fbr,FBR-100141,141
excise,LEA-3612,141
disco,MTR-90810071,141
banking,PK11-6539810853,141
fbr,FBR-100142,142
excise,KAR-305,142
disco,MTR-31750551,142
banking,PK97-1545714643,142
fbr,FBR-100143,143
banking,PK65-3447788688,143
fbr,FBR-100144,144
excise,RIR-9574,144
disco,MTR-98291620,144
banking,PK25-6304451948,144
fbr,FBR-100145,145
excise,AFR-4327,145
excise,KAR-9501,145
disco,MTR-35960560,145
property,REG-583620,145
property,REG-926606,145
banking,PK72-3558148250,145
banking,PK72-4672048069,145
banking,PK56-4718954345,145
travel,TRP-6608829,145
travel,TRP-7923925,145
travel,TRP-1214182,145
travel,TRP-5195801,145
travel,TRP-4760977,145
travel,TRP-7390274,145
fbr,FBR-100146,146
excise,LEA-1036,146
disco,MTR-68898994,146
fbr,FBR-100147,147
excise,RIR-5150,147
disco,MTR-76993101,147
travel,TRP-8113716,147
fbr,FBR-100148,148
excise,RIR-4548,148
disco,MTR-30183757,148
property,REG-451040,148
property,REG-377954,148
banking,PK40-9744892294,148
banking,PK73-3780791512,148
banking,PK40-8794255797,148
banking,PK78-1927335799,148
travel,TRP-7371564,148
travel,TRP-8964456,148
travel,TRP-7481438,148
travel,TRP-2734089,148
travel,TRP-8582557,148
excise,LEA-3678,149
excise,LEA-9445,149
excise,ICT-5599,149
disco,MTR-19370518,149
property,REG-606397,149
banking,PK48-9079487246,149
banking,PK21-6427059484,149
travel,TRP-4529481,149
travel,TRP-8840700,149
travel,TRP-2014393,149
travel,TRP-4059047,149
travel,TRP-8746388,149
excise,RIR-8374,150
excise,AFR-1183,150
disco,MTR-25986076,150
property,REG-314942,150
property,REG-111146,150
banking,PK52-8129362901,150
banking,PK75-9837993556,150
travel,TRP-7542448,150
travel,TRP-9431822,150
travel,TRP-4617370,150
travel,TRP-8310064,150
travel,TRP-3083695,150
travel,TRP-7747887,150
fbr,FBR-100151,151
excise,LEA-7684,151
disco,MTR-94282757,151
property,REG-310216,151
fbr,FBR-100152,152
disco,MTR-49905846,152
banking,PK55-8836402339,152
fbr,FBR-100153,153
disco,MTR-28533215,153
banking,PK22-7461534684,153
fbr,FBR-100154,154
excise,AFR-5479,154
disco,MTR-70865408,154
property,REG-637393,154
fbr,FBR-100155,155
disco,MTR-65428338,155
banking,PK36-3193781858,155
excise,LEA-6161,156
disco,MTR-79030109,156
property,REG-725092,156
fbr,FBR-100157,157
excise,RIR-7010,157
disco,MTR-58857090,157
fbr,FBR-100158,158
excise,KAR-6609,158
disco,MTR-47972567,159
banking,PK55-8863138232,159
fbr,FBR-100160,160
excise,ICT-5040,160
excise,ICT-8336,160
excise,LEA-1401,160
property,REG-853084,160
property,REG-745988,160
banking,PK76-7641400954,160
banking,PK80-1336205289,160
banking,PK61-2224218018,160
banking,PK41-1182814889,160
travel,TRP-9930441,160
travel,TRP-8596820,160
fbr,FBR-100161,161
excise,RIR-4602,161
disco,MTR-36054934,161
property,REG-563830,161
property,REG-693995,161
banking,PK21-9374639009,161
banking,PK51-7172565445,161
banking,PK90-4259899045,161
travel,TRP-3042377,161
travel,TRP-3288452,161
travel,TRP-9153230,161
travel,TRP-9253380,161
travel,TRP-6531488,161
travel,TRP-7238439,161
disco,MTR-45049385,162
fbr,FBR-100163,163
excise,LEA-793,163
excise,AFR-7166,163
disco,MTR-28426489,163
property,REG-699417,163
banking,PK22-2011174614,163
banking,PK34-4918904679,163
banking,PK95-4078050535,163
travel,TRP-9479318,163
travel,TRP-9870866,163
travel,TRP-7070827,163
travel,TRP-4023092,163
travel,TRP-4250427,163
fbr,FBR-100164,164
excise,KAR-9107,164
disco,MTR-37000081,164
property,REG-357770,164
property,REG-468459,164
banking,PK62-9452589264,164
banking,PK51-6719852213,164
travel,TRP-8936786,164
travel,TRP-6976827,164
fbr,FBR-100165,165
disco,MTR-34189826,165
banking,PK99-4947261191,165
fbr,FBR-100166,166
excise,ICT-2523,166
disco,MTR-80909990,166
property,REG-855755,166
property,REG-916901,166
banking,PK60-8622232949,166
banking,PK50-8611738819,166
travel,TRP-3005179,166
travel,TRP-3461593,166
travel,TRP-4085936,166
travel,TRP-8897047,166
travel,TRP-8617079,166
travel,TRP-4972084,166
fbr,FBR-100167,167
disco,MTR-13748682,167
disco,MTR-86629448,168
banking,PK73-9549000743,168
fbr,FBR-100169,169
excise,KAR-1162,169
disco,MTR-25775968,169
fbr,FBR-100170,170
disco,MTR-36347568,170
excise,RIR-9744,171
disco,MTR-23496493,171
property,REG-729038,171
property,REG-479602,171
banking,PK25-5170131415,171
travel,TRP-1753024,171
travel,TRP-9807052,171
fbr,FBR-100172,172
excise,AFR-5128,172
excise,KAR-9581,172
excise,LEA-5845,172
disco,MTR-18265396,172
property,REG-500056,172
property,REG-487512,172
banking,PK81-1930932228,172
travel,TRP-6561358,172
travel,TRP-9236936,172
fbr,FBR-100173,173
excise,AFR-7169,173
property,REG-856255,173
banking,PK94-5633744010,173
fbr,FBR-100174,174
excise,AFR-2405,174
disco,MTR-46463454,174
banking,PK57-2794030880,174
fbr,FBR-100175,175
excise,ICT-5012,175
excise,AFR-7865,175
excise,RIR-4661,175
disco,MTR-24335019,175
property,REG-740989,175
banking,PK41-6882863642,175
banking,PK73-6105222165,175
banking,PK62-3951141302,175
banking,PK63-5248335661,175
travel,TRP-3845703,175
travel,TRP-8462902,175
travel,TRP-6712992,175
travel,TRP-9816250,175
fbr,FBR-100176,176
excise,LEA-2810,176
disco,MTR-19042921,176
property,REG-970319,176
banking,PK34-6141328624,176
banking,PK86-5584177692,176
travel,TRP-7261430,176
fbr,FBR-100177,177
excise,AFR-1949,177
excise,ICT-1477,177
excise,KAR-9557,177
disco,MTR-32603398,177
property,REG-213322,177
banking,PK99-6614482895,177
travel,TRP-4130926,177
travel,TRP-7985065,177
fbr,FBR-100178,178
disco,MTR-41651568,178
travel,TRP-3475502,178
excise,LEA-4060,179
disco,MTR-70154848,179
banking,PK35-7593904321,179
fbr,FBR-100180,180
disco,MTR-14804397,180
banking,PK86-4939455049,180
travel,TRP-5854314,180
fbr,FBR-100181,181
excise,AFR-1794,181
disco,MTR-87384329,181
property,REG-581736,181
banking,PK45-4764125171,181
banking,PK19-4524530259,181
travel,TRP-8844678,181
travel,TRP-1055306,181
fbr,FBR-100182,182
disco,MTR-53668412,182
fbr,FBR-100183,183
excise,LEA-3195,183
excise,AFR-1202,183
disco,MTR-37939985,183
property,REG-530672,183
banking,PK39-3600199941,183
travel,TRP-3388446,183
travel,TRP-9168229,183
fbr,FBR-100184,184
disco,MTR-97757074,184
banking,PK96-8512444715,184
excise,RIR-3472,185
disco,MTR-81811723,185
travel,TRP-6609114,185
fbr,FBR-100186,186
excise,ICT-2213,186
disco,MTR-20174070,186
property,REG-374507,186
banking,PK90-1822744149,186
fbr,FBR-100187,187
excise,ICT-810,187
disco,MTR-12793163,187
property,REG-227882,187
fbr,FBR-100188,188
excise,KAR-7706,188
disco,MTR-60703814,188
property,REG-599249,188
property,REG-180170,188
banking,PK88-1690359751,188
travel,TRP-6730804,188
travel,TRP-5706837,188
travel,TRP-1671929,188
excise,RIR-4006,189
disco,MTR-58546163,189
fbr,FBR-100190,190
excise,ICT-2398,190
disco,MTR-20026524,190
property,REG-820144,190
fbr,FBR-100191,191
excise,LEA-1834,191
excise,KAR-2391,191
property,REG-230857,191
banking,PK56-8166868138,191
banking,PK80-7131166148,191
banking,PK65-6550577435,191
banking,PK24-4458326556,191
travel,TRP-8771943,191
travel,TRP-8777595,191
travel,TRP-9101459,191
fbr,FBR-100192,192
excise,RIR-6718,192
excise,RIR-7753,192
excise,ICT-3239,192
disco,MTR-42891532,192
property,REG-634883,192
property,REG-357667,192
banking,PK29-8226842982,192
banking,PK21-3885161069,192
travel,TRP-2115038,192
travel,TRP-9200706,192
excise,RIR-4438,193
disco,MTR-68752317,193
property,REG-431311,193
property,REG-698606,193
banking,PK78-8847038805,193
banking,PK26-7978746475,193
banking,PK34-1573663382,193
banking,PK98-3769564408,193
travel,TRP-9530883,193
travel,TRP-3206368,193
fbr,FBR-100194,194
excise,ICT-7223,194
disco,MTR-28215592,194
banking,PK95-7259805159,194
travel,TRP-6899477,194
fbr,FBR-100195,195
excise,ICT-9496,195
disco,MTR-28969722,195
banking,PK60-5089664247,195
travel,TRP-1952471,195
excise,AFR-9491,196
disco,MTR-67361937,196
property,REG-375317,196
property,REG-631705,196
banking,PK73-5912271949,196
banking,PK13-1693213711,196
banking,PK69-8798377610,196
banking,PK94-2574462568,196
travel,TRP-1266895,196
travel,TRP-3716822,196
fbr,FBR-100197,197
disco,MTR-39128328,197
fbr,FBR-100198,198
excise,ICT-295,198
excise,KAR-2805,198
disco,MTR-80051593,198
property,REG-473789,198
property,REG-686607,198
banking,PK82-9539011328,198
banking,PK23-5219399245,198
travel,TRP-1866900,198
travel,TRP-1311004,198
travel,TRP-9012615,198
travel,TRP-6824539,198
travel,TRP-3204608,198
travel,TRP-9658626,198
fbr,FBR-100199,199
disco,MTR-47984879,199
banking,PK45-1103159659,199
fbr,FBR-100200,200
excise,KAR-2196,200
excise,RIR-1810,200
disco,MTR-15282825,200
property,REG-439689,200
banking,PK59-4735845452,200
banking,PK14-9361930353,200
travel,TRP-8327521,200
travel,TRP-8509469,200
travel,TRP-2216000,200
travel,TRP-8233666,200
travel,TRP-1244778,200
fbr,FBR-100201,201
excise,KAR-9758,201
excise,LEA-2705,201
excise,RIR-8231,201
disco,MTR-74930142,201
property,REG-457997,201
banking,PK39-2309684271,201
travel,TRP-4571154,201
travel,TRP-2227669,201
travel,TRP-8275992,201
travel,TRP-9360674,201
excise,RIR-9787,202
banking,PK66-9944046729,202
fbr,FBR-100203,203
excise,KAR-2097,203
excise,RIR-1198,203
disco,MTR-94257504,203
property,REG-819374,203
property,REG-713659,203
banking,PK69-1527952946,203
travel,TRP-8044912,203
travel,TRP-7373169,203
travel,TRP-4870054,203
fbr,FBR-100204,204
excise,KAR-6556,204
excise,ICT-8294,204
disco,MTR-88667093,204
property,REG-165035,204
property,REG-685432,204
banking,PK45-1608782386,204
banking,PK31-7597970672,204
banking,PK71-5894942589,204
travel,TRP-5146853,204
travel,TRP-5056973,204
fbr,FBR-100205,205
excise,RIR-2286,205
excise,LEA-9430,205
disco,MTR-35884872,205
property,REG-432798,205
property,REG-193315,205
banking,PK89-4765689806,205
banking,PK93-5899984156,205
travel,TRP-8123072,205
travel,TRP-5764012,205
fbr,FBR-100206,206
excise,KAR-1362,206
disco,MTR-27073410,206
property,REG-234853,206
banking,PK91-8715950526,206
banking,PK29-1153121203,206
banking,PK40-3583962209,206
banking,PK26-2387414613,206
travel,TRP-6257463,206
travel,TRP-3367992,206
travel,TRP-7192010,206
travel,TRP-1907781,206
travel,TRP-2443494,206
fbr,FBR-100207,207
excise,LEA-8120,207
disco,MTR-69168009,207
property,REG-453950,207
banking,PK33-9199682691,207
fbr,FBR-100208,208
disco,MTR-95441352,208
banking,PK79-7212511783,208
fbr,FBR-100209,209
disco,MTR-99651742,209
banking,PK63-1761391752,209
excise,RIR-4212,210
excise,AFR-6955,210
disco,MTR-30979589,210
property,REG-273172,210
banking,PK30-9246699748,210
travel,TRP-1662570,210
travel,TRP-8096688,210
travel,TRP-8481705,210
fbr,FBR-100211,211
excise,KAR-5895,211
disco,MTR-48258184,211
fbr,FBR-100212,212
excise,RIR-9378,212
excise,RIR-6847,212
excise,LEA-3686,212
disco,MTR-34473033,212
property,REG-246456,212
property,REG-470280,212
banking,PK39-7376621564,212
banking,PK64-2318060815,212
banking,PK38-8688314502,212
banking,PK35-4252189368,212
travel,TRP-2458765,212
travel,TRP-6509997,212
travel,TRP-5933474,212
travel,TRP-9485578,212
fbr,FBR-100213,213
excise,RIR-368,213
disco,MTR-94988229,213
fbr,FBR-100214,214
excise,AFR-2813,214
excise,RIR-7759,214
disco,MTR-43999405,214
property,REG-470606,214
property,REG-277006,214
banking,PK42-9525423626,214
travel,TRP-6435975,214
travel,TRP-4822824,214
travel,TRP-7627705,214
travel,TRP-4414013,214
fbr,FBR-100215,215
excise,ICT-196,215
excise,AFR-1728,215
disco,MTR-36151974,215
property,REG-722484,215
banking,PK41-7126543886,215
banking,PK87-2051772590,215
travel,TRP-2764943,215
travel,TRP-3921984,215
excise,KAR-5088,216
disco,MTR-17862793,216
banking,PK28-2093136086,216
fbr,FBR-100217,217
disco,MTR-33883836,217
banking,PK54-7231431541,217
travel,TRP-2656383,217
fbr,FBR-100218,218
excise,ICT-7194,218
excise,LEA-9894,218
disco,MTR-54706953,218
property,REG-345221,218
property,REG-606805,218
banking,PK56-4401360160,218
banking,PK13-7216358363,218
travel,TRP-9210573,218
travel,TRP-8584715,218
travel,TRP-8541460,218
fbr,FBR-100219,219
disco,MTR-83618142,219
property,REG-478542,219
banking,PK35-8944967444,219
fbr,FBR-100220,220
excise,RIR-8959,220
disco,MTR-84645277,220
travel,TRP-1939699,220
fbr,FBR-100221,221
disco,MTR-64609754,221
banking,PK84-8990836982,221
fbr,FBR-100222,222
disco,MTR-27305539,222
banking,PK54-5111366466,222
travel,TRP-3495920,222
fbr,FBR-100223,223
excise,LEA-3215,223
disco,MTR-31932394,223
property,REG-798328,223
banking,PK78-6523317920,223
banking,PK26-4049910890,223
travel,TRP-6595038,223
travel,TRP-3651430,223
travel,TRP-1991544,223
travel,TRP-4292447,223
fbr,FBR-100224,224
excise,RIR-2020,224
excise,LEA-1477,224
disco,MTR-49329526,224
property,REG-952441,224
property,REG-496954,224
banking,PK25-7046757417,224
travel,TRP-9407200,224
travel,TRP-4597163,224
fbr,FBR-100225,225
excise,LEA-3943,225
disco,MTR-33020527,225
banking,PK74-1394235376,225
fbr,FBR-100226,226
disco,MTR-13554750,226
banking,PK49-3607628934,226
fbr,FBR-100227,227
disco,MTR-10221153,227
banking,PK31-7619118142,227
fbr,FBR-100228,228
excise,AFR-7516,228
disco,MTR-96883337,228
banking,PK11-8050784027,228
fbr,FBR-100229,229
excise,AFR-3862,229
excise,KAR-7929,229
disco,MTR-38048221,229
property,REG-142321,229
banking,PK10-8610169883,229
banking,PK13-4756260967,229
travel,TRP-4548029,229
travel,TRP-2373845,229
travel,TRP-7533381,229
travel,TRP-2741191,229
travel,TRP-2021485,229
travel,TRP-3642035,229
fbr,FBR-100230,230
excise,LEA-8060,230
excise,LEA-5510,230
disco,MTR-83928378,230
property,REG-186288,230
property,REG-765359,230
banking,PK30-7975770327,230
banking,PK95-7515495410,230
travel,TRP-5745746,230
fbr,FBR-100231,231
disco,MTR-48160814,231
property,REG-122822,231
banking,PK41-6173258552,231
fbr,FBR-100232,232
excise,AFR-1180,232
excise,KAR-890,232
disco,MTR-18208127,232
property,REG-361935,232
property,REG-308893,232
banking,PK97-4901998874,232
travel,TRP-8780891,232
travel,TRP-7332982,232
travel,TRP-4490119,232
travel,TRP-5196288,232
fbr,FBR-100233,233
excise,LEA-4187,233
excise,LEA-6083,233
excise,AFR-5259,233
disco,MTR-72345485,233
property,REG-504233,233
property,REG-631675,233
banking,PK42-3838554796,233
banking,PK82-6020279216,233
banking,PK89-6180783455,233
banking,PK78-4839750884,233
travel,TRP-2127758,233
travel,TRP-3422288,233
travel,TRP-3850029,233
travel,TRP-6540402,233
fbr,FBR-100234,234
disco,MTR-40670085,234
property,REG-627966,234
fbr,FBR-100235,235
excise,ICT-3730,235
disco,MTR-21784695,235
property,REG-402599,235
property,REG-688826,235
banking,PK55-3920814675,235
banking,PK24-8269527055,235
travel,TRP-5018375,235
travel,TRP-6731686,235
travel,TRP-4675611,235
fbr,FBR-100236,236
excise,KAR-9398,236
disco,MTR-87810564,236
banking,PK74-9548711881,236
fbr,FBR-100237,237
excise,ICT-7013,237
disco,MTR-26173422,237
banking,PK11-5769974606,237
fbr,FBR-100238,238
excise,LEA-5806,238
disco,MTR-57350072,238
travel,TRP-9738199,238
fbr,FBR-100239,239
excise,LEA-7382,239
disco,MTR-27089237,239
travel,TRP-9637783,239
disco,MTR-77857232,240
fbr,FBR-100241,241
excise,AFR-591,241
disco,MTR-61665474,241
fbr,FBR-100242,242
excise,RIR-266,242
excise,KAR-906,242
excise,ICT-3785,242
disco,MTR-94952013,242
property,REG-875568,242
banking,PK67-4566830076,242
banking,PK74-5559484174,242
travel,TRP-5900791,242
travel,TRP-1066735,242
travel,TRP-9332433,242
fbr,FBR-100243,243
fbr,FBR-100244,244
excise,LEA-4294,244
excise,KAR-6805,244
disco,MTR-82790574,244
property,REG-135612,244
property,REG-565148,244
banking,PK59-4466324361,244
banking,PK13-7077672392,244
travel,TRP-1697733,244
travel,TRP-4601466,244
travel,TRP-8162586,244
travel,TRP-4344388,244
fbr,FBR-100245,245
excise,KAR-4802,245
excise,KAR-7936,245
excise,KAR-7482,245
disco,MTR-43723221,245
property,REG-676456,245
banking,PK74-1534774753,245
banking,PK32-9083977480,245
banking,PK97-9730231090,245
travel,TRP-3049340,245
travel,TRP-1932739,245
travel,TRP-4888833,245
travel,TRP-1544132,245
fbr,FBR-100246,246
disco,MTR-58111940,246
property,REG-892404,246
banking,PK83-2214131980,246
travel,TRP-5142337,246
fbr,FBR-100247,247
excise,AFR-7806,247
excise,AFR-7655,247
excise,LEA-449,247
disco,MTR-64689300,247
property,REG-108937,247
banking,PK70-5820707213,247
travel,TRP-2303237,247
travel,TRP-9276082,247
fbr,FBR-100248,248
disco,MTR-41974298,248
property,REG-605596,248
banking,PK58-6684944078,248
fbr,FBR-100249,249
disco,MTR-49885623,249
fbr,FBR-100250,250
excise,RIR-1807,250
disco,MTR-68086830,250
banking,PK50-7270424733,250
fbr,FBR-100251,251
excise,RIR-1091,251
excise,RIR-8441,251
disco,MTR-56184665,251
property,REG-356072,251
banking,PK67-5525162660,251
banking,PK61-3336101289,251
travel,TRP-2847199,251
fbr,FBR-100252,252
excise,RIR-7793,252
disco,MTR-65459856,252
property,REG-287541,252
banking,PK27-3994479512,252
banking,PK42-7450182414,252
banking,PK31-4935641064,252
banking,PK61-1964898751,252
travel,TRP-6079546,252
travel,TRP-8157702,252
travel,TRP-7151970,252
fbr,FBR-100253,253
property,REG-560704,253
banking,PK37-2687628513,253
travel,TRP-3645723,253
fbr,FBR-100254,254
excise,KAR-4024,254
disco,MTR-14639830,254
property,REG-905939,254
banking,PK50-2314376193,254
fbr,FBR-100255,255
disco,MTR-65642914,255
property,REG-508384,255
banking,PK52-3681174428,255
fbr,FBR-100256,256
excise,RIR-2604,256
disco,MTR-45712217,256
banking,PK18-9655697729,256
travel,TRP-1428396,256
fbr,FBR-100257,257
disco,MTR-52518752,257
travel,TRP-3782239,257
fbr,FBR-100258,258
excise,ICT-2687,258
excise,LEA-5574,258
disco,MTR-74052253,258
property,REG-729968,258
banking,PK15-6018181862,258
travel,TRP-1793107,258
travel,TRP-5463027,258
travel,TRP-9770069,258
fbr,FBR-100259,259
banking,PK84-2352713200,259
travel,TRP-1872176,259
fbr,FBR-100260,260
excise,ICT-3383,260
excise,KAR-8748,260
excise,AFR-6590,260
disco,MTR-37931703,260
property,REG-563977,260
property,REG-208566,260
banking,PK65-3746235380,260
travel,TRP-5145090,260
travel,TRP-7265745,260
fbr,FBR-100261,261
excise,AFR-1198,261
disco,MTR-31036217,261
property,REG-899930,261
banking,PK60-9769321142,261
fbr,FBR-100262,262
disco,MTR-97805700,262
property,REG-581108,262
fbr,FBR-100263,263
excise,RIR-447,263
fbr,FBR-100264,264
excise,AFR-4653,264
excise,LEA-1805,264
disco,MTR-71245618,264
property,REG-205767,264
banking,PK62-6356885254,264
travel,TRP-8039372,264
travel,TRP-3681217,264
travel,TRP-9959503,264
fbr,FBR-100265,265
excise,KAR-3817,265
excise,LEA-7566,265
disco,MTR-53065760,265
property,REG-887874,265
property,REG-420262,265
banking,PK66-6882350999,265
banking,PK64-4330754807,265
travel,TRP-6539664,265
travel,TRP-9144052,265
travel,TRP-9060455,265
travel,TRP-7144239,265
travel,TRP-2122845,265
travel,TRP-1925152,265
fbr,FBR-100266,266
excise,ICT-3392,266
disco,MTR-76330771,266
property,REG-263315,266
banking,PK51-5334784211,266
banking,PK80-3701854546,266
banking,PK28-8465694993,266
travel,TRP-9560995,266
travel,TRP-5743921,266
fbr,FBR-100267,267
disco,MTR-34801184,267
property,REG-198143,267
banking,PK51-5313240729,267
fbr,FBR-100268,268
disco,MTR-19835291,268
banking,PK40-3230350187,268
fbr,FBR-100269,269
excise,RIR-6086,269
disco,MTR-93603480,269
property,REG-197108,269
banking,PK99-9305036473,269
fbr,FBR-100270,270
excise,KAR-6051,270
disco,MTR-79924996,270
banking,PK68-4447206524,270
travel,TRP-8098614,270
fbr,FBR-100271,271
disco,MTR-30289477,271
property,REG-141026,271
banking,PK23-8389668356,271
fbr,FBR-100272,272
excise,AFR-396,272
disco,MTR-91607781,272
fbr,FBR-100273,273
excise,ICT-890,273
disco,MTR-55805059,273
property,REG-123111,274
fbr,FBR-100275,275
disco,MTR-16922216,275
banking,PK81-8406158052,275
travel,TRP-4759638,275
fbr,FBR-100276,276
excise,AFR-5758,276
disco,MTR-86478552,276
banking,PK44-2510581288,276
excise,KAR-4272,277
excise,ICT-3664,277
excise,KAR-4217,277
disco,MTR-53340517,277
property,REG-384473,277
banking,PK85-1738668338,277
banking,PK28-9383228541,277
travel,TRP-3919524,277
travel,TRP-6777863,277
fbr,FBR-100278,278
excise,ICT-2287,278
excise,RIR-7551,278
disco,MTR-47255211,278
property,REG-879075,278
property,REG-700958,278
banking,PK92-3726229120,278
banking,PK80-2075128199,278
banking,PK79-7214669296,278
travel,TRP-6444247,278
travel,TRP-7041197,278
travel,TRP-8480982,278
fbr,FBR-100279,279
excise,AFR-6591,279
disco,MTR-77846804,279
banking,PK95-6520587804,279
fbr,FBR-100280,280
excise,ICT-2561,280
disco,MTR-99276880,280
fbr,FBR-100281,281
excise,ICT-3783,281
excise,RIR-9697,281
excise,AFR-5593,281
disco,MTR-94606102,281
property,REG-543044,281
property,REG-690059,281
banking,PK80-1580445136,281
travel,TRP-9465946,281
travel,TRP-9194708,281
travel,TRP-7669589,281
fbr,FBR-100282,282
excise,LEA-2958,282
disco,MTR-66846463,282
property,REG-147053,282
banking,PK52-1274645708,282
banking,PK65-7284807437,282
travel,TRP-9926023,282
travel,TRP-6025723,282
travel,TRP-2258496,282
travel,TRP-1591068,282
fbr,FBR-100283,283
excise,RIR-3872,283
disco,MTR-16766972,283
banking,PK83-6851493526,283
fbr,FBR-100284,284
excise,KAR-4491,284
disco,MTR-34617406,284
property,REG-788139,284
banking,PK66-6728394616,284
excise,LEA-6490,285
disco,MTR-58144301,285
property,REG-876959,285
banking,PK93-4237283348,285
fbr,FBR-100286,286
excise,KAR-1560,286
excise,AFR-9952,286
excise,AFR-3099,286
disco,MTR-87024940,286
property,REG-304509,286
banking,PK65-2233203084,286
banking,PK32-8070149593,286
travel,TRP-7116762,286
travel,TRP-3175100,286
travel,TRP-3539422,286
travel,TRP-3411214,286
travel,TRP-7877664,286
fbr,FBR-100287,287
disco,MTR-26495865,287
travel,TRP-1824058,287
fbr,FBR-100288,288
excise,AFR-6988,288
disco,MTR-44042812,288
banking,PK80-9395716243,288
fbr,FBR-100289,289
excise,LEA-7956,289
disco,MTR-67767878,289
travel,TRP-4042014,289
fbr,FBR-100290,290
excise,ICT-4236,290
disco,MTR-13546116,290
banking,PK55-7385808917,290
fbr,FBR-100291,291
disco,MTR-77909494,291
fbr,FBR-100292,292
excise,ICT-7229,292
excise,LEA-5653,292
excise,KAR-4649,292
disco,MTR-39831245,292
property,REG-954400,292
property,REG-721414,292
banking,PK91-4345658771,292
banking,PK24-2881840595,292
banking,PK82-9878372636,292
banking,PK26-3015835496,292
travel,TRP-4971929,292
travel,TRP-8923957,292
travel,TRP-9451843,292
travel,TRP-9222291,292
travel,TRP-3454509,292
fbr,FBR-100293,293
excise,KAR-8345,293
fbr,FBR-100294,294
excise,ICT-382,294
excise,LEA-2517,294
excise,AFR-2694,294
disco,MTR-93369614,294
property,REG-170975,294
banking,PK66-6001877883,294
banking,PK74-2306350018,294
banking,PK10-2565800378,294
banking,PK37-9356101437,294
travel,TRP-7857619,294
travel,TRP-7511684,294
travel,TRP-6596864,294
fbr,FBR-100295,295
excise,AFR-6194,295
disco,MTR-85063585,295
property,REG-564566,295
banking,PK62-7009048172,295
banking,PK41-6700040993,295
banking,PK26-5346241941,295
travel,TRP-6458188,295
travel,TRP-8929430,295
travel,TRP-1275417,295
travel,TRP-5105303,295
travel,TRP-2922342,295
travel,TRP-2498750,295
excise,RIR-655,296
disco,MTR-94046237,296
banking,PK93-6946068612,296
fbr,FBR-100297,297
excise,RIR-6044,297
disco,MTR-23056527,297
banking,PK47-3868535050,297
fbr,FBR-100298,298
disco,MTR-76547190,298
property,REG-703301,298
banking,PK67-1905193382,298
fbr,FBR-100299,299
disco,MTR-17334879,299
fbr,FBR-100300,300
excise,KAR-9823,300
disco,MTR-31716474,300
banking,PK84-9340045453,300
travel,TRP-9482758,300
fbr,FBR-100301,301
disco,MTR-21752570,301
property,REG-551034,301
travel,TRP-5795036,301
fbr,FBR-100302,302
excise,AFR-3251,302
excise,AFR-6525,302
excise,RIR-2944,302
disco,MTR-75208696,302
property,REG-383388,302
banking,PK34-2212962703,302
banking,PK28-1379179658,302
travel,TRP-6898403,302
travel,TRP-1111203,302
fbr,FBR-100303,303
excise,LEA-3571,303
disco,MTR-43316955,303
banking,PK62-5833445437,303
fbr,FBR-100304,304
travel,TRP-4376481,304
fbr,FBR-100305,305
excise,AFR-3528,305
excise,ICT-6601,305
disco,MTR-70422743,305
property,REG-813648,305
property,REG-863455,305
banking,PK45-1048668297,305
banking,PK74-1832997778,305
travel,TRP-2581206,305
travel,TRP-2416999,305
travel,TRP-7376280,305
travel,TRP-3929121,305
property,REG-168220,306
banking,PK88-3798646432,306
fbr,FBR-100307,307
disco,MTR-25261984,307
property,REG-819222,307
banking,PK11-5097613658,307
disco,MTR-53804142,308
fbr,FBR-100309,309
excise,LEA-2933,309
disco,MTR-33441641,309
banking,PK96-6565159191,309
fbr,FBR-100310,310
excise,AFR-4067,310
disco,MTR-97183463,310
fbr,FBR-100311,311
excise,KAR-2472,311
disco,MTR-58663294,311
property,REG-945346,311
banking,PK12-1496205349,311
banking,PK36-2403920960,311
travel,TRP-7505169,311
travel,TRP-5912955,311
fbr,FBR-100312,312
excise,ICT-9991,312
disco,MTR-19878799,312
property,REG-562396,312
banking,PK86-2585187591,312
banking,PK93-5059743851,312
travel,TRP-7949344,312
travel,TRP-8478464,312
fbr,FBR-100313,313
banking,PK54-5995968897,313
excise,ICT-1192,314
excise,RIR-2000,314
disco,MTR-51842904,314
property,REG-805476,314
property,REG-100572,314
banking,PK50-3811717813,314
banking,PK93-7412044851,314
banking,PK24-5834941197,314
travel,TRP-5100194,314
travel,TRP-2067892,314
travel,TRP-1960508,314
fbr,FBR-100315,315
disco,MTR-73488552,315
fbr,FBR-100316,316
excise,LEA-1300,316
disco,MTR-45126325,316
fbr,FBR-100317,317
excise,ICT-8214,317
disco,MTR-35276538,317
property,REG-429749,317
excise,KAR-4066,318
excise,KAR-9001,318
excise,KAR-8874,318
disco,MTR-70783063,318
property,REG-387613,318
banking,PK49-8893349811,318
banking,PK41-7884753655,318
travel,TRP-2283510,318
travel,TRP-4594798,318
travel,TRP-7674448,318
fbr,FBR-100319,319
excise,LEA-6499,319
excise,KAR-3466,319
disco,MTR-48657405,319
property,REG-951965,319
banking,PK60-1864938887,319
travel,TRP-3341165,319
travel,TRP-6525134,319
travel,TRP-4593504,319
fbr,FBR-100320,320
excise,LEA-8129,320
excise,ICT-5171,320
disco,MTR-34848503,320
property,REG-632870,320
banking,PK53-3433421091,320
banking,PK97-7646022634,320
banking,PK33-3098364070,320
travel,TRP-2670087,320
travel,TRP-2739273,320
travel,TRP-8976291,320
travel,TRP-7794867,320
travel,TRP-3115640,320
travel,TRP-9121780,320
fbr,FBR-100321,321
property,REG-544859,321
banking,PK10-6193217739,321
fbr,FBR-100322,322
excise,KAR-1102,322
disco,MTR-32689560,322
banking,PK72-1065523653,322
fbr,FBR-100323,323
disco,MTR-17779113,323
banking,PK85-4280351998,323
disco,MTR-14472238,324
banking,PK73-9851300294,324
disco,MTR-39557237,325
property,REG-818462,325
travel,TRP-9147778,325
fbr,FBR-100326,326
excise,KAR-3090,326
disco,MTR-27042809,326
banking,PK28-2379836125,326
fbr,FBR-100327,327
disco,MTR-13045941,327
travel,TRP-2656180,327
fbr,FBR-100328,328
excise,ICT-5254,328
fbr,FBR-100329,329
excise,RIR-9953,329
disco,MTR-19603857,329
travel,TRP-6857170,329
fbr,FBR-100330,330
disco,MTR-65343852,330
banking,PK77-4401334161,330
fbr,FBR-100331,331
excise,KAR-9970,331
disco,MTR-78067549,331
property,REG-490977,331
banking,PK49-2031928518,331
banking,PK90-6474033646,331
travel,TRP-5152442,331
travel,TRP-2671685,331
fbr,FBR-100332,332
excise,ICT-4066,332
disco,MTR-47452871,332
banking,PK84-8374629365,332
excise,KAR-3944,333
excise,RIR-9280,333
excise,AFR-399,333
disco,MTR-63324328,333
property,REG-315773,333
property,REG-690246,333
banking,PK78-7750184553,333
banking,PK17-9940464731,333
banking,PK26-3625144338,333
travel,TRP-8507798,333
travel,TRP-4566116,333
travel,TRP-9010589,333
travel,TRP-8852917,333
fbr,FBR-100334,334
disco,MTR-71510769,334
property,REG-380091,334
banking,PK95-8106004989,334
travel,TRP-1442661,334
fbr,FBR-100335,335
excise,AFR-9214,335
excise,AFR-9620,335
disco,MTR-96585737,335
property,REG-132624,335
banking,PK79-9539106253,335
banking,PK23-7151905348,335
travel,TRP-2781252,335
travel,TRP-4238752,335
travel,TRP-3951648,335
fbr,FBR-100336,336
excise,ICT-3322,336
disco,MTR-87781486,336
property,REG-553190,336
banking,PK21-8287287976,336
fbr,FBR-100337,337
disco,MTR-57946297,337
disco,MTR-68077795,338
property,REG-317902,338
banking,PK41-3058753461,338
fbr,FBR-100339,339
excise,KAR-2694,339
disco,MTR-36557364,339
banking,PK93-8016634745,339
fbr,FBR-100340,340
disco,MTR-82259385,340
property,REG-998556,340
fbr,FBR-100341,341
excise,ICT-4423,341
disco,MTR-86071767,341
property,REG-158960,341
banking,PK89-2699337079,341
travel,TRP-2333118,341
fbr,FBR-100342,342
disco,MTR-18805293,342
banking,PK67-6838838734,342
fbr,FBR-100343,343
excise,ICT-4841,343
disco,MTR-20301098,343
property,REG-100090,343
banking,PK44-7844294622,343
banking,PK41-4100395865,343
travel,TRP-2390924,343
travel,TRP-7819007,343
travel,TRP-5597462,343
fbr,FBR-100344,344
excise,RIR-1032,344
disco,MTR-65704535,344
fbr,FBR-100345,345
disco,MTR-61362770,345
property,REG-446364,345
banking,PK80-9407282624,345
fbr,FBR-100346,346
excise,RIR-814,346
disco,MTR-40511801,346
property,REG-747415,346
property,REG-797600,346
banking,PK58-5632535223,346
travel,TRP-7038913,346
travel,TRP-2757791,346
fbr,FBR-100347,347
disco,MTR-82059413,347
fbr,FBR-100348,348
disco,MTR-68179173,348
travel,TRP-4901650,348
fbr,FBR-100349,349
disco,MTR-47633060,349
property,REG-820344,349
banking,PK46-8250221636,349
fbr,FBR-100350,350
disco,MTR-75886030,350
property,REG-852545,350
banking,PK53-7953788173,350
excise,LEA-6420,351
excise,RIR-4089,351
disco,MTR-29366732,351
property,REG-944179,351
banking,PK88-7695191341,351
banking,PK91-5314147848,351
travel,TRP-1097573,351
travel,TRP-7947256,351
fbr,FBR-100352,352
excise,ICT-4405,352
excise,AFR-9552,352
disco,MTR-59436200,352
property,REG-761208,352
banking,PK52-6578227337,352
banking,PK13-2644151823,352
banking,PK50-1960765892,352
travel,TRP-1940967,352
travel,TRP-2541340,352
travel,TRP-3048243,352
travel,TRP-7020608,352
excise,ICT-5526,353
excise,LEA-2623,353
excise,KAR-9303,353
disco,MTR-40350155,353
property,REG-807144,353
property,REG-950603,353
banking,PK36-1371723252,353
travel,TRP-8225598,353
travel,TRP-6286790,353
travel,TRP-7176698,353
fbr,FBR-100354,354
excise,LEA-3543,354
disco,MTR-79544433,354
banking,PK10-4300752314,354
travel,TRP-5113083,354
fbr,FBR-100355,355
excise,LEA-6871,355
disco,MTR-75166911,355
fbr,FBR-100356,356
excise,RIR-7704,356
excise,ICT-8679,356
excise,ICT-152,356
disco,MTR-71793066,356
property,REG-544195,356
banking,PK74-3248757230,356
banking,PK79-8181119210,356
travel,TRP-8542815,356
fbr,FBR-100357,357
excise,RIR-4334,357
banking,PK44-3293444559,357
fbr,FBR-100358,358
excise,KAR-6899,358
disco,MTR-91314538,358
banking,PK77-3387066851,358
travel,TRP-9822878,358
fbr,FBR-100359,359
excise,ICT-7931,359
excise,RIR-7972,359
property,REG-266775,359
property,REG-555816,359
banking,PK76-9226994601,359
travel,TRP-7479277,359
travel,TRP-8171161,359
travel,TRP-3511364,359
excise,AFR-4545,360
excise,ICT-5251,360
disco,MTR-41324203,360
property,REG-662446,360
banking,PK92-9079575327,360
travel,TRP-7046547,360
fbr,FBR-100361,361
disco,MTR-74564099,361
property,REG-255866,361
travel,TRP-2266160,361
fbr,FBR-100362,362
disco,MTR-43368961,362
banking,PK61-3967310887,362
fbr,FBR-100363,363
excise,ICT-8819,363
excise,ICT-8204,363
excise,ICT-2505,363
disco,MTR-33641606,363
property,REG-421499,363
property,REG-988528,363
banking,PK43-1341587004,363
banking,PK55-8392402277,363
banking,PK18-8185934283,363
travel,TRP-4875401,363
travel,TRP-8683706,363
travel,TRP-6185544,363
travel,TRP-5948188,363
travel,TRP-9066931,363
fbr,FBR-100364,364
excise,LEA-8420,364
excise,ICT-6313,364
disco,MTR-66864161,364
property,REG-397990,364
property,REG-479228,364
banking,PK54-5128573808,364
banking,PK17-9705152865,364
travel,TRP-5906655,364
travel,TRP-1344768,364
travel,TRP-2230176,364
fbr,FBR-100365,365
disco,MTR-95315100,365
banking,PK13-7965217343,365
fbr,FBR-100366,366
disco,MTR-17056731,366
property,REG-733618,366
banking,PK34-7965215222,366
fbr,FBR-100367,367
disco,MTR-91160751,367
travel,TRP-6262297,367
fbr,FBR-100368,368
excise,RIR-8211,368
excise,AFR-7030,368
excise,RIR-928,368
disco,MTR-15816545,368
property,REG-908569,368
property,REG-441403,368
banking,PK88-4007236112,368
banking,PK81-9397902427,368
travel,TRP-6322728,368
travel,TRP-4462916,368
travel,TRP-2627821,368
travel,TRP-7301661,368
travel,TRP-3367380,368
travel,TRP-7946251,368
fbr,FBR-100369,369
excise,ICT-7912,369
excise,RIR-4651,369
disco,MTR-93113065,369
property,REG-110016,369
property,REG-101057,369
banking,PK58-8277330640,369
banking,PK68-4789900811,369
banking,PK10-4120476622,369
travel,TRP-6211317,369
travel,TRP-4696043,369
travel,TRP-3766822,369
fbr,FBR-100370,370
disco,MTR-26341998,370
property,REG-704168,370
fbr,FBR-100371,371
disco,MTR-16535119,371
banking,PK29-3195895709,371
fbr,FBR-100372,372
disco,MTR-69994192,372
property,REG-697562,372
banking,PK85-9538352314,372
fbr,FBR-100373,373
excise,AFR-2711,373
disco,MTR-64454112,373
fbr,FBR-100374,374
disco,MTR-39073687,374
banking,PK78-1956538803,374
fbr,FBR-100375,375
excise,ICT-5787,375
disco,MTR-91181333,375
fbr,FBR-100376,376
banking,PK76-6546962593,376
travel,TRP-3552021,376
fbr,FBR-100377,377
excise,RIR-7958,377
excise,KAR-2994,377
property,REG-167633,377
banking,PK32-4320764592,377
banking,PK88-1909967924,377
travel,TRP-4560994,377
travel,TRP-8943593,377
travel,TRP-8090795,377
travel,TRP-5668388,377
fbr,FBR-100378,378
excise,RIR-1781,378
excise,RIR-4170,378
disco,MTR-77677978,378
property,REG-274939,378
property,REG-251776,378
banking,PK51-9345723978,378
banking,PK12-5347863066,378
travel,TRP-5909113,378
travel,TRP-7128954,378
fbr,FBR-100379,379
excise,RIR-5868,379
disco,MTR-66111752,379
property,REG-491407,379
banking,PK67-4209478797,379
banking,PK53-8546771705,379
travel,TRP-8927894,379
travel,TRP-2262586,379
travel,TRP-7548922,379
travel,TRP-7525014,379
travel,TRP-7433210,379
fbr,FBR-100380,380
disco,MTR-38145336,380
property,REG-698004,380
banking,PK59-3273243606,380
fbr,FBR-100381,381
disco,MTR-66574013,381
property,REG-782980,381
fbr,FBR-100382,382
disco,MTR-83608713,382
banking,PK13-3256081364,382
fbr,FBR-100383,383
excise,AFR-8383,383
excise,KAR-2300,383
excise,KAR-8199,383
disco,MTR-40018132,383
property,REG-637370,383
banking,PK72-8607929319,383
banking,PK81-1141506956,383
banking,PK23-1528464004,383
travel,TRP-1960694,383
travel,TRP-2901306,383
excise,AFR-2832,384
excise,RIR-2006,384
excise,LEA-6592,384
disco,MTR-87147665,384
property,REG-790813,384
banking,PK29-3801790996,384
banking,PK82-4638930525,384
travel,TRP-4963122,384
travel,TRP-3629316,384
travel,TRP-1120806,384
travel,TRP-7080395,384
fbr,FBR-100385,385
disco,MTR-23488183,385
property,REG-714980,385
banking,PK35-7097166715,385
travel,TRP-7071733,385
fbr,FBR-100386,386
excise,KAR-8097,386
disco,MTR-67784036,386
property,REG-705600,386
fbr,FBR-100387,387
excise,LEA-3599,387
excise,RIR-1822,387
excise,KAR-359,387
disco,MTR-14341104,387
property,REG-583893,387
banking,PK60-3781004256,387
banking,PK78-5109485645,387
banking,PK20-4821517495,387
travel,TRP-5955221,387
travel,TRP-8868771,387
travel,TRP-7095631,387
travel,TRP-1309782,387
travel,TRP-8125708,387
fbr,FBR-100388,388
excise,RIR-7155,388
excise,LEA-3345,388
excise,ICT-8160,388
disco,MTR-58721761,388
property,REG-366973,388
property,REG-703977,388
banking,PK96-1135636101,388
banking,PK80-5782925164,388
banking,PK23-7807706649,388
travel,TRP-5660314,388
travel,TRP-1800903,388
travel,TRP-5157617,388
travel,TRP-3862726,388
fbr,FBR-100389,389
excise,AFR-6807,389
disco,MTR-26399375,389
banking,PK33-8992373428,389
fbr,FBR-100390,390
excise,KAR-6683,390
excise,ICT-9630,390
excise,RIR-308,390
disco,MTR-14698131,390
property,REG-390818,390
property,REG-317327,390
banking,PK62-7422432111,390
banking,PK31-8370149456,390
travel,TRP-2322824,390
fbr,FBR-100391,391
disco,MTR-61626882,391
fbr,FBR-100392,392
disco,MTR-67412973,392
disco,MTR-20075844,393
banking,PK81-5908670748,393
fbr,FBR-100394,394
excise,RIR-6941,394
disco,MTR-18618261,394
banking,PK61-6288797841,394
travel,TRP-6003187,394
excise,AFR-718,395
excise,RIR-6688,395
disco,MTR-68012969,395
property,REG-950946,395
banking,PK34-3961583650,395
banking,PK10-6607203590,395
banking,PK24-3811193825,395
travel,TRP-9007383,395
travel,TRP-8970246,395
travel,TRP-2732500,395
travel,TRP-9974617,395
travel,TRP-2064676,395
travel,TRP-2219203,395
disco,MTR-10510117,396
property,REG-282068,396
travel,TRP-6518619,396
fbr,FBR-100397,397
excise,KAR-9767,397
excise,LEA-800,397
disco,MTR-23305397,397
property,REG-267028,397
property,REG-393012,397
banking,PK29-5274903791,397
banking,PK63-5845412014,397
travel,TRP-8142539,397
travel,TRP-7832145,397
travel,TRP-5029531,397
travel,TRP-2249114,397
fbr,FBR-100398,398
banking,PK67-7548023573,398
travel,TRP-9607710,398
fbr,FBR-100399,399
excise,KAR-8235,399
disco,MTR-79395409,399
excise,LEA-2751,400
excise,AFR-607,400
disco,MTR-68658956,400
property,REG-225958,400
banking,PK73-4396042795,400
banking,PK96-2249540402,400
travel,TRP-6357689,400
travel,TRP-2195239,400
travel,TRP-1995202,400
fbr,FBR-100401,401
disco,MTR-98582540,401
property,REG-943585,401
banking,PK85-9982507130,401
fbr,FBR-100402,402
excise,RIR-3059,402
disco,MTR-80449660,402
property,REG-556376,402
fbr,FBR-100403,403
excise,AFR-7389,403
disco,MTR-26232261,403
property,REG-786769,403
banking,PK47-2264035652,403
banking,PK51-5470718025,403
banking,PK26-5030984689,403
banking,PK35-9906478500,403
travel,TRP-8640876,403
travel,TRP-4384417,403
travel,TRP-2334881,403
travel,TRP-3217627,403
travel,TRP-5661219,403
fbr,FBR-100404,404
excise,AFR-233,404
excise,AFR-7044,404
excise,RIR-2102,404
disco,MTR-88394636,404
property,REG-405167,404
property,REG-414737,404
banking,PK18-9851551233,404
banking,PK68-3635577578,404
travel,TRP-3824277,404
travel,TRP-2931889,404
travel,TRP-8880122,404
travel,TRP-3908207,404
fbr,FBR-100405,405
disco,MTR-65185265,405
banking,PK81-2685038064,405
travel,TRP-9652230,405
fbr,FBR-100406,406
excise,LEA-4305,406
excise,ICT-2261,406
disco,MTR-82595012,406
property,REG-361654,406
banking,PK55-6949909066,406
travel,TRP-8025729,406
travel,TRP-2501125,406
travel,TRP-6255642,406
travel,TRP-8753918,406
fbr,FBR-100407,407
excise,KAR-6296,407
excise,LEA-9525,407
disco,MTR-47761076,407
property,REG-767225,407
banking,PK37-9586344222,407
banking,PK94-4436869468,407
banking,PK65-6412986809,407
travel,TRP-4557108,407
travel,TRP-8210450,407
travel,TRP-2420318,407
fbr,FBR-100408,408
excise,ICT-6232,408
excise,RIR-948,408
excise,RIR-6943,408
disco,MTR-63890670,408
property,REG-908766,408
property,REG-224605,408
banking,PK86-8656088525,408
banking,PK12-9852706700,408
banking,PK81-3132494266,408
travel,TRP-4509270,408
travel,TRP-7112026,408
travel,TRP-6058890,408
fbr,FBR-100409,409
excise,RIR-1401,409
disco,MTR-83409743,409
fbr,FBR-100410,410
excise,ICT-9289,410
disco,MTR-94713208,410
property,REG-118586,410
property,REG-495511,410
banking,PK91-7474982778,410
banking,PK14-7380762884,410
travel,TRP-5823945,410
travel,TRP-5217720,410
fbr,FBR-100411,411
disco,MTR-10055873,411
property,REG-612016,411
fbr,FBR-100412,412
disco,MTR-39511127,412
property,REG-841603,412
banking,PK59-9933763424,412
fbr,FBR-100413,413
disco,MTR-83798260,413
property,REG-201106,413
banking,PK45-3036655062,413
fbr,FBR-100414,414
excise,AFR-516,414
disco,MTR-16239416,414
property,REG-384608,414
excise,KAR-7655,415
excise,KAR-9982,415
excise,AFR-9667,415
property,REG-327763,415
property,REG-322333,415
banking,PK69-4644958316,415
travel,TRP-5393806,415
travel,TRP-2499215,415
travel,TRP-8903834,415
fbr,FBR-100416,416
excise,RIR-9166,416
disco,MTR-67611394,416
property,REG-417283,416
banking,PK69-9257471205,416
banking,PK99-1453990754,416
banking,PK57-1552742766,416
travel,TRP-1110229,416
travel,TRP-6152896,416
fbr,FBR-100417,417
excise,KAR-8920,417
disco,MTR-74744682,417
banking,PK90-9162632179,417
excise,ICT-7307,418
disco,MTR-93347196,418
fbr,FBR-100419,419
excise,ICT-1598,419
excise,LEA-3870,419
excise,ICT-6547,419
disco,MTR-68305346,419
property,REG-516919,419
banking,PK54-5044341359,419
banking,PK51-9852944371,419
banking,PK99-2119221231,419
banking,PK12-7945967820,419
travel,TRP-4963732,419
travel,TRP-2748990,419
travel,TRP-5442827,419
travel,TRP-6664306,419
travel,TRP-2749626,419
fbr,FBR-100420,420
excise,ICT-7659,420
excise,AFR-4967,420
disco,MTR-10953635,420
property,REG-145656,420
property,REG-672128,420
banking,PK73-2008772094,420
banking,PK26-3305328106,420
banking,PK23-7387487516,420
travel,TRP-2832300,420
travel,TRP-2333769,420
travel,TRP-1137475,420
travel,TRP-9218114,420
travel,TRP-1075409,420
travel,TRP-1033414,420
fbr,FBR-100421,421
excise,AFR-4115,421
disco,MTR-95893370,421
property,REG-676859,421
property,REG-707769,421
banking,PK10-4002197731,421
banking,PK29-1663933429,421
banking,PK18-4169427479,421
banking,PK31-5779647674,421
travel,TRP-3128835,421
travel,TRP-6171636,421
fbr,FBR-100422,422
disco,MTR-40829947,422
fbr,FBR-100423,423
disco,MTR-75531771,423
property,REG-385080,423
fbr,FBR-100424,424
excise,RIR-5478,424
excise,ICT-9314,424
excise,LEA-8510,424
disco,MTR-81945281,424
property,REG-146254,424
property,REG-870723,424
banking,PK81-5391621453,424
banking,PK94-6677088803,424
travel,TRP-8074418,424
travel,TRP-2865954,424
travel,TRP-5922388,424
travel,TRP-3271965,424
fbr,FBR-100425,425
excise,RIR-8827,425
disco,MTR-17296126,425
banking,PK78-3590804348,425
fbr,FBR-100426,426
disco,MTR-52417035,426
banking,PK65-4225119792,426
excise,ICT-7082,427
excise,AFR-2849,427
excise,ICT-3772,427
disco,MTR-45056819,427
property,REG-634475,427
property,REG-577229,427
banking,PK52-2656297793,427
banking,PK23-7831309057,427
banking,PK54-2200052256,427
travel,TRP-2284412,427
travel,TRP-2811009,427
travel,TRP-7358879,427
fbr,FBR-100428,428
excise,RIR-3466,428
excise,KAR-8566,428
disco,MTR-66091188,428
property,REG-581722,428
banking,PK34-7950595501,428
travel,TRP-4250009,428
disco,MTR-55098584,429
fbr,FBR-100430,430
disco,MTR-24655989,430
banking,PK49-1468637352,430
travel,TRP-9662613,430
disco,MTR-37871826,431
banking,PK27-1234978221,431
fbr,FBR-100432,432
disco,MTR-46748030,432
banking,PK58-1893610716,432
travel,TRP-9310085,432
excise,LEA-3343,433
property,REG-791124,433
property,REG-961873,433
banking,PK29-4767743776,433
banking,PK61-4843436362,433
banking,PK93-3595515399,433
banking,PK74-3112328205,433
travel,TRP-5024205,433
travel,TRP-8361170,433
travel,TRP-7032627,433
travel,TRP-8731770,433
fbr,FBR-100434,434
excise,KAR-6517,434
disco,MTR-89893537,434
disco,MTR-37106023,435
property,REG-823727,435
fbr,FBR-100436,436
disco,MTR-29727981,436
banking,PK27-4503524507,436
travel,TRP-5824536,436
fbr,FBR-100437,437
excise,ICT-3224,437
disco,MTR-32991438,437
banking,PK52-9853524894,437
fbr,FBR-100438,438
disco,MTR-64747242,438
banking,PK78-7246200642,438
travel,TRP-1004478,438
fbr,FBR-100439,439
excise,ICT-8126,439
disco,MTR-49121639,439
property,REG-861561,439
property,REG-553170,439
banking,PK77-4668522545,439
travel,TRP-6668205,439
travel,TRP-5886670,439
fbr,FBR-100440,440
excise,AFR-9394,440
banking,PK30-1812486126,440
fbr,FBR-100441,441
disco,MTR-12903358,441
property,REG-456807,441
banking,PK33-9199639927,441
travel,TRP-8069428,441
fbr,FBR-100442,442
disco,MTR-43502426,442
banking,PK58-3454041932,442
fbr,FBR-100443,443
property,REG-776177,443
fbr,FBR-100444,444
disco,MTR-36656301,444
property,REG-335846,444
banking,PK95-6187260637,444
fbr,FBR-100445,445
disco,MTR-20472982,445
banking,PK61-7202859800,445
fbr,FBR-100446,446
excise,ICT-700,446
banking,PK60-1553381946,446
fbr,FBR-100447,447
excise,ICT-4740,447
excise,KAR-4837,447
disco,MTR-17918347,447
property,REG-464921,447
property,REG-676333,447
banking,PK65-8773279163,447
banking,PK54-5025386975,447
travel,TRP-8954564,447
travel,TRP-7514281,447
travel,TRP-8288460,447
fbr,FBR-100448,448
disco,MTR-14836308,448
banking,PK28-9726691666,448
fbr,FBR-100449,449
excise,AFR-9522,449
disco,MTR-23205315,449
travel,TRP-9473649,449
disco,MTR-34794263,450
fbr,FBR-100451,451
excise,LEA-6738,451
disco,MTR-68182481,451
excise,KAR-2531,452
disco,MTR-76130294,452
property,REG-577643,452
property,REG-241298,452
banking,PK55-9947466819,452
banking,PK32-9825137314,452
travel,TRP-3751054,452
travel,TRP-2965200,452
travel,TRP-8020843,452
travel,TRP-5015938,452
travel,TRP-4629807,452
fbr,FBR-100453,453
disco,MTR-55683490,453
banking,PK16-9819024171,453
travel,TRP-9472602,453
fbr,FBR-100454,454
excise,ICT-6191,454
disco,MTR-69085048,454
property,REG-878017,454
banking,PK76-1061621863,454
banking,PK25-8588454002,454
travel,TRP-6687320,454
travel,TRP-3219164,454
fbr,FBR-100455,455
excise,RIR-3432,455
excise,RIR-4168,455
disco,MTR-48178852,455
property,REG-580451,455
property,REG-361177,455
banking,PK61-9631291232,455
banking,PK20-3415948515,455
banking,PK85-5616626957,455
travel,TRP-8239828,455
travel,TRP-3841611,455
travel,TRP-7916730,455
travel,TRP-9898656,455
travel,TRP-8546203,455
fbr,FBR-100456,456
excise,LEA-3779,456
travel,TRP-9591451,456
fbr,FBR-100457,457
excise,ICT-313,457
property,REG-312507,457
fbr,FBR-100458,458
disco,MTR-60746971,458
banking,PK74-3910585814,458
travel,TRP-4666371,458
fbr,FBR-100459,459
excise,AFR-3352,459
excise,KAR-9974,459
disco,MTR-49488658,459
property,REG-446807,459
banking,PK94-5018211653,459
banking,PK77-8284364219,459
travel,TRP-4789853,459
travel,TRP-9855241,459
travel,TRP-4501997,459
travel,TRP-6160098,459
travel,TRP-4730809,459
travel,TRP-1999420,459
fbr,FBR-100460,460
disco,MTR-61511246,460
property,REG-382196,460
banking,PK21-8863977910,460
fbr,FBR-100461,461
excise,RIR-8217,461
disco,MTR-19169109,461
property,REG-190147,461
banking,PK17-3526178203,461
banking,PK76-7686664260,461
banking,PK48-5816409761,461
banking,PK26-4357958329,461
travel,TRP-7315388,461
travel,TRP-6721861,461
travel,TRP-5140645,461
travel,TRP-3843913,461
travel,TRP-5312402,461
travel,TRP-1187425,461
excise,ICT-5886,462
disco,MTR-40160087,462
property,REG-383447,462
property,REG-107768,462
banking,PK79-8353736522,462
banking,PK49-2998662466,462
travel,TRP-2427359,462
travel,TRP-9200509,462
travel,TRP-9308847,462
travel,TRP-2264479,462
fbr,FBR-100463,463
excise,KAR-6543,463
excise,AFR-2371,463
excise,LEA-4321,463
property,REG-511485,463
property,REG-247789,463
banking,PK29-5284527169,463
travel,TRP-5519548,463
travel,TRP-6279603,463
travel,TRP-2413398,463
fbr,FBR-100464,464
excise,ICT-6509,464
disco,MTR-63720332,464
property,REG-356719,464
banking,PK30-7027977284,464
travel,TRP-1709311,464
travel,TRP-9939891,464
travel,TRP-5458599,464
travel,TRP-7644631,464
disco,MTR-64197839,465
fbr,FBR-100466,466
excise,RIR-2505,466
disco,MTR-92437241,466
banking,PK90-2465435460,466
fbr,FBR-100467,467
excise,AFR-9861,467
excise,RIR-5824,467
excise,ICT-7220,467
disco,MTR-78834628,467
property,REG-442601,467
banking,PK99-4301930654,467
banking,PK55-7414965116,467
travel,TRP-6576297,467
travel,TRP-2807965,467
travel,TRP-2103332,467
travel,TRP-6077272,467
fbr,FBR-100468,468
excise,LEA-5005,468
excise,RIR-8175,468
disco,MTR-14479122,468
property,REG-331146,468
banking,PK81-8728622773,468
banking,PK52-6680968351,468
banking,PK52-2242131439,468
travel,TRP-1024663,468
travel,TRP-9348574,468
fbr,FBR-100469,469
excise,AFR-9716,469
disco,MTR-82454714,469
fbr,FBR-100470,470
excise,AFR-9192,470
disco,MTR-79707569,470
property,REG-181413,470
banking,PK45-5356203406,470
banking,PK73-4773734025,470
travel,TRP-3267678,470
fbr,FBR-100471,471
excise,ICT-4549,471
excise,AFR-8981,471
disco,MTR-92161748,471
property,REG-620358,471
banking,PK39-5971639988,471
banking,PK25-8678914941,471
banking,PK31-4047742340,471
travel,TRP-6658278,471
travel,TRP-4223894,471
travel,TRP-7594813,471
travel,TRP-1935880,471
travel,TRP-5535332,471
travel,TRP-8476135,471
excise,RIR-9651,472
fbr,FBR-100473,473
disco,MTR-44357784,473
banking,PK35-2312050123,473
travel,TRP-2276248,473
fbr,FBR-100474,474
excise,LEA-1848,474
disco,MTR-60968846,474
banking,PK27-1280643955,474
travel,TRP-6072884,474
fbr,FBR-100475,475
excise,AFR-7741,475
disco,MTR-73489348,475
fbr,FBR-100476,476
excise,KAR-7218,476
excise,KAR-2850,476
disco,MTR-39228094,476
property,REG-396409,476
banking,PK15-1408667637,476
travel,TRP-7196470,476
travel,TRP-2438025,476
fbr,FBR-100477,477
excise,AFR-9603,477
disco,MTR-59670305,477
banking,PK17-4923471181,477
fbr,FBR-100478,478
excise,AFR-4779,478
disco,MTR-19286409,478
banking,PK76-3877869859,478
fbr,FBR-100479,479
disco,MTR-41012210,479
banking,PK16-6525872090,479
fbr,FBR-100480,480
disco,MTR-26834553,480
banking,PK23-5744025309,480
fbr,FBR-100481,481
disco,MTR-69319593,481
property,REG-320696,481
banking,PK43-1448092800,481
fbr,FBR-100482,482
disco,MTR-24039920,482
fbr,FBR-100483,483
excise,LEA-8378,483
disco,MTR-34808328,483
property,REG-579838,483
fbr,FBR-100484,484
excise,RIR-649,484
disco,MTR-25732356,484
fbr,FBR-100485,485
property,REG-365728,485
banking,PK43-1310054084,485
fbr,FBR-100486,486
excise,ICT-7739,486
disco,MTR-34002532,486
property,REG-383756,486
banking,PK15-9169383503,486
travel,TRP-8831313,486
fbr,FBR-100487,487
disco,MTR-99614433,487
banking,PK76-1246332700,487
fbr,FBR-100488,488
excise,RIR-4794,488
excise,KAR-4067,488
disco,MTR-83670555,488
property,REG-538431,488
property,REG-790685,488
banking,PK95-2635848555,488
travel,TRP-1846520,488
travel,TRP-1746566,488
travel,TRP-8690709,488
travel,TRP-4987333,488
fbr,FBR-100489,489
excise,AFR-613,489
disco,MTR-41584042,489
fbr,FBR-100490,490
disco,MTR-88077127,490
banking,PK87-2495297469,490
fbr,FBR-100491,491
disco,MTR-68518592,491
property,REG-396363,491
banking,PK24-6965973187,491
fbr,FBR-100492,492
excise,RIR-7806,492
excise,AFR-684,492
disco,MTR-21676352,492
property,REG-571413,492
banking,PK97-7745580128,492
travel,TRP-9569129,492
travel,TRP-3916908,492
travel,TRP-7986840,492
travel,TRP-2046874,492
fbr,FBR-100493,493
excise,LEA-8035,493
excise,LEA-1769,493
property,REG-511410,493
banking,PK56-1414905231,493
banking,PK61-9414365470,493
banking,PK64-7289074559,493
travel,TRP-2438094,493
travel,TRP-2991122,493
fbr,FBR-100494,494
excise,RIR-9610,494
excise,KAR-9689,494
disco,MTR-36482710,494
property,REG-799011,494
property,REG-538400,494
banking,PK70-8576108155,494
banking,PK48-3773296866,494
banking,PK66-1876183994,494
travel,TRP-7129616,494
travel,TRP-2696538,494
travel,TRP-2469295,494
excise,KAR-3872,495
excise,RIR-7411,495
excise,RIR-3559,495
property,REG-530091,495
banking,PK79-8412393217,495
travel,TRP-8006491,495
travel,TRP-7193263,495
travel,TRP-8016731,495
travel,TRP-7950364,495
fbr,FBR-100496,496
excise,LEA-6367,496
disco,MTR-74945658,496
fbr,FBR-100497,497
disco,MTR-93455674,497
banking,PK16-2171891353,497
fbr,FBR-100498,498
excise,ICT-7522,498
disco,MTR-62491448,498
banking,PK44-1209864881,498
fbr,FBR-100499,499
excise,KAR-3321,499
excise,AFR-5508,499
excise,LEA-1998,499
disco,MTR-75255584,499
property,REG-803745,499
property,REG-637129,499
banking,PK52-2158639912,499
banking,PK22-5624937105,499
travel,TRP-4276121,499
travel,TRP-9747187,499
travel,TRP-2025743,499
travel,TRP-5642499,499
fbr,FBR-100500,500
excise,KAR-6479,500
property,REG-915811,500
property,REG-498836,500
banking,PK72-2376414670,500
banking,PK46-5394241399,500
banking,PK15-2167999540,500
banking,PK85-2364552180,500
travel,TRP-2074162,500
travel,TRP-3960920,500
travel,TRP-9456021,500
travel,TRP-5915025,500
fbr,FBR-100501,501
excise,RIR-9298,501
disco,MTR-21971638,501
property,REG-908407,501
banking,PK91-9569992641,501
banking,PK97-3797777978,501
travel,TRP-2543875,501
travel,TRP-2124553,501
travel,TRP-1457567,501
travel,TRP-5043239,501
travel,TRP-6970645,501
travel,TRP-2070991,501
fbr,FBR-100502,502
disco,MTR-77404022,502
banking,PK70-8016582805,502
fbr,FBR-100503,503
excise,AFR-1568,503
excise,LEA-3707,503
disco,MTR-52944385,503
property,REG-510213,503
banking,PK80-1783483046,503
travel,TRP-6170307,503
travel,TRP-2759059,503
travel,TRP-8584378,503
fbr,FBR-100504,504
excise,LEA-8075,504
disco,MTR-17353817,504
banking,PK67-5162070860,504
fbr,FBR-100505,505
excise,AFR-2955,505
banking,PK36-6214451291,505
fbr,FBR-100506,506
disco,MTR-49861261,506
banking,PK66-4534430308,506
excise,KAR-173,507
excise,RIR-956,507
disco,MTR-47587772,507
property,REG-428220,507
banking,PK49-4747712095,507
banking,PK15-3342728073,507
travel,TRP-7229054,507
travel,TRP-6540504,507
fbr,FBR-100508,508
excise,LEA-8170,508
excise,RIR-1671,508
disco,MTR-89203413,508
property,REG-726390,508
banking,PK90-6270142719,508
banking,PK38-9349365063,508
banking,PK51-1340022998,508
travel,TRP-8675783,508
travel,TRP-8101330,508
travel,TRP-2615625,508
travel,TRP-7534867,508
fbr,FBR-100509,509
disco,MTR-50223399,509
property,REG-671833,509
banking,PK80-2902416570,509
fbr,FBR-100510,510
excise,AFR-6310,510
property,REG-218221,510
property,REG-989016,510
banking,PK72-9854455655,510
banking,PK57-9122433872,510
travel,TRP-1180678,510
fbr,FBR-100511,511
excise,AFR-4382,511
disco,MTR-98643632,511
property,REG-856179,511
fbr,FBR-100512,512
disco,MTR-41359875,512
fbr,FBR-100513,513
excise,KAR-1710,513
disco,MTR-65869436,513
property,REG-982564,513
banking,PK74-5029686621,513
fbr,FBR-100514,514
excise,AFR-5887,514
disco,MTR-49045434,514
banking,PK12-9653756324,514
fbr,FBR-100515,515
disco,MTR-40086927,515
banking,PK91-5685298422,515
travel,TRP-9402591,515
fbr,FBR-100516,516
excise,KAR-7500,516
disco,MTR-32028979,516
fbr,FBR-100517,517
excise,ICT-4117,517
disco,MTR-24075789,517
property,REG-822143,517
property,REG-965344,517
banking,PK86-2886254660,517
banking,PK49-5259019266,517
travel,TRP-1031800,517
travel,TRP-7091887,517
travel,TRP-6338532,517
excise,ICT-7893,518
excise,LEA-1352,518
property,REG-747447,518
banking,PK37-7389520435,518
banking,PK29-5996032310,518
travel,TRP-4532673,518
travel,TRP-4851745,518
travel,TRP-9103673,518
travel,TRP-3704402,518
travel,TRP-2626896,518
travel,TRP-7135532,518
fbr,FBR-100519,519
disco,MTR-79242042,519
banking,PK87-7959370834,519
travel,TRP-1034726,519
fbr,FBR-100520,520
excise,AFR-7387,520
excise,ICT-9358,520
excise,RIR-2530,520
disco,MTR-13277473,520
property,REG-494453,520
banking,PK94-5126288646,520
travel,TRP-3802068,520
travel,TRP-9440969,520
fbr,FBR-100521,521
excise,ICT-1574,521
disco,MTR-87344674,521
property,REG-660845,521
banking,PK28-7299731371,521
banking,PK59-5886022321,521
travel,TRP-7474924,521
excise,AFR-4515,522
excise,KAR-3817,522
property,REG-301327,522
banking,PK86-5012495153,522
travel,TRP-8393069,522
travel,TRP-5946278,522
fbr,FBR-100523,523
excise,KAR-6261,523
excise,AFR-1611,523
excise,LEA-6405,523
property,REG-368055,523
property,REG-177464,523
banking,PK52-5035936139,523
banking,PK43-5927702148,523
travel,TRP-7680009,523
travel,TRP-2159218,523
travel,TRP-7216315,523
travel,TRP-5279326,523
fbr,FBR-100524,524
disco,MTR-42341292,524
fbr,FBR-100525,525
disco,MTR-44888723,525
banking,PK17-8937719107,525
fbr,FBR-100526,526
excise,KAR-3070,526
excise,RIR-8782,526
excise,KAR-8659,526
disco,MTR-31306671,526
property,REG-690017,526
property,REG-210626,526
banking,PK34-2366521380,526
banking,PK33-9768433290,526
travel,TRP-5590135,526
travel,TRP-4545485,526
travel,TRP-4726797,526
fbr,FBR-100527,527
excise,KAR-7618,527
disco,MTR-73899930,527
property,REG-698860,527
property,REG-149607,527
banking,PK47-1221348726,527
banking,PK90-8655761788,527
travel,TRP-6682985,527
fbr,FBR-100528,528
disco,MTR-15615341,528
property,REG-497203,528
fbr,FBR-100529,529
banking,PK29-4194101132,529
fbr,FBR-100530,530
excise,RIR-5454,530
excise,LEA-1470,530
excise,RIR-4415,530
disco,MTR-92904734,530
property,REG-904625,530
banking,PK94-6670837424,530
banking,PK12-2720649437,530
travel,TRP-8543246,530
travel,TRP-9207349,530
travel,TRP-8254446,530
travel,TRP-8331536,530
travel,TRP-2175582,530
travel,TRP-5996342,530
fbr,FBR-100531,531
excise,ICT-5745,531
excise,AFR-9635,531
excise,LEA-2492,531
disco,MTR-67210297,531
property,REG-623888,531
property,REG-779099,531
banking,PK48-6298618324,531
travel,TRP-3289256,531
travel,TRP-6857075,531
fbr,FBR-100532,532
excise,AFR-9064,532
disco,MTR-95742245,532
property,REG-605226,532
banking,PK77-1660406802,532
travel,TRP-7009422,532
fbr,FBR-100533,533
disco,MTR-59746896,533
fbr,FBR-100534,534
excise,ICT-6245,534
disco,MTR-96334517,534
property,REG-501235,534
banking,PK92-1431463252,534
travel,TRP-9437914,534
fbr,FBR-100535,535
disco,MTR-25034708,535
banking,PK74-5566590444,535
fbr,FBR-100536,536
disco,MTR-89112811,536
banking,PK82-1766685457,536
fbr,FBR-100537,537
excise,KAR-8730,537
disco,MTR-38016976,537
property,REG-498748,537
travel,TRP-6677474,537
disco,MTR-95845468,538
property,REG-956832,538
banking,PK24-5563448401,538
travel,TRP-5932239,538
fbr,FBR-100539,539
excise,AFR-3634,539
disco,MTR-17570684,539
banking,PK32-6715727186,539
fbr,FBR-100540,540
excise,AFR-7892,540
excise,LEA-7835,540
excise,ICT-5252,540
disco,MTR-28357154,540
property,REG-745878,540
property,REG-692837,540
banking,PK40-1882447546,540
banking,PK79-6659527441,540
banking,PK15-4371375334,540
travel,TRP-3880977,540
travel,TRP-2037381,540
travel,TRP-5881799,540
travel,TRP-1497528,540
travel,TRP-9198215,540
travel,TRP-6810442,540
fbr,FBR-100541,541
disco,MTR-60968569,541
banking,PK53-5394731840,541
excise,RIR-5771,542
excise,KAR-4272,542
disco,MTR-97041452,542
property,REG-978532,542
banking,PK50-8610525331,542
banking,PK10-3097101621,542
travel,TRP-2362706,542
travel,TRP-9017408,542
fbr,FBR-100543,543
excise,LEA-2166,543
disco,MTR-54800719,543
travel,TRP-7773017,543
fbr,FBR-100544,544
excise,ICT-4020,544
disco,MTR-34476690,544
banking,PK94-2588683922,544
fbr,FBR-100545,545
excise,KAR-2920,545
excise,LEA-4807,545
excise,RIR-484,545
disco,MTR-11660977,545
property,REG-562399,545
property,REG-365234,545
banking,PK88-3832633770,545
banking,PK72-9411279057,545
banking,PK18-2462185567,545
travel,TRP-7975770,545
travel,TRP-5918332,545
travel,TRP-4998924,545
travel,TRP-8696133,545
travel,TRP-1715141,545
travel,TRP-8392042,545
excise,AFR-3147,546
excise,LEA-4611,546
excise,RIR-8474,546
disco,MTR-75179947,546
property,REG-558377,546
banking,PK22-6440776288,546
banking,PK90-6821910354,546
banking,PK47-2789869619,546
banking,PK83-8743969592,546
travel,TRP-7584757,546
travel,TRP-7463692,546
travel,TRP-2573407,546
travel,TRP-7828396,546
travel,TRP-5735079,546
travel,TRP-1507945,546
fbr,FBR-100547,547
disco,MTR-30446594,547
banking,PK51-4653928344,547
fbr,FBR-100548,548
excise,RIR-882,548
disco,MTR-23958876,548
banking,PK33-4798700302,548
excise,AFR-9477,549
excise,ICT-7969,549
disco,MTR-28939421,549
property,REG-619810,549
banking,PK53-5228663131,549
travel,TRP-5604366,549
fbr,FBR-100550,550
excise,RIR-8804,550
disco,MTR-31865257,550
banking,PK69-2989032396,550
fbr,FBR-100551,551
disco,MTR-51081915,551
fbr,FBR-100552,552
disco,MTR-48499243,552
banking,PK94-7616462911,552
fbr,FBR-100553,553
disco,MTR-75916881,553
fbr,FBR-100554,554
excise,KAR-6172,554
disco,MTR-31961696,554
property,REG-491592,554
property,REG-343704,554
banking,PK28-6382610892,554
banking,PK17-1210267569,554
banking,PK59-7926102643,554
travel,TRP-4286973,554
travel,TRP-3510742,554
travel,TRP-8275996,554
fbr,FBR-100555,555
disco,MTR-91018229,555
banking,PK86-2734630793,555
fbr,FBR-100556,556
excise,ICT-7464,556
excise,KAR-8919,556
excise,LEA-9959,556
disco,MTR-91712256,556
property,REG-551101,556
property,REG-609511,556
banking,PK27-2666076869,556
banking,PK98-7323198872,556
travel,TRP-7601069,556
travel,TRP-7112437,556
travel,TRP-6842499,556
travel,TRP-6415715,556
travel,TRP-6017424,556
travel,TRP-9572486,556
excise,AFR-570,557
disco,MTR-91518447,557
property,REG-981721,557
banking,PK73-8026598377,557
fbr,FBR-100558,558
excise,KAR-282,558
disco,MTR-73921720,558
excise,LEA-9178,559
disco,MTR-11311251,559
travel,TRP-9354366,559
fbr,FBR-100560,560
excise,LEA-4333,560
excise,RIR-7245,560
excise,LEA-3073,560
disco,MTR-92548470,560
property,REG-702504,560
property,REG-350052,560
banking,PK15-3068561703,560
banking,PK62-4880288498,560
banking,PK74-3783686477,560
travel,TRP-9898085,560
travel,TRP-9714816,560
travel,TRP-4138908,560
travel,TRP-6375731,560
travel,TRP-2609728,560
travel,TRP-8063855,560
fbr,FBR-100561,561
fbr,FBR-100562,562
excise,ICT-874,562
property,REG-111023,562
property,REG-493189,562
banking,PK89-7261065336,562
travel,TRP-6173803,562
fbr,FBR-100563,563
excise,RIR-3168,564
disco,MTR-32593799,564
banking,PK92-3893690545,564
travel,TRP-5083016,564
fbr,FBR-100565,565
disco,MTR-52934943,565
travel,TRP-6597927,565
fbr,FBR-100566,566
excise,KAR-8954,566
disco,MTR-70947503,566
property,REG-656273,566
property,REG-725603,566
banking,PK21-1152615623,566
travel,TRP-9998108,566
travel,TRP-7694861,566
travel,TRP-6908856,566
travel,TRP-4908953,566
fbr,FBR-100567,567
excise,AFR-1079,567
disco,MTR-21636994,567
property,REG-219204,567
banking,PK70-6100959462,567
banking,PK89-4209203556,567
travel,TRP-6723129,567
travel,TRP-6269544,567
travel,TRP-1463222,567
fbr,FBR-100568,568
disco,MTR-42603602,568
banking,PK14-7860438344,568
travel,TRP-9621340,568
fbr,FBR-100569,569
excise,LEA-8165,569
disco,MTR-22935037,569
banking,PK96-5763875135,569
fbr,FBR-100570,570
disco,MTR-60242890,570
fbr,FBR-100571,571
excise,AFR-8068,571
excise,AFR-694,571
disco,MTR-67222343,571
property,REG-645742,571
banking,PK31-5204927542,571
travel,TRP-5206737,571
travel,TRP-5390867,571
travel,TRP-9043135,571
travel,TRP-7335331,571
fbr,FBR-100572,572
excise,KAR-834,572
disco,MTR-57867162,572
banking,PK94-9207151549,572
fbr,FBR-100573,573
excise,LEA-6994,573
excise,ICT-9302,573
disco,MTR-11485944,573
property,REG-220013,573
property,REG-555301,573
banking,PK30-8293437195,573
banking,PK26-3829899847,573
banking,PK87-7756520604,573
banking,PK71-7382920867,573
travel,TRP-6279531,573
travel,TRP-9993771,573
travel,TRP-4526163,573
travel,TRP-5116937,573
travel,TRP-5819144,573
fbr,FBR-100574,574
excise,RIR-4791,574
disco,MTR-55848506,574
property,REG-813322,574
fbr,FBR-100575,575
excise,AFR-860,575
disco,MTR-12719502,575
property,REG-481040,575
banking,PK34-2113957672,575
travel,TRP-3141011,575
travel,TRP-2785145,575
fbr,FBR-100576,576
excise,LEA-7025,576
disco,MTR-62780352,576
property,REG-813531,576
property,REG-994178,576
banking,PK35-5725309003,576
travel,TRP-3711894,576
travel,TRP-1367441,576
travel,TRP-8325380,576
travel,TRP-3069162,576
fbr,FBR-100577,577
disco,MTR-39225148,577
property,REG-236907,577
fbr,FBR-100578,578
excise,RIR-1480,578
excise,KAR-3487,578
excise,RIR-4854,578
disco,MTR-57468325,578
property,REG-250888,578
banking,PK90-7534376878,578
banking,PK82-2432039378,578
travel,TRP-1082123,578
travel,TRP-2936672,578
travel,TRP-1999651,578
travel,TRP-5576123,578
travel,TRP-3881643,578
fbr,FBR-100579,579
excise,RIR-4629,579
disco,MTR-86664869,579
property,REG-294767,579
property,REG-675591,579
banking,PK25-9313965355,579
banking,PK87-4031961324,579
banking,PK89-1332469393,579
travel,TRP-3269541,579
travel,TRP-1862881,579
travel,TRP-8730250,579
travel,TRP-1595243,579
travel,TRP-4350389,579
fbr,FBR-100580,580
disco,MTR-50417759,580
banking,PK37-9665602303,580
travel,TRP-6748163,580
fbr,FBR-100581,581
excise,LEA-3582,581
disco,MTR-78654323,581
property,REG-695723,581
banking,PK50-3361291729,581
excise,LEA-3315,582
excise,LEA-5149,582
disco,MTR-70739673,582
property,REG-765210,582
banking,PK12-8197340689,582
banking,PK31-1318429465,582
banking,PK72-8592665006,582
travel,TRP-9620504,582
travel,TRP-4701026,582
travel,TRP-1019576,582
fbr,FBR-100583,583
excise,KAR-781,583
excise,AFR-5445,583
disco,MTR-79180517,583
property,REG-523595,583
banking,PK18-4781006756,583
banking,PK52-5480876825,583
banking,PK19-1336517434,583
travel,TRP-9861111,583
travel,TRP-3584650,583
travel,TRP-7236005,583
fbr,FBR-100584,584
disco,MTR-31117014,584
banking,PK78-4528853285,584
fbr,FBR-100585,585
excise,ICT-6701,585
disco,MTR-51530273,585
fbr,FBR-100586,586
excise,ICT-8582,586
disco,MTR-88518976,586
property,REG-179127,586
banking,PK12-7982109385,586
travel,TRP-5010544,586
travel,TRP-1100213,586
travel,TRP-7867903,586
excise,LEA-2274,587
disco,MTR-75768647,587
property,REG-139488,587
property,REG-380758,587
banking,PK77-2502906637,587
banking,PK25-7061777489,587
banking,PK31-3661896619,587
banking,PK96-8997474780,587
travel,TRP-5785479,587
travel,TRP-5194013,587
fbr,FBR-100588,588
disco,MTR-61344561,588
banking,PK69-7682946011,588
travel,TRP-8442808,588
disco,MTR-32093514,589
property,REG-636005,589
travel,TRP-6186407,589
fbr,FBR-100590,590
disco,MTR-80592379,590
banking,PK10-5557739279,590
excise,ICT-6442,591
disco,MTR-84673191,591
property,REG-772107,591
property,REG-210724,591
banking,PK45-2099911058,591
banking,PK20-4396807251,591
travel,TRP-7847889,591
travel,TRP-3643593,591
travel,TRP-7549298,591
travel,TRP-7090431,591
travel,TRP-1855654,591
travel,TRP-3666472,591
fbr,FBR-100592,592
excise,ICT-2047,592
disco,MTR-12409073,592
fbr,FBR-100593,593
disco,MTR-66509667,593
fbr,FBR-100594,594
disco,MTR-95322774,594
travel,TRP-3701992,594
fbr,FBR-100595,595
excise,RIR-220,595
excise,RIR-9179,595
excise,ICT-5081,595
disco,MTR-29871717,595
property,REG-440688,595
property,REG-509899,595
banking,PK76-4285832917,595
banking,PK85-2780954198,595
banking,PK18-8341678813,595
banking,PK89-5721325166,595
travel,TRP-6501038,595
travel,TRP-8926809,595
travel,TRP-9963640,595
excise,ICT-7280,596
disco,MTR-50105049,596
property,REG-664093,596
banking,PK19-2334282477,596
fbr,FBR-100597,597
excise,AFR-9446,597
disco,MTR-49824577,597
travel,TRP-2054290,597
fbr,FBR-100598,598
excise,AFR-8307,598
disco,MTR-19146881,598
property,REG-888900,598
banking,PK50-2708690468,598
banking,PK54-8314234603,598
banking,PK19-6774081622,598
banking,PK73-6896819130,598
travel,TRP-4000996,598
travel,TRP-4805538,598
travel,TRP-4632959,598
travel,TRP-4815577,598
travel,TRP-7306423,598
fbr,FBR-100599,599
excise,RIR-7263,599
disco,MTR-68920059,599
fbr,FBR-100600,600
disco,MTR-58748830,600
property,REG-213105,600
banking,PK90-5586851815,600
disco,MTR-82059052,601
fbr,FBR-100602,602
fbr,FBR-100603,603
excise,RIR-1617,603
disco,MTR-56457932,603
property,REG-231446,603
excise,KAR-969,604
excise,ICT-5833,604
disco,MTR-24363603,604
property,REG-423215,604
property,REG-871293,604
banking,PK50-5787791586,604
banking,PK20-9936660346,604
travel,TRP-9951891,604
fbr,FBR-100605,605
excise,AFR-4049,605
disco,MTR-93708861,605
property,REG-952475,605
banking,PK75-6733365481,605
banking,PK43-9223854403,605
travel,TRP-7698007,605
fbr,FBR-100606,606
excise,LEA-4484,606
excise,KAR-4073,606
excise,AFR-4689,606
disco,MTR-87741469,606
property,REG-146438,606
property,REG-177581,606
banking,PK36-2197815150,606
banking,PK72-1033718743,606
banking,PK15-1883225866,606
travel,TRP-5813958,606
travel,TRP-6193838,606
travel,TRP-4504116,606
travel,TRP-8492547,606
travel,TRP-3919608,606
travel,TRP-8039142,606
excise,AFR-2859,607
excise,KAR-9003,607
excise,ICT-2190,607
disco,MTR-70469400,607
property,REG-783612,607
property,REG-965832,607
banking,PK24-9568350644,607
travel,TRP-7496207,607
travel,TRP-5810257,607
travel,TRP-1244324,607
fbr,FBR-100608,608
excise,ICT-2633,608
disco,MTR-10898691,608
property,REG-612349,608
property,REG-755349,608
banking,PK38-6324395451,608
banking,PK19-4821260230,608
travel,TRP-3144606,608
travel,TRP-4943263,608
fbr,FBR-100609,609
disco,MTR-57304458,609
banking,PK72-6979310964,609
fbr,FBR-100610,610
excise,LEA-7686,610
disco,MTR-30734365,610
fbr,FBR-100611,611
excise,RIR-6845,611
disco,MTR-50938136,611
fbr,FBR-100612,612
excise,LEA-8417,612
disco,MTR-29766241,612
fbr,FBR-100613,613
excise,ICT-7812,613
disco,MTR-68665225,613
banking,PK86-5239744418,613
disco,MTR-17528601,614
fbr,FBR-100615,615
excise,RIR-8263,615
disco,MTR-38452823,615
property,REG-663613,615
banking,PK23-3867426874,615
banking,PK32-3646294256,615
travel,TRP-8529594,615
fbr,FBR-100616,616
disco,MTR-34674994,616
banking,PK29-9067699923,616
fbr,FBR-100617,617
disco,MTR-83907211,617
fbr,FBR-100618,618
disco,MTR-25151053,618
travel,TRP-7846153,618
excise,AFR-6359,619
excise,ICT-6916,619
excise,RIR-5721,619
disco,MTR-56935086,619
property,REG-582360,619
banking,PK88-9758245850,619
banking,PK66-9195127843,619
travel,TRP-9421226,619
travel,TRP-8581924,619
fbr,FBR-100620,620
excise,KAR-1187,620
excise,AFR-194,620
disco,MTR-12061822,620
property,REG-856481,620
banking,PK11-1342262299,620
travel,TRP-3516508,620
fbr,FBR-100621,621
excise,LEA-6607,621
excise,RIR-8085,621
excise,RIR-8543,621
disco,MTR-78572190,621
property,REG-227180,621
banking,PK27-6914154822,621
banking,PK96-9705095926,621
travel,TRP-8117210,621
travel,TRP-4589333,621
travel,TRP-5163886,621
disco,MTR-77123542,622
banking,PK92-6875866423,622
fbr,FBR-100623,623
excise,AFR-8706,623
excise,AFR-5777,623
disco,MTR-17403416,623
property,REG-727524,623
banking,PK26-5651907075,623
travel,TRP-8619031,623
travel,TRP-8379384,623
travel,TRP-5019958,623
travel,TRP-2751027,623
fbr,FBR-100624,624
disco,MTR-59953878,624
banking,PK89-9919028687,624
fbr,FBR-100625,625
excise,LEA-2925,625
excise,ICT-9197,625
excise,ICT-5231,625
disco,MTR-61645477,625
property,REG-841070,625
banking,PK48-2407298044,625
banking,PK19-3661587320,625
banking,PK39-7496271421,625
travel,TRP-6462255,625
travel,TRP-2470216,625
travel,TRP-7590653,625
travel,TRP-2662361,625
fbr,FBR-100626,626
excise,ICT-9451,626
disco,MTR-20186639,626
property,REG-845665,626
travel,TRP-2439420,626
fbr,FBR-100627,627
disco,MTR-23154594,627
banking,PK22-9563391508,627
travel,TRP-4691473,627
disco,MTR-10348938,628
property,REG-322138,628
banking,PK83-5678426803,628
fbr,FBR-100629,629
excise,RIR-9356,629
disco,MTR-60109016,629
banking,PK68-4090363801,629
fbr,FBR-100630,630
disco,MTR-81962567,630
banking,PK22-2718748096,630
excise,LEA-2363,631
disco,MTR-84653674,631
property,REG-363584,631
banking,PK71-5326862109,631
banking,PK37-6467874677,631
banking,PK95-4144464228,631
banking,PK84-5845578408,631
travel,TRP-7191540,631
travel,TRP-3028143,631
excise,RIR-3297,632
disco,MTR-44768879,632
property,REG-235597,632
property,REG-106088,632
banking,PK75-1754178230,632
travel,TRP-3968493,632
travel,TRP-6796597,632
fbr,FBR-100633,633
excise,AFR-9298,633
disco,MTR-72225091,633
travel,TRP-5205147,633
fbr,FBR-100634,634
excise,ICT-3917,634
disco,MTR-56594910,634
banking,PK58-9647930701,634
fbr,FBR-100635,635
excise,AFR-7582,635
disco,MTR-23797661,635
banking,PK61-8390186320,635
travel,TRP-8148323,635
fbr,FBR-100636,636
disco,MTR-86099387,636
fbr,FBR-100637,637
excise,AFR-1467,637
disco,MTR-39900061,637
banking,PK32-6162530067,637
fbr,FBR-100638,638
excise,ICT-6250,638
disco,MTR-25089603,638
banking,PK88-8344243787,638
travel,TRP-7542924,638
excise,ICT-1621,639
disco,MTR-24431556,639
property,REG-266631,639
fbr,FBR-100640,640
excise,RIR-4006,640
disco,MTR-96095674,640
property,REG-314875,640
property,REG-172845,640
banking,PK88-3323294549,640
banking,PK70-4256964945,640
banking,PK10-3434741022,640
travel,TRP-2849836,640
travel,TRP-6470011,640
travel,TRP-9368307,640
travel,TRP-4157649,640
travel,TRP-6574483,640
fbr,FBR-100641,641
excise,LEA-1065,641
excise,ICT-3670,641
disco,MTR-26195804,641
property,REG-656883,641
banking,PK66-7285100154,641
banking,PK44-2335984617,641
travel,TRP-8445119,641
travel,TRP-6003959,641
travel,TRP-2471744,641
fbr,FBR-100642,642
disco,MTR-60216928,642
banking,PK88-5501786315,642
travel,TRP-5991331,642
fbr,FBR-100643,643
excise,RIR-1056,643
disco,MTR-53929002,643
property,REG-245808,643
property,REG-340054,643
banking,PK90-9410314097,643
travel,TRP-4186191,643
travel,TRP-2379635,643
travel,TRP-1864562,643
travel,TRP-7695058,643
fbr,FBR-100644,644
excise,LEA-9202,644
disco,MTR-24293894,644
fbr,FBR-100645,645
disco,MTR-79916149,645
banking,PK16-1569398174,645
travel,TRP-2403922,645
fbr,FBR-100646,646
disco,MTR-97431715,646
banking,PK99-8340679619,646
travel,TRP-2732464,646
fbr,FBR-100647,647
disco,MTR-16349546,647
banking,PK67-5688219853,647
fbr,FBR-100648,648
excise,LEA-7340,648
disco,MTR-87632980,648
banking,PK26-9793804393,648
travel,TRP-2924807,648
fbr,FBR-100649,649
excise,AFR-5970,649
disco,MTR-34371470,649
banking,PK33-1035048768,649
fbr,FBR-100650,650
disco,MTR-86742766,650
fbr,FBR-100651,651
excise,LEA-4346,651
disco,MTR-18832346,651
fbr,FBR-100652,652
disco,MTR-70948126,652
banking,PK95-6628079280,652
fbr,FBR-100653,653
excise,ICT-4520,653
property,REG-220862,653
banking,PK91-4953656866,653
fbr,FBR-100654,654
excise,AFR-532,654
excise,RIR-6659,654
excise,KAR-5730,654
disco,MTR-98489917,654
property,REG-963124,654
banking,PK40-6677277274,654
banking,PK54-9993332740,654
travel,TRP-7631693,654
travel,TRP-7588016,654
travel,TRP-3065733,654
travel,TRP-8589873,654
travel,TRP-4563969,654
travel,TRP-2497512,654
fbr,FBR-100655,655
disco,MTR-79846999,655
property,REG-294335,655
fbr,FBR-100656,656
disco,MTR-84181689,656
banking,PK12-3861449357,656
fbr,FBR-100657,657
excise,LEA-948,657
disco,MTR-36647283,657
banking,PK64-7161891891,657
travel,TRP-2242209,657
fbr,FBR-100658,658
fbr,FBR-100659,659
excise,AFR-3516,659
disco,MTR-29971063,659
excise,ICT-610,660
excise,LEA-8787,660
excise,RIR-3305,660
disco,MTR-67075728,660
property,REG-118729,660
banking,PK13-2501256162,660
banking,PK39-7196966433,660
banking,PK84-3566545735,660
banking,PK67-7540004434,660
travel,TRP-1106493,660
travel,TRP-6423551,660
fbr,FBR-100661,661
disco,MTR-64196147,661
property,REG-912091,661
banking,PK83-7447962184,661
fbr,FBR-100662,662
disco,MTR-41749637,662
property,REG-643081,662
banking,PK25-7416365592,662
travel,TRP-4422886,662
fbr,FBR-100663,663
excise,ICT-1489,663
excise,ICT-7527,663
disco,MTR-22514977,663
property,REG-950588,663
property,REG-437760,663
banking,PK11-9697633406,663
banking,PK56-7221752059,663
banking,PK96-2983465617,663
travel,TRP-7806360,663
travel,TRP-8702631,663
travel,TRP-9778399,663
travel,TRP-4491103,663
fbr,FBR-100664,664
excise,AFR-3379,665
disco,MTR-92939671,665
property,REG-577829,665
property,REG-768993,665
banking,PK97-3222970251,665
travel,TRP-1143664,665
travel,TRP-6269093,665
travel,TRP-3029088,665
travel,TRP-4641570,665
fbr,FBR-100666,666
disco,MTR-44130373,666
banking,PK31-1704724832,666
fbr,FBR-100667,667
excise,ICT-4030,667
disco,MTR-33967699,667
property,REG-237601,667
property,REG-748194,667
banking,PK88-2943226840,667
travel,TRP-1875893,667
travel,TRP-1875987,667
travel,TRP-9179085,667
disco,MTR-72788025,668
property,REG-718475,668
fbr,FBR-100669,669
excise,LEA-819,669
excise,LEA-4685,669
excise,LEA-2719,669
disco,MTR-67269701,669
property,REG-992430,669
banking,PK91-6712777378,669
banking,PK24-7092983980,669
travel,TRP-7686793,669
fbr,FBR-100670,670
disco,MTR-50620176,670
fbr,FBR-100671,671
excise,LEA-7325,671
disco,MTR-13870620,671
property,REG-692604,671
banking,PK71-3255643398,671
travel,TRP-1654203,671
fbr,FBR-100672,672
excise,AFR-6537,672
excise,AFR-8911,672
excise,RIR-9710,672
disco,MTR-24198996,672
property,REG-438615,672
property,REG-242157,672
banking,PK30-4446473852,672
travel,TRP-9173069,672
travel,TRP-5818172,672
travel,TRP-7130273,672
disco,MTR-48445053,673
travel,TRP-9958536,673
fbr,FBR-100674,674
disco,MTR-90132527,674
banking,PK14-8313946480,674
fbr,FBR-100675,675
excise,AFR-1549,675
disco,MTR-30144542,675
excise,AFR-2962,676
excise,ICT-7564,676
property,REG-231772,676
property,REG-273330,676
banking,PK87-9717596387,676
travel,TRP-2383420,676
excise,LEA-5418,677
excise,LEA-5292,677
disco,MTR-48672520,677
property,REG-859093,677
banking,PK41-1799724854,677
banking,PK89-7094164128,677
travel,TRP-5470969,677
travel,TRP-7977146,677
travel,TRP-2706394,677
travel,TRP-2145623,677
travel,TRP-6636767,677
fbr,FBR-100678,678
excise,ICT-7666,678
disco,MTR-92838591,678
fbr,FBR-100679,679
excise,AFR-6092,679
disco,MTR-11793071,679
banking,PK70-9447223212,679
excise,ICT-6664,680
disco,MTR-93419051,680
banking,PK14-2971328177,680
fbr,FBR-100681,681
excise,LEA-9850,681
banking,PK51-2291721810,681
excise,KAR-5016,682
disco,MTR-65770626,682
property,REG-597626,682
banking,PK23-7386322327,682
banking,PK43-6697717616,682
banking,PK60-6066119815,682
banking,PK85-5644235910,682
travel,TRP-9512372,682
travel,TRP-2400837,682
fbr,FBR-100683,683
excise,RIR-8952,683
excise,RIR-3895,683
excise,RIR-1448,683
disco,MTR-73455892,683
property,REG-508674,683
banking,PK17-8826378467,683
banking,PK51-6389505760,683
travel,TRP-7741622,683
travel,TRP-4533182,683
fbr,FBR-100684,684
excise,ICT-6552,684
excise,RIR-8291,684
excise,AFR-448,684
property,REG-538445,684
banking,PK75-8838298977,684
banking,PK72-8637134243,684
travel,TRP-3585870,684
travel,TRP-6497840,684
excise,RIR-2333,685
excise,AFR-507,685
disco,MTR-15964134,685
property,REG-331786,685
property,REG-109993,685
banking,PK38-3931690660,685
travel,TRP-1500304,685
fbr,FBR-100686,686
excise,LEA-7395,686
excise,AFR-4849,686
disco,MTR-38916898,686
property,REG-169608,686
property,REG-718354,686
banking,PK56-1032431508,686
banking,PK89-8987988107,686
banking,PK19-1019428835,686
travel,TRP-5142159,686
travel,TRP-3368783,686
travel,TRP-8910919,686
travel,TRP-8241248,686
travel,TRP-9677444,686
fbr,FBR-100687,687
excise,AFR-3647,687
excise,KAR-250,687
excise,LEA-4037,687
property,REG-791767,687
banking,PK16-6601348687,687
banking,PK99-9621233639,687
banking,PK37-3345758537,687
banking,PK60-5842563267,687
travel,TRP-4953274,687
travel,TRP-5305217,687
travel,TRP-6481567,687
fbr,FBR-100688,688
excise,ICT-6056,688
disco,MTR-88847117,688
banking,PK62-3993058825,688
fbr,FBR-100689,689
excise,KAR-5597,689
disco,MTR-49360048,689
banking,PK21-3589877080,689
fbr,FBR-100690,690
banking,PK33-4207123940,690
fbr,FBR-100691,691
excise,RIR-3443,691
excise,LEA-4975,691
property,REG-662362,691
property,REG-752236,691
banking,PK38-3728871482,691
banking,PK96-8053986056,691
banking,PK89-5385564387,691
banking,PK54-6811321605,691
travel,TRP-9744144,691
travel,TRP-1461596,691
travel,TRP-8654288,691
travel,TRP-4587017,691
travel,TRP-4122533,691
travel,TRP-9077553,691
fbr,FBR-100692,692
disco,MTR-88110887,692
travel,TRP-2767764,692
fbr,FBR-100693,693
excise,RIR-6812,693
excise,ICT-7355,693
disco,MTR-63029666,693
property,REG-865780,693
banking,PK78-6193638112,693
banking,PK34-1457857654,693
banking,PK83-7786779009,693
banking,PK12-9299599450,693
travel,TRP-7452298,693
travel,TRP-4178496,693
travel,TRP-1139792,693
travel,TRP-9925071,693
travel,TRP-1908859,693
fbr,FBR-100694,694
disco,MTR-48080929,694
fbr,FBR-100695,695
excise,RIR-3375,695
disco,MTR-44386130,695
property,REG-950664,695
property,REG-426625,695
banking,PK30-9151103448,695
travel,TRP-5388209,695
travel,TRP-2856961,695
travel,TRP-9238767,695
travel,TRP-3686983,695
fbr,FBR-100696,696
excise,LEA-9160,696
disco,MTR-17292377,696
property,REG-307897,696
property,REG-455287,696
banking,PK79-3979756460,696
travel,TRP-3711379,696
travel,TRP-4506276,696
fbr,FBR-100697,697
excise,RIR-7708,697
excise,RIR-4345,697
disco,MTR-14242335,697
property,REG-200280,697
property,REG-336606,697
banking,PK56-2774807706,697
travel,TRP-9923659,697
fbr,FBR-100698,698
excise,LEA-3870,698
disco,MTR-61256544,698
fbr,FBR-100699,699
fbr,FBR-100700,700
disco,MTR-45423654,700
banking,PK77-9232768973,700
fbr,FBR-100701,701
excise,AFR-8260,701
disco,MTR-25287748,701
property,REG-385072,701
property,REG-832187,701
banking,PK46-6019420820,701
travel,TRP-5976787,701
travel,TRP-9412938,701
travel,TRP-1829711,701
fbr,FBR-100702,702
banking,PK82-8042516149,702
fbr,FBR-100703,703
excise,RIR-7455,703
disco,MTR-53244554,703
banking,PK93-3268774369,703
fbr,FBR-100704,704
excise,ICT-5837,704
disco,MTR-15683967,704
banking,PK27-6975832146,704
fbr,FBR-100705,705
excise,ICT-963,705
disco,MTR-25818960,705
fbr,FBR-100706,706
disco,MTR-68984208,706
banking,PK89-1898568002,706
fbr,FBR-100707,707
excise,LEA-6538,707
disco,MTR-39338934,707
property,REG-670947,707
banking,PK53-6594102951,707
fbr,FBR-100708,708
disco,MTR-17800425,708
banking,PK72-4500684941,708
fbr,FBR-100709,709
disco,MTR-76346709,709
banking,PK86-3667218990,709
fbr,FBR-100710,710
excise,AFR-1382,710
excise,AFR-2646,710
disco,MTR-87822315,710
property,REG-553663,710
property,REG-818473,710
banking,PK68-8314272134,710
banking,PK62-9918692345,710
travel,TRP-2254349,710
travel,TRP-4093525,710
fbr,FBR-100711,711
disco,MTR-79507273,711
banking,PK28-8804265085,711
fbr,FBR-100712,712
excise,RIR-4165,712
disco,MTR-22362611,712
banking,PK73-1186091334,712
fbr,FBR-100713,713
disco,MTR-42189979,713
banking,PK29-2291980786,713
travel,TRP-3645235,713
fbr,FBR-100714,714
excise,AFR-7274,714
disco,MTR-50451459,714
banking,PK79-3698935055,714
fbr,FBR-100715,715
disco,MTR-25954186,715
disco,MTR-13229121,716
excise,RIR-7953,717
disco,MTR-80292305,717
fbr,FBR-100718,718
disco,MTR-17314576,718
banking,PK71-1064746209,718
travel,TRP-1393976,718
disco,MTR-37068987,719
banking,PK22-2634405544,719
fbr,FBR-100720,720
excise,LEA-3308,720
disco,MTR-39123909,720
fbr,FBR-100721,721
disco,MTR-30400994,721
disco,MTR-69488672,722
property,REG-656124,722
fbr,FBR-100723,723
excise,KAR-9832,723
excise,LEA-3117,723
disco,MTR-83302858,723
property,REG-146751,723
banking,PK38-2179156519,723
banking,PK22-4161042861,723
banking,PK87-2848615498,723
banking,PK40-8671467087,723
travel,TRP-2678555,723
travel,TRP-1789436,723
travel,TRP-6605531,723
travel,TRP-3439090,723
travel,TRP-9191757,723
travel,TRP-1638173,723
fbr,FBR-100724,724
disco,MTR-92901038,724
banking,PK20-8734256506,724
fbr,FBR-100725,725
disco,MTR-29192610,725
banking,PK73-1885920849,725
fbr,FBR-100726,726
excise,RIR-6222,726
disco,MTR-32577756,726
banking,PK46-5549876791,726
fbr,FBR-100727,727
excise,LEA-7590,727
excise,AFR-8871,727
disco,MTR-75035657,727
property,REG-420298,727
banking,PK16-4720726939,727
banking,PK49-7913156988,727
travel,TRP-6915111,727
travel,TRP-1844102,727
fbr,FBR-100728,728
excise,KAR-3793,728
excise,AFR-855,728
excise,RIR-8248,728
disco,MTR-37095431,728
property,REG-398868,728
property,REG-859001,728
banking,PK54-2678207958,728
banking,PK69-9495674155,728
travel,TRP-4162498,728
travel,TRP-5345442,728
fbr,FBR-100729,729
excise,ICT-8092,729
property,REG-987982,729
property,REG-155613,729
banking,PK12-2105189775,729
banking,PK61-9578718972,729
banking,PK72-6273571024,729
banking,PK48-1198336957,729
travel,TRP-5471496,729
travel,TRP-6636552,729
travel,TRP-3509104,729
travel,TRP-9817825,729
travel,TRP-8233184,729
travel,TRP-3389377,729
fbr,FBR-100730,730
excise,KAR-6445,730
disco,MTR-68410842,730
banking,PK41-7767204942,730
fbr,FBR-100731,731
disco,MTR-37454677,731
banking,PK19-9372757146,731
fbr,FBR-100732,732
excise,LEA-4996,732
excise,AFR-5722,732
excise,KAR-4376,732
disco,MTR-88572932,732
property,REG-261668,732
property,REG-665898,732
banking,PK39-7972917113,732
banking,PK61-1049267699,732
banking,PK93-7695383405,732
travel,TRP-6324704,732
travel,TRP-9109560,732
fbr,FBR-100733,733
excise,LEA-2899,733
excise,KAR-7196,733
excise,RIR-1615,733
disco,MTR-63417728,733
property,REG-329001,733
banking,PK96-2138454068,733
banking,PK68-7690765393,733
travel,TRP-5393349,733
travel,TRP-1806612,733
travel,TRP-7926488,733
fbr,FBR-100734,734
disco,MTR-70116087,734
banking,PK15-1224967834,734
fbr,FBR-100735,735
disco,MTR-55122143,735
banking,PK28-4840957679,735
fbr,FBR-100736,736
excise,KAR-5334,736
disco,MTR-39567095,736
travel,TRP-3965448,736
fbr,FBR-100737,737
excise,LEA-3005,737
property,REG-952811,737
property,REG-162782,737
banking,PK23-7108362060,737
banking,PK78-4985734426,737
travel,TRP-6642939,737
travel,TRP-4028462,737
travel,TRP-4406855,737
travel,TRP-4249747,737
travel,TRP-1133552,737
travel,TRP-7488421,737
fbr,FBR-100738,738
excise,KAR-5258,738
excise,ICT-4201,738
disco,MTR-35485725,738
property,REG-580442,738
property,REG-387181,738
banking,PK52-9202834252,738
travel,TRP-1935698,738
travel,TRP-7440528,738
fbr,FBR-100739,739
excise,LEA-7712,739
disco,MTR-15572689,739
banking,PK48-1832607023,739
fbr,FBR-100740,740
excise,KAR-8279,740
disco,MTR-96619895,740
banking,PK47-9068738704,740
fbr,FBR-100741,741
excise,ICT-5575,741
disco,MTR-55289919,741
banking,PK24-4561812005,741
fbr,FBR-100742,742
excise,AFR-8581,742
disco,MTR-94846976,742
banking,PK80-9117217602,742
fbr,FBR-100743,743
disco,MTR-12479805,743
banking,PK16-4775074320,743
travel,TRP-8800329,743
fbr,FBR-100744,744
excise,LEA-2392,744
disco,MTR-78352741,744
fbr,FBR-100745,745
disco,MTR-53762094,745
fbr,FBR-100746,746
disco,MTR-22564154,746
property,REG-879899,746
fbr,FBR-100747,747
excise,LEA-3016,747
disco,MTR-12751535,747
banking,PK91-2333070486,747
fbr,FBR-100748,748
disco,MTR-67426887,748
banking,PK74-6159306916,748
fbr,FBR-100749,749
excise,RIR-6332,749
disco,MTR-94326819,749
property,REG-379484,749
property,REG-265350,749
banking,PK28-8618569786,749
travel,TRP-9231347,749
travel,TRP-3762900,749
travel,TRP-7600644,749
travel,TRP-7646550,749
fbr,FBR-100750,750
excise,AFR-1652,750
banking,PK29-8579994207,750
travel,TRP-5532570,750
fbr,FBR-100751,751
excise,KAR-997,751
disco,MTR-13575379,751
banking,PK59-9234652314,751
travel,TRP-9015156,751
excise,LEA-4309,752
disco,MTR-33644270,752
fbr,FBR-100753,753
excise,KAR-9393,753
excise,AFR-1300,753
excise,ICT-6769,753
disco,MTR-56571722,753
property,REG-973734,753
banking,PK13-5980943166,753
banking,PK90-8469653550,753
travel,TRP-3160610,753
excise,ICT-2573,754
excise,KAR-2156,754
property,REG-175662,754
property,REG-443684,754
banking,PK49-8783945481,754
travel,TRP-1656001,754
fbr,FBR-100755,755
excise,AFR-2662,755
disco,MTR-21438340,755
property,REG-276748,755
banking,PK95-4514004515,755
banking,PK54-9111433122,755
travel,TRP-4154776,755
travel,TRP-4698023,755
travel,TRP-5743599,755
fbr,FBR-100756,756
excise,KAR-154,756
excise,ICT-6163,756
disco,MTR-13686218,756
property,REG-499361,756
banking,PK47-4089852434,756
banking,PK24-7806157595,756
travel,TRP-7569338,756
travel,TRP-4797346,756
travel,TRP-8822472,756
travel,TRP-6743245,756
fbr,FBR-100757,757
excise,KAR-6697,757
disco,MTR-62920955,757
fbr,FBR-100758,758
excise,RIR-3818,758
disco,MTR-24457499,758
property,REG-942419,758
property,REG-136530,758
banking,PK63-9261233432,758
banking,PK32-3113681000,758
banking,PK84-1198217279,758
travel,TRP-7215323,758
travel,TRP-1249420,758
travel,TRP-5287192,758
travel,TRP-9178389,758
travel,TRP-7598881,758
fbr,FBR-100759,759
excise,ICT-402,759
disco,MTR-96799802,759
property,REG-769553,759
property,REG-496955,759
banking,PK13-8406392737,759
travel,TRP-3086714,759
travel,TRP-6754000,759
travel,TRP-2611475,759
travel,TRP-7840254,759
fbr,FBR-100760,760
disco,MTR-61130431,760
banking,PK47-9898401999,760
excise,RIR-1949,761
excise,KAR-6416,761
disco,MTR-21751710,761
property,REG-220096,761
banking,PK34-5734557047,761
travel,TRP-1568626,761
travel,TRP-9978447,761
travel,TRP-9566187,761
travel,TRP-5078117,761
fbr,FBR-100762,762
disco,MTR-65181235,762
property,REG-451637,762
banking,PK96-7730102250,762
fbr,FBR-100763,763
excise,AFR-8139,763
disco,MTR-18840266,763
property,REG-716562,763
fbr,FBR-100764,764
excise,ICT-9150,764
disco,MTR-78896670,764
banking,PK76-8380807918,764
fbr,FBR-100765,765
excise,KAR-3161,765
disco,MTR-90712405,765
fbr,FBR-100766,766
excise,ICT-6373,766
disco,MTR-73759274,766
property,REG-923935,766
banking,PK80-1801635542,766
excise,AFR-9833,767
excise,ICT-7993,767
excise,LEA-9735,767
disco,MTR-73333991,767
property,REG-417350,767
property,REG-716043,767
banking,PK46-9737874336,767
banking,PK34-1292498404,767
travel,TRP-3037536,767
travel,TRP-1695400,767
travel,TRP-1155995,767
fbr,FBR-100768,768
disco,MTR-70205541,768
property,REG-446655,768
fbr,FBR-100769,769
excise,ICT-7097,769
disco,MTR-79821740,769
banking,PK46-1865572377,769
fbr,FBR-100770,770
excise,RIR-9535,770
excise,KAR-7075,770
excise,ICT-7944,770
property,REG-528982,770
property,REG-611295,770
banking,PK34-3404989367,770
banking,PK24-2012410919,770
travel,TRP-5105369,770
travel,TRP-8020153,770
fbr,FBR-100771,771
excise,KAR-7070,771
banking,PK30-7532442605,771
fbr,FBR-100772,772
excise,LEA-5671,772
excise,KAR-9633,772
excise,ICT-1706,772
disco,MTR-97349257,772
property,REG-130592,772
banking,PK78-5823637708,772
travel,TRP-8234120,772
fbr,FBR-100773,773
excise,LEA-2081,773
excise,AFR-7636,773
disco,MTR-34500794,773
property,REG-527429,773
property,REG-761273,773
banking,PK41-8303498821,773
travel,TRP-9739917,773
excise,RIR-7615,774
disco,MTR-64220728,774
travel,TRP-7467572,774
fbr,FBR-100775,775
excise,KAR-2583,775
disco,MTR-59119852,775
property,REG-759647,775
banking,PK21-2477279851,775
banking,PK22-6597867782,775
travel,TRP-5374038,775
travel,TRP-7270287,775
fbr,FBR-100776,776
excise,RIR-9556,776
disco,MTR-24477980,776
property,REG-201267,776
banking,PK75-8743507369,776
excise,KAR-1189,777
excise,ICT-1441,777
disco,MTR-49425206,777
property,REG-722409,777
banking,PK23-2971444821,777
banking,PK33-9694925986,777
travel,TRP-9591125,777
travel,TRP-8481049,777
travel,TRP-2670291,777
travel,TRP-9344549,777
travel,TRP-6384438,777
fbr,FBR-100778,778
disco,MTR-78808552,778
banking,PK43-3793149201,778
fbr,FBR-100779,779
banking,PK83-6533143804,779
fbr,FBR-100780,780
excise,RIR-988,780
excise,RIR-5145,780
excise,RIR-4389,780
disco,MTR-33811587,780
property,REG-703803,780
property,REG-462625,780
banking,PK60-2543984861,780
banking,PK35-5828767847,780
travel,TRP-1669818,780
travel,TRP-4725120,780
travel,TRP-2248378,780
travel,TRP-8906890,780
fbr,FBR-100781,781
excise,KAR-8445,781
disco,MTR-36339331,781
banking,PK78-9873517745,781
fbr,FBR-100782,782
disco,MTR-74216979,782
property,REG-325100,782
banking,PK53-4309770158,782
travel,TRP-4768800,782
fbr,FBR-100783,783
disco,MTR-56387341,783
property,REG-196139,783
banking,PK73-4033928000,783
travel,TRP-3997684,783
excise,RIR-2558,784
excise,ICT-7360,784
property,REG-475518,784
banking,PK34-8937691105,784
banking,PK31-2076978280,784
travel,TRP-7528301,784
travel,TRP-8924643,784
travel,TRP-9409933,784
travel,TRP-5253048,784
travel,TRP-5819112,784
fbr,FBR-100785,785
excise,AFR-2179,785
disco,MTR-21624138,785
travel,TRP-5013965,785
excise,RIR-2884,786
excise,KAR-1074,786
excise,RIR-5115,786
disco,MTR-98433793,786
property,REG-992684,786
property,REG-233283,786
banking,PK84-1310372266,786
banking,PK94-1743328903,786
travel,TRP-6514298,786
travel,TRP-7066590,786
travel,TRP-2723364,786
fbr,FBR-100787,787
excise,RIR-7279,787
disco,MTR-97260464,787
property,REG-170446,787
property,REG-656465,787
banking,PK60-8650659355,787
banking,PK42-1662160168,787
travel,TRP-3686753,787
travel,TRP-7802298,787
travel,TRP-6593573,787
travel,TRP-1227408,787
disco,MTR-89397645,788
travel,TRP-9381455,788
fbr,FBR-100789,789
disco,MTR-76070241,789
banking,PK32-1099301140,789
excise,ICT-6636,790
disco,MTR-24184917,790
property,REG-613984,790
banking,PK24-8291507250,790
travel,TRP-6309361,790
travel,TRP-5818879,790
travel,TRP-8749253,790
travel,TRP-2783828,790
fbr,FBR-100791,791
disco,MTR-15937860,791
excise,LEA-9328,792
disco,MTR-37251859,792
property,REG-477140,792
banking,PK15-7152499795,792
banking,PK37-5137114318,792
travel,TRP-2019349,792
travel,TRP-5368033,792
travel,TRP-8042146,792
fbr,FBR-100793,793
disco,MTR-14793584,793
property,REG-683724,793
banking,PK72-9056387046,793
travel,TRP-6035956,793
fbr,FBR-100794,794
excise,RIR-4417,794
disco,MTR-38889439,794
property,REG-297209,794
banking,PK52-6614314466,794
travel,TRP-7186892,794
travel,TRP-5333141,794
travel,TRP-5260876,794
travel,TRP-2570183,794
fbr,FBR-100795,795
excise,KAR-719,795
disco,MTR-25393958,795
property,REG-516520,795
banking,PK62-4151673958,795
banking,PK16-2630712095,795
travel,TRP-5309477,795
travel,TRP-1070897,795
fbr,FBR-100796,796
property,REG-682597,796
fbr,FBR-100797,797
disco,MTR-74005989,797
banking,PK42-1393033488,797
fbr,FBR-100798,798
disco,MTR-39555534,798
banking,PK48-3443368971,798
disco,MTR-31882552,799
property,REG-481412,799
banking,PK74-1386545230,799
fbr,FBR-100800,800
excise,KAR-8227,800
disco,MTR-87177603,800
property,REG-712592,800
banking,PK30-5770021198,800
fbr,FBR-100801,801
excise,ICT-5578,801
excise,AFR-9284,801
excise,RIR-1337,801
disco,MTR-53309767,801
property,REG-314439,801
banking,PK68-2097519319,801
banking,PK52-9842973634,801
travel,TRP-5617760,801
travel,TRP-3504388,801
travel,TRP-2671507,801
excise,ICT-7200,802
property,REG-190450,802
banking,PK95-2068892081,802
travel,TRP-3032010,802
travel,TRP-2229072,802
travel,TRP-7852147,802
fbr,FBR-100803,803
excise,AFR-9911,803
disco,MTR-99146035,803
property,REG-293626,803
banking,PK87-1765941307,803
travel,TRP-8031173,803
fbr,FBR-100804,804
excise,KAR-4953,804
property,REG-549450,804
banking,PK74-9716177129,804
banking,PK53-9412129769,804
travel,TRP-6710372,804
travel,TRP-1703167,804
fbr,FBR-100805,805
excise,LEA-3446,805
disco,MTR-75684450,805
property,REG-306420,805
banking,PK30-9155786494,805
travel,TRP-7407821,805
travel,TRP-5724395,805
travel,TRP-5022251,805
fbr,FBR-100806,806
excise,AFR-3752,806
excise,ICT-6522,806
excise,LEA-8993,806
disco,MTR-90472481,806
property,REG-593609,806
property,REG-115578,806
banking,PK56-3501806566,806
banking,PK47-9200902179,806
travel,TRP-2353223,806
travel,TRP-8472951,806
travel,TRP-5753928,806
fbr,FBR-100807,807
disco,MTR-27923741,807
banking,PK66-5178502853,807
fbr,FBR-100808,808
disco,MTR-62551119,808
property,REG-580997,808
fbr,FBR-100809,809
excise,AFR-2063,809
property,REG-932136,809
property,REG-479771,809
banking,PK82-9449726514,809
banking,PK14-6076833965,809
banking,PK27-5458346881,809
banking,PK94-7022116624,809
travel,TRP-8188303,809
travel,TRP-8389265,809
fbr,FBR-100810,810
excise,KAR-4522,810
excise,KAR-4731,810
disco,MTR-38533771,810
property,REG-233666,810
banking,PK52-5135809913,810
banking,PK33-7309639914,810
banking,PK41-9064215671,810
banking,PK13-4609517287,810
travel,TRP-1340533,810
travel,TRP-8931314,810
travel,TRP-8013146,810
travel,TRP-5365783,810
banking,PK19-8595286809,811
fbr,FBR-100812,812
fbr,FBR-100813,813
excise,ICT-6977,813
disco,MTR-40750921,813
property,REG-791450,813
property,REG-641230,813
banking,PK34-4172592335,813
banking,PK47-1344670500,813
travel,TRP-7959316,813
travel,TRP-3927602,813
fbr,FBR-100814,814
disco,MTR-16930834,814
fbr,FBR-100815,815
excise,AFR-4277,815
disco,MTR-84221865,815
fbr,FBR-100816,816
excise,ICT-2549,816
disco,MTR-20234940,816
travel,TRP-2219832,816
fbr,FBR-100817,817
excise,RIR-4245,817
excise,LEA-5819,817
excise,ICT-9321,817
disco,MTR-86271265,817
property,REG-174297,817
banking,PK32-4721782059,817
banking,PK49-6325593797,817
travel,TRP-8207749,817
travel,TRP-5820779,817
travel,TRP-7982507,817
fbr,FBR-100818,818
excise,RIR-9611,818
disco,MTR-52102153,818
banking,PK47-7762866121,818
fbr,FBR-100819,819
disco,MTR-29387805,819
travel,TRP-1538882,819
fbr,FBR-100820,820
disco,MTR-27579803,820
banking,PK72-4370674262,820
fbr,FBR-100821,821
disco,MTR-34335725,821
property,REG-947267,821
banking,PK90-8133355450,821
excise,KAR-5430,822
banking,PK54-4212943453,822
fbr,FBR-100823,823
excise,ICT-8077,823
excise,ICT-3716,823
disco,MTR-44528421,823
property,REG-141015,823
property,REG-972091,823
banking,PK81-3138451229,823
travel,TRP-9008964,823
travel,TRP-3542124,823
excise,ICT-834,824
disco,MTR-46377480,824
banking,PK73-3510620453,824
fbr,FBR-100825,825
disco,MTR-28833128,825
banking,PK50-9335909501,825
fbr,FBR-100826,826
excise,LEA-6390,826
banking,PK52-2028944639,826
fbr,FBR-100827,827
excise,AFR-5794,827
excise,KAR-1600,827
excise,LEA-9503,827
disco,MTR-67426004,827
property,REG-680307,827
banking,PK39-8793205440,827
banking,PK18-2223665734,827
travel,TRP-3683214,827
fbr,FBR-100828,828
disco,MTR-89105780,828
fbr,FBR-100829,829
disco,MTR-14224455,829
banking,PK73-6949650094,829
fbr,FBR-100830,830
excise,RIR-2152,830
disco,MTR-44796709,830
travel,TRP-9856870,830
fbr,FBR-100831,831
excise,ICT-4099,831
disco,MTR-72998256,831
banking,PK25-5059831276,831
travel,TRP-1502716,831
fbr,FBR-100832,832
disco,MTR-91519577,832
fbr,FBR-100833,833
excise,AFR-7008,833
property,REG-479942,833
banking,PK62-7685039320,833
fbr,FBR-100834,834
disco,MTR-73323698,834
fbr,FBR-100835,835
excise,AFR-3493,835
disco,MTR-91443262,835
fbr,FBR-100836,836
excise,RIR-4059,836
excise,LEA-6925,836
disco,MTR-17812261,836
property,REG-527800,836
banking,PK76-8161543272,836
banking,PK15-2649898804,836
banking,PK37-7826006232,836
travel,TRP-7077081,836
travel,TRP-5552185,836
travel,TRP-9944385,836
fbr,FBR-100837,837
disco,MTR-41411644,837
property,REG-587750,837
fbr,FBR-100838,838
excise,LEA-3289,838
excise,ICT-7799,838
excise,RIR-7020,838
disco,MTR-57805752,838
property,REG-230252,838
property,REG-277443,838
banking,PK53-7312258096,838
banking,PK47-1577469204,838
banking,PK70-6002381219,838
banking,PK21-8373081324,838
travel,TRP-2732209,838
travel,TRP-3352197,838
travel,TRP-8250473,838
travel,TRP-9869677,838
fbr,FBR-100839,839
disco,MTR-71111149,839
property,REG-563677,839
banking,PK28-4109656350,839
travel,TRP-8579640,839
fbr,FBR-100840,840
excise,KAR-4070,840
disco,MTR-55538740,840
banking,PK46-1644026728,840
disco,MTR-37465443,841
banking,PK96-5022623980,841
fbr,FBR-100842,842
disco,MTR-11768180,842
banking,PK45-9613391044,842
excise,LEA-2468,843
excise,RIR-5099,843
disco,MTR-98661344,843
property,REG-400774,843
banking,PK29-6259022104,843
banking,PK46-3206526901,843
banking,PK87-7750663755,843
banking,PK53-7293892222,843
travel,TRP-6329513,843
travel,TRP-3518851,843
travel,TRP-2410572,843
fbr,FBR-100844,844
excise,RIR-744,844
excise,LEA-220,844
disco,MTR-50238512,844
property,REG-205921,844
banking,PK45-6104124384,844
banking,PK75-1586225060,844
travel,TRP-7252932,844
travel,TRP-3652054,844
fbr,FBR-100845,845
excise,RIR-1489,845
disco,MTR-90492220,845
fbr,FBR-100846,846
excise,AFR-1554,846
fbr,FBR-100847,847
disco,MTR-12892492,847
fbr,FBR-100848,848
excise,ICT-4890,848
excise,AFR-8649,848
disco,MTR-61061660,848
property,REG-762571,848
banking,PK92-2956836319,848
banking,PK62-4078517828,848
banking,PK88-1081309201,848
travel,TRP-5161943,848
travel,TRP-4315734,848
travel,TRP-2943309,848
travel,TRP-6782010,848
fbr,FBR-100849,849
excise,LEA-2819,849
disco,MTR-93605619,849
banking,PK88-3333980957,849
fbr,FBR-100850,850
excise,RIR-4094,850
excise,LEA-3244,850
disco,MTR-92068463,850
property,REG-223607,850
property,REG-480870,850
banking,PK43-2097162402,850
travel,TRP-8898927,850
travel,TRP-5977086,850
travel,TRP-6371654,850
banking,PK28-7757306859,851
fbr,FBR-100852,852
disco,MTR-81331363,852
travel,TRP-4309081,852
fbr,FBR-100853,853
excise,AFR-9784,853
disco,MTR-24132049,853
property,REG-759467,853
property,REG-435277,853
banking,PK11-5689092159,853
banking,PK34-5933468798,853
banking,PK64-6858134944,853
travel,TRP-4567285,853
travel,TRP-2413199,853
fbr,FBR-100854,854
excise,KAR-9940,854
disco,MTR-21207382,854
property,REG-398248,854
banking,PK99-6357078311,854
fbr,FBR-100855,855
excise,ICT-7115,855
fbr,FBR-100856,856
excise,KAR-5111,856
excise,LEA-6257,856
disco,MTR-82122616,856
property,REG-248613,856
banking,PK65-7093598299,856
banking,PK73-8218139009,856
travel,TRP-5342673,856
travel,TRP-5280681,856
travel,TRP-3133728,856
travel,TRP-8525987,856
fbr,FBR-100857,857
excise,ICT-9574,857
excise,KAR-8502,857
disco,MTR-95604799,857
property,REG-221498,857
property,REG-802016,857
banking,PK17-6079896627,857
travel,TRP-1225710,857
fbr,FBR-100858,858
excise,ICT-3396,858
disco,MTR-48130720,858
banking,PK11-9675232918,858
fbr,FBR-100859,859
excise,ICT-3630,859
disco,MTR-71533151,859
banking,PK43-8242489259,859
fbr,FBR-100860,860
disco,MTR-49602383,860
banking,PK55-1474636369,860
excise,KAR-9126,861
excise,AFR-5562,861
excise,ICT-1975,861
disco,MTR-46301784,861
property,REG-862247,861
banking,PK40-2919117646,861
banking,PK18-7591930784,861
travel,TRP-3382731,861
travel,TRP-2999730,861
travel,TRP-7469859,861
travel,TRP-4789586,861
fbr,FBR-100862,862
disco,MTR-42558253,862
property,REG-518462,862
banking,PK79-5665853352,862
fbr,FBR-100863,863
excise,RIR-2338,863
excise,ICT-1357,863
excise,AFR-2721,863
disco,MTR-43067977,863
property,REG-345063,863
property,REG-745651,863
banking,PK11-7417177670,863
travel,TRP-8565826,863
travel,TRP-3747684,863
fbr,FBR-100864,864
excise,AFR-9767,864
excise,ICT-2065,864
excise,ICT-8876,864
disco,MTR-59340207,864
property,REG-478208,864
banking,PK42-6073977131,864
travel,TRP-4306371,864
travel,TRP-4880701,864
travel,TRP-5323164,864
excise,RIR-9051,865
excise,RIR-9468,865
excise,ICT-750,865
disco,MTR-63660271,865
property,REG-186786,865
property,REG-678456,865
banking,PK61-2766838964,865
banking,PK33-9338313064,865
travel,TRP-8031100,865
travel,TRP-2618290,865
travel,TRP-7005304,865
travel,TRP-2112766,865
travel,TRP-3367695,865
travel,TRP-2838810,865
fbr,FBR-100866,866
disco,MTR-27300149,866
property,REG-853093,866
banking,PK88-9867575429,866
fbr,FBR-100867,867
excise,LEA-7712,867
disco,MTR-22539365,867
property,REG-849649,867
banking,PK95-4878660073,867
banking,PK17-2246314947,867
travel,TRP-9310797,867
travel,TRP-7867409,867
fbr,FBR-100868,868
excise,KAR-5064,868
disco,MTR-50160553,868
fbr,FBR-100869,869
excise,ICT-5271,869
excise,RIR-4623,869
excise,AFR-7197,869
disco,MTR-52027658,869
property,REG-494967,869
property,REG-258729,869
banking,PK29-5091107475,869
banking,PK92-3127657677,869
banking,PK82-9251073459,869
travel,TRP-5276622,869
travel,TRP-6879519,869
travel,TRP-2356931,869
travel,TRP-3006090,869
travel,TRP-1956812,869
fbr,FBR-100870,870
excise,ICT-7214,870
disco,MTR-17391979,870
property,REG-417287,870
property,REG-281760,870
banking,PK24-9148912159,870
banking,PK12-8505823984,870
travel,TRP-4922805,870
travel,TRP-5850364,870
travel,TRP-3470148,870
travel,TRP-4391216,870
travel,TRP-2157721,870
travel,TRP-9352884,870
fbr,FBR-100871,871
excise,LEA-9170,871
disco,MTR-34573824,871
banking,PK36-3028398754,871
fbr,FBR-100872,872
disco,MTR-14591836,872
banking,PK25-1451610222,872
fbr,FBR-100873,873
disco,MTR-59625009,873
banking,PK98-2482987463,873
fbr,FBR-100874,874
disco,MTR-90190173,874
property,REG-945752,874
banking,PK12-7768284901,874
travel,TRP-5521728,874
fbr,FBR-100875,875
disco,MTR-42702753,875
banking,PK46-5237202154,875
excise,KAR-274,876
disco,MTR-17811111,876
property,REG-562248,876
fbr,FBR-100877,877
excise,RIR-1149,877
disco,MTR-96032560,877
banking,PK69-5152308991,877
fbr,FBR-100878,878
excise,LEA-951,878
fbr,FBR-100879,879
excise,RIR-6683,879
disco,MTR-33083305,879
banking,PK85-7987838805,879
fbr,FBR-100880,880
excise,LEA-2881,880
excise,AFR-1494,880
disco,MTR-56298388,880
property,REG-333343,880
property,REG-171802,880
banking,PK71-4542257079,880
banking,PK35-7078720988,880
travel,TRP-5576050,880
travel,TRP-2341816,880
travel,TRP-3070013,880
travel,TRP-6079832,880
travel,TRP-1999878,880
fbr,FBR-100881,881
disco,MTR-68897926,881
fbr,FBR-100882,882
disco,MTR-76413316,882
property,REG-410217,882
banking,PK52-4761925336,882
fbr,FBR-100883,883
excise,AFR-1247,883
excise,RIR-7009,883
property,REG-653073,883
property,REG-598239,883
banking,PK70-9147520128,883
banking,PK32-1141724501,883
banking,PK77-3150099457,883
travel,TRP-2953431,883
travel,TRP-8824063,883
travel,TRP-2668598,883
travel,TRP-3820979,883
travel,TRP-2606823,883
travel,TRP-4164378,883
fbr,FBR-100884,884
excise,ICT-6527,884
excise,ICT-2009,884
disco,MTR-82605852,884
property,REG-707203,884
property,REG-958966,884
banking,PK33-8015380149,884
travel,TRP-6608268,884
travel,TRP-7201396,884
travel,TRP-1185477,884
travel,TRP-2747202,884
fbr,FBR-100885,885
excise,RIR-2136,885
excise,RIR-7441,885
excise,AFR-6206,885
disco,MTR-21056969,885
property,REG-612224,885
property,REG-872514,885
banking,PK38-5934758784,885
banking,PK23-9204838559,885
banking,PK96-8635381776,885
banking,PK23-7466329458,885
travel,TRP-5105239,885
travel,TRP-5378315,885
travel,TRP-2315738,885
travel,TRP-2190075,885
travel,TRP-9119302,885
travel,TRP-5025625,885
fbr,FBR-100886,886
disco,MTR-99936244,886
property,REG-382819,886
banking,PK76-7536660062,886
travel,TRP-8326795,886
fbr,FBR-100887,887
excise,AFR-6535,887
excise,LEA-7389,887
disco,MTR-62835135,887
property,REG-239898,887
banking,PK49-7418562154,887
banking,PK89-2837106543,887
banking,PK73-5057466666,887
banking,PK98-5335046382,887
travel,TRP-5197391,887
travel,TRP-8424384,887
travel,TRP-3677409,887
travel,TRP-2254474,887
fbr,FBR-100888,888
excise,ICT-2865,888
disco,MTR-68119076,888
property,REG-774352,888
fbr,FBR-100889,889
disco,MTR-47465984,889
property,REG-700089,889
banking,PK68-8245294161,889
travel,TRP-2851729,889
fbr,FBR-100890,890
excise,LEA-9683,890
property,REG-562413,890
property,REG-687895,890
banking,PK86-7175536670,890
banking,PK82-3303837569,890
banking,PK77-6082658671,890
banking,PK10-4612216198,890
travel,TRP-4602737,890
travel,TRP-5116296,890
travel,TRP-7242816,890
travel,TRP-6145844,890
travel,TRP-6481682,890
fbr,FBR-100891,891
disco,MTR-25451710,891
travel,TRP-7052099,891
fbr,FBR-100892,892
disco,MTR-16077355,892
disco,MTR-38582041,893
fbr,FBR-100894,894
disco,MTR-43209848,894
banking,PK15-3887336433,894
fbr,FBR-100895,895
excise,AFR-1466,895
excise,RIR-2430,895
excise,AFR-7265,895
disco,MTR-59727946,895
property,REG-613882,895
banking,PK87-6284982699,895
banking,PK44-7846537992,895
travel,TRP-8186704,895
travel,TRP-9140060,895
travel,TRP-2549732,895
travel,TRP-6534784,895
travel,TRP-7344946,895
fbr,FBR-100896,896
excise,LEA-6097,896
disco,MTR-97697872,896
banking,PK80-2310328864,896
fbr,FBR-100897,897
excise,LEA-8948,897
disco,MTR-15276125,897
property,REG-533940,897
property,REG-397607,897
banking,PK64-1347422646,897
banking,PK50-3442052225,897
travel,TRP-7648995,897
travel,TRP-1219391,897
travel,TRP-7576978,897
excise,RIR-6864,898
disco,MTR-93460501,898
fbr,FBR-100899,899
excise,KAR-756,899
disco,MTR-81318173,899
property,REG-749730,899
banking,PK81-3578943772,899
banking,PK74-4515471541,899
travel,TRP-4469872,899
travel,TRP-2670336,899
travel,TRP-9089181,899
travel,TRP-8341708,899
fbr,FBR-100900,900
excise,LEA-2303,900
excise,LEA-2794,900
excise,LEA-5770,900
disco,MTR-40626642,900
property,REG-423632,900
property,REG-709325,900
banking,PK65-2646992876,900
banking,PK71-6330030703,900
travel,TRP-2709159,900
travel,TRP-9717342,900
fbr,FBR-100901,901
excise,RIR-1347,901
disco,MTR-28940766,901
property,REG-559226,901
property,REG-416453,901
banking,PK41-4028150468,901
travel,TRP-8977005,901
travel,TRP-8164308,901
travel,TRP-7302602,901
travel,TRP-7167367,901
excise,RIR-4866,902
excise,KAR-4084,902
excise,AFR-2907,902
disco,MTR-98974702,902
property,REG-647603,902
banking,PK15-9368778101,902
banking,PK93-3041253600,902
travel,TRP-1821413,902
travel,TRP-8778495,902
travel,TRP-7046175,902
fbr,FBR-100903,903
disco,MTR-19507065,903
banking,PK16-7149922987,903
fbr,FBR-100904,904
excise,LEA-1159,904
disco,MTR-70378043,904
fbr,FBR-100905,905
disco,MTR-73728470,905
property,REG-439702,905
banking,PK10-6182074366,905
excise,ICT-4063,906
disco,MTR-96265795,906
fbr,FBR-100907,907
excise,AFR-3182,907
excise,KAR-1499,907
excise,AFR-7287,907
disco,MTR-98044662,907
property,REG-419442,907
banking,PK65-2648560034,907
travel,TRP-4661217,907
fbr,FBR-100908,908
excise,RIR-6235,908
disco,MTR-46691719,908
fbr,FBR-100909,909
excise,KAR-9727,909
disco,MTR-13917405,909
excise,AFR-8799,910
banking,PK66-5582425501,910
fbr,FBR-100911,911
excise,RIR-7389,911
excise,AFR-6811,911
excise,KAR-5691,911
disco,MTR-68575336,911
property,REG-489755,911
property,REG-259535,911
banking,PK72-7534638231,911
banking,PK79-9683886301,911
banking,PK91-3787389548,911
travel,TRP-2771866,911
travel,TRP-9758429,911
travel,TRP-3825285,911
travel,TRP-5282148,911
disco,MTR-31973942,912
property,REG-294205,912
fbr,FBR-100913,913
excise,ICT-2949,913
excise,RIR-3868,913
excise,LEA-2834,913
disco,MTR-27460000,913
property,REG-635228,913
banking,PK83-4856787606,913
banking,PK10-4767153771,913
travel,TRP-3479117,913
travel,TRP-1342050,913
disco,MTR-71018478,914
property,REG-467218,914
travel,TRP-1841816,914
fbr,FBR-100915,915
excise,RIR-3541,915
excise,ICT-1305,915
excise,RIR-2920,915
disco,MTR-16918425,915
property,REG-532745,915
property,REG-230713,915
banking,PK21-4568966831,915
travel,TRP-8941429,915
travel,TRP-4203033,915
travel,TRP-8783966,915
fbr,FBR-100916,916
disco,MTR-26236628,916
travel,TRP-1508916,916
fbr,FBR-100917,917
excise,RIR-8617,917
disco,MTR-21477571,917
property,REG-982253,917
banking,PK58-8118481879,917
fbr,FBR-100918,918
excise,LEA-6505,918
disco,MTR-56179442,918
excise,AFR-3808,919
excise,AFR-3132,919
disco,MTR-63220644,919
property,REG-146048,919
property,REG-291541,919
banking,PK86-5134081764,919
banking,PK96-7036343430,919
banking,PK18-8072209563,919
travel,TRP-6552769,919
travel,TRP-4159531,919
travel,TRP-5732502,919
travel,TRP-1800751,919
fbr,FBR-100920,920
disco,MTR-86141392,920
property,REG-106385,920
fbr,FBR-100921,921
excise,LEA-7834,921
excise,KAR-3523,921
disco,MTR-75181819,921
property,REG-242936,921
banking,PK60-2248066311,921
banking,PK59-9506268269,921
banking,PK46-6069532787,921
banking,PK38-1514853911,921
travel,TRP-9389870,921
travel,TRP-5895844,921
travel,TRP-8416066,921
fbr,FBR-100922,922
excise,LEA-8131,922
disco,MTR-76223246,922
property,REG-186842,922
banking,PK60-4613080653,922
fbr,FBR-100923,923
excise,KAR-1575,923
disco,MTR-87629845,923
banking,PK66-3251746711,923
travel,TRP-2075640,923
fbr,FBR-100924,924
excise,ICT-5905,924
disco,MTR-91434606,924
property,REG-313225,924
banking,PK65-8920525363,924
banking,PK26-5369162098,924
banking,PK11-5751905849,924
travel,TRP-3437559,924
travel,TRP-4589090,924
travel,TRP-2353725,924
travel,TRP-3531422,924
travel,TRP-4570823,924
travel,TRP-8072522,924
fbr,FBR-100925,925
excise,LEA-4730,925
excise,KAR-2423,925
excise,KAR-4350,925
disco,MTR-96010792,925
property,REG-124457,925
property,REG-620104,925
banking,PK55-9035333714,925
banking,PK61-3381704652,925
travel,TRP-3468757,925
travel,TRP-5931000,925
travel,TRP-9082208,925
travel,TRP-9668353,925
travel,TRP-9108772,925
fbr,FBR-100926,926
excise,ICT-6207,926
disco,MTR-27596534,926
property,REG-204414,926
banking,PK43-1784561222,926
fbr,FBR-100927,927
disco,MTR-67210295,927
property,REG-846490,927
banking,PK48-4205313546,927
fbr,FBR-100928,928
excise,RIR-7946,928
disco,MTR-78222499,928
property,REG-174485,928
travel,TRP-1869396,928
fbr,FBR-100929,929
excise,ICT-9858,929
property,REG-451261,929
fbr,FBR-100930,930
excise,KAR-6857,930
excise,LEA-8538,930
excise,ICT-1244,930
disco,MTR-22061707,930
property,REG-932588,930
property,REG-154310,930
banking,PK74-3655540669,930
banking,PK23-9412214649,930
travel,TRP-2801119,930
travel,TRP-9946136,930
excise,AFR-7427,931
disco,MTR-75635752,931
banking,PK46-3755280440,931
fbr,FBR-100932,932
excise,KAR-1624,932
disco,MTR-37326407,932
property,REG-539779,932
banking,PK69-6703327143,932
travel,TRP-4161101,932
travel,TRP-8659945,932
fbr,FBR-100933,933
disco,MTR-64467002,933
banking,PK39-5711580002,933
travel,TRP-5636382,933
fbr,FBR-100934,934
excise,ICT-7797,934
excise,KAR-2903,934
excise,RIR-1991,934
disco,MTR-44658555,934
property,REG-155419,934
banking,PK93-8712337220,934
banking,PK17-2845211074,934
travel,TRP-4439553,934
travel,TRP-3297174,934
travel,TRP-1825987,934
travel,TRP-6792550,934
fbr,FBR-100935,935
disco,MTR-43247883,935
fbr,FBR-100936,936
excise,LEA-1945,936
disco,MTR-18857492,936
banking,PK84-6314754380,936
travel,TRP-1394615,936
fbr,FBR-100937,937
excise,RIR-5223,937
disco,MTR-14838693,937
banking,PK75-8626369261,937
travel,TRP-2362277,937
fbr,FBR-100938,938
excise,RIR-7196,938
disco,MTR-86255616,938
property,REG-109897,938
banking,PK96-7519991151,938
travel,TRP-4228605,938
travel,TRP-8279594,938
travel,TRP-4777088,938
fbr,FBR-100939,939
disco,MTR-44031562,939
fbr,FBR-100940,940
excise,RIR-5981,940
disco,MTR-38024674,940
banking,PK51-4859827867,940
fbr,FBR-100941,941
excise,ICT-4796,941
disco,MTR-28032936,941
banking,PK55-7443176831,941
fbr,FBR-100942,942
excise,ICT-3755,942
disco,MTR-21003430,942
property,REG-246163,942
property,REG-131577,942
banking,PK28-7172162394,942
travel,TRP-9039184,942
travel,TRP-5596501,942
travel,TRP-9708390,942
fbr,FBR-100943,943
disco,MTR-86153758,943
fbr,FBR-100944,944
excise,KAR-9949,944
disco,MTR-96365163,944
fbr,FBR-100945,945
excise,KAR-2497,945
excise,RIR-649,945
excise,ICT-304,945
disco,MTR-78690775,945
property,REG-436415,945
banking,PK74-9288765448,945
banking,PK71-7031264565,945
travel,TRP-7792839,945
travel,TRP-3055463,945
excise,LEA-3327,946
banking,PK79-6240561281,946
travel,TRP-6183117,946
fbr,FBR-100947,947
excise,AFR-186,947
property,REG-560171,947
banking,PK55-4047493906,947
travel,TRP-1462118,947
travel,TRP-8979240,947
travel,TRP-8951821,947
fbr,FBR-100948,948
disco,MTR-80433430,948
banking,PK59-5391859419,948
fbr,FBR-100949,949
disco,MTR-18738677,949
fbr,FBR-100950,950
excise,KAR-4243,950
disco,MTR-82288074,950
property,REG-881791,950
property,REG-228355,950
banking,PK80-3185477114,950
banking,PK47-3683948044,950
banking,PK40-4877263193,950
banking,PK84-1201361667,950
travel,TRP-5263959,950
travel,TRP-6489509,950
travel,TRP-3836092,950
travel,TRP-3205357,950
travel,TRP-1906311,950
travel,TRP-7869578,950
fbr,FBR-100951,951
excise,ICT-3363,951
disco,MTR-59905491,951
property,REG-198824,951
fbr,FBR-100952,952
excise,AFR-9756,952
disco,MTR-46995986,952
property,REG-792220,952
banking,PK32-4433771741,952
fbr,FBR-100953,953
excise,KAR-2070,953
disco,MTR-62308423,953
travel,TRP-5273430,953
excise,RIR-4153,954
disco,MTR-39231925,954
banking,PK40-1957850969,954
fbr,FBR-100955,955
excise,RIR-8301,955
disco,MTR-31081566,955
fbr,FBR-100956,956
disco,MTR-51435026,956
property,REG-228555,956
travel,TRP-7541109,956
fbr,FBR-100957,957
excise,RIR-9009,957
disco,MTR-82722660,957
property,REG-212418,957
property,REG-347135,957
banking,PK23-5727403576,957
banking,PK42-1843039520,957
travel,TRP-1335037,957
travel,TRP-2850701,957
fbr,FBR-100958,958
excise,LEA-1789,958
disco,MTR-79815373,958
property,REG-353545,958
property,REG-758217,958
banking,PK76-7276145318,958
banking,PK27-7993146986,958
banking,PK30-9791444571,958
banking,PK65-2174222185,958
travel,TRP-9205192,958
travel,TRP-2292516,958
travel,TRP-3511816,958
travel,TRP-7712925,958
travel,TRP-5672999,958
travel,TRP-1226813,958
fbr,FBR-100959,959
disco,MTR-69595430,959
banking,PK10-6831373929,959
fbr,FBR-100960,960
disco,MTR-73808364,960
travel,TRP-3954586,960
fbr,FBR-100961,961
excise,AFR-1339,961
disco,MTR-88904612,961
banking,PK53-8598681388,961
fbr,FBR-100962,962
excise,KAR-206,962
disco,MTR-86154619,962
banking,PK26-6120091963,962
travel,TRP-6111983,962
fbr,FBR-100963,963
excise,LEA-5448,963
disco,MTR-31689291,963
banking,PK98-5586244176,963
fbr,FBR-100964,964
excise,RIR-7689,964
disco,MTR-18039145,964
property,REG-800511,964
banking,PK90-6455074799,964
banking,PK87-1174972955,964
banking,PK44-3543145548,964
banking,PK84-8191551240,964
travel,TRP-2168064,964
travel,TRP-5736335,964
travel,TRP-2960902,964
travel,TRP-1507082,964
travel,TRP-6399648,964
fbr,FBR-100965,965
disco,MTR-15204391,965
property,REG-621033,965
banking,PK16-4636824812,965
disco,MTR-40216008,966
banking,PK66-4618480385,966
travel,TRP-3706235,966
fbr,FBR-100967,967
excise,AFR-1799,967
disco,MTR-58173282,967
property,REG-575681,967
property,REG-309823,967
banking,PK49-9425886910,967
banking,PK87-7651256953,967
travel,TRP-2414452,967
travel,TRP-6720892,967
travel,TRP-1113572,967
travel,TRP-3625209,967
excise,AFR-4951,968
disco,MTR-37000411,968
banking,PK28-4101869817,968
travel,TRP-4794811,968
fbr,FBR-100969,969
property,REG-593025,969
banking,PK68-6119321162,969
travel,TRP-1147873,969
fbr,FBR-100970,970
disco,MTR-26448983,970
banking,PK11-1028701354,970
travel,TRP-3047042,970
fbr,FBR-100971,971
disco,MTR-36463870,971
property,REG-196334,971
banking,PK62-9663521367,971
fbr,FBR-100972,972
excise,AFR-8065,972
disco,MTR-94346003,972
property,REG-395340,972
fbr,FBR-100973,973
disco,MTR-43334670,973
travel,TRP-4113226,973
fbr,FBR-100974,974
excise,ICT-1048,974
disco,MTR-25386579,974
property,REG-790407,974
property,REG-796872,974
banking,PK66-7641834140,974
banking,PK99-6254681311,974
travel,TRP-9978990,974
travel,TRP-2744174,974
fbr,FBR-100975,975
excise,RIR-1390,975
disco,MTR-75867760,975
property,REG-174482,975
banking,PK41-6701012079,975
banking,PK38-9899489724,975
banking,PK55-2166292183,975
banking,PK81-9958599912,975
travel,TRP-1373848,975
travel,TRP-4937784,975
travel,TRP-6549850,975
travel,TRP-3795210,975
fbr,FBR-100976,976
excise,AFR-5967,976
disco,MTR-82123662,976
property,REG-718724,976
fbr,FBR-100977,977
excise,RIR-5626,977
disco,MTR-95484286,977
property,REG-773193,977
property,REG-881165,977
banking,PK12-6805184982,977
banking,PK27-1866209150,977
banking,PK67-6989475184,977
travel,TRP-4466850,977
travel,TRP-7377891,977
fbr,FBR-100978,978
excise,AFR-8187,978
disco,MTR-96143391,978
property,REG-773816,978
banking,PK53-4693653224,978
fbr,FBR-100979,979
excise,KAR-9281,979
property,REG-213445,979
banking,PK98-2346039795,979
travel,TRP-1409507,979
excise,ICT-1993,980
excise,AFR-7926,980
disco,MTR-10430704,980
property,REG-377372,980
banking,PK58-7578636871,980
banking,PK35-2957570544,980
banking,PK66-2717630033,980
travel,TRP-7165197,980
travel,TRP-6180743,980
travel,TRP-9990857,980
travel,TRP-2205226,980
travel,TRP-6714772,980
fbr,FBR-100981,981
excise,AFR-7617,981
excise,ICT-2072,981
excise,ICT-676,981
disco,MTR-23866987,981
property,REG-862180,981
banking,PK81-8733129984,981
banking,PK43-7178564185,981
travel,TRP-3818753,981
travel,TRP-6775792,981
fbr,FBR-100982,982
disco,MTR-72128681,982
fbr,FBR-100983,983
disco,MTR-53266435,983
excise,AFR-7898,984
excise,RIR-8641,984
excise,ICT-5503,984
disco,MTR-48190890,984
property,REG-950543,984
property,REG-909294,984
banking,PK27-9480112379,984
banking,PK98-2957957846,984
travel,TRP-8908446,984
travel,TRP-8335610,984
fbr,FBR-100985,985
excise,RIR-881,985
excise,LEA-2054,985
excise,LEA-7705,985
disco,MTR-75566886,985
property,REG-234441,985
banking,PK87-8352490153,985
banking,PK41-4358871487,985
travel,TRP-1288198,985
travel,TRP-9418573,985
fbr,FBR-100986,986
excise,LEA-6482,986
disco,MTR-83472632,986
banking,PK45-9288826391,986
fbr,FBR-100987,987
disco,MTR-39548059,987
fbr,FBR-100988,988
excise,LEA-9571,988
excise,LEA-2288,988
excise,ICT-313,988
disco,MTR-19473226,988
property,REG-947134,988
banking,PK93-6166460322,988
banking,PK60-1277364457,988
travel,TRP-4553518,988
travel,TRP-6678179,988
travel,TRP-4492184,988
travel,TRP-4426595,988
fbr,FBR-100989,989
excise,RIR-6830,989
excise,LEA-5972,989
excise,KAR-5876,989
property,REG-303988,989
banking,PK23-1098721284,989
travel,TRP-7631585,989
travel,TRP-3179509,989
travel,TRP-6592567,989
travel,TRP-9319851,989
fbr,FBR-100990,990
disco,MTR-67523832,990
banking,PK57-2626354479,990
fbr,FBR-100991,991
disco,MTR-40407124,991
property,REG-818838,991
banking,PK14-5948165769,991
fbr,FBR-100992,992
disco,MTR-45093976,992
banking,PK66-2870381388,992
travel,TRP-8706222,992
fbr,FBR-100993,993
disco,MTR-48561656,993
banking,PK82-9410369396,993
fbr,FBR-100994,994
excise,LEA-6426,994
disco,MTR-39317789,994
property,REG-833679,994
banking,PK56-1465710204,994
banking,PK97-9060368668,994
banking,PK46-4771073597,994
banking,PK27-5210552537,994
travel,TRP-8980895,994
travel,TRP-6396305,994
travel,TRP-4458092,994
travel,TRP-4137836,994
travel,TRP-5240972,994
fbr,FBR-100995,995
excise,RIR-1292,995
excise,RIR-6953,995
excise,KAR-2576,995
disco,MTR-68158754,995
property,REG-622868,995
property,REG-908973,995
banking,PK85-4690044725,995
banking,PK65-5283079251,995
banking,PK97-7263787174,995
travel,TRP-7587336,995
travel,TRP-2413121,995
travel,TRP-5144036,995
travel,TRP-7806387,995
fbr,FBR-100996,996
disco,MTR-92948505,996
fbr,FBR-100997,997
excise,RIR-5245,997
disco,MTR-17466509,997
fbr,FBR-100998,998
disco,MTR-43055872,998
banking,PK62-5986430518,998
travel,TRP-7810404,998
fbr,FBR-100999,999
excise,RIR-3637,999
disco,MTR-28119954,999
banking,PK69-2137577181,999
fbr,FBR-101000,1000
excise,LEA-1861,1000
disco,MTR-91993652,1000
property,REG-606404,1000
property,REG-669369,1000
banking,PK91-9197819064,1000
travel,TRP-5494912,1000
fbr,FBR-101001,1001
disco,MTR-88001609,1001
banking,PK77-1405232689,1001
fbr,FBR-101002,1002
disco,MTR-42689336,1002
banking,PK31-1710534515,1002
disco,MTR-18110163,1003
property,REG-804783,1003
banking,PK12-9312780874,1003
fbr,FBR-101004,1004
excise,AFR-4362,1004
disco,MTR-87433173,1004
fbr,FBR-101005,1005
excise,ICT-5410,1005
disco,MTR-83272628,1005
property,REG-676043,1005
fbr,FBR-101006,1006
excise,ICT-6919,1006
disco,MTR-66167887,1006
property,REG-337248,1006
property,REG-373497,1006
banking,PK22-3029177442,1006
banking,PK62-3064342077,1006
travel,TRP-5080112,1006
travel,TRP-5229604,1006
travel,TRP-8155908,1006
travel,TRP-8444874,1006
fbr,FBR-101007,1007
excise,RIR-7539,1007
disco,MTR-79220859,1007
disco,MTR-35108570,1008
property,REG-576937,1008
banking,PK28-5612971432,1008
fbr,FBR-101009,1009
excise,KAR-6060,1010
disco,MTR-83818977,1010
property,REG-858931,1010
banking,PK72-6537959820,1010
fbr,FBR-101011,1011
excise,KAR-3378,1011
excise,AFR-583,1011
excise,AFR-8466,1011
disco,MTR-38519308,1011
property,REG-613835,1011
banking,PK54-9879903229,1011
banking,PK13-6038368629,1011
travel,TRP-8422546,1011
travel,TRP-4221414,1011
fbr,FBR-101012,1012
disco,MTR-17038605,1012
property,REG-167495,1012
banking,PK92-6991791538,1012
fbr,FBR-101013,1013
excise,LEA-7706,1013
excise,AFR-2571,1013
disco,MTR-74974720,1013
property,REG-174847,1013
property,REG-216214,1013
banking,PK16-7182259302,1013
banking,PK80-5157824739,1013
travel,TRP-6279022,1013
travel,TRP-8347078,1013
travel,TRP-3230151,1013
travel,TRP-3817213,1013
travel,TRP-7394508,1013
travel,TRP-2436971,1013
fbr,FBR-101014,1014
disco,MTR-16878332,1014
property,REG-603371,1014
banking,PK15-8444543451,1014
fbr,FBR-101015,1015
excise,AFR-1904,1015
disco,MTR-14188088,1015
property,REG-798295,1015
banking,PK20-1799638824,1015
excise,LEA-9756,1016
disco,MTR-57684954,1016
fbr,FBR-101017,1017
excise,RIR-8543,1017
disco,MTR-39265047,1017
property,REG-707793,1017
banking,PK48-1987685194,1017
banking,PK81-7693339035,1017
banking,PK47-6336100405,1017
banking,PK18-3915695621,1017
travel,TRP-7571567,1017
travel,TRP-2009257,1017
fbr,FBR-101018,1018
excise,LEA-6858,1018
excise,ICT-4114,1018
disco,MTR-10500116,1018
property,REG-572163,1018
banking,PK87-1060512248,1018
travel,TRP-4977522,1018
travel,TRP-7011151,1018
fbr,FBR-101019,1019
excise,RIR-2946,1019
excise,LEA-9026,1019
excise,LEA-2193,1019
disco,MTR-15006326,1019
property,REG-493615,1019
banking,PK97-9597427540,1019
banking,PK67-2527070668,1019
banking,PK86-1910099418,1019
banking,PK24-2141066996,1019
travel,TRP-4824739,1019
travel,TRP-9223388,1019
excise,AFR-9083,1020
disco,MTR-22698735,1020
banking,PK60-2331806128,1020
travel,TRP-8913381,1020
disco,MTR-11596365,1021
banking,PK74-6870460786,1021
travel,TRP-1819580,1021
excise,KAR-4387,1022
disco,MTR-28176707,1022
banking,PK15-2200279778,1022
disco,MTR-62285716,1023
banking,PK44-8237162052,1023
fbr,FBR-101024,1024
excise,KAR-2264,1024
disco,MTR-71118042,1024
property,REG-391731,1024
banking,PK63-6543385557,1024
fbr,FBR-101025,1025
excise,KAR-4954,1025
disco,MTR-36084915,1025
property,REG-164969,1025
property,REG-506217,1025
banking,PK32-5139979804,1025
travel,TRP-3010474,1025
travel,TRP-2299403,1025
fbr,FBR-101026,1026
disco,MTR-70383443,1026
fbr,FBR-101027,1027
excise,ICT-8786,1027
disco,MTR-74197226,1027
banking,PK29-8338142001,1027
travel,TRP-2101056,1027
fbr,FBR-101028,1028
excise,ICT-7990,1028
travel,TRP-2494872,1028
fbr,FBR-101029,1029
excise,AFR-2527,1029
disco,MTR-55882479,1029
banking,PK79-5009562777,1029
fbr,FBR-101030,1030
excise,AFR-3175,1030
excise,LEA-8573,1030
excise,LEA-7350,1030
disco,MTR-74744790,1030
property,REG-249739,1030
banking,PK26-2342097203,1030
banking,PK68-4309508054,1030
travel,TRP-5828917,1030
travel,TRP-3028529,1030
travel,TRP-5838485,1030
travel,TRP-5547709,1030
disco,MTR-97571787,1031
banking,PK64-9387818926,1031
excise,LEA-6426,1032
disco,MTR-32846949,1032
banking,PK70-5142465999,1032
excise,KAR-952,1033
disco,MTR-52952643,1033
property,REG-120487,1033
banking,PK36-3616940396,1033
travel,TRP-8366644,1033
travel,TRP-6373503,1033
travel,TRP-7429180,1033
travel,TRP-4605107,1033
excise,AFR-2226,1034
disco,MTR-57165162,1034
property,REG-902975,1034
banking,PK82-5487406104,1034
travel,TRP-6286471,1034
fbr,FBR-101035,1035
excise,KAR-4055,1035
excise,ICT-1032,1035
excise,ICT-855,1035
disco,MTR-90922964,1035
property,REG-123803,1035
banking,PK88-3753566765,1035
banking,PK91-1485225786,1035
banking,PK36-4037213055,1035
banking,PK51-8211819216,1035
travel,TRP-2084573,1035
travel,TRP-9326550,1035
travel,TRP-8911356,1035
travel,TRP-9432941,1035
fbr,FBR-101036,1036
disco,MTR-42533446,1036
fbr,FBR-101037,1037
disco,MTR-57451543,1037
property,REG-320195,1037
banking,PK52-2707868523,1037
fbr,FBR-101038,1038
excise,RIR-2548,1038
excise,AFR-3215,1038
excise,RIR-3110,1038
disco,MTR-44646315,1038
property,REG-427939,1038
banking,PK75-8420629641,1038
banking,PK49-4551055296,1038
travel,TRP-3616962,1038
travel,TRP-9409415,1038
fbr,FBR-101039,1039
excise,LEA-3104,1039
disco,MTR-13056530,1039
property,REG-250208,1039
property,REG-685107,1039
banking,PK44-9524018018,1039
travel,TRP-7286598,1039
travel,TRP-4652831,1039
travel,TRP-1244166,1039
travel,TRP-9449101,1039
fbr,FBR-101040,1040
excise,RIR-9050,1040
excise,RIR-2559,1040
excise,RIR-922,1040
disco,MTR-55913198,1040
property,REG-214698,1040
property,REG-357802,1040
banking,PK39-8219580299,1040
banking,PK79-8448637663,1040
banking,PK89-7597746204,1040
travel,TRP-5846734,1040
travel,TRP-4449639,1040
excise,KAR-8002,1041
disco,MTR-52104405,1041
travel,TRP-4077734,1041
fbr,FBR-101042,1042
disco,MTR-90547120,1042
property,REG-117923,1042
banking,PK90-5376703419,1042
fbr,FBR-101043,1043
excise,LEA-5429,1043
disco,MTR-28686854,1043
property,REG-405279,1043
property,REG-325617,1043
banking,PK95-2388201928,1043
banking,PK91-2251225707,1043
travel,TRP-5715097,1043
travel,TRP-9299116,1043
travel,TRP-4188067,1043
travel,TRP-4115499,1043
fbr,FBR-101044,1044
disco,MTR-30101289,1044
property,REG-263029,1044
banking,PK15-3886083990,1044
fbr,FBR-101045,1045
disco,MTR-73744923,1045
property,REG-476769,1045
banking,PK61-9080556898,1045
fbr,FBR-101046,1046
disco,MTR-91728985,1046
excise,AFR-7375,1047
excise,RIR-9181,1047
excise,KAR-1597,1047
disco,MTR-25417491,1047
property,REG-220781,1047
property,REG-415839,1047
banking,PK49-7297732094,1047
banking,PK12-2270326193,1047
travel,TRP-4581948,1047
travel,TRP-5059551,1047
travel,TRP-1567767,1047
travel,TRP-4684486,1047
fbr,FBR-101048,1048
excise,LEA-3911,1048
disco,MTR-14781675,1048
property,REG-311267,1048
property,REG-627257,1048
banking,PK13-4384410932,1048
banking,PK95-8561666201,1048
banking,PK73-6831453548,1048
travel,TRP-2212176,1048
travel,TRP-2417319,1048
travel,TRP-2940249,1048
fbr,FBR-101049,1049
banking,PK56-7226563601,1049
fbr,FBR-101050,1050
excise,RIR-8325,1050
disco,MTR-70054314,1050
property,REG-831852,1050
banking,PK43-8408154885,1050
travel,TRP-5694627,1050
travel,TRP-9860782,1050
travel,TRP-3204414,1050
fbr,FBR-101051,1051
excise,ICT-5852,1051
excise,RIR-1482,1051
disco,MTR-49725601,1051
property,REG-191790,1051
banking,PK72-1112735648,1051
banking,PK49-2726201919,1051
travel,TRP-6273104,1051
fbr,FBR-101052,1052
excise,KAR-4742,1052
excise,ICT-3778,1052
disco,MTR-28519758,1052
property,REG-414603,1052
banking,PK48-3192295021,1052
banking,PK73-4938266990,1052
travel,TRP-8095784,1052
travel,TRP-9031289,1052
travel,TRP-5298178,1052
fbr,FBR-101053,1053
excise,AFR-8408,1053
disco,MTR-39815956,1053
fbr,FBR-101054,1054
excise,RIR-1604,1054
banking,PK78-5090882170,1054
excise,RIR-6117,1055
disco,MTR-68291210,1055
property,REG-477031,1055
banking,PK12-2425510365,1055
banking,PK51-9039715810,1055
travel,TRP-5584326,1055
travel,TRP-8846102,1055
travel,TRP-7277618,1055
excise,KAR-9171,1056
excise,AFR-7793,1056
excise,LEA-3281,1056
disco,MTR-52820120,1056
property,REG-940705,1056
property,REG-512193,1056
banking,PK65-1437769519,1056
banking,PK24-5324032872,1056
banking,PK60-3496056465,1056
travel,TRP-7042217,1056
travel,TRP-5532012,1056
travel,TRP-3329644,1056
travel,TRP-5780097,1056
travel,TRP-8959074,1056
fbr,FBR-101057,1057
excise,AFR-2866,1057
excise,RIR-9307,1057
excise,ICT-1439,1057
disco,MTR-87382334,1057
property,REG-881023,1057
banking,PK85-4897930897,1057
banking,PK39-4899311140,1057
travel,TRP-9771457,1057
travel,TRP-7844725,1057
fbr,FBR-101058,1058
excise,KAR-2136,1058
property,REG-161102,1058
property,REG-150234,1058
banking,PK91-8802935783,1058
banking,PK41-6665879948,1058
travel,TRP-8436719,1058
fbr,FBR-101059,1059
excise,LEA-5023,1059
disco,MTR-83246253,1059
property,REG-457179,1059
banking,PK55-3564554753,1059
banking,PK40-5842776346,1059
travel,TRP-2746236,1059
travel,TRP-6452217,1059
travel,TRP-4013040,1059
fbr,FBR-101060,1060
excise,AFR-4193,1060
disco,MTR-62992060,1060
banking,PK83-6216640516,1060
fbr,FBR-101061,1061
excise,AFR-1942,1061
excise,LEA-1092,1061
disco,MTR-23296297,1061
property,REG-742542,1061
banking,PK28-7047792319,1061
banking,PK67-3356911372,1061
travel,TRP-7915666,1061
travel,TRP-4388430,1061
travel,TRP-7268676,1061
travel,TRP-4699320,1061
travel,TRP-7965219,1061
fbr,FBR-101062,1062
excise,LEA-3657,1062
disco,MTR-51154570,1062
banking,PK82-3120902141,1062
travel,TRP-8579608,1062
excise,LEA-3632,1063
disco,MTR-50391494,1063
banking,PK72-1795321346,1063
travel,TRP-2614095,1063
fbr,FBR-101064,1064
disco,MTR-87150078,1064
fbr,FBR-101065,1065
excise,KAR-6619,1065
excise,ICT-205,1065
property,REG-126653,1065
banking,PK24-3387158496,1065
travel,TRP-6100976,1065
fbr,FBR-101066,1066
excise,ICT-5669,1066
disco,MTR-76368080,1066
banking,PK21-9907688320,1066
travel,TRP-4728015,1066
fbr,FBR-101067,1067
excise,KAR-2839,1067
disco,MTR-69680141,1067
travel,TRP-8056664,1067
fbr,FBR-101068,1068
excise,LEA-5917,1068
disco,MTR-94392799,1068
property,REG-607648,1068
property,REG-502063,1068
banking,PK85-1842514670,1068
travel,TRP-1209211,1068
travel,TRP-9509685,1068
fbr,FBR-101069,1069
excise,RIR-4536,1069
banking,PK57-5581060914,1069
travel,TRP-1212167,1069
fbr,FBR-101070,1070
excise,AFR-8538,1070
excise,LEA-8093,1070
disco,MTR-11362154,1070
property,REG-152844,1070
property,REG-260303,1070
banking,PK65-7716299996,1070
travel,TRP-7054058,1070
travel,TRP-3125071,1070
travel,TRP-2153311,1070
travel,TRP-2297477,1070
fbr,FBR-101071,1071
excise,LEA-167,1071
disco,MTR-76327270,1071
property,REG-171157,1071
banking,PK57-3857831480,1071
travel,TRP-3440796,1071
travel,TRP-2511654,1071
excise,LEA-4565,1072
excise,RIR-9149,1072
excise,KAR-1388,1072
disco,MTR-64426605,1072
property,REG-306457,1072
property,REG-563360,1072
banking,PK89-1661033102,1072
travel,TRP-4248663,1072
travel,TRP-5367420,1072
travel,TRP-8194179,1072
fbr,FBR-101073,1073
disco,MTR-21862890,1073
banking,PK11-1264521860,1073
fbr,FBR-101074,1074
excise,ICT-150,1074
disco,MTR-28791400,1074
fbr,FBR-101075,1075
excise,ICT-3910,1075
disco,MTR-43521997,1075
property,REG-372047,1075
property,REG-839017,1075
banking,PK75-6004895751,1075
banking,PK28-8802762451,1075
travel,TRP-4192025,1075
excise,KAR-6168,1076
excise,AFR-8828,1076
excise,RIR-3395,1076
disco,MTR-40658768,1076
property,REG-447614,1076
property,REG-155391,1076
banking,PK67-8121176116,1076
banking,PK61-8250164395,1076
banking,PK63-1232644413,1076
banking,PK49-3415381056,1076
travel,TRP-7299455,1076
travel,TRP-8693651,1076
fbr,FBR-101077,1077
excise,ICT-2019,1077
disco,MTR-11329716,1077
banking,PK71-2794100183,1077
fbr,FBR-101078,1078
disco,MTR-66879211,1078
fbr,FBR-101079,1079
disco,MTR-98319319,1079
banking,PK11-8076931577,1079
fbr,FBR-101080,1080
excise,LEA-8796,1080
disco,MTR-64637674,1080
travel,TRP-3228518,1080
fbr,FBR-101081,1081
excise,AFR-1794,1081
disco,MTR-15076504,1081
property,REG-710135,1081
property,REG-633193,1081
banking,PK94-2613413720,1081
banking,PK69-7268127167,1081
banking,PK82-8761937547,1081
banking,PK41-8385677173,1081
travel,TRP-9682775,1081
travel,TRP-3953309,1081
travel,TRP-7122785,1081
fbr,FBR-101082,1082
disco,MTR-80793233,1082
banking,PK38-8406952661,1082
fbr,FBR-101083,1083
excise,RIR-2147,1083
disco,MTR-32834401,1083
travel,TRP-1565457,1083
fbr,FBR-101084,1084
excise,RIR-8358,1084
disco,MTR-24631001,1084
banking,PK52-2531270347,1084
fbr,FBR-101085,1085
excise,AFR-4250,1085
disco,MTR-59732009,1085
property,REG-246763,1085
banking,PK68-9065538663,1085
banking,PK61-6358655777,1085
travel,TRP-5985659,1085
travel,TRP-8458938,1085
travel,TRP-6625183,1085
travel,TRP-7673860,1085
excise,KAR-5905,1086
disco,MTR-53901861,1086
property,REG-649798,1086
excise,RIR-1488,1087
disco,MTR-64759163,1087
fbr,FBR-101088,1088
excise,RIR-364,1088
disco,MTR-64940186,1088
banking,PK71-4871085503,1088
travel,TRP-7718121,1088
fbr,FBR-101089,1089
excise,ICT-7025,1089
disco,MTR-47280369,1089
fbr,FBR-101090,1090
excise,ICT-873,1090
excise,ICT-7415,1090
excise,RIR-3738,1090
disco,MTR-95452044,1090
property,REG-261315,1090
property,REG-352723,1090
banking,PK55-4310045283,1090
travel,TRP-3708286,1090
fbr,FBR-101091,1091
excise,ICT-2735,1091
excise,RIR-3294,1091
excise,RIR-2546,1091
disco,MTR-80303508,1091
property,REG-588695,1091
banking,PK62-2963459653,1091
banking,PK97-5454951478,1091
travel,TRP-5366127,1091
travel,TRP-7167188,1091
travel,TRP-8140896,1091
fbr,FBR-101092,1092
excise,RIR-3383,1092
disco,MTR-74511927,1092
property,REG-680371,1092
banking,PK88-1398496983,1092
travel,TRP-2713899,1092
disco,MTR-70750199,1093
fbr,FBR-101094,1094
excise,AFR-4757,1094
disco,MTR-73234267,1094
property,REG-635362,1094
banking,PK75-4448837372,1094
travel,TRP-4664186,1094
fbr,FBR-101095,1095
excise,KAR-5467,1095
disco,MTR-30100918,1095
banking,PK78-8018792468,1095
excise,KAR-9163,1096
excise,ICT-7834,1096
disco,MTR-67980701,1096
property,REG-128126,1096
property,REG-413284,1096
banking,PK28-9939366229,1096
banking,PK20-6116463453,1096
travel,TRP-3505291,1096
travel,TRP-7233301,1096
travel,TRP-9627825,1096
travel,TRP-8197271,1096
travel,TRP-8221633,1096
travel,TRP-6568394,1096
excise,KAR-8852,1097
excise,ICT-4278,1097
excise,KAR-7503,1097
disco,MTR-12756067,1097
property,REG-929074,1097
property,REG-276001,1097
banking,PK97-1985790309,1097
banking,PK18-5846258933,1097
banking,PK42-3972566953,1097
banking,PK61-2898947101,1097
travel,TRP-1040846,1097
travel,TRP-6769204,1097
travel,TRP-4386825,1097
travel,TRP-6707847,1097
travel,TRP-3423166,1097
fbr,FBR-101098,1098
excise,AFR-2482,1098
disco,MTR-42260213,1098
banking,PK73-5086826242,1098
fbr,FBR-101099,1099
disco,MTR-22715558,1099
property,REG-371951,1099
fbr,FBR-101100,1100
disco,MTR-47061706,1100
travel,TRP-8826799,1100
fbr,FBR-101101,1101
disco,MTR-38710184,1101
travel,TRP-9606735,1101
fbr,FBR-101102,1102
excise,ICT-5042,1102
disco,MTR-59294687,1102
banking,PK76-2400695875,1102
property,REG-215488,1103
banking,PK46-4976076150,1103
fbr,FBR-101104,1104
disco,MTR-94855336,1104
property,REG-152965,1104
fbr,FBR-101105,1105
excise,ICT-9998,1105
disco,MTR-62062140,1105
travel,TRP-2575193,1105
fbr,FBR-101106,1106
excise,AFR-9810,1106
disco,MTR-45177708,1106
property,REG-281397,1106
property,REG-707688,1106
banking,PK13-5498378331,1106
banking,PK81-2995062275,1106
travel,TRP-6638633,1106
travel,TRP-6106479,1106
travel,TRP-7772602,1106
travel,TRP-4335708,1106
travel,TRP-5359640,1106
fbr,FBR-101107,1107
disco,MTR-29633563,1107
property,REG-513352,1107
banking,PK77-2690272481,1107
fbr,FBR-101108,1108
excise,ICT-4181,1108
excise,KAR-9216,1108
disco,MTR-46383631,1108
property,REG-944848,1108
banking,PK33-6292607077,1108
banking,PK66-2896938438,1108
banking,PK70-9294558957,1108
travel,TRP-9857352,1108
travel,TRP-8275392,1108
travel,TRP-2754366,1108
travel,TRP-9220334,1108
travel,TRP-3591804,1108
fbr,FBR-101109,1109
disco,MTR-75183437,1109
banking,PK18-6425851033,1109
fbr,FBR-101110,1110
excise,ICT-5459,1110
excise,RIR-4408,1110
disco,MTR-85396335,1110
property,REG-398470,1110
property,REG-444081,1110
banking,PK67-8111989110,1110
banking,PK76-2616448429,1110
travel,TRP-1714229,1110
travel,TRP-1939866,1110
travel,TRP-9712858,1110
travel,TRP-8187746,1110
travel,TRP-5308258,1110
travel,TRP-1276117,1110
fbr,FBR-101111,1111
excise,KAR-8740,1111
disco,MTR-66315540,1111
banking,PK73-8719808269,1111
travel,TRP-1155536,1111
fbr,FBR-101112,1112
disco,MTR-74431084,1112
banking,PK49-1701087341,1112
fbr,FBR-101113,1113
disco,MTR-57134261,1113
property,REG-774187,1113
fbr,FBR-101114,1114
disco,MTR-37137733,1114
property,REG-189396,1114
banking,PK82-7505087112,1114
fbr,FBR-101115,1115
disco,MTR-44661028,1115
banking,PK47-2955296532,1115
fbr,FBR-101116,1116
excise,LEA-2060,1116
excise,RIR-7430,1116
excise,ICT-7098,1116
disco,MTR-86945236,1116
property,REG-478697,1116
property,REG-474864,1116
banking,PK10-9641582068,1116
banking,PK49-2829880342,1116
travel,TRP-9402694,1116
travel,TRP-2318620,1116
travel,TRP-8005383,1116
fbr,FBR-101117,1117
disco,MTR-46441106,1117
banking,PK98-7727242465,1117
fbr,FBR-101118,1118
disco,MTR-84404123,1118
banking,PK49-4492278817,1118
travel,TRP-9461103,1118
fbr,FBR-101119,1119
disco,MTR-75370127,1119
banking,PK62-3258904753,1119
travel,TRP-2247292,1119
excise,LEA-7879,1120
disco,MTR-81126448,1120
banking,PK73-4847412688,1120
fbr,FBR-101121,1121
excise,LEA-7793,1121
disco,MTR-79002791,1121
property,REG-522341,1121
banking,PK74-2041068369,1121
travel,TRP-5676590,1121
excise,RIR-4126,1122
disco,MTR-54385680,1122
property,REG-143047,1122
banking,PK35-6296163414,1122
banking,PK97-3776214857,1122
banking,PK42-9963014635,1122
travel,TRP-4652267,1122
travel,TRP-9470365,1122
travel,TRP-3457165,1122
disco,MTR-97048624,1123
property,REG-207928,1123
fbr,FBR-101124,1124
excise,RIR-2187,1124
property,REG-915827,1124
banking,PK73-6606948557,1124
banking,PK18-7737995173,1124
banking,PK28-8017155026,1124
travel,TRP-5450864,1124
travel,TRP-7223286,1124
travel,TRP-3562257,1124
travel,TRP-1047992,1124
fbr,FBR-101125,1125
disco,MTR-56253322,1125
property,REG-194243,1125
banking,PK35-5259779660,1125
fbr,FBR-101126,1126
excise,RIR-8627,1126
disco,MTR-95356766,1126
banking,PK54-1437126290,1126
travel,TRP-1109351,1126
fbr,FBR-101127,1127
excise,LEA-2073,1127
excise,AFR-4483,1127
disco,MTR-91523702,1127
property,REG-209082,1127
banking,PK80-6430258727,1127
banking,PK50-4424069766,1127
travel,TRP-4186153,1127
excise,RIR-8117,1128
disco,MTR-25238151,1128
property,REG-436002,1128
property,REG-883524,1128
banking,PK83-8800317201,1128
travel,TRP-2776375,1128
travel,TRP-9341522,1128
travel,TRP-8990187,1128
fbr,FBR-101129,1129
banking,PK17-5806124391,1129
fbr,FBR-101130,1130
excise,KAR-5389,1130
disco,MTR-50444045,1130
property,REG-375799,1130
banking,PK43-8215697821,1130
travel,TRP-3526996,1130
travel,TRP-8316482,1130
travel,TRP-9788426,1130
banking,PK26-3403280984,1131
travel,TRP-6403157,1131
fbr,FBR-101132,1132
excise,RIR-7513,1132
disco,MTR-74453962,1132
banking,PK58-1184240553,1132
excise,AFR-5604,1133
excise,KAR-9076,1133
disco,MTR-13782292,1133
property,REG-680117,1133
property,REG-672720,1133
banking,PK34-3656441249,1133
banking,PK29-9617274256,1133
banking,PK70-7827336210,1133
banking,PK74-4541276342,1133
travel,TRP-5191870,1133
travel,TRP-2042917,1133
fbr,FBR-101134,1134
excise,KAR-8709,1134
excise,KAR-3527,1134
excise,KAR-6396,1134
disco,MTR-71278047,1134
property,REG-816688,1134
banking,PK53-9788391300,1134
banking,PK12-9998549229,1134
travel,TRP-2660527,1134
travel,TRP-8950910,1134
fbr,FBR-101135,1135
excise,AFR-268,1135
excise,RIR-1325,1135
excise,LEA-2184,1135
disco,MTR-74505463,1135
property,REG-906219,1135
banking,PK27-1179588802,1135
travel,TRP-9254674,1135
travel,TRP-8221280,1135
travel,TRP-1130470,1135
travel,TRP-1788007,1135
fbr,FBR-101136,1136
disco,MTR-99316511,1136
fbr,FBR-101137,1137
disco,MTR-90291738,1137
banking,PK38-5269819374,1137
excise,ICT-9093,1138
excise,KAR-6401,1138
excise,RIR-1538,1138
property,REG-234280,1138
property,REG-409971,1138
banking,PK34-9576864675,1138
banking,PK45-2611452782,1138
banking,PK17-4716193786,1138
banking,PK51-4916596333,1138
travel,TRP-3929212,1138
travel,TRP-3342513,1138
fbr,FBR-101139,1139
excise,LEA-2064,1139
disco,MTR-27511429,1139
property,REG-122714,1139
banking,PK68-8261945662,1139
travel,TRP-1364540,1139
travel,TRP-3850596,1139
travel,TRP-9238757,1139
travel,TRP-5858344,1139
fbr,FBR-101140,1140
excise,ICT-2487,1140
excise,AFR-2997,1140
disco,MTR-94611216,1140
property,REG-878100,1140
property,REG-175510,1140
banking,PK94-9880308958,1140
banking,PK52-5359575689,1140
travel,TRP-3790958,1140
travel,TRP-2907181,1140
fbr,FBR-101141,1141
excise,LEA-7215,1141
disco,MTR-88512902,1141
property,REG-846113,1141
property,REG-161487,1141
banking,PK24-9852227549,1141
travel,TRP-9889099,1141
fbr,FBR-101142,1142
excise,LEA-4709,1142
banking,PK71-9802055837,1142
disco,MTR-60309706,1143
banking,PK37-6074802395,1143
fbr,FBR-101144,1144
excise,LEA-1704,1144
disco,MTR-91000400,1144
property,REG-356141,1144
property,REG-113978,1144
banking,PK19-2529144063,1144
banking,PK79-5777543919,1144
banking,PK83-5335005127,1144
travel,TRP-3508214,1144
travel,TRP-8110052,1144
travel,TRP-7608771,1144
travel,TRP-2420216,1144
fbr,FBR-101145,1145
excise,KAR-3972,1145
disco,MTR-69535863,1145
fbr,FBR-101146,1146
disco,MTR-90699573,1146
banking,PK30-7531004746,1146
fbr,FBR-101147,1147
excise,RIR-2831,1147
disco,MTR-43204444,1147
property,REG-941738,1147
banking,PK18-7469607751,1147
travel,TRP-4110701,1147
fbr,FBR-101148,1148
excise,KAR-6534,1148
disco,MTR-45359441,1148
banking,PK78-5373997753,1148
fbr,FBR-101149,1149
excise,RIR-4942,1149
excise,KAR-8901,1149
disco,MTR-24028994,1149
property,REG-240166,1149
banking,PK63-8812457588,1149
banking,PK99-8509611163,1149
travel,TRP-2030417,1149
travel,TRP-4025783,1149
travel,TRP-7314884,1149
travel,TRP-2107942,1149
fbr,FBR-101150,1150
excise,LEA-5220,1150
disco,MTR-78835430,1150
property,REG-307667,1150
banking,PK45-9873005464,1150
banking,PK28-4739459349,1150
travel,TRP-3534695,1150
fbr,FBR-101151,1151
disco,MTR-88528338,1151
property,REG-616778,1151
fbr,FBR-101152,1152
excise,LEA-3158,1152
disco,MTR-54341093,1152
property,REG-495199,1152
banking,PK80-1237963820,1152
travel,TRP-1454404,1152
travel,TRP-7450103,1152
fbr,FBR-101153,1153
excise,KAR-2281,1153
disco,MTR-35917782,1153
banking,PK24-8545738996,1153
excise,LEA-2304,1154
disco,MTR-22003040,1154
banking,PK86-5313621495,1154
travel,TRP-6196886,1154
fbr,FBR-101155,1155
excise,AFR-105,1155
disco,MTR-64426050,1155
fbr,FBR-101156,1156
excise,RIR-8068,1156
disco,MTR-76914150,1156
property,REG-911374,1156
fbr,FBR-101157,1157
excise,RIR-8884,1157
disco,MTR-84704036,1157
banking,PK32-2829723089,1157
fbr,FBR-101158,1158
excise,AFR-7769,1158
disco,MTR-93338395,1158
property,REG-164715,1158
property,REG-917410,1158
banking,PK63-4618424487,1158
banking,PK89-6981154148,1158
travel,TRP-9400727,1158
travel,TRP-6958403,1158
travel,TRP-4436740,1158
travel,TRP-9167100,1158
travel,TRP-7093393,1158
travel,TRP-1894778,1158
fbr,FBR-101159,1159
excise,ICT-5431,1159
disco,MTR-24307150,1159
property,REG-308401,1159
property,REG-799262,1159
banking,PK45-3711823981,1159
banking,PK49-5762556543,1159
banking,PK81-2092804992,1159
banking,PK79-4556137034,1159
travel,TRP-3053782,1159
travel,TRP-8981061,1159
travel,TRP-3906951,1159
travel,TRP-1466688,1159
travel,TRP-8214865,1159
fbr,FBR-101160,1160
disco,MTR-74954093,1160
banking,PK47-7929979349,1160
travel,TRP-4831115,1160
fbr,FBR-101161,1161
excise,ICT-3757,1161
excise,RIR-6243,1161
excise,KAR-1069,1161
disco,MTR-62793703,1161
property,REG-229919,1161
banking,PK49-4950618467,1161
banking,PK64-4757520378,1161
banking,PK21-5579814495,1161
banking,PK74-1243620737,1161
travel,TRP-8636101,1161
travel,TRP-8785500,1161
travel,TRP-4959607,1161
fbr,FBR-101162,1162
disco,MTR-30251058,1162
banking,PK55-1411362371,1162
travel,TRP-4525837,1162
fbr,FBR-101163,1163
disco,MTR-77644551,1163
travel,TRP-8776740,1163
fbr,FBR-101164,1164
disco,MTR-90927854,1164
property,REG-379097,1164
banking,PK53-2217484313,1164
travel,TRP-1657576,1164
fbr,FBR-101165,1165
excise,KAR-973,1165
excise,KAR-5135,1165
disco,MTR-92950407,1165
property,REG-522265,1165
banking,PK67-1938597893,1165
banking,PK66-6945119037,1165
banking,PK36-9537123690,1165
travel,TRP-4245325,1165
travel,TRP-1976032,1165
travel,TRP-8796312,1165
travel,TRP-9372926,1165
travel,TRP-9401868,1165
travel,TRP-3805479,1165
fbr,FBR-101166,1166
excise,AFR-5967,1166
disco,MTR-36148409,1166
property,REG-499193,1166
banking,PK23-4358269563,1166
disco,MTR-16924775,1167
banking,PK54-9359640318,1167
travel,TRP-3885963,1167
fbr,FBR-101168,1168
excise,KAR-8659,1168
disco,MTR-67354961,1168
property,REG-211474,1168
banking,PK77-8071953998,1168
travel,TRP-2767067,1168
fbr,FBR-101169,1169
excise,KAR-472,1169
disco,MTR-26437650,1169
property,REG-693535,1169
property,REG-609451,1169
banking,PK47-5351223039,1169
banking,PK87-6887507644,1169
travel,TRP-9600354,1169
travel,TRP-3466349,1169
travel,TRP-6442429,1169
fbr,FBR-101170,1170
excise,AFR-9805,1170
disco,MTR-37792618,1170
fbr,FBR-101171,1171
excise,KAR-8924,1171
disco,MTR-86876218,1171
property,REG-233967,1171
property,REG-901358,1171
banking,PK27-2039143050,1171
banking,PK61-3072742714,1171
travel,TRP-3824153,1171
travel,TRP-7723267,1171
fbr,FBR-101172,1172
excise,AFR-4365,1172
excise,ICT-329,1172
excise,RIR-3520,1172
disco,MTR-55427762,1172
property,REG-971076,1172
property,REG-247717,1172
banking,PK99-8121758250,1172
banking,PK24-2851987342,1172
travel,TRP-3661573,1172
excise,AFR-2126,1173
excise,LEA-3938,1173
disco,MTR-74776520,1173
property,REG-980536,1173
banking,PK85-2987123316,1173
banking,PK65-2430065360,1173
travel,TRP-7645746,1173
fbr,FBR-101174,1174
excise,RIR-8199,1174
disco,MTR-18104419,1174
property,REG-793593,1174
banking,PK55-2595605873,1174
excise,KAR-6337,1175
disco,MTR-37833814,1175
banking,PK27-7967080783,1175
fbr,FBR-101176,1176
excise,KAR-4537,1176
disco,MTR-74578853,1176
banking,PK18-4760791024,1176
fbr,FBR-101177,1177
excise,AFR-3063,1177
disco,MTR-93359115,1177
banking,PK15-5263140161,1177
travel,TRP-2373130,1177
fbr,FBR-101178,1178
disco,MTR-95963658,1178
fbr,FBR-101179,1179
disco,MTR-22100781,1179
fbr,FBR-101180,1180
excise,ICT-507,1180
disco,MTR-29860189,1180
banking,PK39-4869751161,1180
disco,MTR-54607236,1181
banking,PK50-1499171238,1181
travel,TRP-2574630,1181
fbr,FBR-101182,1182
excise,ICT-5531,1182
excise,RIR-9059,1182
excise,RIR-2483,1182
disco,MTR-90715356,1182
property,REG-627371,1182
banking,PK75-9921815346,1182
banking,PK63-6851935721,1182
banking,PK16-6217827213,1182
banking,PK35-6845590975,1182
travel,TRP-6569590,1182
travel,TRP-3881475,1182
travel,TRP-5378920,1182
travel,TRP-4900632,1182
travel,TRP-6944861,1182
fbr,FBR-101183,1183
excise,RIR-7451,1183
disco,MTR-72510751,1183
banking,PK92-9461565676,1183
fbr,FBR-101184,1184
disco,MTR-75316426,1184
banking,PK56-8723160924,1184
travel,TRP-1076348,1184
fbr,FBR-101185,1185
excise,KAR-3078,1185
excise,AFR-9069,1185
disco,MTR-25458755,1185
property,REG-486234,1185
property,REG-458156,1185
banking,PK75-3471561234,1185
travel,TRP-5152286,1185
travel,TRP-6514115,1185
travel,TRP-2566853,1185
travel,TRP-3580953,1185
excise,KAR-9687,1186
disco,MTR-21725041,1186
fbr,FBR-101187,1187
excise,LEA-8763,1187
disco,MTR-16055630,1187
fbr,FBR-101188,1188
excise,KAR-1295,1188
property,REG-849754,1188
property,REG-259107,1188
banking,PK54-1388404442,1188
banking,PK52-4308572652,1188
travel,TRP-7210898,1188
travel,TRP-5789368,1188
travel,TRP-4220572,1188
fbr,FBR-101189,1189
excise,ICT-506,1189
disco,MTR-50259317,1189
fbr,FBR-101190,1190
excise,LEA-445,1190
disco,MTR-45355912,1190
banking,PK28-4514316725,1190
travel,TRP-6861143,1190
excise,KAR-1628,1191
disco,MTR-91630214,1191
property,REG-804085,1191
banking,PK61-6729278035,1191
fbr,FBR-101192,1192
disco,MTR-28894885,1192
banking,PK71-7978336578,1192
excise,RIR-4947,1193
disco,MTR-90040720,1193
banking,PK86-2414200939,1193
fbr,FBR-101194,1194
disco,MTR-72431702,1194
property,REG-704869,1194
travel,TRP-9627848,1194
fbr,FBR-101195,1195
excise,LEA-2791,1195
excise,RIR-5629,1195
disco,MTR-95538878,1195
property,REG-430962,1195
banking,PK22-2738818909,1195
banking,PK91-4171607211,1195
travel,TRP-7890781,1195
travel,TRP-8910656,1195
travel,TRP-2385726,1195
travel,TRP-9401149,1195
fbr,FBR-101196,1196
excise,ICT-5314,1196
excise,KAR-487,1196
excise,RIR-2163,1196
disco,MTR-77534370,1196
property,REG-939538,1196
banking,PK66-1095039163,1196
banking,PK50-4202821007,1196
travel,TRP-8239495,1196
fbr,FBR-101197,1197
excise,ICT-2334,1197
excise,AFR-2838,1197
excise,ICT-8978,1197
disco,MTR-75745076,1197
property,REG-225100,1197
banking,PK61-4990551965,1197
banking,PK37-4344835957,1197
banking,PK28-2120575081,1197
banking,PK80-3646196296,1197
travel,TRP-8425744,1197
travel,TRP-2332215,1197
travel,TRP-4636965,1197
travel,TRP-8383884,1197
travel,TRP-6082295,1197
travel,TRP-4740173,1197
fbr,FBR-101198,1198
excise,LEA-1972,1198
disco,MTR-41859872,1198
property,REG-441872,1198
fbr,FBR-101199,1199
disco,MTR-96624353,1199
fbr,FBR-101200,1200
excise,LEA-5253,1200
disco,MTR-30081246,1200
property,REG-454723,1200
banking,PK19-4178630930,1200
banking,PK24-4716167176,1200
banking,PK49-5822567012,1200
banking,PK33-3664441464,1200
travel,TRP-8703386,1200
travel,TRP-6679583,1200
disco,MTR-22091081,1201
fbr,FBR-101202,1202
excise,KAR-5822,1202
excise,LEA-4388,1203
excise,LEA-6212,1203
disco,MTR-45691187,1203
property,REG-327964,1203
banking,PK96-7681652474,1203
banking,PK13-8967632763,1203
banking,PK13-5094128223,1203
travel,TRP-9630941,1203
travel,TRP-7511296,1203
travel,TRP-4504169,1203
travel,TRP-6342076,1203
travel,TRP-6505904,1203
fbr,FBR-101204,1204
excise,RIR-9889,1204
banking,PK52-9770348025,1204
fbr,FBR-101205,1205
disco,MTR-94605103,1205
property,REG-122967,1205
banking,PK61-4699829354,1205
fbr,FBR-101206,1206
excise,AFR-1951,1206
disco,MTR-87523264,1206
excise,KAR-9522,1207
disco,MTR-88689194,1207
property,REG-267000,1207
banking,PK82-4675127536,1207
banking,PK10-1422538170,1207
banking,PK19-5540600898,1207
travel,TRP-3813829,1207
travel,TRP-5443347,1207
travel,TRP-2369438,1207
travel,TRP-5940696,1207
fbr,FBR-101208,1208
excise,AFR-1403,1208
excise,ICT-7459,1208
disco,MTR-27018963,1208
property,REG-587006,1208
banking,PK72-5538409433,1208
banking,PK12-8349612096,1208
banking,PK45-3285969304,1208
travel,TRP-5462842,1208
travel,TRP-8853748,1208
travel,TRP-4513809,1208
travel,TRP-2425897,1208
travel,TRP-7186827,1208
travel,TRP-8837729,1208
fbr,FBR-101209,1209
excise,ICT-7842,1209
excise,LEA-1075,1209
excise,KAR-406,1209
disco,MTR-46913398,1209
property,REG-302015,1209
property,REG-528040,1209
banking,PK79-6069164945,1209
banking,PK95-7433248715,1209
travel,TRP-5195216,1209
travel,TRP-2815541,1209
fbr,FBR-101210,1210
disco,MTR-68749654,1210
fbr,FBR-101211,1211
excise,AFR-8183,1211
excise,LEA-2788,1211
excise,ICT-9550,1211
disco,MTR-76337139,1211
property,REG-372884,1211
property,REG-396100,1211
banking,PK72-5614370989,1211
banking,PK97-2654379043,1211
banking,PK65-6273987347,1211
banking,PK42-7071307934,1211
travel,TRP-6560158,1211
travel,TRP-9554815,1211
travel,TRP-5717817,1211
travel,TRP-7887443,1211
fbr,FBR-101212,1212
excise,AFR-1399,1212
excise,KAR-7183,1212
excise,RIR-4962,1212
disco,MTR-31677011,1212
property,REG-429555,1212
banking,PK76-1927615202,1212
banking,PK40-6086704432,1212
banking,PK84-1947190733,1212
travel,TRP-8908267,1212
travel,TRP-9336737,1212
travel,TRP-8724193,1212
travel,TRP-6585537,1212
travel,TRP-5930912,1212
fbr,FBR-101213,1213
excise,ICT-269,1213
disco,MTR-72286972,1213
fbr,FBR-101214,1214
disco,MTR-60194003,1214
travel,TRP-4360676,1214
fbr,FBR-101215,1215
excise,ICT-8219,1215
disco,MTR-94235746,1215
banking,PK29-7584412133,1215
fbr,FBR-101216,1216
excise,KAR-1817,1216
disco,MTR-32325517,1216
property,REG-867465,1216
travel,TRP-9372120,1216
disco,MTR-96177087,1217
banking,PK28-4187003011,1217
travel,TRP-8184406,1217
fbr,FBR-101218,1218
excise,LEA-4977,1218
excise,AFR-3684,1218
excise,LEA-9505,1218
disco,MTR-20599782,1218
property,REG-871171,1218
banking,PK44-2076427164,1218
travel,TRP-4423549,1218
travel,TRP-5787187,1218
travel,TRP-5142098,1218
fbr,FBR-101219,1219
excise,KAR-9868,1219
excise,KAR-2127,1219
excise,LEA-8430,1219
disco,MTR-27904479,1219
property,REG-300952,1219
property,REG-233794,1219
banking,PK39-1301797551,1219
banking,PK52-9416630659,1219
banking,PK42-7067595775,1219
travel,TRP-5474107,1219
travel,TRP-6843618,1219
travel,TRP-5773800,1219
travel,TRP-3496342,1219
travel,TRP-2742303,1219
fbr,FBR-101220,1220
excise,RIR-8296,1220
excise,AFR-2532,1220
excise,ICT-2148,1220
disco,MTR-54323419,1220
property,REG-829995,1220
banking,PK92-8582008576,1220
banking,PK10-5713526367,1220
banking,PK27-4302560463,1220
banking,PK94-5498128473,1220
travel,TRP-1367326,1220
travel,TRP-4023283,1220
travel,TRP-3519884,1220
travel,TRP-2828493,1220
travel,TRP-8601497,1220
fbr,FBR-101221,1221
excise,KAR-8773,1221
disco,MTR-99183233,1221
property,REG-318751,1221
banking,PK36-1799975108,1221
banking,PK55-8584295733,1221
banking,PK36-8288021818,1221
banking,PK87-7864842840,1221
travel,TRP-7048854,1221
travel,TRP-1983192,1221
travel,TRP-3479952,1221
travel,TRP-5520383,1221
fbr,FBR-101222,1222
excise,KAR-7675,1222
disco,MTR-89949322,1222
banking,PK55-3945223088,1222
fbr,FBR-101223,1223
excise,AFR-9897,1223
disco,MTR-83323080,1223
banking,PK78-2405491983,1223
fbr,FBR-101224,1224
disco,MTR-59463294,1224
banking,PK45-1793504965,1224
fbr,FBR-101225,1225
excise,KAR-215,1225
disco,MTR-26435996,1225
property,REG-601810,1225
banking,PK67-7847510530,1225
fbr,FBR-101226,1226
excise,LEA-7234,1226
disco,MTR-39158577,1226
property,REG-200857,1226
banking,PK55-1379142545,1226
banking,PK72-2805361609,1226
travel,TRP-7710347,1226
travel,TRP-6035965,1226
fbr,FBR-101227,1227
disco,MTR-77740695,1227
property,REG-201041,1227
disco,MTR-79047441,1228
excise,KAR-4918,1229
excise,RIR-6114,1229
property,REG-429276,1229
property,REG-435518,1229
banking,PK79-1969338124,1229
travel,TRP-4234296,1229
travel,TRP-2452598,1229
travel,TRP-7452337,1229
fbr,FBR-101230,1230
excise,LEA-7647,1230
disco,MTR-18225265,1230
property,REG-648769,1230
banking,PK33-9329041142,1230
fbr,FBR-101231,1231
excise,RIR-1284,1231
disco,MTR-56856904,1231
fbr,FBR-101232,1232
excise,ICT-7423,1232
disco,MTR-21782785,1232
banking,PK76-4180593376,1232
fbr,FBR-101233,1233
excise,ICT-742,1233
excise,KAR-9348,1233
excise,ICT-6773,1233
disco,MTR-20386940,1233
property,REG-223251,1233
property,REG-357524,1233
banking,PK22-3600813794,1233
banking,PK37-9727086774,1233
banking,PK13-1164617306,1233
banking,PK42-4391763299,1233
travel,TRP-7495116,1233
travel,TRP-4305417,1233
travel,TRP-8027769,1233
travel,TRP-5942239,1233
fbr,FBR-101234,1234
excise,RIR-5826,1234
disco,MTR-65480769,1234
property,REG-679918,1234
property,REG-574829,1234
banking,PK50-9155695058,1234
travel,TRP-7605464,1234
travel,TRP-3446735,1234
travel,TRP-6137574,1234
fbr,FBR-101235,1235
excise,AFR-1033,1235
excise,LEA-2476,1235
excise,LEA-5642,1235
disco,MTR-72987414,1235
property,REG-382178,1235
banking,PK94-8865007110,1235
banking,PK15-6830727878,1235
travel,TRP-1882892,1235
travel,TRP-3354728,1235
travel,TRP-4621339,1235
travel,TRP-2810277,1235
travel,TRP-1910965,1235
travel,TRP-6077585,1235
fbr,FBR-101236,1236
disco,MTR-31979178,1236
fbr,FBR-101237,1237
disco,MTR-39878165,1237
banking,PK63-1876851791,1237
fbr,FBR-101238,1238
excise,AFR-1721,1238
excise,LEA-5514,1238
disco,MTR-33829243,1238
property,REG-215085,1238
property,REG-188944,1238
banking,PK58-9415610772,1238
banking,PK94-3229749643,1238
banking,PK19-1319622663,1238
banking,PK90-6069548959,1238
travel,TRP-3526449,1238
travel,TRP-3529744,1238
travel,TRP-8247574,1238
travel,TRP-9017277,1238
excise,KAR-5414,1239
excise,AFR-5612,1239
excise,AFR-5664,1239
disco,MTR-97903700,1239
property,REG-663570,1239
property,REG-326223,1239
banking,PK33-4770567330,1239
banking,PK46-1751401016,1239
travel,TRP-9596022,1239
travel,TRP-1325701,1239
travel,TRP-9797465,1239
fbr,FBR-101240,1240
excise,AFR-5684,1240
disco,MTR-75759343,1240
banking,PK19-2001273147,1240
fbr,FBR-101241,1241
excise,ICT-3204,1241
disco,MTR-51589099,1241
property,REG-199209,1241
banking,PK59-2457092595,1241
travel,TRP-1115757,1241
travel,TRP-3089606,1241
travel,TRP-7216670,1241
fbr,FBR-101242,1242
excise,LEA-2070,1242
disco,MTR-38617049,1242
property,REG-298279,1242
property,REG-145907,1242
banking,PK79-5176211663,1242
banking,PK72-7307176282,1242
banking,PK26-2570712518,1242
travel,TRP-9105049,1242
travel,TRP-5359958,1242
travel,TRP-8840841,1242
travel,TRP-5793598,1242
travel,TRP-8293151,1242
travel,TRP-7888747,1242
fbr,FBR-101243,1243
excise,AFR-6128,1243
excise,ICT-5815,1243
property,REG-472119,1243
property,REG-777847,1243
banking,PK38-7344309708,1243
banking,PK36-9571655871,1243
banking,PK99-4586933039,1243
travel,TRP-2485381,1243
travel,TRP-1892183,1243
travel,TRP-3919112,1243
fbr,FBR-101244,1244
disco,MTR-20427759,1244
property,REG-128142,1244
banking,PK29-8789575773,1244
fbr,FBR-101245,1245
excise,AFR-4773,1245
excise,RIR-5695,1245
disco,MTR-62495573,1245
property,REG-836928,1245
banking,PK45-9456677210,1245
banking,PK76-3178673759,1245
banking,PK93-3006759541,1245
banking,PK75-7727129970,1245
travel,TRP-6700790,1245
travel,TRP-3207473,1245
travel,TRP-7354402,1245
fbr,FBR-101246,1246
disco,MTR-76345758,1246
banking,PK89-5913421032,1246
travel,TRP-1774054,1246
fbr,FBR-101247,1247
excise,RIR-3822,1247
disco,MTR-40650407,1247
banking,PK25-2872470641,1247
fbr,FBR-101248,1248
excise,AFR-2610,1248
excise,AFR-3982,1248
disco,MTR-62945874,1248
property,REG-789763,1248
banking,PK38-1161839825,1248
banking,PK48-3324349961,1248
travel,TRP-6288012,1248
travel,TRP-5630812,1248
travel,TRP-8267193,1248
travel,TRP-7018912,1248
fbr,FBR-101249,1249
excise,RIR-9867,1249
excise,ICT-1678,1249
excise,KAR-8654,1249
disco,MTR-11853061,1249
property,REG-970861,1249
property,REG-891128,1249
banking,PK54-6975306634,1249
travel,TRP-1636840,1249
travel,TRP-7924618,1249
travel,TRP-7093061,1249
travel,TRP-5859667,1249
fbr,FBR-101250,1250
disco,MTR-86417149,1250
property,REG-668978,1250
fbr,FBR-101251,1251
excise,LEA-7068,1251
disco,MTR-73045855,1251
property,REG-147449,1251
travel,TRP-6422439,1251
fbr,FBR-101252,1252
excise,KAR-783,1252
excise,LEA-3874,1252
excise,AFR-2275,1252
disco,MTR-49741669,1252
property,REG-400890,1252
banking,PK16-2614196675,1252
banking,PK43-1835866152,1252
travel,TRP-8243621,1252
travel,TRP-5724654,1252
travel,TRP-8162115,1252
travel,TRP-6605104,1252
travel,TRP-9766802,1252
travel,TRP-2373862,1252
fbr,FBR-101253,1253
disco,MTR-82334365,1253
property,REG-941194,1253
travel,TRP-2042273,1253
fbr,FBR-101254,1254
excise,KAR-8979,1254
excise,ICT-9980,1254
excise,LEA-6198,1254
disco,MTR-32625303,1254
property,REG-252656,1254
property,REG-397357,1254
banking,PK78-6939404805,1254
banking,PK71-5108936996,1254
travel,TRP-6089319,1254
travel,TRP-6720087,1254
travel,TRP-7106293,1254
travel,TRP-9354517,1254
disco,MTR-54298467,1255
fbr,FBR-101256,1256
excise,KAR-1951,1256
disco,MTR-24493624,1256
property,REG-689931,1256
property,REG-219961,1256
banking,PK63-8031826235,1256
banking,PK34-9121002893,1256
banking,PK86-4259968558,1256
travel,TRP-4848642,1256
travel,TRP-9906415,1256
travel,TRP-8078445,1256
fbr,FBR-101257,1257
disco,MTR-39228502,1257
banking,PK53-7070400531,1257
fbr,FBR-101258,1258
excise,RIR-6340,1258
excise,ICT-6942,1258
disco,MTR-57887366,1258
property,REG-474961,1258
property,REG-983584,1258
banking,PK38-8636946933,1258
banking,PK43-1253777066,1258
travel,TRP-6063156,1258
fbr,FBR-101259,1259
excise,RIR-9427,1259
excise,KAR-3216,1259
excise,AFR-1070,1259
disco,MTR-65857990,1259
property,REG-936583,1259
banking,PK93-4981221294,1259
banking,PK82-7018275482,1259
travel,TRP-7048124,1259
travel,TRP-8540161,1259
travel,TRP-1872074,1259
travel,TRP-4142906,1259
travel,TRP-3297050,1259
travel,TRP-4870881,1259
disco,MTR-36716348,1260
banking,PK62-4492006273,1260
excise,LEA-5504,1261
disco,MTR-57803717,1261
banking,PK20-9127225414,1261
disco,MTR-86953554,1262
banking,PK69-6939914887,1262
travel,TRP-5011797,1262
fbr,FBR-101263,1263
property,REG-226446,1263
banking,PK64-9053094347,1263
excise,ICT-9274,1264
disco,MTR-60652891,1264
property,REG-854961,1264
banking,PK77-6998119289,1264
travel,TRP-4306729,1264
fbr,FBR-101265,1265
excise,ICT-512,1265
excise,LEA-9706,1265
excise,KAR-7613,1265
disco,MTR-15165331,1265
property,REG-987950,1265
banking,PK25-5910632829,1265
banking,PK99-3299857639,1265
travel,TRP-8983925,1265
travel,TRP-7832185,1265
travel,TRP-4306394,1265
fbr,FBR-101266,1266
excise,KAR-4333,1266
disco,MTR-49615376,1266
banking,PK35-7608075864,1266
fbr,FBR-101267,1267
disco,MTR-27159044,1267
property,REG-770903,1267
fbr,FBR-101268,1268
excise,LEA-172,1268
excise,KAR-1750,1268
excise,AFR-8467,1268
disco,MTR-38270305,1268
property,REG-220912,1268
property,REG-732434,1268
banking,PK75-2178659503,1268
banking,PK53-1544121269,1268
travel,TRP-4405003,1268
travel,TRP-1153124,1268
travel,TRP-6880162,1268
travel,TRP-3001020,1268
fbr,FBR-101269,1269
excise,ICT-2233,1269
disco,MTR-32527156,1269
fbr,FBR-101270,1270
excise,LEA-3714,1270
excise,AFR-7766,1270
excise,LEA-8055,1270
disco,MTR-34622515,1270
property,REG-556774,1270
property,REG-207621,1270
banking,PK38-8376960013,1270
banking,PK90-7858068141,1270
travel,TRP-9702447,1270
travel,TRP-9473978,1270
travel,TRP-5495873,1270
excise,LEA-6224,1271
excise,AFR-2231,1271
excise,ICT-2447,1271
disco,MTR-93026922,1271
property,REG-338391,1271
banking,PK85-2651730873,1271
banking,PK57-8167553340,1271
travel,TRP-6925120,1271
travel,TRP-4561861,1271
travel,TRP-7769305,1271
travel,TRP-3771871,1271
excise,LEA-167,1272
travel,TRP-3739873,1272
fbr,FBR-101273,1273
excise,LEA-8600,1273
excise,RIR-8052,1273
excise,AFR-6446,1273
disco,MTR-40930788,1273
property,REG-393654,1273
property,REG-926071,1273
banking,PK30-6160216389,1273
banking,PK16-3419948195,1273
banking,PK27-4982528904,1273
travel,TRP-8125045,1273
travel,TRP-7927155,1273
fbr,FBR-101274,1274
excise,AFR-8654,1274
disco,MTR-22909231,1274
property,REG-914003,1274
banking,PK24-4395135372,1274
travel,TRP-3755130,1274
fbr,FBR-101275,1275
excise,LEA-5819,1275
excise,RIR-8990,1275
excise,ICT-2671,1275
disco,MTR-85632908,1275
property,REG-324087,1275
banking,PK42-3067425162,1275
banking,PK82-2640711603,1275
banking,PK65-1655966418,1275
banking,PK31-1197627375,1275
travel,TRP-1480277,1275
travel,TRP-7241919,1275
fbr,FBR-101276,1276
disco,MTR-80392760,1276
property,REG-342277,1276
banking,PK43-5667878326,1276
fbr,FBR-101277,1277
excise,RIR-522,1277
disco,MTR-38161795,1277
banking,PK80-2156110378,1277
fbr,FBR-101278,1278
excise,ICT-2622,1278
disco,MTR-21599340,1278
travel,TRP-6793593,1278
excise,ICT-765,1279
disco,MTR-64362660,1279
fbr,FBR-101280,1280
disco,MTR-40908898,1280
property,REG-217607,1280
banking,PK76-9167759794,1280
fbr,FBR-101281,1281
excise,LEA-2792,1281
excise,AFR-3460,1281
excise,KAR-9461,1281
disco,MTR-88526730,1281
property,REG-995439,1281
banking,PK70-5436384177,1281
banking,PK19-7853485290,1281
banking,PK50-5328412844,1281
banking,PK47-2405643497,1281
travel,TRP-5217473,1281
travel,TRP-5612444,1281
travel,TRP-6785556,1281
travel,TRP-8915269,1281
fbr,FBR-101282,1282
excise,AFR-3559,1282
excise,KAR-6053,1282
disco,MTR-92377644,1282
property,REG-501767,1282
banking,PK70-1576505575,1282
banking,PK29-6727794924,1282
banking,PK62-4384918000,1282
banking,PK41-8495246265,1282
travel,TRP-5618213,1282
travel,TRP-8811301,1282
travel,TRP-3478623,1282
travel,TRP-4809707,1282
fbr,FBR-101283,1283
excise,KAR-8490,1283
disco,MTR-21915874,1283
banking,PK30-7795499126,1283
fbr,FBR-101284,1284
disco,MTR-93114242,1284
fbr,FBR-101285,1285
excise,ICT-1284,1285
disco,MTR-82255185,1285
property,REG-419413,1285
banking,PK13-6448472160,1285
banking,PK45-1348139671,1285
banking,PK60-2857648847,1285
travel,TRP-7353766,1285
travel,TRP-4292497,1285
travel,TRP-7873088,1285
travel,TRP-7006608,1285
travel,TRP-5440594,1285
fbr,FBR-101286,1286
excise,KAR-1817,1286
excise,RIR-7246,1286
excise,KAR-1944,1286
disco,MTR-42454583,1286
property,REG-444737,1286
property,REG-292611,1286
banking,PK58-1557379177,1286
banking,PK35-4826479754,1286
banking,PK83-4971358521,1286
travel,TRP-9759285,1286
travel,TRP-7606171,1286
travel,TRP-1415846,1286
travel,TRP-1927880,1286
travel,TRP-4456062,1286
travel,TRP-2243185,1286
fbr,FBR-101287,1287
excise,RIR-847,1287
excise,KAR-6727,1287
excise,RIR-1700,1287
disco,MTR-36997274,1287
property,REG-524099,1287
banking,PK79-2872893782,1287
travel,TRP-1973582,1287
travel,TRP-3203660,1287
travel,TRP-7063766,1287
fbr,FBR-101288,1288
excise,KAR-2824,1288
disco,MTR-18358976,1288
property,REG-942643,1288
fbr,FBR-101289,1289
disco,MTR-54931314,1289
property,REG-808785,1289
travel,TRP-8730738,1289
fbr,FBR-101290,1290
excise,LEA-133,1290
disco,MTR-37296222,1290
property,REG-282087,1290
fbr,FBR-101291,1291
excise,AFR-2377,1291
disco,MTR-32577551,1291
fbr,FBR-101292,1292
excise,ICT-2785,1292
disco,MTR-83971066,1292
property,REG-130407,1292
property,REG-903916,1292
banking,PK33-2394325232,1292
travel,TRP-3212574,1292
travel,TRP-2473553,1292
fbr,FBR-101293,1293
disco,MTR-88645519,1293
property,REG-299601,1293
banking,PK35-9010283373,1293
fbr,FBR-101294,1294
excise,RIR-8542,1294
disco,MTR-94404113,1294
fbr,FBR-101295,1295
excise,AFR-1387,1295
disco,MTR-76702073,1295
property,REG-925764,1295
travel,TRP-6567631,1295
excise,RIR-4097,1296
excise,ICT-2382,1296
disco,MTR-42518949,1296
property,REG-409131,1296
property,REG-637448,1296
banking,PK83-3401599398,1296
banking,PK65-9833017395,1296
banking,PK14-5124011954,1296
banking,PK13-8708421580,1296
travel,TRP-5987288,1296
travel,TRP-6522968,1296
travel,TRP-1542641,1296
travel,TRP-5628736,1296
travel,TRP-6182008,1296
fbr,FBR-101297,1297
excise,AFR-2135,1297
disco,MTR-63363099,1297
banking,PK36-8828880201,1297
fbr,FBR-101298,1298
excise,AFR-1236,1298
disco,MTR-96940267,1298
property,REG-417837,1298
banking,PK41-3107629753,1298
travel,TRP-8545004,1298
fbr,FBR-101299,1299
excise,KAR-4490,1299
disco,MTR-20462392,1299
property,REG-760487,1299
banking,PK81-1301983878,1299
banking,PK87-8125799633,1299
travel,TRP-6274766,1299
fbr,FBR-101300,1300
excise,ICT-9674,1300
property,REG-733620,1300
property,REG-324217,1300
banking,PK51-4098778503,1300
banking,PK75-1849785476,1300
travel,TRP-9172605,1300
travel,TRP-8339272,1300
travel,TRP-1681704,1300
travel,TRP-8949265,1300
fbr,FBR-101301,1301
excise,RIR-6038,1301
disco,MTR-15211507,1301
property,REG-533454,1301
banking,PK14-2967767888,1301
travel,TRP-4456272,1301
travel,TRP-6560856,1301
travel,TRP-9233287,1301
travel,TRP-9583739,1301
fbr,FBR-101302,1302
excise,RIR-4154,1302
disco,MTR-82071012,1302
banking,PK32-5551344695,1302
fbr,FBR-101303,1303
excise,KAR-5442,1303
disco,MTR-95600852,1303
banking,PK42-7565609083,1303
excise,KAR-8760,1304
excise,RIR-4441,1304
disco,MTR-76951879,1304
property,REG-569780,1304
property,REG-939327,1304
banking,PK85-4469755877,1304
travel,TRP-3484191,1304
travel,TRP-4522926,1304
travel,TRP-7294233,1304
fbr,FBR-101305,1305
excise,AFR-1131,1305
property,REG-139312,1305
fbr,FBR-101306,1306
excise,RIR-9192,1306
disco,MTR-79811096,1306
banking,PK42-2721552984,1306
excise,LEA-7094,1307
disco,MTR-89524477,1307
fbr,FBR-101308,1308
disco,MTR-47812521,1308
banking,PK31-2533748666,1308
fbr,FBR-101309,1309
excise,RIR-5862,1309
excise,LEA-5949,1309
disco,MTR-56202628,1309
property,REG-224736,1309
property,REG-160967,1309
banking,PK93-2185593509,1309
travel,TRP-9520195,1309
fbr,FBR-101310,1310
excise,AFR-2020,1310
disco,MTR-46495334,1310
banking,PK82-5430636121,1310
travel,TRP-7752336,1310
excise,AFR-2549,1311
excise,KAR-3537,1311
excise,RIR-7214,1311
disco,MTR-93662780,1311
property,REG-572862,1311
property,REG-428640,1311
banking,PK80-1099578958,1311
banking,PK46-5822622383,1311
banking,PK73-8667533866,1311
travel,TRP-8243202,1311
travel,TRP-8609649,1311
travel,TRP-6009084,1311
fbr,FBR-101312,1312
disco,MTR-98666490,1312
banking,PK26-9141673027,1312
fbr,FBR-101313,1313
excise,ICT-1988,1313
disco,MTR-85079343,1313
banking,PK35-4932451314,1313
travel,TRP-2420659,1313
fbr,FBR-101314,1314
excise,LEA-1262,1314
disco,MTR-69339611,1314
property,REG-962888,1314
property,REG-683937,1314
banking,PK40-5910708948,1314
banking,PK99-6442831870,1314
banking,PK68-3890936026,1314
travel,TRP-4371997,1314
travel,TRP-6418273,1314
travel,TRP-6502088,1314
travel,TRP-6605094,1314
fbr,FBR-101315,1315
disco,MTR-64184135,1315
property,REG-664099,1315
banking,PK34-4895023089,1315
travel,TRP-3915623,1315
fbr,FBR-101316,1316
disco,MTR-75698559,1316
fbr,FBR-101317,1317
disco,MTR-43473573,1317
property,REG-343448,1317
disco,MTR-43928821,1318
banking,PK10-4788627693,1318
fbr,FBR-101319,1319
excise,LEA-4431,1319
disco,MTR-42139634,1319
fbr,FBR-101320,1320
excise,AFR-7580,1320
excise,RIR-5192,1320
disco,MTR-37795233,1320
property,REG-245203,1320
property,REG-166174,1320
banking,PK47-6880440956,1320
travel,TRP-5407322,1320
travel,TRP-2345188,1320
disco,MTR-35273131,1321
excise,KAR-9469,1322
disco,MTR-87160862,1322
banking,PK78-6029960206,1322
travel,TRP-8464162,1322
fbr,FBR-101323,1323
disco,MTR-43919378,1323
banking,PK77-7121176085,1323
travel,TRP-7161185,1323
fbr,FBR-101324,1324
excise,AFR-8108,1324
disco,MTR-45518034,1324
property,REG-756286,1324
banking,PK44-6283197469,1324
banking,PK51-9575945707,1324
travel,TRP-3503974,1324
travel,TRP-1030744,1324
travel,TRP-6494676,1324
travel,TRP-8263798,1324
fbr,FBR-101325,1325
disco,MTR-39275454,1325
property,REG-518762,1325
fbr,FBR-101326,1326
excise,LEA-2932,1326
disco,MTR-53751265,1326
banking,PK75-9026680532,1326
disco,MTR-95127886,1327
fbr,FBR-101328,1328
excise,RIR-2689,1328
disco,MTR-76818811,1328
property,REG-316413,1328
banking,PK14-2716956619,1328
banking,PK11-5521616589,1328
travel,TRP-4398963,1328
travel,TRP-2251116,1328
travel,TRP-9711453,1328
travel,TRP-5891880,1328
travel,TRP-2758529,1328
excise,LEA-6951,1329
disco,MTR-37506795,1329
banking,PK65-3925291545,1329
fbr,FBR-101330,1330
disco,MTR-64659151,1330
banking,PK90-3461863321,1330
fbr,FBR-101331,1331
disco,MTR-19962679,1331
banking,PK78-4579031399,1331
fbr,FBR-101332,1332
excise,RIR-6441,1332
property,REG-528917,1332
banking,PK21-5329496144,1332
banking,PK70-5317953388,1332
banking,PK33-5060810631,1332
travel,TRP-4769457,1332
travel,TRP-7545106,1332
travel,TRP-7081209,1332
travel,TRP-8200072,1332
travel,TRP-9900638,1332
fbr,FBR-101333,1333
fbr,FBR-101334,1334
excise,LEA-8780,1334
excise,RIR-7447,1334
disco,MTR-85101364,1334
property,REG-142214,1334
banking,PK11-1865981484,1334
travel,TRP-9916532,1334
travel,TRP-3472806,1334
fbr,FBR-101335,1335
excise,AFR-4391,1335
excise,LEA-5563,1335
disco,MTR-34190053,1335
property,REG-926791,1335
property,REG-947417,1335
banking,PK72-9770998967,1335
banking,PK89-9630248192,1335
banking,PK58-5044071507,1335
banking,PK11-9421265414,1335
travel,TRP-7023244,1335
travel,TRP-6824400,1335
travel,TRP-8667361,1335
travel,TRP-7482577,1335
travel,TRP-8501128,1335
fbr,FBR-101336,1336
excise,RIR-8251,1336
disco,MTR-87662905,1336
property,REG-651930,1336
banking,PK14-2592705137,1336
banking,PK66-5822787410,1336
banking,PK92-3939425814,1336
banking,PK71-3979252415,1336
travel,TRP-9915405,1336
travel,TRP-8753777,1336
travel,TRP-9189697,1336
travel,TRP-1742086,1336
fbr,FBR-101337,1337
excise,RIR-6430,1337
disco,MTR-95733377,1337
travel,TRP-1691324,1337
fbr,FBR-101338,1338
excise,AFR-1954,1338
excise,AFR-7965,1338
disco,MTR-95522426,1338
property,REG-776193,1338
property,REG-111223,1338
banking,PK68-8031619239,1338
banking,PK66-3901329786,1338
travel,TRP-9481033,1338
travel,TRP-3862991,1338
travel,TRP-3307949,1338
travel,TRP-6224294,1338
travel,TRP-5492678,1338
travel,TRP-8996802,1338
fbr,FBR-101339,1339
excise,KAR-6664,1339
excise,ICT-1276,1339
excise,LEA-6501,1339
disco,MTR-89341855,1339
property,REG-850497,1339
property,REG-794988,1339
banking,PK11-9393011599,1339
banking,PK64-1632892689,1339
travel,TRP-9106854,1339
travel,TRP-1334495,1339
travel,TRP-7263351,1339
fbr,FBR-101340,1340
excise,LEA-9659,1340
disco,MTR-54828718,1340
banking,PK11-2478730617,1340
excise,RIR-1023,1341
excise,AFR-2953,1341
disco,MTR-65420062,1341
property,REG-186068,1341
banking,PK68-6532134229,1341
banking,PK98-2628830288,1341
travel,TRP-8984881,1341
fbr,FBR-101342,1342
excise,AFR-2407,1342
excise,ICT-8095,1342
excise,ICT-5821,1342
disco,MTR-83859351,1342
property,REG-211065,1342
banking,PK20-8195011715,1342
banking,PK56-8700067227,1342
travel,TRP-2156280,1342
travel,TRP-5766235,1342
travel,TRP-6334301,1342
travel,TRP-6500109,1342
fbr,FBR-101343,1343
excise,ICT-304,1343
disco,MTR-94150159,1343
banking,PK29-3804138462,1343
travel,TRP-7904673,1343
fbr,FBR-101344,1344
excise,ICT-8168,1344
excise,ICT-3285,1344
property,REG-830244,1344
banking,PK28-6387707973,1344
banking,PK54-1632465809,1344
banking,PK44-5606457746,1344
banking,PK77-9196703652,1344
travel,TRP-1402524,1344
travel,TRP-7865965,1344
fbr,FBR-101345,1345
excise,KAR-2975,1345
banking,PK94-8736699982,1345
fbr,FBR-101346,1346
excise,LEA-3348,1346
disco,MTR-16370666,1346
banking,PK50-9068091410,1346
fbr,FBR-101347,1347
excise,AFR-9182,1347
excise,KAR-2849,1347
excise,KAR-3147,1347
disco,MTR-63539335,1347
property,REG-631364,1347
banking,PK94-9689585101,1347
travel,TRP-9951405,1347
travel,TRP-2022266,1347
travel,TRP-8884865,1347
travel,TRP-9821609,1347
fbr,FBR-101348,1348
disco,MTR-45936865,1348
banking,PK86-6356252496,1348
excise,KAR-1308,1349
disco,MTR-89015206,1349
banking,PK71-2678789132,1349
disco,MTR-51838285,1350
fbr,FBR-101351,1351
excise,LEA-8749,1351
excise,AFR-9293,1351
excise,RIR-3953,1351
disco,MTR-84211554,1351
property,REG-606486,1351
banking,PK50-2201344269,1351
banking,PK29-6477357857,1351
travel,TRP-5836503,1351
travel,TRP-7280157,1351
fbr,FBR-101352,1352
excise,AFR-5570,1352
disco,MTR-33205321,1352
travel,TRP-4254556,1352
fbr,FBR-101353,1353
disco,MTR-20338958,1353
property,REG-510043,1353
banking,PK82-7484884137,1353
travel,TRP-5036573,1353
fbr,FBR-101354,1354
excise,AFR-3749,1354
disco,MTR-61819728,1354
fbr,FBR-101355,1355
excise,AFR-8225,1355
disco,MTR-32969694,1355
excise,RIR-3474,1356
disco,MTR-97843670,1356
banking,PK12-1606155465,1356
fbr,FBR-101357,1357
disco,MTR-86781199,1357
property,REG-739423,1357
fbr,FBR-101358,1358
excise,KAR-4531,1358
excise,ICT-7506,1358
disco,MTR-97919525,1358
property,REG-228283,1358
banking,PK77-1239325685,1358
banking,PK87-1656458488,1358
travel,TRP-6245735,1358
fbr,FBR-101359,1359
excise,RIR-5941,1359
disco,MTR-20343037,1359
travel,TRP-2887222,1359
fbr,FBR-101360,1360
excise,AFR-7009,1360
disco,MTR-18311102,1360
property,REG-860400,1360
banking,PK53-5254258797,1360
fbr,FBR-101361,1361
excise,RIR-8693,1361
disco,MTR-35862937,1361
banking,PK82-5963471821,1361
travel,TRP-8981140,1361
fbr,FBR-101362,1362
disco,MTR-46934135,1362
banking,PK83-3815222752,1362
travel,TRP-9800925,1362
fbr,FBR-101363,1363
excise,RIR-372,1363
excise,AFR-1654,1363
disco,MTR-30872064,1363
property,REG-636579,1363
property,REG-910405,1363
banking,PK23-4664411520,1363
banking,PK81-9727701559,1363
banking,PK59-9734107366,1363
travel,TRP-7186758,1363
travel,TRP-9898683,1363
travel,TRP-7371193,1363
travel,TRP-5239824,1363
travel,TRP-6187757,1363
travel,TRP-4290942,1363
fbr,FBR-101364,1364
excise,RIR-3161,1364
disco,MTR-26335575,1364
banking,PK63-9185746141,1364
fbr,FBR-101365,1365
excise,AFR-3011,1365
excise,LEA-4900,1365
disco,MTR-66500732,1365
property,REG-292295,1365
banking,PK42-1528119214,1365
banking,PK49-6702381921,1365
banking,PK67-1290254879,1365
banking,PK40-9750965064,1365
travel,TRP-9396749,1365
travel,TRP-2119957,1365
excise,ICT-6868,1366
excise,KAR-6437,1366
excise,LEA-5729,1366
disco,MTR-19607241,1366
property,REG-359276,1366
property,REG-353125,1366
banking,PK76-7594720077,1366
banking,PK15-6227449146,1366
travel,TRP-6597721,1366
travel,TRP-9145126,1366
fbr,FBR-101367,1367
excise,ICT-2232,1367
disco,MTR-96973536,1367
property,REG-717807,1367
property,REG-220547,1367
banking,PK99-4651612960,1367
banking,PK91-3891759416,1367
banking,PK19-3419692020,1367
travel,TRP-2809068,1367
travel,TRP-2713048,1367
travel,TRP-1871649,1367
travel,TRP-3560963,1367
fbr,FBR-101368,1368
excise,RIR-6189,1368
disco,MTR-17066712,1368
fbr,FBR-101369,1369
excise,KAR-9973,1369
disco,MTR-54148036,1369
property,REG-577934,1369
banking,PK21-5050334736,1369
fbr,FBR-101370,1370
excise,KAR-4775,1370
banking,PK87-4541383705,1370
fbr,FBR-101371,1371
excise,ICT-3038,1371
excise,LEA-7465,1371
excise,LEA-9157,1371
disco,MTR-95266095,1371
property,REG-420575,1371
property,REG-163396,1371
banking,PK63-6618902526,1371
banking,PK58-5766656379,1371
banking,PK13-9410724862,1371
banking,PK81-9341579935,1371
travel,TRP-8009707,1371
travel,TRP-8353738,1371
fbr,FBR-101372,1372
excise,LEA-9904,1372
disco,MTR-85351933,1372
property,REG-817079,1372
banking,PK58-6859453920,1372
banking,PK36-1273624700,1372
banking,PK41-2913716167,1372
travel,TRP-5049058,1372
travel,TRP-4095673,1372
travel,TRP-4283419,1372
travel,TRP-2869530,1372
excise,LEA-8007,1373
disco,MTR-55488652,1373
property,REG-843364,1373
banking,PK90-6469372980,1373
fbr,FBR-101374,1374
disco,MTR-32961592,1374
banking,PK78-1670908433,1374
fbr,FBR-101375,1375
disco,MTR-42154010,1375
fbr,FBR-101376,1376
excise,ICT-7850,1376
excise,KAR-7334,1376
excise,ICT-1400,1376
disco,MTR-22160890,1376
property,REG-632388,1376
banking,PK28-6037162047,1376
banking,PK71-6021733026,1376
banking,PK38-6207439846,1376
travel,TRP-6813673,1376
travel,TRP-6240288,1376
travel,TRP-2825529,1376
travel,TRP-9994351,1376
travel,TRP-8277912,1376
travel,TRP-4239977,1376
fbr,FBR-101377,1377
disco,MTR-39070976,1377
banking,PK89-4280325376,1377
excise,LEA-2317,1378
disco,MTR-93054826,1378
property,REG-531165,1378
banking,PK35-5156308521,1378
banking,PK99-7152735431,1378
banking,PK57-8505962445,1378
banking,PK41-4128453169,1378
travel,TRP-7365294,1378
travel,TRP-3744607,1378
fbr,FBR-101379,1379
excise,AFR-1742,1379
excise,AFR-6972,1379
excise,KAR-7435,1379
disco,MTR-84065119,1379
property,REG-814265,1379
banking,PK43-8687235723,1379
travel,TRP-2059110,1379
travel,TRP-2900407,1379
travel,TRP-7524471,1379
travel,TRP-4546283,1379
fbr,FBR-101380,1380
excise,KAR-8813,1380
excise,KAR-6987,1380
disco,MTR-63157938,1380
property,REG-603988,1380
property,REG-873280,1380
banking,PK32-7501717117,1380
banking,PK69-2300828791,1380
travel,TRP-5552804,1380
travel,TRP-1367852,1380
fbr,FBR-101381,1381
excise,ICT-5958,1381
property,REG-761386,1381
banking,PK71-6198569686,1381
banking,PK95-7834973746,1381
banking,PK82-5964245699,1381
travel,TRP-6840105,1381
travel,TRP-5877494,1381
travel,TRP-8735571,1381
travel,TRP-3603200,1381
travel,TRP-9283598,1381
fbr,FBR-101382,1382
excise,AFR-3620,1382
disco,MTR-22863671,1382
banking,PK54-4559389756,1382
fbr,FBR-101383,1383
excise,ICT-5133,1383
disco,MTR-31235759,1383
fbr,FBR-101384,1384
disco,MTR-32553543,1384
banking,PK71-5132538281,1384
fbr,FBR-101385,1385
excise,RIR-3125,1385
excise,LEA-8300,1385
excise,KAR-9701,1385
property,REG-353036,1385
banking,PK87-2534487857,1385
banking,PK87-6703410416,1385
banking,PK68-9313357961,1385
banking,PK16-5173144032,1385
travel,TRP-2498398,1385
travel,TRP-8760665,1385
travel,TRP-4252222,1385
travel,TRP-6454866,1385
travel,TRP-9917489,1385
travel,TRP-3092775,1385
fbr,FBR-101386,1386
disco,MTR-61891537,1386
banking,PK54-5857462415,1386
fbr,FBR-101387,1387
excise,ICT-248,1387
disco,MTR-19891177,1387
property,REG-941107,1387
fbr,FBR-101388,1388
excise,AFR-6658,1388
disco,MTR-52168820,1388
property,REG-156531,1388
banking,PK76-1037677583,1388
banking,PK75-3014630835,1388
travel,TRP-5169777,1388
travel,TRP-6434470,1388
travel,TRP-2533946,1388
disco,MTR-22470237,1389
banking,PK73-6249982439,1389
excise,ICT-5304,1390
disco,MTR-34127810,1390
fbr,FBR-101391,1391
excise,AFR-7725,1391
excise,RIR-4541,1391
excise,AFR-2432,1391
disco,MTR-84618453,1391
property,REG-772232,1391
property,REG-901409,1391
banking,PK53-3478218555,1391
banking,PK91-8861617562,1391
travel,TRP-9047187,1391
travel,TRP-7691081,1391
travel,TRP-5751188,1391
travel,TRP-9179274,1391
travel,TRP-5574696,1391
travel,TRP-1724934,1391
fbr,FBR-101392,1392
disco,MTR-59058779,1392
fbr,FBR-101393,1393
excise,RIR-8300,1393
disco,MTR-88470770,1393
property,REG-344700,1393
banking,PK65-1912762635,1393
banking,PK25-2052114765,1393
banking,PK53-7588478736,1393
travel,TRP-4609018,1393
travel,TRP-1687731,1393
travel,TRP-5482129,1393
travel,TRP-9095139,1393
travel,TRP-2046008,1393
travel,TRP-6213636,1393
fbr,FBR-101394,1394
disco,MTR-44594420,1394
banking,PK23-2609521229,1394
fbr,FBR-101395,1395
excise,ICT-1728,1395
disco,MTR-10271822,1395
banking,PK90-9942910434,1395
travel,TRP-4919852,1395
disco,MTR-75688806,1396
fbr,FBR-101397,1397
excise,AFR-8564,1397
disco,MTR-93470566,1397
banking,PK61-5354857647,1397
travel,TRP-8544521,1397
fbr,FBR-101398,1398
excise,ICT-1350,1398
excise,AFR-7073,1398
excise,AFR-4959,1398
disco,MTR-41491587,1398
property,REG-593997,1398
banking,PK94-5194928751,1398
banking,PK68-3030259273,1398
banking,PK30-1740326729,1398
banking,PK32-9198909771,1398
travel,TRP-5925243,1398
travel,TRP-3070422,1398
travel,TRP-8587173,1398
travel,TRP-4206806,1398
fbr,FBR-101399,1399
excise,KAR-8174,1399
disco,MTR-66274951,1399
banking,PK49-1464107475,1399
excise,KAR-1527,1400
disco,MTR-20831324,1400
banking,PK74-6348085597,1400
fbr,FBR-101401,1401
excise,LEA-4661,1401
excise,RIR-2003,1401
disco,MTR-39822095,1401
property,REG-985608,1401
banking,PK91-4101862681,1401
banking,PK79-6474251335,1401
travel,TRP-1783584,1401
travel,TRP-6187879,1401
travel,TRP-9100231,1401
fbr,FBR-101402,1402
disco,MTR-60121281,1402
excise,ICT-3763,1403
excise,RIR-7114,1403
disco,MTR-85260236,1403
property,REG-994456,1403
property,REG-456798,1403
banking,PK44-8095718194,1403
banking,PK26-6151631117,1403
banking,PK70-8138420661,1403
travel,TRP-7075599,1403
travel,TRP-2844587,1403
fbr,FBR-101404,1404
excise,KAR-3045,1404
disco,MTR-30805246,1404
property,REG-332563,1404
fbr,FBR-101405,1405
excise,KAR-519,1405
disco,MTR-48648395,1405
property,REG-108367,1405
fbr,FBR-101406,1406
disco,MTR-24549741,1406
property,REG-295216,1406
fbr,FBR-101407,1407
fbr,FBR-101408,1408
excise,ICT-9709,1408
excise,AFR-6444,1408
disco,MTR-25153624,1408
property,REG-232924,1408
property,REG-671716,1408
banking,PK24-3823184402,1408
banking,PK93-2260425134,1408
travel,TRP-7025807,1408
travel,TRP-3757008,1408
travel,TRP-8917429,1408
travel,TRP-8069458,1408
fbr,FBR-101409,1409
excise,LEA-1420,1409
disco,MTR-17011931,1409
fbr,FBR-101410,1410
disco,MTR-47792987,1410
banking,PK27-6872037275,1410
fbr,FBR-101411,1411
excise,RIR-6211,1411
excise,KAR-9482,1411
excise,LEA-8656,1411
property,REG-551277,1411
property,REG-227210,1411
banking,PK99-9246061120,1411
banking,PK65-8317034018,1411
banking,PK15-4942127420,1411
travel,TRP-2044642,1411
travel,TRP-5515323,1411
travel,TRP-1400065,1411
travel,TRP-9398199,1411
travel,TRP-6199278,1411
travel,TRP-4969110,1411
excise,KAR-1074,1412
excise,AFR-4476,1412
disco,MTR-21357094,1412
property,REG-368511,1412
banking,PK11-9371305407,1412
banking,PK83-4111480467,1412
travel,TRP-7014069,1412
travel,TRP-3101592,1412
travel,TRP-2568969,1412
travel,TRP-7948165,1412
travel,TRP-6889546,1412
fbr,FBR-101413,1413
excise,KAR-3260,1413
disco,MTR-83790896,1413
banking,PK42-6724429405,1413
travel,TRP-5620978,1413
fbr,FBR-101414,1414
excise,ICT-834,1414
disco,MTR-48190048,1414
property,REG-186675,1414
banking,PK32-3405620994,1414
banking,PK69-5890864299,1414
banking,PK23-4409144150,1414
banking,PK98-5712697636,1414
travel,TRP-2849783,1414
travel,TRP-4923021,1414
travel,TRP-3501080,1414
travel,TRP-9973716,1414
disco,MTR-94555999,1415
fbr,FBR-101416,1416
disco,MTR-43509098,1416
property,REG-639776,1416
banking,PK53-9609193457,1416
travel,TRP-4861644,1416
fbr,FBR-101417,1417
excise,ICT-9015,1417
excise,RIR-5099,1417
excise,KAR-781,1417
disco,MTR-13167292,1417
property,REG-638313,1417
property,REG-906527,1417
banking,PK53-1267069896,1417
banking,PK12-1519787028,1417
banking,PK75-9382861945,1417
travel,TRP-4363654,1417
travel,TRP-3136481,1417
travel,TRP-1239594,1417
travel,TRP-2721317,1417
fbr,FBR-101418,1418
excise,ICT-6824,1418
disco,MTR-63521574,1418
property,REG-810890,1418
property,REG-795107,1418
banking,PK24-1301735736,1418
banking,PK62-9390603664,1418
travel,TRP-6180673,1418
travel,TRP-4521121,1418
travel,TRP-5162466,1418
travel,TRP-4252562,1418
travel,TRP-9439343,1418
excise,KAR-6231,1419
disco,MTR-66089510,1419
fbr,FBR-101420,1420
disco,MTR-46996132,1420
property,REG-588528,1420
fbr,FBR-101421,1421
disco,MTR-53937979,1421
property,REG-757968,1421
fbr,FBR-101422,1422
disco,MTR-92144623,1422
property,REG-746760,1422
travel,TRP-1548299,1422
fbr,FBR-101423,1423
excise,AFR-8262,1423
excise,RIR-7327,1423
excise,KAR-8099,1423
disco,MTR-33371457,1423
property,REG-995787,1423
banking,PK99-1929400451,1423
travel,TRP-3068162,1423
travel,TRP-6598105,1423
fbr,FBR-101424,1424
excise,RIR-877,1424
excise,KAR-7724,1424
excise,LEA-7727,1424
disco,MTR-88113629,1424
property,REG-565385,1424
property,REG-357296,1424
banking,PK36-3088874661,1424
banking,PK10-2710754257,1424
travel,TRP-7528566,1424
travel,TRP-1749316,1424
travel,TRP-4827664,1424
fbr,FBR-101425,1425
excise,LEA-5441,1425
excise,KAR-4280,1425
excise,AFR-2741,1425
disco,MTR-46003095,1425
property,REG-373182,1425
banking,PK12-8016996258,1425
banking,PK98-1122654304,1425
banking,PK55-9899108784,1425
travel,TRP-4028357,1425
travel,TRP-8498515,1425
travel,TRP-1123307,1425
travel,TRP-6480872,1425
travel,TRP-6381491,1425
excise,KAR-4118,1426
excise,LEA-6430,1426
excise,LEA-1831,1426
disco,MTR-26202488,1426
property,REG-453130,1426
property,REG-344360,1426
banking,PK89-5585522319,1426
banking,PK99-4451650303,1426
travel,TRP-2171810,1426
travel,TRP-3495572,1426
travel,TRP-6361252,1426
excise,RIR-5317,1427
disco,MTR-89515163,1427
property,REG-548583,1427
banking,PK21-6089826007,1427
travel,TRP-3931154,1427
travel,TRP-3881047,1427
fbr,FBR-101428,1428
excise,RIR-6408,1428
disco,MTR-62664472,1428
property,REG-459483,1428
banking,PK58-9458618201,1428
banking,PK25-3001811587,1428
travel,TRP-7672933,1428
fbr,FBR-101429,1429
excise,RIR-9730,1429
excise,ICT-2109,1429
excise,AFR-9768,1429
disco,MTR-96624167,1429
property,REG-259388,1429
banking,PK47-7577838755,1429
banking,PK68-7364360259,1429
banking,PK73-4452531432,1429
travel,TRP-3834748,1429
travel,TRP-7135917,1429
travel,TRP-2590346,1429
travel,TRP-1131772,1429
travel,TRP-9743377,1429
travel,TRP-5600651,1429
fbr,FBR-101430,1430
disco,MTR-62584546,1430
banking,PK63-4100301332,1430
travel,TRP-7398730,1430
fbr,FBR-101431,1431
disco,MTR-87382746,1431
travel,TRP-5324061,1431
fbr,FBR-101432,1432
excise,AFR-8809,1432
disco,MTR-17068216,1432
property,REG-653267,1432
property,REG-782401,1432
banking,PK65-7451750510,1432
banking,PK25-5390934630,1432
travel,TRP-5454311,1432
travel,TRP-1662627,1432
travel,TRP-7624158,1432
excise,ICT-1873,1433
disco,MTR-41537737,1433
property,REG-617955,1433
property,REG-410326,1433
banking,PK82-8593708096,1433
banking,PK48-7768080069,1433
travel,TRP-5064075,1433
disco,MTR-88872621,1434
banking,PK26-3581632423,1434
fbr,FBR-101435,1435
disco,MTR-56816713,1435
excise,ICT-115,1436
excise,AFR-8976,1436
disco,MTR-52831203,1436
property,REG-420167,1436
property,REG-236569,1436
banking,PK51-7261287866,1436
banking,PK85-3195350891,1436
travel,TRP-3456225,1436
travel,TRP-9522065,1436
travel,TRP-7114006,1436
fbr,FBR-101437,1437
excise,KAR-2849,1437
disco,MTR-96478274,1437
property,REG-633187,1437
banking,PK20-9155334334,1437
banking,PK99-8876639410,1437
banking,PK26-7683129486,1437
travel,TRP-5321832,1437
travel,TRP-2072692,1437
travel,TRP-4170373,1437
excise,RIR-583,1438
disco,MTR-25456243,1438
fbr,FBR-101439,1439
excise,KAR-6484,1439
excise,AFR-4898,1439
disco,MTR-97323757,1439
property,REG-229799,1439
property,REG-765236,1439
banking,PK76-5035532281,1439
banking,PK59-3913690619,1439
travel,TRP-8138673,1439
fbr,FBR-101440,1440
excise,AFR-4191,1440
excise,LEA-2634,1440
disco,MTR-18670524,1440
property,REG-729083,1440
property,REG-455875,1440
banking,PK69-8991736397,1440
travel,TRP-2364987,1440
travel,TRP-5713379,1440
travel,TRP-9687203,1440
fbr,FBR-101441,1441
excise,LEA-8335,1441
excise,RIR-9684,1441
excise,LEA-5994,1441
disco,MTR-50309147,1441
property,REG-618095,1441
banking,PK42-2567593717,1441
travel,TRP-1679140,1441
travel,TRP-3259003,1441
travel,TRP-1196404,1441
travel,TRP-5398786,1441
fbr,FBR-101442,1442
disco,MTR-47456936,1442
banking,PK56-6859710496,1442
fbr,FBR-101443,1443
excise,LEA-9880,1443
disco,MTR-19957984,1443
property,REG-702654,1443
banking,PK11-3122680841,1443
travel,TRP-9275694,1443
travel,TRP-5242179,1443
fbr,FBR-101444,1444
excise,KAR-4313,1444
disco,MTR-79360690,1444
property,REG-943734,1444
banking,PK87-9418905105,1444
travel,TRP-9067165,1444
excise,ICT-8577,1445
disco,MTR-64810146,1445
property,REG-182933,1445
banking,PK51-2314818739,1445
banking,PK98-9572414288,1445
travel,TRP-4428950,1445
travel,TRP-4541336,1445
travel,TRP-3181696,1445
travel,TRP-2801788,1445
travel,TRP-3078695,1445
travel,TRP-7651807,1445
fbr,FBR-101446,1446
excise,ICT-4840,1446
excise,AFR-1875,1446
excise,LEA-2427,1446
disco,MTR-84513202,1446
property,REG-415254,1446
banking,PK40-7717692618,1446
banking,PK92-4088491369,1446
travel,TRP-7895139,1446
travel,TRP-5942758,1446
fbr,FBR-101447,1447
excise,RIR-6081,1447
excise,RIR-1794,1447
excise,LEA-6351,1447
disco,MTR-63971677,1447
property,REG-993381,1447
property,REG-840470,1447
banking,PK64-1210149758,1447
banking,PK81-5087676574,1447
banking,PK28-8184678249,1447
banking,PK81-9877203913,1447
travel,TRP-1096527,1447
travel,TRP-3188348,1447
travel,TRP-3563055,1447
travel,TRP-2327365,1447
fbr,FBR-101448,1448
disco,MTR-67184402,1448
property,REG-637853,1448
banking,PK44-7723579117,1448
excise,RIR-7376,1449
excise,KAR-1645,1449
excise,ICT-1400,1449
disco,MTR-94825241,1449
property,REG-550136,1449
property,REG-846401,1449
banking,PK14-4534343894,1449
banking,PK36-4983463846,1449
travel,TRP-5497090,1449
travel,TRP-9794006,1449
travel,TRP-4505533,1449
fbr,FBR-101450,1450
disco,MTR-26203573,1450
property,REG-425701,1450
banking,PK67-2393465859,1450
fbr,FBR-101451,1451
excise,KAR-9573,1451
disco,MTR-90918991,1451
banking,PK27-5423058761,1451
travel,TRP-4682104,1451
fbr,FBR-101452,1452
disco,MTR-71534307,1452
banking,PK76-7290773244,1452
fbr,FBR-101453,1453
disco,MTR-91378679,1453
property,REG-438195,1453
banking,PK86-6031274770,1453
fbr,FBR-101454,1454
excise,LEA-2002,1454
excise,ICT-5513,1454
disco,MTR-35211204,1454
property,REG-787999,1454
banking,PK88-6775887822,1454
travel,TRP-1762520,1454
travel,TRP-9426180,1454
travel,TRP-2637305,1454
fbr,FBR-101455,1455
disco,MTR-10502513,1455
fbr,FBR-101456,1456
excise,LEA-6032,1456
excise,AFR-545,1456
excise,KAR-7497,1456
disco,MTR-62060725,1456
property,REG-495080,1456
property,REG-781321,1456
banking,PK62-1602923166,1456
banking,PK44-6328054498,1456
travel,TRP-2514140,1456
travel,TRP-1728037,1456
travel,TRP-6650536,1456
fbr,FBR-101457,1457
excise,LEA-687,1457
disco,MTR-18151109,1457
property,REG-119310,1457
fbr,FBR-101458,1458
excise,ICT-4487,1458
disco,MTR-11616907,1458
banking,PK11-8032148385,1458
fbr,FBR-101459,1459
excise,LEA-2203,1459
disco,MTR-32872776,1459
property,REG-253873,1459
property,REG-408049,1459
banking,PK78-8203815768,1459
travel,TRP-4639768,1459
travel,TRP-7967793,1459
travel,TRP-6863188,1459
travel,TRP-9820031,1459
fbr,FBR-101460,1460
excise,AFR-4588,1460
excise,LEA-2942,1460
disco,MTR-58345173,1460
property,REG-450549,1460
property,REG-795285,1460
banking,PK19-7780773150,1460
banking,PK71-8406916314,1460
travel,TRP-1060025,1460
travel,TRP-8996592,1460
fbr,FBR-101461,1461
disco,MTR-82415141,1461
property,REG-883260,1461
travel,TRP-2131522,1461
fbr,FBR-101462,1462
excise,AFR-1796,1462
property,REG-774601,1462
property,REG-131795,1462
banking,PK17-7086361452,1462
banking,PK31-7341146275,1462
travel,TRP-2382510,1462
travel,TRP-5610696,1462
travel,TRP-7575434,1462
travel,TRP-1250984,1462
fbr,FBR-101463,1463
disco,MTR-92702084,1463
banking,PK58-3752878417,1463
travel,TRP-9434610,1463
fbr,FBR-101464,1464
disco,MTR-48101420,1464
banking,PK42-9316984252,1464
fbr,FBR-101465,1465
disco,MTR-43877522,1465
banking,PK92-3736096255,1465
fbr,FBR-101466,1466
excise,ICT-9263,1466
disco,MTR-38328332,1466
disco,MTR-99118191,1467
banking,PK36-7728156548,1467
fbr,FBR-101468,1468
disco,MTR-31206272,1468
banking,PK97-7522684024,1468
travel,TRP-1302894,1468
fbr,FBR-101469,1469
disco,MTR-13829392,1469
banking,PK14-8341055274,1469
travel,TRP-7453730,1469
fbr,FBR-101470,1470
excise,LEA-7089,1470
disco,MTR-90453868,1470
banking,PK47-6711228731,1470
fbr,FBR-101471,1471
excise,KAR-8346,1471
disco,MTR-49677204,1471
property,REG-543483,1471
banking,PK61-2525584822,1471
fbr,FBR-101472,1472
excise,LEA-1620,1472
disco,MTR-81135114,1472
property,REG-976237,1472
banking,PK76-5792961226,1472
banking,PK98-5105732529,1472
travel,TRP-5760085,1472
travel,TRP-1279393,1472
travel,TRP-8425277,1472
travel,TRP-1293279,1472
travel,TRP-6341363,1472
travel,TRP-5976987,1472
fbr,FBR-101473,1473
excise,KAR-4442,1473
excise,AFR-7949,1473
disco,MTR-83776088,1473
property,REG-859841,1473
property,REG-136946,1473
banking,PK33-5947893493,1473
banking,PK94-9491177007,1473
travel,TRP-1209880,1473
travel,TRP-5558784,1473
travel,TRP-1354764,1473
fbr,FBR-101474,1474
excise,KAR-2646,1474
excise,AFR-1817,1474
disco,MTR-20735539,1474
property,REG-335508,1474
property,REG-455960,1474
banking,PK93-4176751445,1474
travel,TRP-5044939,1474
travel,TRP-7723624,1474
travel,TRP-5601307,1474
travel,TRP-9755757,1474
fbr,FBR-101475,1475
excise,ICT-7035,1475
disco,MTR-56331285,1475
property,REG-137801,1475
fbr,FBR-101476,1476
excise,LEA-1689,1476
excise,RIR-6903,1476
excise,KAR-367,1476
disco,MTR-89167493,1476
property,REG-982765,1476
property,REG-891116,1476
banking,PK55-9337443132,1476
banking,PK66-4758384398,1476
travel,TRP-2371571,1476
excise,LEA-4852,1477
disco,MTR-39783273,1477
banking,PK74-3914538879,1477
travel,TRP-9534705,1477
fbr,FBR-101478,1478
excise,ICT-7211,1478
excise,RIR-9925,1478
disco,MTR-17427542,1478
property,REG-596694,1478
banking,PK77-8835789166,1478
banking,PK52-8302324507,1478
travel,TRP-4948109,1478
travel,TRP-6682380,1478
travel,TRP-9325125,1478
fbr,FBR-101479,1479
disco,MTR-72895019,1479
property,REG-350927,1479
banking,PK23-8629232755,1479
fbr,FBR-101480,1480
excise,KAR-3560,1480
disco,MTR-30579520,1480
banking,PK48-4501127976,1480
fbr,FBR-101481,1481
excise,AFR-3256,1481
excise,AFR-5643,1481
excise,KAR-3937,1481
disco,MTR-36242317,1481
property,REG-155919,1481
property,REG-350662,1481
banking,PK89-4268503776,1481
banking,PK54-5083822235,1481
travel,TRP-8299918,1481
travel,TRP-9211770,1481
travel,TRP-9331977,1481
travel,TRP-7151727,1481
excise,KAR-6260,1482
disco,MTR-46338962,1482
property,REG-128699,1482
fbr,FBR-101483,1483
disco,MTR-21685322,1483
banking,PK37-7574475978,1483
excise,AFR-5710,1484
excise,RIR-1813,1485
disco,MTR-64268053,1485
property,REG-406393,1485
banking,PK85-6458147647,1485
travel,TRP-7968600,1485
fbr,FBR-101486,1486
disco,MTR-57631002,1486
property,REG-554886,1486
fbr,FBR-101487,1487
excise,AFR-6788,1487
excise,KAR-2909,1487
excise,LEA-2020,1487
disco,MTR-33936784,1487
property,REG-595208,1487
property,REG-804686,1487
banking,PK89-4909075056,1487
banking,PK68-3481986522,1487
banking,PK81-8803141741,1487
banking,PK25-8759680395,1487
travel,TRP-1445672,1487
travel,TRP-2622328,1487
travel,TRP-1599533,1487
travel,TRP-4439993,1487
travel,TRP-1422579,1487
excise,ICT-9763,1488
excise,LEA-571,1488
excise,RIR-4735,1488
disco,MTR-32242360,1488
property,REG-204086,1488
property,REG-920721,1488
banking,PK20-4485550567,1488
banking,PK94-9894209898,1488
banking,PK97-3882898471,1488
travel,TRP-9242560,1488
travel,TRP-6110474,1488
travel,TRP-5497370,1488
travel,TRP-5318282,1488
travel,TRP-4641790,1488
fbr,FBR-101489,1489
disco,MTR-29660496,1489
travel,TRP-9032353,1489
fbr,FBR-101490,1490
excise,RIR-8169,1490
excise,LEA-7194,1490
excise,ICT-5361,1490
disco,MTR-47871148,1490
property,REG-171151,1490
property,REG-341889,1490
banking,PK98-7278290197,1490
travel,TRP-2792057,1490
travel,TRP-2567113,1490
travel,TRP-7416921,1490
travel,TRP-1474092,1490
fbr,FBR-101491,1491
excise,KAR-5114,1491
banking,PK97-7101346821,1491
fbr,FBR-101492,1492
excise,KAR-7614,1492
disco,MTR-35012377,1492
property,REG-221298,1492
fbr,FBR-101493,1493
excise,ICT-7218,1493
banking,PK32-8083639470,1493
travel,TRP-7505004,1493
fbr,FBR-101494,1494
disco,MTR-41630107,1494
banking,PK33-8450255084,1494
fbr,FBR-101495,1495
disco,MTR-86395488,1495
banking,PK51-6373067772,1495
fbr,FBR-101496,1496
disco,MTR-96207979,1496
property,REG-303493,1496
banking,PK58-6277747936,1496
travel,TRP-1927835,1496
disco,MTR-77591704,1497
banking,PK39-9791174824,1497
excise,LEA-5777,1498
disco,MTR-97599121,1498
banking,PK65-2180857843,1498
fbr,FBR-101499,1499
disco,MTR-37330306,1499
excise,KAR-4630,1500
excise,KAR-9978,1500
disco,MTR-11425019,1500
property,REG-400842,1500
property,REG-911948,1500
banking,PK37-2681811140,1500
banking,PK39-6938005004,1500
banking,PK55-3824588448,1500
travel,TRP-5559564,1500
travel,TRP-2127475,1500
travel,TRP-3325539,1500
travel,TRP-5126714,1500
fbr,FBR-101501,1501
excise,ICT-4241,1501
disco,MTR-11061677,1501
property,REG-285358,1501
banking,PK64-1475329470,1501
fbr,FBR-101502,1502
disco,MTR-20296943,1502
banking,PK38-7148665579,1502
fbr,FBR-101503,1503
excise,RIR-8110,1503
excise,LEA-9774,1503
excise,KAR-5822,1503
disco,MTR-62761409,1503
property,REG-586768,1503
banking,PK41-1007290181,1503
banking,PK72-1831150380,1503
banking,PK86-1848425107,1503
travel,TRP-4392197,1503
travel,TRP-1630903,1503
travel,TRP-1556803,1503
travel,TRP-7019734,1503
fbr,FBR-101504,1504
excise,RIR-8766,1504
disco,MTR-38414013,1504
property,REG-491950,1504
banking,PK33-6775820316,1504
banking,PK68-8237580680,1504
travel,TRP-8373744,1504
travel,TRP-9788324,1504
travel,TRP-9884579,1504
travel,TRP-8564772,1504
fbr,FBR-101505,1505
excise,RIR-3640,1505
excise,LEA-8348,1506
excise,RIR-9861,1506
excise,RIR-7479,1506
disco,MTR-35379754,1506
property,REG-864092,1506
property,REG-113885,1506
banking,PK15-8755109266,1506
banking,PK97-6427009548,1506
travel,TRP-3156774,1506
travel,TRP-7373548,1506
travel,TRP-2724137,1506
travel,TRP-2387903,1506
travel,TRP-2303332,1506
travel,TRP-9520149,1506
fbr,FBR-101507,1507
excise,KAR-1931,1507
disco,MTR-75958261,1507
travel,TRP-5538032,1507
fbr,FBR-101508,1508
disco,MTR-47306919,1508
fbr,FBR-101509,1509
excise,AFR-8720,1509
disco,MTR-85148656,1509
travel,TRP-5221294,1509
disco,MTR-68997249,1510
travel,TRP-7929035,1510
fbr,FBR-101511,1511
excise,LEA-9400,1511
excise,RIR-9253,1511
property,REG-186806,1511
property,REG-715421,1511
banking,PK89-5829164542,1511
banking,PK92-3015960243,1511
travel,TRP-9707343,1511
travel,TRP-7060143,1511
travel,TRP-9822495,1511
disco,MTR-61901393,1512
banking,PK36-6912670096,1512
excise,RIR-2818,1513
disco,MTR-42720083,1513
banking,PK60-8384429631,1513
banking,PK57-9933174782,1514
fbr,FBR-101515,1515
excise,ICT-2849,1515
disco,MTR-25682992,1515
banking,PK26-9414508752,1515
property,REG-388392,1516
banking,PK27-6707448598,1516
fbr,FBR-101517,1517
excise,ICT-4818,1517
disco,MTR-29505450,1517
property,REG-941590,1517
travel,TRP-2340586,1517
fbr,FBR-101518,1518
disco,MTR-10669811,1518
banking,PK61-1470603981,1518
fbr,FBR-101519,1519
excise,AFR-6229,1519
disco,MTR-19268614,1519
travel,TRP-1841897,1519
fbr,FBR-101520,1520
excise,AFR-7202,1520
disco,MTR-56729642,1520
property,REG-226911,1520
banking,PK34-3845215049,1520
excise,KAR-3318,1521
disco,MTR-73664781,1521
banking,PK11-5273417074,1521
fbr,FBR-101522,1522
disco,MTR-66839176,1522
fbr,FBR-101523,1523
excise,ICT-210,1523
disco,MTR-46997111,1523
property,REG-885540,1523
banking,PK14-1318870194,1523
travel,TRP-6762027,1523
fbr,FBR-101524,1524
excise,RIR-5613,1524
disco,MTR-36907772,1524
banking,PK35-1986062141,1524
travel,TRP-5553585,1524
fbr,FBR-101525,1525
disco,MTR-51410073,1525
banking,PK90-6387576436,1525
travel,TRP-1831035,1525
fbr,FBR-101526,1526
excise,RIR-245,1526
disco,MTR-11065190,1526
banking,PK52-5663665661,1526
fbr,FBR-101527,1527
disco,MTR-99946703,1527
property,REG-717050,1527
fbr,FBR-101528,1528
disco,MTR-73363330,1528
property,REG-500607,1528
banking,PK47-7928425680,1528
fbr,FBR-101529,1529
disco,MTR-38779672,1529
banking,PK32-1137650509,1529
travel,TRP-9472455,1529
fbr,FBR-101530,1530
excise,RIR-978,1530
disco,MTR-37402502,1530
property,REG-900917,1530
banking,PK41-6864887948,1530
travel,TRP-3185175,1530
excise,ICT-5969,1531
disco,MTR-60663201,1531
banking,PK90-9990523656,1531
fbr,FBR-101532,1532
excise,KAR-6493,1532
disco,MTR-90136886,1532
property,REG-756784,1532
banking,PK78-9714196198,1532
banking,PK11-7553051690,1532
banking,PK49-4358497358,1532
travel,TRP-1952553,1532
travel,TRP-8806303,1532
travel,TRP-5778821,1532
travel,TRP-5550604,1532
travel,TRP-4156868,1532
travel,TRP-3732121,1532
fbr,FBR-101533,1533
excise,LEA-2861,1533
excise,LEA-6343,1533
disco,MTR-77453901,1533
property,REG-101955,1533
banking,PK57-4747840833,1533
travel,TRP-1585204,1533
travel,TRP-5978177,1533
travel,TRP-9280803,1533
fbr,FBR-101534,1534
excise,AFR-4368,1534
excise,RIR-638,1534
disco,MTR-11088680,1534
property,REG-601801,1534
property,REG-701254,1534
banking,PK28-1635328392,1534
travel,TRP-2105458,1534
travel,TRP-9447036,1534
travel,TRP-5788682,1534
fbr,FBR-101535,1535
excise,AFR-5778,1535
excise,LEA-8207,1535
disco,MTR-90276947,1535
property,REG-263332,1535
property,REG-470942,1535
banking,PK68-3575915709,1535
banking,PK19-3700347548,1535
banking,PK38-2411129671,1535
travel,TRP-5543191,1535
travel,TRP-8881708,1535
travel,TRP-2189719,1535
travel,TRP-5693714,1535
travel,TRP-5398261,1535
travel,TRP-9699199,1535
fbr,FBR-101536,1536
disco,MTR-15347989,1536
excise,LEA-3012,1537
disco,MTR-36517977,1537
banking,PK92-6656434834,1537
travel,TRP-8094577,1537
fbr,FBR-101538,1538
excise,AFR-5721,1538
excise,RIR-4565,1538
excise,LEA-985,1538
disco,MTR-95882770,1538
property,REG-423836,1538
property,REG-940762,1538
banking,PK10-1238597128,1538
travel,TRP-7745307,1538
travel,TRP-4814513,1538
fbr,FBR-101539,1539
disco,MTR-69445144,1539
property,REG-659341,1539
banking,PK62-6950653531,1539
fbr,FBR-101540,1540
excise,KAR-8230,1540
excise,RIR-2044,1540
disco,MTR-57074797,1540
property,REG-359575,1540
banking,PK28-3327060511,1540
banking,PK51-7147617751,1540
travel,TRP-9096465,1540
travel,TRP-4913997,1540
travel,TRP-4103976,1540
fbr,FBR-101541,1541
excise,RIR-4916,1541
excise,LEA-8305,1541
disco,MTR-42158442,1541
property,REG-100889,1541
banking,PK83-5347607307,1541
travel,TRP-2442303,1541
fbr,FBR-101542,1542
excise,RIR-2813,1542
disco,MTR-62913779,1542
property,REG-193098,1542
banking,PK27-6303368069,1542
travel,TRP-9878512,1542
travel,TRP-2840191,1542
travel,TRP-2359129,1542
fbr,FBR-101543,1543
excise,LEA-9789,1543
excise,RIR-8138,1543
excise,ICT-1313,1543
disco,MTR-45553002,1543
property,REG-492168,1543
property,REG-659809,1543
banking,PK80-7533466037,1543
banking,PK16-1368685719,1543
travel,TRP-8542373,1543
travel,TRP-3545973,1543
fbr,FBR-101544,1544
disco,MTR-34466699,1544
fbr,FBR-101545,1545
excise,KAR-1020,1545
disco,MTR-35239235,1545
property,REG-298454,1545
banking,PK53-1657818897,1545
travel,TRP-7674099,1545
travel,TRP-4369924,1545
fbr,FBR-101546,1546
excise,RIR-6698,1546
excise,ICT-7873,1546
excise,AFR-8953,1546
disco,MTR-18335810,1546
property,REG-101906,1546
banking,PK87-5392249070,1546
banking,PK92-9404178690,1546
travel,TRP-7400971,1546
travel,TRP-4854653,1546
travel,TRP-1846880,1546
travel,TRP-8941925,1546
fbr,FBR-101547,1547
excise,ICT-6217,1547
disco,MTR-46964522,1547
property,REG-449345,1547
banking,PK12-9319498411,1547
fbr,FBR-101548,1548
disco,MTR-45035754,1548
property,REG-240754,1548
fbr,FBR-101549,1549
disco,MTR-75019157,1549
banking,PK76-1834144641,1549
fbr,FBR-101550,1550
disco,MTR-40810822,1550
banking,PK65-4770521693,1550
fbr,FBR-101551,1551
excise,RIR-1820,1551
disco,MTR-19590951,1551
banking,PK51-3073189424,1551
excise,RIR-4313,1552
disco,MTR-70067909,1552
fbr,FBR-101553,1553
disco,MTR-52212828,1553
property,REG-362612,1553
banking,PK37-5370777707,1553
disco,MTR-89630682,1554
property,REG-264375,1554
fbr,FBR-101555,1555
excise,AFR-5933,1555
disco,MTR-84558907,1555
property,REG-502192,1555
excise,RIR-8526,1556
disco,MTR-29421004,1556
property,REG-360028,1556
property,REG-409487,1556
banking,PK63-8660626882,1556
banking,PK87-2787983197,1556
banking,PK38-1566317149,1556
travel,TRP-6821042,1556
travel,TRP-4015395,1556
travel,TRP-9643200,1556
fbr,FBR-101557,1557
excise,RIR-3069,1557
banking,PK61-6060909378,1557
fbr,FBR-101558,1558
disco,MTR-98040209,1558
fbr,FBR-101559,1559
excise,AFR-6692,1559
disco,MTR-10583242,1559
banking,PK98-7342294681,1559
fbr,FBR-101560,1560
excise,ICT-5343,1560
disco,MTR-97671253,1560
fbr,FBR-101561,1561
disco,MTR-46280610,1561
fbr,FBR-101562,1562
disco,MTR-31792504,1562
travel,TRP-4951605,1562
fbr,FBR-101563,1563
banking,PK24-1096708676,1563
excise,RIR-5304,1564
excise,RIR-4358,1564
property,REG-403166,1564
property,REG-937941,1564
banking,PK61-6885461502,1564
travel,TRP-4076348,1564
travel,TRP-6314222,1564
travel,TRP-5644027,1564
travel,TRP-7946710,1564
fbr,FBR-101565,1565
excise,RIR-2146,1565
excise,RIR-6585,1565
disco,MTR-34877557,1565
property,REG-628658,1565
banking,PK65-7881080524,1565
banking,PK35-1023370689,1565
travel,TRP-3708660,1565
travel,TRP-1344644,1565
travel,TRP-9099124,1565
travel,TRP-2897472,1565
fbr,FBR-101566,1566
excise,ICT-6325,1566
excise,ICT-6068,1566
excise,LEA-5980,1566
disco,MTR-67837993,1566
property,REG-433066,1566
banking,PK22-4508386812,1566
travel,TRP-5409188,1566
travel,TRP-1419278,1566
fbr,FBR-101567,1567
excise,LEA-8580,1567
disco,MTR-13426901,1567
property,REG-999021,1567
property,REG-822473,1567
banking,PK90-1368206939,1567
banking,PK73-8427154314,1567
travel,TRP-3637324,1567
fbr,FBR-101568,1568
disco,MTR-96972557,1568
banking,PK71-5889442782,1568
fbr,FBR-101569,1569
excise,AFR-9661,1569
excise,AFR-6535,1569
disco,MTR-72482201,1569
property,REG-494247,1569
banking,PK42-1689614314,1569
banking,PK75-8178456437,1569
banking,PK13-5106828471,1569
banking,PK25-4353423788,1569
travel,TRP-4107483,1569
travel,TRP-3677292,1569
fbr,FBR-101570,1570
disco,MTR-28828711,1570
banking,PK56-1913641817,1570
fbr,FBR-101571,1571
excise,RIR-5050,1571
property,REG-848535,1571
property,REG-923694,1571
banking,PK10-6960828279,1571
banking,PK22-6103343204,1571
travel,TRP-4320237,1571
travel,TRP-2579706,1571
travel,TRP-9549397,1571
travel,TRP-4409913,1571
travel,TRP-1831431,1571
travel,TRP-4961048,1571
fbr,FBR-101572,1572
excise,AFR-8100,1572
disco,MTR-54544463,1572
travel,TRP-5741415,1572
fbr,FBR-101573,1573
disco,MTR-36665107,1573
fbr,FBR-101574,1574
disco,MTR-18601004,1574
travel,TRP-4325254,1574
fbr,FBR-101575,1575
excise,ICT-7480,1575
disco,MTR-31239305,1575
banking,PK46-5944514174,1575
fbr,FBR-101576,1576
excise,KAR-7088,1576
excise,KAR-1459,1576
excise,KAR-1591,1576
disco,MTR-86862855,1576
property,REG-527208,1576
banking,PK46-5464751060,1576
banking,PK72-3133337722,1576
travel,TRP-2332415,1576
fbr,FBR-101577,1577
disco,MTR-82671893,1577
fbr,FBR-101578,1578
excise,KAR-5671,1578
excise,KAR-6073,1578
excise,KAR-958,1578
disco,MTR-95781722,1578
property,REG-232967,1578
property,REG-846548,1578
banking,PK92-3201320963,1578
banking,PK25-9391145927,1578
travel,TRP-8534012,1578
travel,TRP-7041752,1578
travel,TRP-3336203,1578
travel,TRP-2043133,1578
fbr,FBR-101579,1579
disco,MTR-66581403,1579
banking,PK93-7728288239,1579
travel,TRP-1695703,1579
fbr,FBR-101580,1580
excise,KAR-9932,1580
excise,RIR-8030,1580
excise,ICT-1453,1580
disco,MTR-27933507,1580
property,REG-524976,1580
banking,PK43-4463689289,1580
banking,PK14-5664138038,1580
travel,TRP-9421012,1580
travel,TRP-3280420,1580
travel,TRP-1985271,1580
fbr,FBR-101581,1581
disco,MTR-21470362,1581
fbr,FBR-101582,1582
excise,ICT-4133,1582
disco,MTR-62398014,1582
fbr,FBR-101583,1583
excise,KAR-9459,1583
disco,MTR-18801334,1583
property,REG-848960,1583
property,REG-710713,1583
banking,PK71-7208104210,1583
banking,PK29-8606377304,1583
banking,PK46-2310991641,1583
banking,PK43-4850063063,1583
travel,TRP-8166944,1583
travel,TRP-6039942,1583
travel,TRP-5853397,1583
fbr,FBR-101584,1584
excise,AFR-6768,1584
disco,MTR-84058589,1584
property,REG-937407,1584
banking,PK98-1251858781,1584
banking,PK99-5722938958,1584
travel,TRP-5811859,1584
fbr,FBR-101585,1585
disco,MTR-45222467,1585
property,REG-399953,1585
banking,PK81-9211018215,1585
fbr,FBR-101586,1586
excise,LEA-4101,1586
excise,KAR-9925,1586
property,REG-260773,1586
property,REG-673217,1586
banking,PK37-6638530072,1586
banking,PK17-9055530261,1586
travel,TRP-3593700,1586
travel,TRP-2055299,1586
travel,TRP-3764432,1586
travel,TRP-8020718,1586
travel,TRP-9511298,1586
fbr,FBR-101587,1587
excise,KAR-8459,1587
disco,MTR-84045232,1587
fbr,FBR-101588,1588
excise,RIR-7678,1588
excise,AFR-6155,1588
excise,KAR-8820,1588
disco,MTR-59207199,1588
property,REG-472172,1588
property,REG-986866,1588
banking,PK71-2008719124,1588
banking,PK67-4628098457,1588
travel,TRP-2711540,1588
travel,TRP-4448861,1588
travel,TRP-9353686,1588
travel,TRP-6606192,1588
excise,AFR-2930,1589
disco,MTR-71922927,1589
property,REG-364778,1589
banking,PK58-4508185803,1589
fbr,FBR-101590,1590
excise,AFR-3207,1590
disco,MTR-42344399,1590
banking,PK30-4472625395,1590
fbr,FBR-101591,1591
excise,LEA-6072,1591
disco,MTR-19557308,1591
banking,PK42-5549819384,1591
travel,TRP-4677297,1591
excise,ICT-5081,1592
excise,KAR-9674,1592
excise,LEA-2225,1592
disco,MTR-78377306,1592
property,REG-429818,1592
banking,PK84-3824204746,1592
banking,PK46-9900670691,1592
travel,TRP-8682800,1592
travel,TRP-5088103,1592
fbr,FBR-101593,1593
disco,MTR-29752246,1593
banking,PK28-4495198691,1593
fbr,FBR-101594,1594
excise,KAR-9675,1594
disco,MTR-85552244,1594
property,REG-260925,1594
banking,PK88-2750232761,1594
fbr,FBR-101595,1595
excise,AFR-3597,1595
disco,MTR-43495853,1595
banking,PK79-9403746615,1595
fbr,FBR-101596,1596
excise,ICT-2057,1596
excise,ICT-4011,1596
excise,RIR-6676,1596
disco,MTR-62806417,1596
property,REG-595728,1596
banking,PK47-1381700702,1596
banking,PK47-8408516727,1596
banking,PK95-3213703147,1596
banking,PK33-1915700920,1596
travel,TRP-5331542,1596
travel,TRP-1532099,1596
travel,TRP-6927917,1596
excise,KAR-8607,1597
fbr,FBR-101598,1598
excise,LEA-4400,1598
excise,AFR-9181,1598
disco,MTR-57118073,1598
property,REG-729045,1598
property,REG-659582,1598
banking,PK57-7631501636,1598
banking,PK82-5750360226,1598
travel,TRP-2387015,1598
travel,TRP-9213888,1598
disco,MTR-30681137,1599
banking,PK85-1601003326,1599
fbr,FBR-101600,1600
excise,LEA-3345,1600
disco,MTR-76175302,1600
fbr,FBR-101601,1601
disco,MTR-58757590,1601
property,REG-991059,1601
banking,PK20-3861578410,1601
fbr,FBR-101602,1602
excise,RIR-3470,1602
excise,ICT-2038,1602
excise,ICT-3273,1602
disco,MTR-76089595,1602
property,REG-262301,1602
property,REG-925837,1602
banking,PK48-8886573506,1602
banking,PK69-6277731733,1602
travel,TRP-7514809,1602
travel,TRP-7200584,1602
travel,TRP-5974389,1602
fbr,FBR-101603,1603
excise,AFR-827,1603
disco,MTR-65200579,1603
banking,PK56-2714720454,1603
travel,TRP-9852910,1603
fbr,FBR-101604,1604
excise,AFR-5791,1604
excise,KAR-8062,1604
excise,AFR-7153,1604
disco,MTR-99419582,1604
property,REG-482005,1604
banking,PK94-4782276063,1604
banking,PK50-7179198258,1604
travel,TRP-1646144,1604
travel,TRP-4211833,1604
travel,TRP-8655267,1604
travel,TRP-4890933,1604
fbr,FBR-101605,1605
excise,AFR-5907,1605
disco,MTR-69367996,1605
property,REG-536663,1605
property,REG-725942,1605
banking,PK61-7580170791,1605
banking,PK26-1698911549,1605
banking,PK65-2507421477,1605
travel,TRP-1398176,1605
travel,TRP-1118011,1605
travel,TRP-1793261,1605
travel,TRP-2559367,1605
excise,KAR-6131,1606
excise,RIR-5966,1606
excise,ICT-4500,1606
disco,MTR-86617520,1606
property,REG-159230,1606
property,REG-341392,1606
banking,PK16-8667256523,1606
banking,PK87-1609368197,1606
banking,PK62-3136543161,1606
banking,PK91-2333848724,1606
travel,TRP-9462765,1606
travel,TRP-8591295,1606
travel,TRP-2587189,1606
travel,TRP-6383390,1606
travel,TRP-4351078,1606
travel,TRP-1476765,1606
fbr,FBR-101607,1607
excise,RIR-9435,1607
disco,MTR-23515162,1607
property,REG-144629,1607
property,REG-747235,1607
banking,PK68-5988357238,1607
banking,PK52-9786260866,1607
banking,PK54-4238480770,1607
travel,TRP-4409312,1607
travel,TRP-6829331,1607
travel,TRP-4978195,1607
travel,TRP-8610111,1607
travel,TRP-3201127,1607
travel,TRP-8621624,1607
fbr,FBR-101608,1608
banking,PK24-9556102329,1608
fbr,FBR-101609,1609
disco,MTR-44456864,1609
fbr,FBR-101610,1610
excise,LEA-857,1610
disco,MTR-74615662,1610
property,REG-873831,1610
banking,PK74-2203233858,1610
banking,PK47-3638646889,1610
travel,TRP-7812866,1610
travel,TRP-4923816,1610
fbr,FBR-101611,1611
disco,MTR-87079850,1611
excise,RIR-5136,1612
excise,RIR-8869,1612
excise,ICT-3339,1612
disco,MTR-70955129,1612
property,REG-102069,1612
property,REG-878459,1612
banking,PK60-2699283687,1612
banking,PK68-1007187850,1612
travel,TRP-6083161,1612
travel,TRP-8301221,1612
fbr,FBR-101613,1613
disco,MTR-52483577,1613
property,REG-261084,1613
banking,PK88-8520846021,1613
excise,ICT-5982,1614
disco,MTR-43264679,1614
fbr,FBR-101615,1615
excise,LEA-2161,1615
disco,MTR-94417781,1615
property,REG-925373,1615
property,REG-994272,1615
banking,PK75-6811665022,1615
banking,PK77-6265212024,1615
banking,PK35-7549464819,1615
banking,PK44-1020052641,1615
travel,TRP-2405992,1615
travel,TRP-3106109,1615
travel,TRP-7274824,1615
travel,TRP-5341866,1615
travel,TRP-4429700,1615
fbr,FBR-101616,1616
excise,LEA-7956,1616
excise,RIR-6145,1616
disco,MTR-34838208,1616
property,REG-596956,1616
banking,PK33-3723201673,1616
travel,TRP-7780402,1616
travel,TRP-3341544,1616
excise,AFR-7062,1617
disco,MTR-16495595,1617
fbr,FBR-101618,1618
excise,AFR-831,1618
banking,PK11-5904526535,1618
fbr,FBR-101619,1619
excise,RIR-4888,1619
disco,MTR-59698240,1619
property,REG-236516,1619
banking,PK80-6843526443,1619
banking,PK51-1946428730,1619
travel,TRP-7822937,1619
travel,TRP-4366205,1619
fbr,FBR-101620,1620
excise,ICT-1614,1620
excise,RIR-6065,1620
excise,ICT-7856,1620
disco,MTR-53660869,1620
property,REG-601641,1620
property,REG-133605,1620
banking,PK94-2148582819,1620
banking,PK96-4606407722,1620
travel,TRP-3109414,1620
travel,TRP-5989755,1620
travel,TRP-1246239,1620
fbr,FBR-101621,1621
disco,MTR-71233627,1621
property,REG-191774,1621
travel,TRP-7241004,1621
fbr,FBR-101622,1622
excise,AFR-7588,1622
excise,KAR-3281,1622
excise,LEA-3453,1622
disco,MTR-11314008,1622
property,REG-885990,1622
banking,PK96-4726626355,1622
banking,PK66-3057828016,1622
banking,PK77-7393205888,1622
banking,PK16-2943959723,1622
travel,TRP-4619692,1622
travel,TRP-7624339,1622
travel,TRP-3373569,1622
fbr,FBR-101623,1623
excise,RIR-6169,1623
excise,RIR-1339,1623
disco,MTR-17996239,1623
property,REG-720539,1623
property,REG-761849,1623
banking,PK44-7866056191,1623
travel,TRP-9073425,1623
fbr,FBR-101624,1624
excise,LEA-2015,1624
disco,MTR-30422717,1624
banking,PK11-9810552926,1624
fbr,FBR-101625,1625
disco,MTR-43306963,1625
banking,PK73-3070343370,1625
fbr,FBR-101626,1626
excise,LEA-3656,1626
excise,RIR-9402,1626
excise,ICT-778,1626
disco,MTR-30935379,1626
property,REG-666275,1626
property,REG-746061,1626
banking,PK74-8112574914,1626
banking,PK16-7135597177,1626
travel,TRP-3052947,1626
travel,TRP-9209630,1626
travel,TRP-3791335,1626
travel,TRP-4799787,1626
fbr,FBR-101627,1627
excise,ICT-6849,1627
excise,KAR-2610,1627
excise,RIR-7963,1627
disco,MTR-59496650,1627
property,REG-627259,1627
property,REG-867893,1627
banking,PK69-1204294474,1627
travel,TRP-7550557,1627
travel,TRP-3685199,1627
travel,TRP-5251480,1627
travel,TRP-2283029,1627
fbr,FBR-101628,1628
excise,RIR-9194,1628
excise,KAR-2675,1628
disco,MTR-24320131,1628
property,REG-194087,1628
property,REG-385366,1628
banking,PK76-8066493426,1628
banking,PK38-3856074224,1628
banking,PK87-1731554637,1628
travel,TRP-3765100,1628
travel,TRP-6397057,1628
fbr,FBR-101629,1629
disco,MTR-42436940,1629
property,REG-579350,1629
fbr,FBR-101630,1630
disco,MTR-24505512,1630
banking,PK30-6540511643,1630
fbr,FBR-101631,1631
excise,LEA-6664,1631
disco,MTR-52051079,1631
property,REG-199005,1631
banking,PK87-2459850450,1631
banking,PK32-5890259148,1631
travel,TRP-6681430,1631
travel,TRP-8592683,1631
excise,KAR-1587,1632
disco,MTR-78594524,1632
property,REG-807683,1632
banking,PK68-5827254936,1632
fbr,FBR-101633,1633
excise,KAR-153,1633
disco,MTR-73461593,1633
property,REG-974151,1633
property,REG-743745,1633
banking,PK73-6672410925,1633
travel,TRP-4517081,1633
travel,TRP-6246561,1633
travel,TRP-3415307,1633
fbr,FBR-101634,1634
excise,AFR-3989,1634
excise,LEA-3413,1634
property,REG-957559,1634
banking,PK13-7945927562,1634
banking,PK23-4340121259,1634
banking,PK96-1820654638,1634
travel,TRP-4446349,1634
travel,TRP-5675900,1634
travel,TRP-5015326,1634
travel,TRP-6323627,1634
travel,TRP-1443623,1634
fbr,FBR-101635,1635
excise,KAR-777,1635
property,REG-886539,1635
fbr,FBR-101636,1636
excise,AFR-5965,1636
excise,LEA-7220,1636
property,REG-339075,1636
property,REG-985740,1636
banking,PK79-1984394837,1636
banking,PK31-7283268447,1636
travel,TRP-6473865,1636
travel,TRP-5219539,1636
travel,TRP-7703957,1636
travel,TRP-7867975,1636
travel,TRP-5696621,1636
travel,TRP-2128445,1636
fbr,FBR-101637,1637
excise,RIR-1557,1637
disco,MTR-52724207,1637
banking,PK68-3978157995,1637
fbr,FBR-101638,1638
excise,LEA-741,1638
excise,RIR-6162,1638
property,REG-364163,1638
banking,PK95-9770520448,1638
travel,TRP-6979519,1638
travel,TRP-5280780,1638
fbr,FBR-101639,1639
banking,PK34-8097086293,1639
travel,TRP-3097542,1639
fbr,FBR-101640,1640
excise,LEA-9382,1640
excise,LEA-9354,1640
excise,AFR-8139,1640
disco,MTR-97627963,1640
property,REG-375144,1640
banking,PK44-3340686254,1640
banking,PK59-6328396567,1640
banking,PK30-6804319866,1640
banking,PK70-3810231533,1640
travel,TRP-2595424,1640
travel,TRP-7584487,1640
travel,TRP-3851881,1640
travel,TRP-9995572,1640
travel,TRP-5422076,1640
fbr,FBR-101641,1641
excise,KAR-4786,1641
disco,MTR-83785516,1641
property,REG-290782,1641
banking,PK88-7076577358,1641
banking,PK63-5473652630,1641
banking,PK46-9471182626,1641
travel,TRP-4840190,1641
travel,TRP-6605192,1641
travel,TRP-4557682,1641
travel,TRP-9014393,1641
travel,TRP-2951777,1641
travel,TRP-6932177,1641
disco,MTR-93819862,1642
property,REG-773423,1642
fbr,FBR-101643,1643
disco,MTR-10160718,1643
excise,RIR-312,1644
disco,MTR-19120061,1644
travel,TRP-2122285,1644
fbr,FBR-101645,1645
disco,MTR-11776605,1645
banking,PK55-1315018890,1645
fbr,FBR-101646,1646
excise,LEA-7233,1646
disco,MTR-42896462,1646
property,REG-151653,1646
property,REG-380580,1646
banking,PK38-1498860014,1646
banking,PK78-8765315814,1646
banking,PK36-5698152373,1646
travel,TRP-5499661,1646
travel,TRP-1680687,1646
travel,TRP-2739600,1646
travel,TRP-9213097,1646
travel,TRP-7178917,1646
fbr,FBR-101647,1647
excise,KAR-3304,1647
disco,MTR-29155472,1647
property,REG-908887,1647
banking,PK27-9363341726,1647
banking,PK13-1902061280,1647
travel,TRP-7445470,1647
travel,TRP-9573640,1647
travel,TRP-3685447,1647
travel,TRP-1796901,1647
travel,TRP-3977009,1647
travel,TRP-7960908,1647
fbr,FBR-101648,1648
disco,MTR-64635319,1648
property,REG-976969,1648
banking,PK64-3620967260,1648
fbr,FBR-101649,1649
excise,AFR-9708,1649
excise,AFR-192,1649
excise,KAR-9288,1649
disco,MTR-63802059,1649
property,REG-815532,1649
banking,PK81-8936429825,1649
travel,TRP-7447539,1649
travel,TRP-8831279,1649
fbr,FBR-101650,1650
excise,ICT-2288,1650
disco,MTR-52733593,1650
banking,PK85-4687287487,1650
travel,TRP-3493416,1650
fbr,FBR-101651,1651
disco,MTR-87560803,1651
property,REG-770802,1651
fbr,FBR-101652,1652
disco,MTR-15248849,1652
property,REG-510714,1652
travel,TRP-1155442,1652
fbr,FBR-101653,1653
excise,ICT-9114,1653
disco,MTR-75532361,1653
property,REG-671811,1653
banking,PK78-8796085751,1653
fbr,FBR-101654,1654
disco,MTR-66433074,1654
property,REG-901306,1654
travel,TRP-4005154,1654
fbr,FBR-101655,1655
disco,MTR-32871912,1655
banking,PK34-2851873624,1655
disco,MTR-47930047,1656
banking,PK97-6174766482,1656
travel,TRP-2573081,1656
fbr,FBR-101657,1657
disco,MTR-77376943,1657
banking,PK92-2380817457,1657
fbr,FBR-101658,1658
disco,MTR-81646483,1658
banking,PK44-4638595407,1658
travel,TRP-2691686,1658
fbr,FBR-101659,1659
excise,AFR-2440,1659
excise,ICT-744,1659
excise,ICT-9003,1659
property,REG-897919,1659
banking,PK37-1715610603,1659
banking,PK58-1763462378,1659
travel,TRP-4950060,1659
travel,TRP-4694990,1659
travel,TRP-3962194,1659
travel,TRP-8651247,1659
fbr,FBR-101660,1660
excise,AFR-407,1660
disco,MTR-20333495,1660
property,REG-235838,1660
banking,PK29-6498732696,1660
fbr,FBR-101661,1661
excise,LEA-1524,1661
disco,MTR-40350627,1661
banking,PK61-5276796652,1661
fbr,FBR-101662,1662
excise,LEA-4430,1662
excise,AFR-1260,1662
disco,MTR-57822113,1662
property,REG-947309,1662
banking,PK30-4412709135,1662
banking,PK64-6479159748,1662
travel,TRP-6876493,1662
travel,TRP-6667647,1662
travel,TRP-4435954,1662
fbr,FBR-101663,1663
excise,RIR-758,1663
excise,ICT-6585,1663
excise,KAR-7567,1663
disco,MTR-85107550,1663
property,REG-256867,1663
property,REG-799080,1663
banking,PK81-2920242661,1663
banking,PK64-6418173616,1663
banking,PK29-7637515602,1663
banking,PK24-8569174278,1663
travel,TRP-2427466,1663
travel,TRP-6996484,1663
travel,TRP-8055728,1663
travel,TRP-6943075,1663
fbr,FBR-101664,1664
excise,AFR-909,1664
banking,PK20-5569425108,1664
fbr,FBR-101665,1665
banking,PK53-7602936952,1665
fbr,FBR-101666,1666
excise,ICT-793,1666
disco,MTR-39604156,1666
excise,RIR-8478,1667
disco,MTR-85992959,1667
banking,PK33-6804257735,1667
travel,TRP-7121822,1667
fbr,FBR-101668,1668
banking,PK75-5985376880,1668
excise,AFR-6391,1669
excise,RIR-9968,1669
disco,MTR-73660127,1669
property,REG-506907,1669
property,REG-558881,1669
banking,PK37-6924904914,1669
banking,PK11-9241806699,1669
banking,PK70-1214167244,1669
travel,TRP-3881992,1669
travel,TRP-3405311,1669
fbr,FBR-101670,1670
disco,MTR-53752160,1670
property,REG-563191,1670
banking,PK91-2886945913,1670
fbr,FBR-101671,1671
excise,AFR-2330,1671
excise,AFR-8646,1671
excise,LEA-2407,1671
disco,MTR-81351034,1671
property,REG-788981,1671
banking,PK80-8096233605,1671
travel,TRP-5547397,1671
travel,TRP-9729489,1671
travel,TRP-4322938,1671
fbr,FBR-101672,1672
disco,MTR-27125018,1672
property,REG-470724,1672
banking,PK30-8037740897,1672
fbr,FBR-101673,1673
excise,AFR-8179,1673
excise,KAR-1296,1673
disco,MTR-70096335,1673
property,REG-107266,1673
property,REG-619697,1673
banking,PK88-5691027703,1673
travel,TRP-1422907,1673
fbr,FBR-101674,1674
disco,MTR-25471328,1674
travel,TRP-1764359,1674
fbr,FBR-101675,1675
disco,MTR-32214708,1675
travel,TRP-2649828,1675
fbr,FBR-101676,1676
disco,MTR-10130916,1676
banking,PK89-9115852492,1676
travel,TRP-7431058,1676
fbr,FBR-101677,1677
disco,MTR-99175850,1677
banking,PK14-7606177945,1677
travel,TRP-2316385,1677
fbr,FBR-101678,1678
excise,ICT-7051,1678
disco,MTR-43506284,1678
travel,TRP-6243127,1678
fbr,FBR-101679,1679
excise,KAR-5661,1679
excise,RIR-2122,1679
disco,MTR-15191667,1679
property,REG-223879,1679
property,REG-958962,1679
banking,PK33-5156208865,1679
travel,TRP-6405948,1679
fbr,FBR-101680,1680
banking,PK83-9191885309,1680
fbr,FBR-101681,1681
excise,AFR-4846,1681
excise,LEA-1152,1681
disco,MTR-83396891,1681
property,REG-702527,1681
property,REG-869554,1681
banking,PK88-8553115295,1681
banking,PK58-5622691643,1681
banking,PK55-4388249959,1681
travel,TRP-2294494,1681
travel,TRP-4508146,1681
travel,TRP-3436508,1681
travel,TRP-9233701,1681
fbr,FBR-101682,1682
excise,AFR-1368,1682
excise,LEA-2037,1682
property,REG-661075,1682
banking,PK19-2585199713,1682
banking,PK14-2827372037,1682
travel,TRP-2785185,1682
travel,TRP-5508212,1682
travel,TRP-7887210,1682
travel,TRP-2815916,1682
disco,MTR-57234643,1683
disco,MTR-25240036,1684
property,REG-741881,1684
excise,KAR-410,1685
excise,LEA-125,1685
disco,MTR-78877267,1685
property,REG-277422,1685
property,REG-848738,1685
banking,PK97-7879878988,1685
travel,TRP-7126472,1685
travel,TRP-7334857,1685
travel,TRP-3963808,1685
fbr,FBR-101686,1686
excise,LEA-3616,1686
excise,LEA-6050,1686
excise,RIR-6048,1686
property,REG-721177,1686
banking,PK98-3956931636,1686
banking,PK67-4342151577,1686
banking,PK88-4457353674,1686
travel,TRP-7066706,1686
travel,TRP-9255743,1686
travel,TRP-9473286,1686
travel,TRP-1321172,1686
fbr,FBR-101687,1687
excise,LEA-3897,1687
excise,RIR-3572,1687
excise,AFR-1228,1687
disco,MTR-48779278,1687
property,REG-505263,1687
banking,PK71-5916835679,1687
travel,TRP-1400067,1687
travel,TRP-3255382,1687
disco,MTR-53657313,1688
property,REG-215307,1688
fbr,FBR-101689,1689
excise,AFR-1538,1689
excise,ICT-1100,1689
excise,RIR-6234,1689
property,REG-384292,1689
banking,PK87-2297672681,1689
banking,PK95-3114607294,1689
banking,PK29-1559918135,1689
banking,PK67-6700374269,1689
travel,TRP-4556206,1689
travel,TRP-3104865,1689
travel,TRP-8299084,1689
travel,TRP-8142831,1689
travel,TRP-3644633,1689
travel,TRP-8213895,1689
fbr,FBR-101690,1690
excise,KAR-542,1690
disco,MTR-44976629,1690
fbr,FBR-101691,1691
property,REG-376832,1691
fbr,FBR-101692,1692
disco,MTR-84449280,1692
fbr,FBR-101693,1693
disco,MTR-36086229,1693
property,REG-913644,1693
banking,PK88-9380712205,1693
fbr,FBR-101694,1694
disco,MTR-54122684,1694
banking,PK57-5627050712,1694
fbr,FBR-101695,1695
disco,MTR-61539837,1695
property,REG-315776,1695
excise,AFR-2150,1696
excise,LEA-695,1696
disco,MTR-91718218,1696
property,REG-418966,1696
property,REG-747944,1696
banking,PK32-2226003207,1696
banking,PK10-7310184471,1696
banking,PK77-3874907367,1696
banking,PK38-9274913261,1696
travel,TRP-6033940,1696
travel,TRP-3627974,1696
travel,TRP-4328987,1696
disco,MTR-61042082,1697
travel,TRP-5356287,1697
fbr,FBR-101698,1698
excise,LEA-463,1698
excise,ICT-5580,1698
disco,MTR-94367968,1698
property,REG-493901,1698
property,REG-906213,1698
banking,PK71-6039058695,1698
banking,PK67-7071488111,1698
banking,PK41-4209601124,1698
travel,TRP-6604697,1698
travel,TRP-5022940,1698
fbr,FBR-101699,1699
disco,MTR-93910943,1699
property,REG-171960,1699
disco,MTR-80600793,1700
banking,PK29-4803252494,1700
travel,TRP-6367207,1700
fbr,FBR-101701,1701
excise,KAR-1549,1701
disco,MTR-76505483,1701
fbr,FBR-101702,1702
excise,KAR-221,1702
disco,MTR-86843713,1702
banking,PK56-3846750764,1702
travel,TRP-5474662,1702
fbr,FBR-101703,1703
excise,RIR-5915,1703
excise,KAR-4120,1703
property,REG-758612,1703
property,REG-139355,1703
banking,PK56-4304022014,1703
banking,PK65-9061635215,1703
travel,TRP-1067007,1703
travel,TRP-1185619,1703
fbr,FBR-101704,1704
excise,AFR-1154,1704
excise,LEA-1561,1704
disco,MTR-71560611,1704
property,REG-990971,1704
banking,PK45-3301361102,1704
banking,PK83-7977237557,1704
travel,TRP-5547673,1704
travel,TRP-6860963,1704
travel,TRP-5245031,1704
fbr,FBR-101705,1705
excise,RIR-6077,1705
disco,MTR-76203853,1705
banking,PK27-4167197976,1705
fbr,FBR-101706,1706
excise,AFR-5897,1706
disco,MTR-75077881,1706
property,REG-165527,1706
banking,PK81-3543827189,1706
travel,TRP-4949458,1706
fbr,FBR-101707,1707
excise,KAR-2535,1707
disco,MTR-27066650,1707
fbr,FBR-101708,1708
disco,MTR-44653835,1708
fbr,FBR-101709,1709
excise,RIR-3944,1709
excise,AFR-9201,1709
excise,LEA-2765,1709
disco,MTR-19191117,1709
property,REG-413983,1709
banking,PK85-4519154779,1709
banking,PK30-9218595912,1709
travel,TRP-7796318,1709
fbr,FBR-101710,1710
excise,KAR-2812,1710
disco,MTR-27791510,1710
banking,PK76-3242824547,1710
fbr,FBR-101711,1711
excise,LEA-8763,1711
property,REG-500599,1711
property,REG-261419,1711
banking,PK74-8725359730,1711
banking,PK96-2323223685,1711
travel,TRP-8971073,1711
travel,TRP-1598784,1711
fbr,FBR-101712,1712
excise,KAR-2280,1712
disco,MTR-49574590,1712
banking,PK69-7480270074,1712
travel,TRP-3372457,1712
disco,MTR-39486352,1713
fbr,FBR-101714,1714
excise,RIR-7031,1714
disco,MTR-38187402,1714
property,REG-876767,1714
banking,PK22-7569268500,1714
excise,RIR-2027,1715
excise,ICT-6555,1715
disco,MTR-72685587,1715
property,REG-438180,1715
banking,PK77-3143456848,1715
banking,PK30-5063103548,1715
travel,TRP-1045756,1715
travel,TRP-7135959,1715
travel,TRP-3802027,1715
travel,TRP-2622036,1715
travel,TRP-3903827,1715
fbr,FBR-101716,1716
excise,ICT-5518,1716
disco,MTR-21039496,1716
property,REG-703260,1716
property,REG-378043,1716
banking,PK83-2731567394,1716
banking,PK87-6021892241,1716
banking,PK28-6633970286,1716
travel,TRP-9151291,1716
travel,TRP-8285984,1716
travel,TRP-6743866,1716
fbr,FBR-101717,1717
excise,KAR-522,1717
disco,MTR-39321196,1717
property,REG-571638,1717
banking,PK13-7518167797,1717
fbr,FBR-101718,1718
disco,MTR-36927712,1718
property,REG-957751,1718
banking,PK76-6173943472,1718
fbr,FBR-101719,1719
excise,KAR-5497,1719
disco,MTR-24838554,1719
property,REG-262681,1719
property,REG-297039,1719
banking,PK32-6036283534,1719
travel,TRP-1008913,1719
fbr,FBR-101720,1720
disco,MTR-75254875,1720
fbr,FBR-101721,1721
excise,RIR-5655,1721
disco,MTR-36294400,1721
property,REG-222582,1721
property,REG-464860,1721
banking,PK36-8774703507,1721
banking,PK66-2081396644,1721
travel,TRP-1007564,1721
travel,TRP-9536033,1721
fbr,FBR-101722,1722
excise,AFR-7002,1722
property,REG-834402,1722
property,REG-793660,1722
banking,PK86-8708042394,1722
travel,TRP-1493496,1722
travel,TRP-8093800,1722
fbr,FBR-101723,1723
excise,ICT-6339,1723
disco,MTR-99242793,1723
property,REG-749380,1723
disco,MTR-26401026,1724
banking,PK24-9784833515,1724
travel,TRP-9440688,1724
fbr,FBR-101725,1725
excise,ICT-9820,1725
disco,MTR-65730429,1725
banking,PK90-5032493244,1725
fbr,FBR-101726,1726
disco,MTR-92193709,1726
banking,PK49-9915403057,1726
excise,KAR-8747,1727
disco,MTR-22302665,1727
property,REG-833983,1727
property,REG-644518,1727
banking,PK90-6790314057,1727
banking,PK35-9630410297,1727
banking,PK40-8775575243,1727
travel,TRP-2722547,1727
travel,TRP-4389818,1727
travel,TRP-7804314,1727
travel,TRP-3192143,1727
travel,TRP-3397230,1727
disco,MTR-42945634,1728
travel,TRP-5068734,1728
fbr,FBR-101729,1729
excise,KAR-3828,1729
excise,LEA-3479,1729
disco,MTR-44555636,1729
property,REG-982672,1729
banking,PK26-2983354984,1729
banking,PK69-9793557676,1729
banking,PK56-7678495651,1729
banking,PK24-9441581180,1729
travel,TRP-6977507,1729
travel,TRP-4686396,1729
travel,TRP-7909066,1729
travel,TRP-3946817,1729
fbr,FBR-101730,1730
excise,KAR-3007,1730
excise,LEA-9617,1730
excise,AFR-9335,1730
disco,MTR-33747952,1730
property,REG-400147,1730
property,REG-570210,1730
banking,PK64-7499342701,1730
banking,PK65-3124507030,1730
travel,TRP-9782970,1730
travel,TRP-2413409,1730
travel,TRP-1349189,1730
fbr,FBR-101731,1731
excise,AFR-9761,1731
excise,KAR-2885,1731
disco,MTR-79455882,1731
property,REG-558326,1731
banking,PK28-3954351813,1731
banking,PK63-4754294093,1731
banking,PK50-8794117312,1731
travel,TRP-2811049,1731
travel,TRP-1923006,1731
fbr,FBR-101732,1732
excise,ICT-1294,1732
excise,LEA-1045,1732
disco,MTR-11222996,1732
property,REG-248950,1732
property,REG-184025,1732
banking,PK93-5687868945,1732
travel,TRP-3131774,1732
fbr,FBR-101733,1733
disco,MTR-24349717,1733
banking,PK44-7757638329,1733
fbr,FBR-101734,1734
disco,MTR-98444752,1734
property,REG-883247,1734
banking,PK47-3054953474,1734
fbr,FBR-101735,1735
disco,MTR-14426070,1735
fbr,FBR-101736,1736
excise,AFR-2968,1736
excise,AFR-7519,1736
disco,MTR-57551178,1736
property,REG-561094,1736
banking,PK14-3485311768,1736
travel,TRP-2218682,1736
fbr,FBR-101737,1737
excise,ICT-8289,1737
excise,KAR-7343,1737
disco,MTR-57947404,1737
property,REG-248823,1737
banking,PK80-7398986978,1737
banking,PK86-6351377039,1737
banking,PK75-2506494015,1737
travel,TRP-7603241,1737
travel,TRP-6282629,1737
travel,TRP-5457935,1737
travel,TRP-1676555,1737
travel,TRP-4758503,1737
excise,ICT-4186,1738
disco,MTR-50879304,1738
property,REG-673124,1738
banking,PK80-9956047138,1738
fbr,FBR-101739,1739
excise,LEA-2297,1739
disco,MTR-39364667,1739
property,REG-845903,1739
property,REG-924003,1739
banking,PK31-8204142280,1739
banking,PK85-7719211965,1739
banking,PK42-3366653154,1739
banking,PK85-4158209085,1739
travel,TRP-9252043,1739
travel,TRP-2627297,1739
travel,TRP-6716071,1739
disco,MTR-94556704,1740
travel,TRP-7425573,1740
disco,MTR-85954462,1741
fbr,FBR-101742,1742
disco,MTR-46441977,1742
banking,PK42-9334021438,1742
excise,RIR-6576,1743
excise,ICT-9002,1743
excise,RIR-7332,1743
disco,MTR-79508381,1743
property,REG-751889,1743
property,REG-444519,1743
banking,PK83-3878292307,1743
travel,TRP-6999310,1743
fbr,FBR-101744,1744
excise,AFR-3285,1744
excise,LEA-2088,1744
excise,ICT-8649,1744
disco,MTR-73950670,1744
property,REG-384878,1744
property,REG-981638,1744
banking,PK31-9632091893,1744
banking,PK25-6830199744,1744
travel,TRP-6752116,1744
fbr,FBR-101745,1745
excise,AFR-7350,1745
disco,MTR-94275348,1745
property,REG-962577,1745
banking,PK47-1694723371,1745
banking,PK74-5048856090,1745
travel,TRP-2993639,1745
travel,TRP-4359922,1745
travel,TRP-9150702,1745
travel,TRP-5233380,1745
excise,RIR-3091,1746
disco,MTR-59597415,1746
banking,PK87-1352151099,1746
travel,TRP-7719956,1746
fbr,FBR-101747,1747
excise,KAR-5253,1747
excise,KAR-2998,1747
disco,MTR-75091955,1747
property,REG-829605,1747
property,REG-602659,1747
banking,PK29-6366838736,1747
banking,PK43-1828167987,1747
banking,PK10-3622575750,1747
travel,TRP-5201454,1747
travel,TRP-9777466,1747
travel,TRP-2647506,1747
travel,TRP-9625365,1747
travel,TRP-3019753,1747
fbr,FBR-101748,1748
excise,KAR-5791,1748
excise,LEA-5367,1748
property,REG-190995,1748
property,REG-299429,1748
banking,PK62-3356594001,1748
banking,PK95-8122983901,1748
travel,TRP-8108160,1748
travel,TRP-7791645,1748
travel,TRP-4229215,1748
fbr,FBR-101749,1749
banking,PK97-9050435041,1749
fbr,FBR-101750,1750
excise,AFR-2423,1750
disco,MTR-34194899,1750
travel,TRP-5282089,1750
excise,ICT-8399,1751
disco,MTR-96746347,1751
banking,PK80-9735394379,1751
excise,AFR-4167,1752
property,REG-724836,1752
property,REG-364461,1752
banking,PK89-5491625877,1752
travel,TRP-5884326,1752
travel,TRP-5613868,1752
travel,TRP-6170985,1752
fbr,FBR-101753,1753
disco,MTR-42132516,1753
banking,PK36-7295775556,1753
travel,TRP-4857722,1753
fbr,FBR-101754,1754
banking,PK22-6185730980,1754
travel,TRP-1218620,1754
fbr,FBR-101755,1755
disco,MTR-70919115,1755
banking,PK45-5171472698,1755
fbr,FBR-101756,1756
excise,RIR-7280,1756
disco,MTR-50901860,1756
excise,AFR-3747,1757
excise,AFR-8843,1757
disco,MTR-68968288,1757
property,REG-923690,1757
property,REG-276850,1757
banking,PK17-2619569679,1757
banking,PK43-9342720259,1757
travel,TRP-1667653,1757
travel,TRP-5972557,1757
travel,TRP-8573764,1757
travel,TRP-1326313,1757
travel,TRP-2388046,1757
fbr,FBR-101758,1758
excise,KAR-5488,1758
disco,MTR-24527112,1758
fbr,FBR-101759,1759
excise,LEA-335,1759
disco,MTR-26150689,1759
banking,PK74-2756950936,1759
travel,TRP-7686586,1759
fbr,FBR-101760,1760
excise,LEA-8251,1760
disco,MTR-40629307,1760
banking,PK68-8838045874,1760
fbr,FBR-101761,1761
excise,ICT-814,1761
disco,MTR-41751724,1761
fbr,FBR-101762,1762
disco,MTR-26776283,1762
banking,PK70-1115517027,1762
fbr,FBR-101763,1763
excise,AFR-3170,1763
excise,LEA-9146,1763
excise,RIR-3085,1763
property,REG-564924,1763
property,REG-403215,1763
banking,PK19-5402207537,1763
banking,PK34-3980560526,1763
travel,TRP-9302825,1763
travel,TRP-3941682,1763
travel,TRP-6142784,1763
travel,TRP-5822058,1763
fbr,FBR-101764,1764
excise,LEA-1559,1764
disco,MTR-19632593,1764
fbr,FBR-101765,1765
excise,AFR-7087,1765
disco,MTR-97951749,1765
property,REG-437186,1765
property,REG-285221,1765
banking,PK55-7045034676,1765
banking,PK76-6442899855,1765
banking,PK14-9809245285,1765
banking,PK33-9891116291,1765
travel,TRP-3871609,1765
travel,TRP-6010148,1765
travel,TRP-8567540,1765
travel,TRP-5061905,1765
fbr,FBR-101766,1766
disco,MTR-35141075,1766
banking,PK64-7545508204,1766
fbr,FBR-101767,1767
banking,PK65-2738368707,1767
fbr,FBR-101768,1768
excise,RIR-3095,1768
excise,ICT-3088,1768
excise,RIR-9932,1768
disco,MTR-38369260,1768
property,REG-847152,1768
property,REG-671409,1768
banking,PK35-7107817764,1768
banking,PK26-1695859224,1768
travel,TRP-3925475,1768
travel,TRP-6468969,1768
travel,TRP-9522956,1768
excise,LEA-5294,1769
excise,LEA-513,1769
disco,MTR-83226985,1769
property,REG-711544,1769
banking,PK47-5004708415,1769
travel,TRP-9895176,1769
fbr,FBR-101770,1770
excise,KAR-2422,1770
fbr,FBR-101771,1771
excise,LEA-8311,1771
disco,MTR-12580320,1771
banking,PK46-2498223783,1771
fbr,FBR-101772,1772
excise,ICT-1334,1772
excise,RIR-2554,1772
disco,MTR-14588975,1772
property,REG-507527,1772
banking,PK43-9322702788,1772
banking,PK78-9935488172,1772
banking,PK33-2606992241,1772
travel,TRP-6187476,1772
travel,TRP-3758115,1772
travel,TRP-2986733,1772
travel,TRP-1052768,1772
travel,TRP-9574239,1772
excise,KAR-7752,1773
excise,KAR-7467,1773
disco,MTR-65550623,1773
property,REG-629713,1773
banking,PK85-7320387964,1773
banking,PK32-9194389578,1773
travel,TRP-2719457,1773
travel,TRP-1440681,1773
travel,TRP-1625052,1773
travel,TRP-4933693,1773
fbr,FBR-101774,1774
excise,AFR-397,1774
excise,RIR-998,1774
disco,MTR-47923252,1774
property,REG-618199,1774
banking,PK52-2565540906,1774
banking,PK37-8772292403,1774
travel,TRP-3370872,1774
disco,MTR-29737115,1775
banking,PK88-5964980675,1775
travel,TRP-7158774,1775
fbr,FBR-101776,1776
disco,MTR-36604210,1776
banking,PK80-7146074930,1776
fbr,FBR-101777,1777
disco,MTR-46568802,1777
banking,PK35-2699344028,1777
fbr,FBR-101778,1778
disco,MTR-65875659,1778
travel,TRP-2543132,1778
fbr,FBR-101779,1779
disco,MTR-11088189,1779
property,REG-990622,1779
travel,TRP-6041961,1779
fbr,FBR-101780,1780
excise,ICT-1087,1780
excise,LEA-1658,1780
excise,KAR-3328,1780
disco,MTR-94786799,1780
property,REG-656475,1780
banking,PK36-3545884967,1780
banking,PK25-6717323816,1780
travel,TRP-3051775,1780
travel,TRP-8056886,1780
travel,TRP-5037047,1780
travel,TRP-1946360,1780
fbr,FBR-101781,1781
excise,AFR-8347,1781
disco,MTR-99397616,1781
property,REG-488688,1781
banking,PK68-3144360145,1781
travel,TRP-8670013,1781
travel,TRP-7336905,1781
fbr,FBR-101782,1782
excise,ICT-8086,1782
disco,MTR-33722925,1782
property,REG-263607,1782
property,REG-254347,1782
banking,PK92-1505270138,1782
banking,PK61-8254022896,1782
travel,TRP-7961766,1782
travel,TRP-3767983,1782
travel,TRP-3618877,1782
travel,TRP-6901148,1782
fbr,FBR-101783,1783
disco,MTR-92737428,1783
property,REG-608812,1783
travel,TRP-2092569,1783
fbr,FBR-101784,1784
disco,MTR-83240534,1784
fbr,FBR-101785,1785
excise,AFR-7003,1785
disco,MTR-32524500,1785
property,REG-959120,1785
banking,PK76-2253094095,1785
fbr,FBR-101786,1786
disco,MTR-61442703,1786
property,REG-748694,1786
disco,MTR-92871113,1787
banking,PK12-5502803723,1787
fbr,FBR-101788,1788
disco,MTR-79490666,1788
banking,PK55-9648763569,1788
travel,TRP-8835146,1788
fbr,FBR-101789,1789
excise,KAR-2327,1789
excise,LEA-5324,1789
disco,MTR-40015184,1789
property,REG-594239,1789
property,REG-273496,1789
banking,PK60-6454539013,1789
banking,PK76-1250332341,1789
travel,TRP-3483672,1789
travel,TRP-3034621,1789
travel,TRP-9501874,1789
fbr,FBR-101790,1790
excise,LEA-4010,1790
excise,AFR-3726,1790
excise,ICT-2959,1790
disco,MTR-28249194,1790
property,REG-944604,1790
banking,PK87-4500284457,1790
travel,TRP-9035981,1790
fbr,FBR-101791,1791
excise,KAR-7380,1791
disco,MTR-98093294,1791
property,REG-844013,1791
banking,PK11-5154648902,1791
banking,PK83-6525649626,1791
travel,TRP-5627177,1791
travel,TRP-7472369,1791
travel,TRP-2312988,1791
travel,TRP-5454520,1791
fbr,FBR-101792,1792
disco,MTR-83902307,1792
fbr,FBR-101793,1793
travel,TRP-8260870,1793
fbr,FBR-101794,1794
excise,LEA-286,1794
excise,KAR-4796,1794
excise,ICT-2294,1794
disco,MTR-30980460,1794
property,REG-575635,1794
property,REG-297499,1794
banking,PK83-8872830275,1794
banking,PK40-1743695851,1794
travel,TRP-7054621,1794
travel,TRP-7753128,1794
travel,TRP-9641785,1794
travel,TRP-3433486,1794
fbr,FBR-101795,1795
excise,RIR-8069,1795
disco,MTR-82234661,1795
property,REG-920268,1795
property,REG-207328,1795
banking,PK43-3947850440,1795
banking,PK10-6133722945,1795
travel,TRP-8880557,1795
travel,TRP-8611648,1795
fbr,FBR-101796,1796
excise,LEA-7533,1796
disco,MTR-29253448,1796
property,REG-682487,1796
banking,PK96-3581528616,1796
travel,TRP-4991236,1796
travel,TRP-7463523,1796
fbr,FBR-101797,1797
disco,MTR-52801386,1797
property,REG-100932,1797
excise,AFR-7370,1798
disco,MTR-28919276,1798
property,REG-701089,1798
banking,PK54-7756888287,1798
banking,PK90-2823508709,1798
travel,TRP-7808875,1798
excise,AFR-2139,1799
excise,RIR-4787,1799
excise,RIR-2440,1799
disco,MTR-62518541,1799
property,REG-248125,1799
banking,PK48-6373924438,1799
banking,PK31-8357638306,1799
travel,TRP-3489073,1799
fbr,FBR-101800,1800
disco,MTR-29171573,1800
property,REG-191401,1800
banking,PK71-7324984427,1800
travel,TRP-8568982,1800
fbr,FBR-101801,1801
excise,ICT-6226,1801
disco,MTR-33849797,1801
property,REG-526128,1801
property,REG-816934,1801
banking,PK96-4139622531,1801
banking,PK17-4557057541,1801
travel,TRP-1955714,1801
travel,TRP-1237877,1801
fbr,FBR-101802,1802
excise,ICT-983,1802
excise,LEA-2674,1802
excise,LEA-4233,1802
disco,MTR-35530167,1802
property,REG-265460,1802
property,REG-145362,1802
banking,PK37-4647932868,1802
banking,PK35-4723322120,1802
travel,TRP-1926443,1802
travel,TRP-7912564,1802
travel,TRP-7592333,1802
travel,TRP-9920275,1802
fbr,FBR-101803,1803
disco,MTR-74622961,1803
banking,PK68-4456952634,1803
fbr,FBR-101804,1804
excise,KAR-1782,1804
disco,MTR-74461670,1804
property,REG-484054,1804
banking,PK74-9937010716,1804
travel,TRP-9056736,1804
fbr,FBR-101805,1805
disco,MTR-67458700,1805
fbr,FBR-101806,1806
excise,LEA-2448,1806
property,REG-952543,1806
banking,PK73-3678450363,1806
fbr,FBR-101807,1807
excise,LEA-2130,1807
disco,MTR-45255791,1807
banking,PK13-5292151267,1807
fbr,FBR-101808,1808
disco,MTR-63431770,1808
fbr,FBR-101809,1809
excise,LEA-9412,1809
disco,MTR-41168570,1809
property,REG-799860,1809
banking,PK70-9897883527,1809
fbr,FBR-101810,1810
excise,AFR-6979,1810
disco,MTR-56082095,1810
travel,TRP-6050753,1810
excise,AFR-8974,1811
disco,MTR-39306350,1811
travel,TRP-4357578,1811
fbr,FBR-101812,1812
excise,RIR-4237,1812
excise,ICT-7101,1812
property,REG-619657,1812
property,REG-442123,1812
banking,PK32-6900849837,1812
travel,TRP-8806648,1812
travel,TRP-2031287,1812
travel,TRP-2275869,1812
excise,RIR-9213,1813
disco,MTR-51841640,1813
travel,TRP-6685831,1813
fbr,FBR-101814,1814
excise,RIR-8687,1814
disco,MTR-18565781,1814
banking,PK11-5899890370,1814
travel,TRP-3304488,1814
fbr,FBR-101815,1815
excise,ICT-6463,1815
disco,MTR-72780697,1815
banking,PK74-9520891078,1815
fbr,FBR-101816,1816
excise,LEA-8597,1816
disco,MTR-27328446,1816
banking,PK76-9634130254,1816
travel,TRP-8871509,1816
fbr,FBR-101817,1817
excise,RIR-6772,1817
disco,MTR-30103274,1817
fbr,FBR-101818,1818
disco,MTR-89358613,1818
property,REG-702929,1818
fbr,FBR-101819,1819
disco,MTR-74633956,1819
banking,PK48-5094573926,1819
travel,TRP-5237335,1819
fbr,FBR-101820,1820
disco,MTR-89064021,1820
travel,TRP-1222870,1820
fbr,FBR-101821,1821
excise,KAR-3087,1821
disco,MTR-18429397,1821
banking,PK74-4488766430,1821
fbr,FBR-101822,1822
excise,RIR-8595,1822
excise,ICT-1355,1822
disco,MTR-24400694,1822
property,REG-235131,1822
property,REG-155601,1822
banking,PK75-3165467033,1822
travel,TRP-1193095,1822
fbr,FBR-101823,1823
excise,KAR-7883,1823
excise,RIR-7534,1823
disco,MTR-55878515,1823
property,REG-581643,1823
banking,PK48-7071659060,1823
banking,PK99-2069852142,1823
banking,PK62-8088497103,1823
travel,TRP-5383420,1823
travel,TRP-2307650,1823
fbr,FBR-101824,1824
excise,RIR-7622,1824
disco,MTR-27680042,1824
banking,PK80-3302876725,1824
fbr,FBR-101825,1825
excise,AFR-7114,1825
excise,RIR-4938,1825
disco,MTR-98076074,1825
property,REG-352944,1825
banking,PK21-5258889993,1825
banking,PK15-3528063322,1825
travel,TRP-3319710,1825
travel,TRP-2691224,1825
travel,TRP-9806169,1825
fbr,FBR-101826,1826
excise,LEA-6629,1826
disco,MTR-35030082,1826
banking,PK33-8908746089,1826
fbr,FBR-101827,1827
disco,MTR-57822937,1827
property,REG-633949,1827
banking,PK17-4070518837,1827
fbr,FBR-101828,1828
excise,LEA-6501,1828
disco,MTR-40965791,1828
property,REG-723782,1828
banking,PK54-7590251570,1828
banking,PK82-4755856242,1828
travel,TRP-2825383,1828
travel,TRP-9641371,1828
travel,TRP-7798459,1828
fbr,FBR-101829,1829
excise,LEA-2355,1829
banking,PK58-5895026385,1829
fbr,FBR-101830,1830
excise,LEA-6263,1830
excise,KAR-2242,1830
disco,MTR-90466999,1830
property,REG-661292,1830
banking,PK58-7857962653,1830
banking,PK61-5589353714,1830
banking,PK78-1406486845,1830
banking,PK79-2614133815,1830
travel,TRP-4714412,1830
travel,TRP-5431423,1830
travel,TRP-7978738,1830
travel,TRP-8770946,1830
fbr,FBR-101831,1831
disco,MTR-58337015,1831
banking,PK82-8272352703,1831
travel,TRP-4986002,1831
fbr,FBR-101832,1832
excise,LEA-7052,1832
disco,MTR-80735987,1832
property,REG-995878,1832
travel,TRP-8296121,1832
fbr,FBR-101833,1833
excise,AFR-3776,1833
disco,MTR-36351828,1833
travel,TRP-5075807,1833
fbr,FBR-101834,1834
excise,RIR-7815,1834
disco,MTR-89431862,1834
banking,PK84-9217718802,1834
travel,TRP-1026366,1834
fbr,FBR-101835,1835
disco,MTR-41315414,1835
banking,PK81-4231863736,1835
fbr,FBR-101836,1836
excise,AFR-2940,1836
disco,MTR-17974966,1836
banking,PK59-2013406866,1836
fbr,FBR-101837,1837
excise,ICT-4849,1837
disco,MTR-10706205,1837
banking,PK41-7628281594,1837
travel,TRP-6310834,1837
fbr,FBR-101838,1838
excise,AFR-1107,1838
disco,MTR-47745793,1838
banking,PK28-3548650252,1838
fbr,FBR-101839,1839
disco,MTR-79798629,1839
fbr,FBR-101840,1840
excise,KAR-6777,1840
excise,RIR-285,1840
disco,MTR-48241391,1840
property,REG-731479,1840
banking,PK63-1972754145,1840
banking,PK12-2405908905,1840
travel,TRP-1237541,1840
travel,TRP-2720544,1840
travel,TRP-4795242,1840
fbr,FBR-101841,1841
excise,RIR-1973,1841
banking,PK94-4562487392,1841
fbr,FBR-101842,1842
excise,KAR-3402,1842
disco,MTR-74045238,1842
property,REG-128687,1842
property,REG-442157,1842
banking,PK95-9447088119,1842
banking,PK68-3788860414,1842
banking,PK23-3668572942,1842
travel,TRP-1953059,1842
travel,TRP-6425984,1842
travel,TRP-7378393,1842
fbr,FBR-101843,1843
disco,MTR-33620771,1843
property,REG-598218,1843
banking,PK68-1818250671,1843
disco,MTR-28465630,1844
banking,PK52-1831256473,1844
disco,MTR-37885600,1845
fbr,FBR-101846,1846
disco,MTR-34801211,1846
banking,PK33-1025026044,1846
fbr,FBR-101847,1847
excise,ICT-4001,1847
disco,MTR-92266588,1847
property,REG-398766,1847
banking,PK18-8332686088,1847
banking,PK20-7923336092,1847
travel,TRP-1820722,1847
travel,TRP-4858654,1847
travel,TRP-4451495,1847
travel,TRP-4066710,1847
fbr,FBR-101848,1848
excise,ICT-1216,1848
disco,MTR-54156790,1848
banking,PK88-8699219869,1848
fbr,FBR-101849,1849
excise,KAR-3699,1849
disco,MTR-85134564,1849
banking,PK91-2679784425,1849
fbr,FBR-101850,1850
disco,MTR-53483604,1850
fbr,FBR-101851,1851
excise,LEA-9655,1851
excise,KAR-7127,1851
excise,AFR-2871,1851
disco,MTR-66837017,1851
property,REG-159706,1851
banking,PK70-8829206882,1851
banking,PK14-6788672392,1851
banking,PK59-7364787317,1851
travel,TRP-9025057,1851
travel,TRP-3286779,1851
travel,TRP-8487385,1851
travel,TRP-6279991,1851
fbr,FBR-101852,1852
disco,MTR-94753865,1852
banking,PK10-5319178401,1852
fbr,FBR-101853,1853
excise,ICT-8141,1853
excise,LEA-637,1853
excise,KAR-7117,1853
disco,MTR-29372444,1853
property,REG-935347,1853
property,REG-234486,1853
banking,PK35-6966185035,1853
banking,PK38-3592614397,1853
banking,PK34-7635725749,1853
travel,TRP-5293425,1853
travel,TRP-4432818,1853
travel,TRP-6319053,1853
travel,TRP-4826630,1853
travel,TRP-4564905,1853
travel,TRP-8735944,1853
fbr,FBR-101854,1854
excise,AFR-9898,1854
disco,MTR-70801845,1854
travel,TRP-3971950,1854
fbr,FBR-101855,1855
excise,RIR-4326,1855
excise,AFR-9605,1855
disco,MTR-17548033,1855
property,REG-381888,1855
property,REG-654531,1855
banking,PK62-9833922664,1855
travel,TRP-5137283,1855
travel,TRP-8659453,1855
disco,MTR-19203076,1856
banking,PK47-3342498030,1856
fbr,FBR-101857,1857
disco,MTR-27971580,1857
property,REG-727613,1857
fbr,FBR-101858,1858
excise,RIR-4641,1858
disco,MTR-32571433,1858
property,REG-381722,1858
fbr,FBR-101859,1859
travel,TRP-1849401,1859
fbr,FBR-101860,1860
excise,AFR-8832,1860
disco,MTR-47347669,1860
property,REG-903361,1860
banking,PK43-7202319952,1860
banking,PK24-8827392075,1860
travel,TRP-6264230,1860
travel,TRP-1584601,1860
travel,TRP-9899076,1860
fbr,FBR-101861,1861
excise,RIR-6352,1861
excise,RIR-1361,1861
excise,LEA-2914,1861
disco,MTR-76500179,1861
property,REG-176193,1861
banking,PK67-2924523354,1861
travel,TRP-4013602,1861
travel,TRP-4995476,1861
travel,TRP-9931570,1861
travel,TRP-2945312,1861
excise,AFR-9612,1862
disco,MTR-35010572,1862
property,REG-215392,1862
banking,PK16-1677861683,1862
excise,ICT-1770,1863
excise,ICT-609,1863
excise,ICT-7198,1863
disco,MTR-54479534,1863
property,REG-214458,1863
banking,PK11-7318192034,1863
banking,PK40-2554470628,1863
travel,TRP-3958010,1863
travel,TRP-6582498,1863
travel,TRP-4733937,1863
travel,TRP-9190641,1863
travel,TRP-7135603,1863
fbr,FBR-101864,1864
excise,AFR-7463,1864
excise,ICT-9304,1864
disco,MTR-66279011,1864
property,REG-336998,1864
property,REG-796409,1864
banking,PK17-5760095933,1864
travel,TRP-9594903,1864
travel,TRP-8858819,1864
travel,TRP-9916893,1864
fbr,FBR-101865,1865
excise,KAR-9429,1865
disco,MTR-71978681,1865
fbr,FBR-101866,1866
disco,MTR-83387785,1866
fbr,FBR-101867,1867
disco,MTR-20986325,1867
fbr,FBR-101868,1868
banking,PK37-1765522172,1868
fbr,FBR-101869,1869
excise,KAR-612,1869
disco,MTR-62590888,1869
fbr,FBR-101870,1870
excise,LEA-2659,1870
banking,PK51-5277408981,1870
travel,TRP-3191118,1870
fbr,FBR-101871,1871
disco,MTR-92896196,1871
banking,PK29-6596545526,1871
fbr,FBR-101872,1872
excise,KAR-7416,1872
excise,ICT-9656,1872
excise,KAR-3595,1872
disco,MTR-36670848,1872
property,REG-659651,1872
property,REG-966840,1872
banking,PK54-3244741709,1872
banking,PK60-7829841102,1872
travel,TRP-1577958,1872
travel,TRP-6477412,1872
fbr,FBR-101873,1873
disco,MTR-11399891,1873
fbr,FBR-101874,1874
excise,RIR-3689,1874
disco,MTR-78711219,1874
disco,MTR-50073971,1875
property,REG-576348,1875
banking,PK10-4353503561,1875
fbr,FBR-101876,1876
excise,AFR-3547,1876
excise,KAR-9562,1876
excise,LEA-8207,1876
disco,MTR-32032704,1876
property,REG-119116,1876
property,REG-486636,1876
banking,PK67-3458583307,1876
travel,TRP-1513058,1876
travel,TRP-5855439,1876
fbr,FBR-101877,1877
disco,MTR-73238682,1877
banking,PK56-1343304955,1877
fbr,FBR-101878,1878
disco,MTR-40854282,1878
banking,PK17-2080313091,1878
excise,ICT-6250,1879
disco,MTR-44509181,1879
banking,PK90-5191865484,1879
fbr,FBR-101880,1880
excise,RIR-4874,1880
disco,MTR-98623720,1880
property,REG-938465,1881
banking,PK84-8022693775,1881
fbr,FBR-101882,1882
disco,MTR-27998055,1882
property,REG-369187,1882
banking,PK22-2070579568,1882
excise,RIR-5832,1883
disco,MTR-37389247,1883
property,REG-734705,1883
banking,PK77-9792437506,1883
banking,PK31-8733346456,1883
travel,TRP-6228390,1883
travel,TRP-2619339,1883
travel,TRP-2106427,1883
fbr,FBR-101884,1884
banking,PK68-4758371417,1884
travel,TRP-5635361,1884
fbr,FBR-101885,1885
excise,ICT-8972,1885
banking,PK86-6053046423,1885
fbr,FBR-101886,1886
disco,MTR-64528455,1886
banking,PK73-9843817756,1886
fbr,FBR-101887,1887
disco,MTR-29774373,1887
property,REG-100928,1887
excise,KAR-9140,1888
excise,ICT-5325,1888
property,REG-301974,1888
property,REG-786613,1888
banking,PK50-7241600154,1888
banking,PK23-2738717187,1888
travel,TRP-2586251,1888
travel,TRP-7932002,1888
fbr,FBR-101889,1889
excise,AFR-4560,1889
disco,MTR-90969140,1889
banking,PK18-4650413387,1889
fbr,FBR-101890,1890
excise,KAR-8064,1890
disco,MTR-11122042,1890
banking,PK33-6263911061,1890
fbr,FBR-101891,1891
disco,MTR-99177346,1891
property,REG-821518,1891
banking,PK67-3890345717,1891
disco,MTR-41749826,1892
banking,PK23-1888869155,1892
fbr,FBR-101893,1893
excise,ICT-1599,1893
excise,RIR-1063,1893
property,REG-972125,1893
property,REG-440199,1893
banking,PK75-6913431357,1893
travel,TRP-7455720,1893
travel,TRP-4600429,1893
travel,TRP-8675364,1893
travel,TRP-9657077,1893
fbr,FBR-101894,1894
excise,ICT-6785,1894
disco,MTR-94157626,1894
property,REG-455382,1894
banking,PK35-2166679464,1894
banking,PK23-4739594766,1895
travel,TRP-8960294,1895
fbr,FBR-101896,1896
excise,AFR-6536,1896
banking,PK48-2667416777,1896
fbr,FBR-101897,1897
excise,ICT-5296,1897
excise,AFR-470,1897
excise,ICT-8399,1897
disco,MTR-28368311,1897
property,REG-158294,1897
banking,PK52-6639858993,1897
travel,TRP-5864636,1897
travel,TRP-3288444,1897
travel,TRP-8598814,1897
travel,TRP-6648985,1897
fbr,FBR-101898,1898
excise,LEA-8423,1898
excise,ICT-5291,1898
excise,LEA-3275,1898
disco,MTR-83764275,1898
property,REG-185836,1898
banking,PK81-8576164069,1898
travel,TRP-9806031,1898
fbr,FBR-101899,1899
excise,ICT-9773,1899
disco,MTR-87073529,1899
property,REG-247762,1899
banking,PK67-4463882976,1899
banking,PK32-8008825714,1899
banking,PK16-1230706942,1899
banking,PK79-2124997338,1899
travel,TRP-5760537,1899
travel,TRP-5795506,1899
travel,TRP-5465163,1899
travel,TRP-7360991,1899
travel,TRP-5012576,1899
fbr,FBR-101900,1900
disco,MTR-18846123,1900
fbr,FBR-101901,1901
banking,PK40-2647097635,1901
fbr,FBR-101902,1902
excise,AFR-5854,1902
disco,MTR-60978383,1902
banking,PK41-5633332453,1902
fbr,FBR-101903,1903
disco,MTR-33933362,1903
fbr,FBR-101904,1904
excise,ICT-6061,1904
disco,MTR-91158402,1904
banking,PK20-2160261806,1904
travel,TRP-5580842,1904
disco,MTR-13142978,1905
banking,PK21-1561964694,1905
fbr,FBR-101906,1906
excise,KAR-1268,1906
excise,AFR-842,1906
disco,MTR-79888085,1906
property,REG-230057,1906
banking,PK40-3040886056,1906
travel,TRP-4520780,1906
fbr,FBR-101907,1907
disco,MTR-61956413,1907
property,REG-523743,1907
banking,PK87-6243369548,1907
fbr,FBR-101908,1908
disco,MTR-18763692,1908
banking,PK62-3505032702,1908
fbr,FBR-101909,1909
disco,MTR-76939759,1909
banking,PK69-5270648425,1909
excise,AFR-7617,1910
disco,MTR-71963970,1910
fbr,FBR-101911,1911
excise,AFR-660,1911
disco,MTR-37671752,1911
property,REG-747865,1911
banking,PK69-8623597937,1911
travel,TRP-2128654,1911
fbr,FBR-101912,1912
excise,AFR-4614,1912
disco,MTR-10415005,1912
fbr,FBR-101913,1913
fbr,FBR-101914,1914
excise,ICT-1894,1914
disco,MTR-98433300,1914
fbr,FBR-101915,1915
disco,MTR-78814754,1915
banking,PK43-1417104311,1915
fbr,FBR-101916,1916
disco,MTR-57297237,1916
travel,TRP-1058458,1916
excise,AFR-8746,1917
disco,MTR-32377620,1917
property,REG-869009,1917
banking,PK54-8943178129,1917
banking,PK12-4359746012,1917
travel,TRP-5492813,1917
travel,TRP-8411085,1917
fbr,FBR-101918,1918
excise,ICT-8070,1918
disco,MTR-33103553,1918
banking,PK45-6769167805,1918
travel,TRP-3775122,1918
fbr,FBR-101919,1919
disco,MTR-46218982,1919
banking,PK14-7866996219,1919
travel,TRP-4316499,1919
fbr,FBR-101920,1920
excise,ICT-5765,1920
disco,MTR-48480037,1920
fbr,FBR-101921,1921
disco,MTR-74237618,1921
banking,PK94-3263770569,1921
fbr,FBR-101922,1922
disco,MTR-75090596,1922
banking,PK31-8880200441,1922
fbr,FBR-101923,1923
excise,ICT-4640,1923
disco,MTR-81761391,1923
banking,PK57-2269391597,1923
travel,TRP-5223164,1923
fbr,FBR-101924,1924
disco,MTR-41735390,1924
travel,TRP-4218957,1924
fbr,FBR-101925,1925
excise,RIR-5716,1925
disco,MTR-22859094,1925
travel,TRP-4961505,1925
fbr,FBR-101926,1926
excise,ICT-5506,1926
disco,MTR-45945798,1926
banking,PK77-3753813364,1926
fbr,FBR-101927,1927
excise,RIR-9487,1927
excise,KAR-8153,1927
disco,MTR-86821343,1927
property,REG-390071,1927
banking,PK90-4577493516,1927
travel,TRP-7854501,1927
fbr,FBR-101928,1928
excise,LEA-2638,1928
fbr,FBR-101929,1929
disco,MTR-57177667,1929
banking,PK14-6780753762,1929
disco,MTR-53566685,1930
banking,PK84-7110223907,1930
travel,TRP-7754863,1930
fbr,FBR-101931,1931
excise,RIR-9450,1931
banking,PK40-1753881769,1931
fbr,FBR-101932,1932
disco,MTR-34666962,1932
excise,KAR-5251,1933
disco,MTR-21391341,1933
property,REG-147619,1933
fbr,FBR-101934,1934
excise,AFR-2104,1934
disco,MTR-62266381,1934
property,REG-490193,1934
banking,PK37-2941850379,1934
banking,PK41-7183120950,1934
travel,TRP-5678404,1934
travel,TRP-8482130,1934
travel,TRP-7207447,1934
excise,RIR-6433,1935
disco,MTR-60872376,1935
banking,PK89-5747999123,1935
fbr,FBR-101936,1936
excise,AFR-2584,1936
property,REG-551697,1936
banking,PK88-3422017386,1936
banking,PK77-6633276327,1936
banking,PK69-3785721032,1936
banking,PK60-6321699045,1936
travel,TRP-5351242,1936
travel,TRP-9322456,1936
travel,TRP-4405590,1936
travel,TRP-4519852,1936
travel,TRP-3601887,1936
fbr,FBR-101937,1937
excise,AFR-9162,1937
disco,MTR-73045373,1937
property,REG-975019,1937
fbr,FBR-101938,1938
property,REG-561947,1938
banking,PK15-2587925757,1938
fbr,FBR-101939,1939
excise,ICT-2516,1939
disco,MTR-57782706,1939
property,REG-959055,1939
banking,PK99-7062187153,1939
banking,PK73-1059427445,1939
banking,PK16-8909543850,1939
travel,TRP-3471612,1939
travel,TRP-2765567,1939
travel,TRP-4986952,1939
travel,TRP-8501372,1939
travel,TRP-3459746,1939
fbr,FBR-101940,1940
excise,ICT-6458,1940
disco,MTR-49644096,1940
property,REG-558022,1940
fbr,FBR-101941,1941
disco,MTR-66989263,1941
travel,TRP-6374019,1941
fbr,FBR-101942,1942
excise,AFR-7753,1942
excise,ICT-5075,1942
disco,MTR-75445878,1942
property,REG-881109,1942
banking,PK68-1935576065,1942
banking,PK13-5456137439,1942
banking,PK12-2088630488,1942
banking,PK75-5326200294,1942
travel,TRP-7700643,1942
travel,TRP-7501128,1942
excise,RIR-1628,1943
banking,PK49-2463927009,1943
fbr,FBR-101944,1944
disco,MTR-69699745,1944
fbr,FBR-101945,1945
excise,AFR-8111,1945
disco,MTR-89171958,1945
property,REG-405704,1945
travel,TRP-8067602,1945
fbr,FBR-101946,1946
disco,MTR-80649851,1946
banking,PK15-2758070002,1946
fbr,FBR-101947,1947
excise,AFR-4601,1947
disco,MTR-46530021,1947
banking,PK58-5335949140,1947
travel,TRP-8936629,1947
fbr,FBR-101948,1948
disco,MTR-67361213,1948
banking,PK20-9390563871,1948
fbr,FBR-101949,1949
excise,RIR-2179,1949
property,REG-395422,1949
banking,PK40-7006878176,1949
fbr,FBR-101950,1950
disco,MTR-15488617,1950
property,REG-225222,1950
disco,MTR-68836922,1951
property,REG-945807,1951
banking,PK65-3921029706,1951
travel,TRP-5287278,1951
fbr,FBR-101952,1952
excise,ICT-9477,1952
excise,AFR-6799,1952
disco,MTR-18940797,1952
property,REG-420768,1952
banking,PK93-1341218669,1952
banking,PK60-4154194244,1952
banking,PK63-8998354716,1952
travel,TRP-4344078,1952
travel,TRP-6067920,1952
travel,TRP-1938528,1952
fbr,FBR-101953,1953
excise,LEA-3805,1953
disco,MTR-42405969,1953
fbr,FBR-101954,1954
disco,MTR-61637746,1954
banking,PK87-4126665683,1954
travel,TRP-3972422,1954
fbr,FBR-101955,1955
excise,RIR-2294,1955
excise,ICT-9441,1955
disco,MTR-57194515,1955
property,REG-378132,1955
banking,PK53-5622595142,1955
banking,PK26-3925662622,1955
banking,PK28-3718753827,1955
travel,TRP-9859902,1955
travel,TRP-1347242,1955
fbr,FBR-101956,1956
disco,MTR-92999429,1956
fbr,FBR-101957,1957
excise,KAR-3731,1957
excise,RIR-5023,1957
excise,KAR-6115,1957
disco,MTR-59616685,1957
property,REG-350573,1957
banking,PK42-3295135940,1957
banking,PK55-5066996980,1957
banking,PK69-8671815054,1957
banking,PK94-5994311338,1957
travel,TRP-1301845,1957
travel,TRP-7996519,1957
travel,TRP-7055825,1957
fbr,FBR-101958,1958
excise,KAR-9905,1958
excise,ICT-452,1958
disco,MTR-46758609,1958
property,REG-123598,1958
property,REG-237211,1958
banking,PK37-5171904691,1958
travel,TRP-9629332,1958
travel,TRP-5819292,1958
travel,TRP-5054506,1958
travel,TRP-3871098,1958
fbr,FBR-101959,1959
excise,LEA-2944,1959
disco,MTR-46215686,1959
fbr,FBR-101960,1960
excise,AFR-5471,1960
property,REG-960811,1960
property,REG-676879,1960
banking,PK10-9163941670,1960
banking,PK93-1406785072,1960
travel,TRP-5904833,1960
fbr,FBR-101961,1961
disco,MTR-80924181,1961
fbr,FBR-101962,1962
excise,ICT-7715,1962
excise,AFR-1188,1962
disco,MTR-26426126,1962
property,REG-533309,1962
property,REG-235241,1962
banking,PK24-2825274084,1962
banking,PK43-1677963052,1962
banking,PK18-2731426398,1962
banking,PK37-3215922048,1962
travel,TRP-3173387,1962
travel,TRP-8166427,1962
travel,TRP-7102880,1962
fbr,FBR-101963,1963
excise,RIR-6348,1963
disco,MTR-30719741,1963
banking,PK27-3701251526,1963
fbr,FBR-101964,1964
excise,RIR-3171,1964
disco,MTR-71277836,1964
banking,PK63-3360894606,1964
travel,TRP-9923415,1964
fbr,FBR-101965,1965
excise,RIR-5162,1965
excise,AFR-1529,1965
property,REG-530788,1965
banking,PK29-3697532752,1965
banking,PK48-6470224385,1965
travel,TRP-3364608,1965
travel,TRP-4796384,1965
travel,TRP-7123340,1965
fbr,FBR-101966,1966
excise,LEA-5430,1966
excise,ICT-3621,1966
excise,LEA-5043,1966
disco,MTR-92277792,1966
property,REG-527961,1966
banking,PK32-5438019796,1966
banking,PK51-2006338222,1966
travel,TRP-5095038,1966
travel,TRP-4617318,1966
fbr,FBR-101967,1967
disco,MTR-84005658,1967
banking,PK52-1581729617,1967
fbr,FBR-101968,1968
excise,AFR-6071,1968
excise,AFR-2405,1968
disco,MTR-23878248,1968
property,REG-970996,1968
banking,PK65-8038814099,1968
banking,PK81-2837497695,1968
travel,TRP-7080469,1968
travel,TRP-4409989,1968
travel,TRP-4236424,1968
travel,TRP-4622221,1968
travel,TRP-3059921,1968
fbr,FBR-101969,1969
excise,ICT-5606,1969
excise,KAR-9957,1969
disco,MTR-97650227,1969
property,REG-917555,1969
banking,PK39-7118867897,1969
travel,TRP-7943706,1969
travel,TRP-5403741,1969
fbr,FBR-101970,1970
excise,KAR-9469,1970
excise,LEA-6673,1970
disco,MTR-25810357,1970
property,REG-310678,1970
banking,PK64-4889134556,1970
banking,PK66-9432179171,1970
travel,TRP-2225341,1970
travel,TRP-6388261,1970
travel,TRP-8491715,1970
fbr,FBR-101971,1971
excise,KAR-8352,1971
excise,LEA-7429,1971
excise,KAR-1394,1971
disco,MTR-10948563,1971
property,REG-632978,1971
property,REG-551753,1971
banking,PK11-6047347094,1971
banking,PK68-8120587624,1971
travel,TRP-7378016,1971
travel,TRP-5563523,1971
fbr,FBR-101972,1972
excise,LEA-9069,1972
disco,MTR-99794227,1972
fbr,FBR-101973,1973
excise,LEA-5817,1973
disco,MTR-29097063,1973
property,REG-213768,1973
property,REG-448427,1973
banking,PK59-2600591727,1973
banking,PK32-7663897353,1973
banking,PK51-6584165595,1973
travel,TRP-9834444,1973
travel,TRP-9165431,1973
fbr,FBR-101974,1974
disco,MTR-73639004,1974
banking,PK35-5613380321,1974
excise,RIR-9051,1975
excise,ICT-7301,1975
disco,MTR-25581085,1975
property,REG-949605,1975
banking,PK21-7871913981,1975
travel,TRP-6222765,1975
travel,TRP-5236425,1975
fbr,FBR-101976,1976
excise,LEA-2719,1976
excise,ICT-7341,1976
disco,MTR-49555245,1976
property,REG-133298,1976
banking,PK27-8230192334,1976
banking,PK77-6853171309,1976
banking,PK55-2550107217,1976
banking,PK26-2115204589,1976
travel,TRP-5665954,1976
travel,TRP-9226636,1976
travel,TRP-7062727,1976
travel,TRP-9008841,1976
fbr,FBR-101977,1977
excise,AFR-7448,1977
disco,MTR-93251842,1977
property,REG-146223,1977
banking,PK52-9475429212,1977
banking,PK74-8819580154,1977
banking,PK66-3478134432,1977
banking,PK61-9449657254,1977
travel,TRP-7354951,1977
travel,TRP-5325976,1977
travel,TRP-3471610,1977
travel,TRP-6977932,1977
travel,TRP-7615538,1977
travel,TRP-9768250,1977
fbr,FBR-101978,1978
disco,MTR-36743833,1978
property,REG-350163,1978
banking,PK50-4741758046,1978
fbr,FBR-101979,1979
excise,ICT-554,1979
excise,KAR-300,1979
excise,LEA-1954,1979
disco,MTR-91423269,1979
property,REG-289013,1979
banking,PK38-1279666469,1979
banking,PK85-7479762457,1979
banking,PK83-1292541330,1979
travel,TRP-9438302,1979
travel,TRP-7183865,1979
travel,TRP-2574752,1979
travel,TRP-4427209,1979
fbr,FBR-101980,1980
excise,LEA-2339,1980
disco,MTR-92660935,1980
property,REG-851829,1980
banking,PK84-1208466566,1980
banking,PK34-3424742796,1980
banking,PK10-7556198577,1980
banking,PK64-8155254105,1980
travel,TRP-3000369,1980
travel,TRP-6708746,1980
travel,TRP-4891794,1980
travel,TRP-2524858,1980
travel,TRP-6044873,1980
fbr,FBR-101981,1981
disco,MTR-84601840,1981
banking,PK63-7317461089,1981
travel,TRP-1834937,1981
fbr,FBR-101982,1982
disco,MTR-61378273,1982
fbr,FBR-101983,1983
excise,RIR-5394,1983
excise,AFR-6498,1983
disco,MTR-12635603,1983
property,REG-767899,1983
banking,PK98-8145047229,1983
banking,PK74-4160901288,1983
travel,TRP-9335953,1983
travel,TRP-6852292,1983
fbr,FBR-101984,1984
excise,ICT-4167,1984
excise,AFR-6778,1984
disco,MTR-73914650,1984
property,REG-429124,1984
property,REG-471624,1984
banking,PK13-7242117833,1984
banking,PK38-3110595614,1984
banking,PK12-8783135485,1984
travel,TRP-5439636,1984
travel,TRP-2178423,1984
travel,TRP-7287467,1984
travel,TRP-9005224,1984
travel,TRP-5415528,1984
excise,ICT-3107,1985
excise,LEA-5850,1985
disco,MTR-18318441,1985
property,REG-955359,1985
property,REG-933494,1985
banking,PK25-5565410089,1985
banking,PK84-8768330242,1985
travel,TRP-9468442,1985
travel,TRP-2094198,1985
fbr,FBR-101986,1986
excise,AFR-4004,1986
disco,MTR-89011887,1986
banking,PK14-3837678624,1986
fbr,FBR-101987,1987
excise,LEA-1325,1987
disco,MTR-46064199,1987
property,REG-734063,1987
property,REG-149902,1987
banking,PK98-9635819166,1987
banking,PK57-5939746838,1987
travel,TRP-8115650,1987
travel,TRP-7505210,1987
travel,TRP-7131882,1987
fbr,FBR-101988,1988
disco,MTR-93687772,1988
property,REG-578958,1988
banking,PK48-2949775938,1988
excise,RIR-7943,1989
excise,KAR-2326,1989
excise,ICT-5143,1989
disco,MTR-60629453,1989
property,REG-751364,1989
property,REG-829275,1989
banking,PK15-3881542349,1989
banking,PK56-6135915753,1989
travel,TRP-1820523,1989
travel,TRP-4690329,1989
travel,TRP-7769046,1989
fbr,FBR-101990,1990
excise,ICT-9859,1990
disco,MTR-27180035,1990
property,REG-995540,1990
banking,PK54-7289007979,1990
banking,PK45-7779407221,1990
banking,PK36-2666363237,1990
travel,TRP-5884300,1990
travel,TRP-3841782,1990
travel,TRP-5174466,1990
fbr,FBR-101991,1991
disco,MTR-84052922,1991
banking,PK68-5589552475,1991
fbr,FBR-101992,1992
excise,ICT-3124,1992
disco,MTR-87634074,1992
property,REG-205548,1992
banking,PK17-9474324528,1992
banking,PK97-1693557072,1992
banking,PK18-8628179408,1992
banking,PK78-1529236269,1992
travel,TRP-2658105,1992
travel,TRP-6122409,1992
fbr,FBR-101993,1993
excise,RIR-1398,1993
disco,MTR-78415419,1993
fbr,FBR-101994,1994
excise,AFR-2041,1994
disco,MTR-12676883,1994
banking,PK52-7743027884,1994
fbr,FBR-101995,1995
excise,AFR-3120,1995
disco,MTR-39417251,1995
banking,PK45-6421904499,1995
travel,TRP-2093605,1995
fbr,FBR-101996,1996
excise,RIR-8367,1996
excise,KAR-7238,1996
disco,MTR-74264687,1996
property,REG-245532,1996
property,REG-531964,1996
banking,PK59-4990126160,1996
banking,PK66-7464905511,1996
travel,TRP-7151668,1996
travel,TRP-2106556,1996
travel,TRP-1828824,1996
travel,TRP-8660872,1996
travel,TRP-2978950,1996
travel,TRP-9779518,1996
fbr,FBR-101997,1997
disco,MTR-61246054,1997
property,REG-723018,1997
fbr,FBR-101998,1998
disco,MTR-65130654,1998
property,REG-620294,1998
banking,PK81-7565373748,1998
travel,TRP-7675337,1998
fbr,FBR-101999,1999
disco,MTR-56081823,1999
property,REG-964711,1999
fbr,FBR-102000,2000
excise,LEA-357,2000
property,REG-831173,2000
banking,PK49-2413807086,2000
travel,TRP-6117344,2000
travel,TRP-2139106,2000
excise,KAR-9928,2001
excise,AFR-9246,2001
excise,RIR-8138,2001
disco,MTR-33159120,2001
property,REG-201956,2001
banking,PK82-1199726928,2001
travel,TRP-4218487,2001
travel,TRP-4780934,2001
travel,TRP-5969954,2001
travel,TRP-1572871,2001
disco,MTR-82247437,2002
property,REG-503692,2002
fbr,FBR-102003,2003
excise,LEA-2100,2003
disco,MTR-83462300,2003
fbr,FBR-102004,2004
travel,TRP-5558771,2004
fbr,FBR-102005,2005
excise,RIR-3000,2005
disco,MTR-79451102,2005
property,REG-380260,2005
property,REG-768345,2005
banking,PK98-1184634338,2005
banking,PK91-2439147334,2005
banking,PK33-2429678040,2005
travel,TRP-8304404,2005
travel,TRP-6125653,2005
travel,TRP-7480894,2005
travel,TRP-5215046,2005
fbr,FBR-102006,2006
disco,MTR-46271309,2006
fbr,FBR-102007,2007
excise,ICT-4989,2007
excise,LEA-9988,2007
excise,KAR-7273,2007
disco,MTR-68639885,2007
property,REG-965485,2007
property,REG-532295,2007
banking,PK24-8715904008,2007
travel,TRP-2807766,2007
fbr,FBR-102008,2008
excise,KAR-1376,2008
disco,MTR-16914333,2008
fbr,FBR-102009,2009
banking,PK75-5857868712,2009
travel,TRP-2513330,2009
fbr,FBR-102010,2010
excise,AFR-8666,2010
disco,MTR-52531343,2010
property,REG-231001,2010
banking,PK40-5244881837,2010
banking,PK95-2745669005,2010
travel,TRP-2100846,2010
travel,TRP-8433663,2010
fbr,FBR-102011,2011
excise,ICT-3248,2011
excise,LEA-4118,2011
disco,MTR-76897617,2011
property,REG-208795,2011
banking,PK25-6848643789,2011
travel,TRP-3908312,2011
travel,TRP-2745704,2011
travel,TRP-4530572,2011
fbr,FBR-102012,2012
disco,MTR-25298374,2012
banking,PK21-4786658701,2012
fbr,FBR-102013,2013
disco,MTR-30744679,2013
banking,PK38-3315172973,2013
excise,ICT-4526,2014
disco,MTR-61479574,2014
property,REG-115421,2014
banking,PK22-5520117216,2014
travel,TRP-2636623,2014
travel,TRP-8887402,2014
travel,TRP-6816510,2014
fbr,FBR-102015,2015
excise,RIR-2063,2015
excise,LEA-9728,2015
disco,MTR-40293903,2015
property,REG-569350,2015
property,REG-635447,2015
banking,PK54-7208108816,2015
banking,PK82-1593419291,2015
banking,PK16-6931276775,2015
travel,TRP-8329577,2015
travel,TRP-7678636,2015
travel,TRP-8779945,2015
travel,TRP-3983445,2015
travel,TRP-6085619,2015
travel,TRP-3899449,2015
fbr,FBR-102016,2016
excise,ICT-8110,2016
excise,ICT-5077,2016
disco,MTR-95605862,2016
property,REG-445274,2016
banking,PK69-1582276913,2016
banking,PK65-3177692011,2016
banking,PK12-1823580645,2016
travel,TRP-5822542,2016
travel,TRP-1402327,2016
travel,TRP-4789390,2016
travel,TRP-6602644,2016
travel,TRP-9384941,2016
travel,TRP-4147157,2016
fbr,FBR-102017,2017
excise,AFR-3424,2017
excise,AFR-806,2017
excise,KAR-2305,2017
disco,MTR-63278126,2017
property,REG-621772,2017
property,REG-358564,2017
banking,PK61-3885553544,2017
travel,TRP-6151863,2017
fbr,FBR-102018,2018
excise,LEA-3234,2018
disco,MTR-97744957,2018
fbr,FBR-102019,2019
excise,AFR-5565,2019
disco,MTR-79966564,2019
banking,PK79-5624430333,2019
fbr,FBR-102020,2020
excise,AFR-4424,2020
disco,MTR-47811709,2020
disco,MTR-69925917,2021
property,REG-957201,2021
fbr,FBR-102022,2022
excise,AFR-2964,2022
disco,MTR-38290570,2022
banking,PK94-9346009751,2022
travel,TRP-9136029,2022
fbr,FBR-102023,2023
excise,AFR-1061,2023
disco,MTR-47432185,2023
banking,PK17-7497762404,2023
fbr,FBR-102024,2024
excise,RIR-9235,2024
disco,MTR-59757312,2024
fbr,FBR-102025,2025
disco,MTR-48722148,2025
banking,PK55-1694443925,2025
fbr,FBR-102026,2026
excise,LEA-5434,2026
excise,RIR-2769,2026
excise,ICT-6112,2026
disco,MTR-65938369,2026
property,REG-540092,2026
property,REG-261620,2026
banking,PK42-2333061142,2026
travel,TRP-2145876,2026
travel,TRP-5999945,2026
travel,TRP-2654903,2026
fbr,FBR-102027,2027
excise,AFR-7268,2027
disco,MTR-94990861,2027
property,REG-353758,2027
property,REG-663764,2027
banking,PK89-9557531910,2027
banking,PK17-8920141400,2027
travel,TRP-5774800,2027
travel,TRP-4644686,2027
fbr,FBR-102028,2028
excise,LEA-3905,2028
disco,MTR-73390015,2028
property,REG-372852,2028
property,REG-598061,2028
banking,PK80-2800954873,2028
banking,PK43-5827543314,2028
banking,PK78-1719244606,2028
travel,TRP-3876131,2028
travel,TRP-5337006,2028
travel,TRP-2654118,2028
fbr,FBR-102029,2029
excise,AFR-5947,2029
disco,MTR-72371941,2029
property,REG-115966,2029
travel,TRP-5140786,2029
fbr,FBR-102030,2030
disco,MTR-96264459,2030
banking,PK15-4624813159,2030
excise,RIR-2537,2031
property,REG-420567,2031
property,REG-987124,2031
banking,PK26-1361471663,2031
travel,TRP-4887972,2031
travel,TRP-2948779,2031
travel,TRP-7486337,2031
travel,TRP-4269906,2031
fbr,FBR-102032,2032
excise,KAR-491,2032
disco,MTR-44701829,2032
banking,PK80-6724648488,2032
fbr,FBR-102033,2033
banking,PK97-5930232245,2033
travel,TRP-6783195,2033
fbr,FBR-102034,2034
excise,ICT-9334,2034
disco,MTR-87426370,2034
property,REG-403670,2034
property,REG-809925,2034
banking,PK68-1919207604,2034
banking,PK49-5561488375,2034
banking,PK80-7529939666,2034
travel,TRP-4472992,2034
travel,TRP-1785222,2034
travel,TRP-3176285,2034
fbr,FBR-102035,2035
excise,AFR-1977,2035
disco,MTR-78526709,2035
banking,PK13-3893571194,2035
fbr,FBR-102036,2036
disco,MTR-94463523,2036
banking,PK85-7742509533,2036
fbr,FBR-102037,2037
banking,PK80-4068244775,2037
fbr,FBR-102038,2038
disco,MTR-84844417,2038
banking,PK60-9788035077,2038
fbr,FBR-102039,2039
excise,KAR-5596,2039
disco,MTR-52383842,2039
disco,MTR-11238262,2040
banking,PK58-5316665746,2040
excise,AFR-896,2042
disco,MTR-62118392,2042
property,REG-626909,2042
property,REG-454689,2042
banking,PK90-2712400761,2042
travel,TRP-8248967,2042
travel,TRP-6668523,2042
fbr,FBR-102043,2043
excise,KAR-2929,2043
excise,RIR-8569,2043
disco,MTR-16717346,2043
property,REG-183086,2043
banking,PK91-2746710034,2043
banking,PK13-3334137799,2043
travel,TRP-4600689,2043
travel,TRP-9499097,2043
travel,TRP-4992135,2043
fbr,FBR-102044,2044
excise,ICT-468,2044
excise,AFR-5048,2044
excise,KAR-3365,2044
disco,MTR-93045677,2044
property,REG-371367,2044
property,REG-776188,2044
banking,PK28-4753044071,2044
banking,PK69-9359038576,2044
banking,PK69-7877463813,2044
travel,TRP-6027511,2044
travel,TRP-7546772,2044
travel,TRP-8913216,2044
travel,TRP-6375393,2044
travel,TRP-9129401,2044
travel,TRP-5096258,2044
fbr,FBR-102045,2045
excise,ICT-2871,2045
disco,MTR-16513553,2045
banking,PK69-5815979256,2045
fbr,FBR-102046,2046
disco,MTR-31361321,2046
banking,PK70-4176772157,2046
fbr,FBR-102047,2047
excise,LEA-4824,2047
excise,ICT-4647,2047
disco,MTR-62955628,2047
property,REG-597116,2047
property,REG-545121,2047
banking,PK74-6115111495,2047
banking,PK40-9274906500,2047
travel,TRP-7484371,2047
travel,TRP-3113334,2047
travel,TRP-9301716,2047
banking,PK46-4700502595,2048
excise,KAR-1658,2049
disco,MTR-47700161,2049
fbr,FBR-102050,2050
excise,RIR-5632,2050
excise,AFR-7480,2050
disco,MTR-29120786,2050
property,REG-580536,2050
banking,PK51-5577843035,2050
banking,PK75-4885575893,2050
banking,PK57-2433944462,2050
travel,TRP-3783972,2050
travel,TRP-5503445,2050
travel,TRP-5269641,2050
fbr,FBR-102051,2051
excise,ICT-7890,2051
excise,ICT-6293,2051
excise,KAR-1698,2051
disco,MTR-77590546,2051
property,REG-103047,2051
property,REG-327783,2051
banking,PK88-2512552331,2051
travel,TRP-3769826,2051
travel,TRP-6631395,2051
travel,TRP-1921875,2051
travel,TRP-9678111,2051
fbr,FBR-102052,2052
excise,LEA-2400,2052
excise,ICT-1955,2052
excise,LEA-196,2052
disco,MTR-49816604,2052
property,REG-813749,2052
banking,PK77-7807205986,2052
banking,PK14-6708151633,2052
travel,TRP-6864866,2052
travel,TRP-1865616,2052
fbr,FBR-102053,2053
excise,RIR-1330,2053
excise,LEA-4581,2053
disco,MTR-59007774,2053
property,REG-839623,2053
property,REG-205496,2053
banking,PK81-7864133443,2053
banking,PK98-7921633688,2053
banking,PK47-9338673597,2053
banking,PK49-6875297505,2053
travel,TRP-2089022,2053
travel,TRP-9790873,2053
travel,TRP-6571108,2053
travel,TRP-4540127,2053
travel,TRP-3669413,2053
travel,TRP-9203252,2053
fbr,FBR-102054,2054
excise,RIR-2974,2054
disco,MTR-39760777,2054
banking,PK99-1912269941,2054
fbr,FBR-102055,2055
excise,AFR-8007,2055
disco,MTR-29239938,2055
banking,PK40-5152150457,2055
fbr,FBR-102056,2056
excise,RIR-3525,2056
excise,KAR-6366,2056
disco,MTR-64672928,2056
property,REG-702559,2056
banking,PK98-3561818633,2056
banking,PK70-1762182710,2056
banking,PK31-1709316409,2056
banking,PK12-1790621810,2056
travel,TRP-5478708,2056
travel,TRP-9690400,2056
travel,TRP-4701762,2056
travel,TRP-8125937,2056
fbr,FBR-102057,2057
disco,MTR-91532275,2057
banking,PK71-1880185856,2057
fbr,FBR-102058,2058
disco,MTR-38266007,2058
banking,PK45-8710772720,2058
fbr,FBR-102059,2059
excise,ICT-3733,2059
excise,KAR-9615,2059
excise,RIR-3492,2059
disco,MTR-98716606,2059
property,REG-589662,2059
property,REG-102465,2059
banking,PK77-4744148060,2059
banking,PK65-8239092673,2059
banking,PK65-9118431617,2059
travel,TRP-2614485,2059
travel,TRP-9322378,2059
travel,TRP-6744201,2059
fbr,FBR-102060,2060
disco,MTR-49610713,2060
travel,TRP-7457780,2060
fbr,FBR-102061,2061
excise,RIR-6110,2061
disco,MTR-20911507,2061
fbr,FBR-102062,2062
excise,LEA-3907,2062
excise,LEA-7577,2062
disco,MTR-57110714,2062
property,REG-858715,2062
property,REG-319223,2062
banking,PK14-1880620185,2062
travel,TRP-5948590,2062
travel,TRP-1256845,2062
travel,TRP-1675599,2062
travel,TRP-2909332,2062
fbr,FBR-102063,2063
disco,MTR-58671129,2063
disco,MTR-77447021,2064
property,REG-275370,2064
fbr,FBR-102065,2065
excise,RIR-1983,2065
disco,MTR-33255537,2065
travel,TRP-1663598,2065
fbr,FBR-102066,2066
excise,RIR-1334,2066
disco,MTR-54463732,2066
banking,PK50-3193685284,2066
fbr,FBR-102067,2067
excise,KAR-6356,2067
excise,AFR-5784,2067
property,REG-781704,2067
property,REG-176551,2067
banking,PK54-1891553984,2067
banking,PK55-3307154328,2067
travel,TRP-8868738,2067
travel,TRP-4809360,2067
travel,TRP-2531495,2067
travel,TRP-5015485,2067
fbr,FBR-102068,2068
disco,MTR-20260135,2068
property,REG-911193,2068
banking,PK84-3009014166,2068
fbr,FBR-102069,2069
excise,RIR-117,2069
excise,AFR-6259,2069
excise,KAR-2487,2069
disco,MTR-17154872,2069
property,REG-415111,2069
banking,PK29-5899663988,2069
banking,PK75-6977025972,2069
travel,TRP-2939872,2069
fbr,FBR-102071,2071
disco,MTR-22242273,2071
banking,PK57-3959030858,2071
travel,TRP-7647635,2071
fbr,FBR-102072,2072
excise,RIR-8261,2072
disco,MTR-80589783,2072
property,REG-839765,2072
banking,PK56-9793997371,2072
banking,PK62-5938760083,2072
travel,TRP-3422687,2072
travel,TRP-7165941,2072
travel,TRP-1623503,2072
travel,TRP-5960533,2072
travel,TRP-5401701,2072
fbr,FBR-102073,2073
excise,AFR-6991,2073
disco,MTR-91371863,2073
property,REG-762438,2073
travel,TRP-7392303,2073
fbr,FBR-102074,2074
excise,AFR-3097,2074
disco,MTR-89550375,2074
fbr,FBR-102075,2075
disco,MTR-18107545,2075
banking,PK73-6232516478,2075
fbr,FBR-102076,2076
excise,ICT-9369,2076
excise,RIR-3330,2076
disco,MTR-87065058,2076
property,REG-107590,2076
property,REG-107812,2076
banking,PK36-6475740038,2076
banking,PK41-2437973464,2076
travel,TRP-8472474,2076
fbr,FBR-102077,2077
excise,LEA-7737,2077
disco,MTR-33322984,2077
property,REG-965115,2077
fbr,FBR-102078,2078
disco,MTR-61216213,2078
fbr,FBR-102079,2079
excise,LEA-7487,2079
excise,LEA-2748,2079
disco,MTR-57911571,2079
property,REG-453493,2079
property,REG-681140,2079
banking,PK75-9229139079,2079
banking,PK73-7044258722,2079
banking,PK30-3055586735,2079
banking,PK55-8428228483,2079
travel,TRP-9189903,2079
travel,TRP-6912567,2079
travel,TRP-4563037,2079
travel,TRP-5882499,2079
travel,TRP-4269759,2079
travel,TRP-1533163,2079
fbr,FBR-102080,2080
disco,MTR-73629207,2080
banking,PK15-1530494859,2080
fbr,FBR-102081,2081
excise,KAR-3710,2081
disco,MTR-55193367,2081
property,REG-843494,2081
banking,PK60-8940579161,2081
banking,PK49-2560191187,2081
travel,TRP-6765286,2081
travel,TRP-8674052,2081
travel,TRP-7196570,2081
fbr,FBR-102082,2082
excise,KAR-7421,2082
excise,ICT-4101,2082
excise,KAR-2381,2082
disco,MTR-93599023,2082
property,REG-249693,2082
property,REG-358289,2082
banking,PK65-5954527129,2082
banking,PK72-7440578176,2082
banking,PK71-4542714222,2082
travel,TRP-7461183,2082
travel,TRP-7255787,2082
travel,TRP-6073798,2082
travel,TRP-3481000,2082
travel,TRP-3524845,2082
travel,TRP-7507444,2082
fbr,FBR-102083,2083
excise,LEA-364,2083
property,REG-222552,2083
banking,PK61-3330930566,2083
banking,PK85-4156317810,2083
banking,PK84-8900722217,2083
banking,PK59-1474549229,2083
travel,TRP-4603061,2083
travel,TRP-8202820,2083
travel,TRP-7357613,2083
travel,TRP-3174093,2083
travel,TRP-2917721,2083
fbr,FBR-102084,2084
excise,AFR-6021,2084
excise,RIR-6325,2084
disco,MTR-18945324,2084
property,REG-806805,2084
property,REG-575533,2084
banking,PK14-4421966227,2084
banking,PK83-7036589124,2084
travel,TRP-4581634,2084
fbr,FBR-102085,2085
disco,MTR-48572183,2085
fbr,FBR-102086,2086
excise,RIR-2582,2086
disco,MTR-36655076,2086
property,REG-968160,2086
banking,PK74-7393656468,2086
banking,PK35-4123961180,2086
travel,TRP-7756726,2086
travel,TRP-5508061,2086
travel,TRP-3069884,2086
travel,TRP-1412356,2086
fbr,FBR-102087,2087
fbr,FBR-102088,2088
excise,KAR-1384,2088
excise,AFR-2665,2088
excise,AFR-2600,2088
disco,MTR-23780909,2088
property,REG-330966,2088
property,REG-890028,2088
banking,PK18-3871327766,2088
banking,PK34-7609865335,2088
banking,PK96-1497868556,2088
travel,TRP-5072117,2088
travel,TRP-8811844,2088
travel,TRP-3342978,2088
travel,TRP-2744390,2088
travel,TRP-4256561,2088
travel,TRP-7051878,2088
fbr,FBR-102089,2089
excise,LEA-1386,2089
property,REG-617651,2089
banking,PK67-6789575526,2089
banking,PK89-2233731661,2089
banking,PK97-1084109632,2089
travel,TRP-1730323,2089
travel,TRP-5208966,2089
travel,TRP-3033194,2089
fbr,FBR-102090,2090
disco,MTR-99977543,2090
banking,PK29-5348937447,2090
fbr,FBR-102091,2091
disco,MTR-47368212,2091
fbr,FBR-102092,2092
excise,LEA-3864,2092
disco,MTR-68980412,2092
banking,PK99-6127041424,2092
fbr,FBR-102093,2093
disco,MTR-33541825,2093
banking,PK45-2365002357,2093
fbr,FBR-102094,2094
disco,MTR-82820442,2094
banking,PK27-6650033613,2094
fbr,FBR-102095,2095
excise,KAR-6295,2095
disco,MTR-34714123,2095
banking,PK70-3007638890,2095
fbr,FBR-102096,2096
excise,AFR-4167,2096
excise,RIR-3871,2096
disco,MTR-36491642,2096
property,REG-847647,2096
property,REG-605179,2096
banking,PK80-3695447825,2096
banking,PK56-8095484997,2096
banking,PK39-2656386823,2096
travel,TRP-3414135,2096
travel,TRP-6421218,2096
travel,TRP-7017308,2096
travel,TRP-2177517,2096
travel,TRP-1751730,2096
fbr,FBR-102097,2097
excise,KAR-1696,2097
property,REG-909628,2097
banking,PK10-1249283785,2097
travel,TRP-9882850,2097
travel,TRP-6141532,2097
travel,TRP-2885146,2097
travel,TRP-9159821,2097
fbr,FBR-102098,2098
excise,RIR-1765,2098
excise,AFR-5536,2098
excise,LEA-5977,2098
disco,MTR-59264953,2098
property,REG-965031,2098
property,REG-708226,2098
banking,PK70-7643963972,2098
travel,TRP-1661227,2098
travel,TRP-7282781,2098
travel,TRP-7974755,2098
disco,MTR-36347043,2099
fbr,FBR-102100,2100
excise,LEA-4593,2100
disco,MTR-62221463,2100
travel,TRP-2513015,2100
fbr,FBR-102101,2101
disco,MTR-47252251,2101
fbr,FBR-102102,2102
disco,MTR-62434504,2102
banking,PK44-7679257295,2102
fbr,FBR-102103,2103
disco,MTR-89061996,2103
property,REG-498537,2103
banking,PK91-8392807945,2103
fbr,FBR-102104,2104
disco,MTR-57729283,2104
travel,TRP-3397461,2104
fbr,FBR-102105,2105
excise,KAR-6489,2105
excise,RIR-782,2105
excise,ICT-1790,2105
disco,MTR-49907228,2105
property,REG-450623,2105
property,REG-257403,2105
banking,PK31-5801717188,2105
banking,PK99-7922521515,2105
travel,TRP-4553967,2105
travel,TRP-2290708,2105
travel,TRP-1193509,2105
travel,TRP-2256242,2105
fbr,FBR-102106,2106
excise,AFR-5631,2106
excise,RIR-693,2106
disco,MTR-11870156,2106
property,REG-205852,2106
banking,PK49-6038728004,2106
banking,PK21-6229721502,2106
banking,PK14-9189071222,2106
travel,TRP-5558629,2106
travel,TRP-7517241,2106
travel,TRP-5762321,2106
travel,TRP-3578899,2106
travel,TRP-3008862,2106
travel,TRP-2756258,2106
disco,MTR-49808339,2107
property,REG-256657,2107
fbr,FBR-102108,2108
excise,ICT-3281,2108
disco,MTR-73572499,2108
travel,TRP-4197113,2108
fbr,FBR-102109,2109
excise,AFR-8752,2109
excise,AFR-2443,2109
disco,MTR-57034011,2109
property,REG-193046,2109
banking,PK21-4877652871,2109
travel,TRP-4324989,2109
travel,TRP-5994760,2109
travel,TRP-3369352,2109
excise,AFR-4481,2110
disco,MTR-33365221,2110
property,REG-750905,2110
property,REG-593202,2110
banking,PK47-3261216688,2110
banking,PK25-3755985743,2110
travel,TRP-9863154,2110
travel,TRP-1330798,2110
travel,TRP-7566724,2110
travel,TRP-4740019,2110
travel,TRP-4300146,2110
travel,TRP-2237118,2110
fbr,FBR-102111,2111
disco,MTR-34706443,2111
banking,PK61-8302778688,2111
fbr,FBR-102112,2112
excise,KAR-5470,2112
disco,MTR-31080484,2112
fbr,FBR-102113,2113
excise,AFR-4565,2113
disco,MTR-22243745,2113
property,REG-613465,2113
fbr,FBR-102114,2114
disco,MTR-28131995,2114
property,REG-946110,2114
fbr,FBR-102115,2115
excise,KAR-6759,2115
disco,MTR-33302626,2115
banking,PK26-5368409586,2115
fbr,FBR-102116,2116
excise,KAR-6342,2116
disco,MTR-72738544,2116
property,REG-403449,2116
property,REG-663445,2116
banking,PK99-1876333509,2116
banking,PK76-4154229871,2116
travel,TRP-5430298,2116
travel,TRP-3655439,2116
travel,TRP-1259796,2116
fbr,FBR-102117,2117
disco,MTR-69989489,2118
excise,KAR-5394,2119
excise,AFR-2846,2119
excise,KAR-4986,2119
disco,MTR-17164613,2119
property,REG-122222,2119
property,REG-503710,2119
banking,PK17-3681914033,2119
travel,TRP-8057509,2119
travel,TRP-2765374,2119
travel,TRP-9668224,2119
fbr,FBR-102120,2120
excise,KAR-1977,2120
excise,ICT-2647,2120
disco,MTR-72162370,2120
property,REG-173033,2120
banking,PK20-1585885227,2120
banking,PK13-8372238325,2120
travel,TRP-3192355,2120
travel,TRP-2521883,2120
travel,TRP-6723904,2120
fbr,FBR-102121,2121
excise,RIR-3015,2121
excise,LEA-4072,2121
excise,LEA-2407,2121
disco,MTR-46380619,2121
property,REG-742501,2121
banking,PK61-5040141673,2121
banking,PK29-9192040440,2121
banking,PK64-2403292229,2121
banking,PK88-7741512529,2121
travel,TRP-5840029,2121
travel,TRP-2442514,2121
fbr,FBR-102122,2122
disco,MTR-22243452,2122
banking,PK19-8674090550,2122
fbr,FBR-102123,2123
excise,KAR-4049,2123
excise,KAR-9702,2123
disco,MTR-37542144,2123
property,REG-634973,2123
banking,PK87-2794091902,2123
banking,PK22-6660407919,2123
travel,TRP-7597904,2123
travel,TRP-4556836,2123
travel,TRP-2108535,2123
fbr,FBR-102124,2124
disco,MTR-93660303,2124
property,REG-887030,2124
banking,PK30-2825710475,2124
fbr,FBR-102125,2125
disco,MTR-43485419,2125
property,REG-372059,2125
banking,PK72-5132748903,2125
fbr,FBR-102126,2126
disco,MTR-31837141,2126
banking,PK96-5657556133,2126
fbr,FBR-102127,2127
excise,ICT-4596,2127
disco,MTR-29094956,2127
property,REG-296868,2127
banking,PK19-7945206181,2127
fbr,FBR-102128,2128
disco,MTR-64582806,2128
banking,PK59-7385685709,2128
excise,RIR-5041,2129
excise,ICT-5542,2129
excise,AFR-8127,2129
property,REG-475804,2129
banking,PK38-7179375108,2129
banking,PK45-5381216709,2129
banking,PK36-2448618439,2129
travel,TRP-2066424,2129
travel,TRP-4566796,2129
travel,TRP-3320118,2129
disco,MTR-36970702,2130
fbr,FBR-102131,2131
excise,ICT-8748,2131
disco,MTR-26272909,2131
travel,TRP-8711272,2131
fbr,FBR-102132,2132
disco,MTR-33241740,2132
travel,TRP-5473188,2132
excise,ICT-1726,2133
disco,MTR-72608315,2133
fbr,FBR-102134,2134
excise,RIR-8098,2134
disco,MTR-58120474,2134
property,REG-427790,2134
property,REG-288522,2134
banking,PK45-9522365904,2134
travel,TRP-2358114,2134
travel,TRP-3767159,2134
travel,TRP-7798468,2134
travel,TRP-5985930,2134
fbr,FBR-102135,2135
disco,MTR-77604789,2135
banking,PK11-7687748613,2135
travel,TRP-9596527,2135
fbr,FBR-102136,2136
disco,MTR-86334201,2136
banking,PK67-8526965372,2136
fbr,FBR-102137,2137
excise,KAR-8701,2137
banking,PK47-8208176320,2137
travel,TRP-1036906,2137
fbr,FBR-102138,2138
excise,RIR-9195,2138
excise,KAR-8103,2138
disco,MTR-66540635,2138
property,REG-705533,2138
property,REG-194119,2138
banking,PK10-2883151995,2138
banking,PK51-3724435115,2138
banking,PK39-6234268354,2138
travel,TRP-3125291,2138
travel,TRP-8788210,2138
travel,TRP-2199295,2138
fbr,FBR-102139,2139
excise,RIR-5206,2139
disco,MTR-50699152,2139
banking,PK88-6786172913,2139
fbr,FBR-102140,2140
excise,KAR-6629,2141
excise,RIR-6865,2141
disco,MTR-86509718,2141
property,REG-970700,2141
property,REG-843792,2141
banking,PK94-3031206803,2141
banking,PK51-2140201430,2141
travel,TRP-5559985,2141
fbr,FBR-102142,2142
disco,MTR-56322758,2142
property,REG-731820,2142
banking,PK58-4628366983,2142
fbr,FBR-102143,2143
disco,MTR-81418194,2143
banking,PK28-4955936127,2143
fbr,FBR-102144,2144
excise,LEA-3523,2144
disco,MTR-38267065,2144
property,REG-879353,2144
property,REG-336460,2144
banking,PK43-2653839952,2144
banking,PK45-9129741004,2144
travel,TRP-6421013,2144
excise,ICT-3483,2145
disco,MTR-45477028,2145
property,REG-825191,2145
property,REG-389397,2145
banking,PK12-5194893053,2145
banking,PK52-7908471425,2145
banking,PK14-7565202981,2145
travel,TRP-2465340,2145
travel,TRP-6034675,2145
travel,TRP-3404191,2145
travel,TRP-1999437,2145
travel,TRP-1144622,2145
fbr,FBR-102146,2146
disco,MTR-49160298,2146
banking,PK56-2618043229,2146
fbr,FBR-102147,2147
excise,AFR-2987,2147
property,REG-945164,2147
travel,TRP-3763343,2147
fbr,FBR-102148,2148
excise,LEA-948,2148
disco,MTR-28405086,2148
banking,PK99-3761319922,2148
fbr,FBR-102149,2149
excise,LEA-3722,2149
disco,MTR-26855814,2149
fbr,FBR-102150,2150
excise,KAR-1810,2150
excise,LEA-7504,2150
excise,LEA-9829,2150
disco,MTR-88472202,2150
property,REG-788997,2150
banking,PK40-5227123508,2150
travel,TRP-9202531,2150
fbr,FBR-102151,2151
disco,MTR-60754066,2151
travel,TRP-6034703,2151
fbr,FBR-102152,2152
excise,KAR-9100,2152
excise,RIR-2876,2152
excise,LEA-4746,2152
disco,MTR-77659371,2152
property,REG-685849,2152
banking,PK55-9625630795,2152
banking,PK72-9107874652,2152
travel,TRP-7624079,2152
travel,TRP-1448315,2152
fbr,FBR-102153,2153
excise,RIR-5272,2153
excise,LEA-1840,2153
disco,MTR-74677370,2153
property,REG-256523,2153
property,REG-641706,2153
banking,PK73-9376863031,2153
banking,PK95-8831117170,2153
travel,TRP-2016776,2153
travel,TRP-5776348,2153
fbr,FBR-102154,2154
banking,PK94-5467454044,2154
travel,TRP-2979441,2154
fbr,FBR-102155,2155
excise,RIR-3263,2155
disco,MTR-62445411,2155
property,REG-536944,2155
banking,PK22-9057651422,2155
fbr,FBR-102156,2156
disco,MTR-21936735,2156
banking,PK50-5412863822,2156
excise,RIR-1991,2157
disco,MTR-39350837,2157
property,REG-234455,2157
property,REG-722607,2157
banking,PK42-9606349504,2157
banking,PK35-8913004826,2157
banking,PK78-9565568520,2157
travel,TRP-4122170,2157
travel,TRP-9098839,2157
travel,TRP-8172775,2157
disco,MTR-53256939,2158
excise,ICT-644,2159
excise,AFR-5533,2159
disco,MTR-11368069,2159
property,REG-308988,2159
banking,PK25-8447365521,2159
banking,PK65-3459221093,2159
banking,PK91-7638626947,2159
travel,TRP-2777550,2159
travel,TRP-9564333,2159
travel,TRP-3654330,2159
fbr,FBR-102160,2160
excise,RIR-3482,2160
excise,AFR-8302,2160
property,REG-915393,2160
property,REG-397881,2160
banking,PK58-4763194082,2160
banking,PK25-1005786324,2160
banking,PK54-9279597874,2160
travel,TRP-9990778,2160
travel,TRP-5875488,2160
travel,TRP-1204805,2160
fbr,FBR-102161,2161
excise,ICT-2085,2161
disco,MTR-46720284,2161
property,REG-134612,2161
property,REG-258841,2161
banking,PK47-8414215772,2161
banking,PK80-6646189741,2161
banking,PK73-8908958924,2161
banking,PK24-5855739649,2161
travel,TRP-6808445,2161
travel,TRP-1710485,2161
fbr,FBR-102162,2162
excise,RIR-9465,2162
disco,MTR-53623489,2162
fbr,FBR-102163,2163
excise,ICT-5694,2163
excise,RIR-4927,2163
disco,MTR-74080432,2163
property,REG-894033,2163
banking,PK59-9360844059,2163
banking,PK85-5413125681,2163
travel,TRP-7724596,2163
travel,TRP-7435445,2163
travel,TRP-9720815,2163
excise,KAR-7218,2164
disco,MTR-22443638,2164
property,REG-341133,2164
banking,PK55-5056677273,2164
travel,TRP-1160147,2164
fbr,FBR-102165,2165
disco,MTR-31105796,2165
property,REG-737199,2165
travel,TRP-4804822,2165
fbr,FBR-102166,2166
excise,LEA-6406,2166
disco,MTR-91191452,2166
banking,PK36-7591810137,2166
excise,LEA-3961,2167
excise,KAR-8515,2167
disco,MTR-54784619,2167
property,REG-146539,2167
property,REG-199414,2167
banking,PK29-4164843599,2167
banking,PK57-8413195083,2167
travel,TRP-8642454,2167
travel,TRP-1337611,2167
travel,TRP-8200375,2167
travel,TRP-8477763,2167
fbr,FBR-102168,2168
excise,ICT-3765,2168
disco,MTR-18627930,2168
fbr,FBR-102169,2169
excise,RIR-336,2169
excise,RIR-2037,2169
disco,MTR-83736914,2169
property,REG-226342,2169
property,REG-589561,2169
banking,PK41-8376021083,2169
banking,PK85-8393326117,2169
banking,PK15-5525169883,2169
banking,PK10-9791673328,2169
travel,TRP-3974713,2169
travel,TRP-6148298,2169
travel,TRP-8003758,2169
travel,TRP-7513828,2169
travel,TRP-7063990,2169
travel,TRP-8684346,2169
excise,ICT-5192,2170
disco,MTR-38736127,2170
property,REG-848112,2170
property,REG-778746,2170
banking,PK28-8182240555,2170
banking,PK61-4723266631,2170
banking,PK20-8352247505,2170
travel,TRP-1382273,2170
travel,TRP-3813886,2170
travel,TRP-1862667,2170
travel,TRP-4552531,2170
travel,TRP-8880222,2170
travel,TRP-6106328,2170
fbr,FBR-102171,2171
excise,LEA-824,2171
disco,MTR-71848183,2171
property,REG-559904,2171
banking,PK62-3918940192,2171
fbr,FBR-102172,2172
disco,MTR-58413849,2172
banking,PK62-1496772787,2172
fbr,FBR-102173,2173
excise,LEA-8893,2173
banking,PK77-2718393382,2173
travel,TRP-3099266,2173
fbr,FBR-102174,2174
excise,AFR-203,2174
disco,MTR-59838962,2174
property,REG-148589,2174
property,REG-836861,2174
banking,PK46-7971235713,2174
banking,PK86-1659166273,2174
travel,TRP-9947424,2174
travel,TRP-5064890,2174
travel,TRP-2905879,2174
travel,TRP-2370292,2174
fbr,FBR-102175,2175
disco,MTR-57135158,2175
banking,PK25-3118670946,2175
travel,TRP-1203467,2175
fbr,FBR-102176,2176
excise,ICT-4878,2176
disco,MTR-74237061,2176
banking,PK28-8327896861,2176
fbr,FBR-102177,2177
excise,AFR-2189,2177
excise,KAR-1045,2177
excise,KAR-8962,2177
disco,MTR-67316326,2177
property,REG-765571,2177
banking,PK71-3492788837,2177
banking,PK61-9845064121,2177
banking,PK12-7448206360,2177
banking,PK93-9033389155,2177
travel,TRP-6285825,2177
travel,TRP-5612012,2177
travel,TRP-4554891,2177
fbr,FBR-102178,2178
disco,MTR-48137753,2178
banking,PK54-1575814324,2178
travel,TRP-9126450,2178
fbr,FBR-102179,2179
excise,AFR-9588,2179
fbr,FBR-102180,2180
disco,MTR-75638921,2180
banking,PK68-1570979003,2180
travel,TRP-1620017,2180
fbr,FBR-102181,2181
disco,MTR-98537168,2181
banking,PK84-1528634444,2181
travel,TRP-8732365,2181
fbr,FBR-102182,2182
excise,AFR-5947,2182
disco,MTR-63240121,2182
property,REG-571635,2182
banking,PK97-3116081253,2182
banking,PK68-5907267345,2182
banking,PK89-9129300190,2182
travel,TRP-7804611,2182
travel,TRP-7432968,2182
fbr,FBR-102183,2183
excise,RIR-1534,2183
disco,MTR-81854701,2183
property,REG-792104,2183
banking,PK28-6183056730,2183
fbr,FBR-102184,2184
fbr,FBR-102185,2185
excise,KAR-306,2185
excise,LEA-8537,2185
excise,RIR-7871,2185
disco,MTR-17542762,2185
property,REG-326026,2185
property,REG-430040,2185
banking,PK26-7202935772,2185
travel,TRP-2500645,2185
travel,TRP-1922893,2185
travel,TRP-8107808,2185
travel,TRP-9022373,2185
excise,ICT-6952,2186
disco,MTR-38795474,2186
fbr,FBR-102187,2187
excise,ICT-2091,2187
disco,MTR-91587147,2187
banking,PK63-2846926284,2187
fbr,FBR-102188,2188
excise,ICT-3027,2188
disco,MTR-44686278,2188
banking,PK13-8805142313,2188
fbr,FBR-102189,2189
excise,RIR-1418,2189
disco,MTR-82546679,2189
fbr,FBR-102190,2190
disco,MTR-82050726,2190
travel,TRP-1852550,2190
fbr,FBR-102191,2191
excise,RIR-9214,2191
disco,MTR-52455050,2191
property,REG-181088,2191
banking,PK36-5958709736,2191
travel,TRP-3251407,2191
travel,TRP-3728940,2191
travel,TRP-6763949,2191
travel,TRP-4226781,2191
fbr,FBR-102192,2192
excise,ICT-1399,2192
disco,MTR-33600705,2192
travel,TRP-1836383,2192
excise,LEA-2704,2193
excise,ICT-4838,2193
excise,AFR-3036,2193
disco,MTR-55829084,2193
property,REG-175835,2193
property,REG-551506,2193
banking,PK25-3445584022,2193
banking,PK56-7155639654,2193
travel,TRP-7429274,2193
travel,TRP-1042888,2193
travel,TRP-5695637,2193
travel,TRP-5304970,2193
excise,ICT-5781,2194
disco,MTR-83298173,2194
property,REG-720786,2194
banking,PK81-6048451563,2194
travel,TRP-6818363,2194
fbr,FBR-102195,2195
excise,RIR-8247,2195
disco,MTR-87354492,2195
travel,TRP-7369385,2195
fbr,FBR-102196,2196
excise,ICT-7926,2196
excise,KAR-872,2196
disco,MTR-11275061,2196
property,REG-464941,2196
property,REG-816757,2196
banking,PK48-5983187647,2196
banking,PK63-8664180304,2196
banking,PK12-1627567293,2196
travel,TRP-7409318,2196
travel,TRP-8513961,2196
travel,TRP-1708025,2196
travel,TRP-2691505,2196
travel,TRP-7490399,2196
travel,TRP-1304700,2196
excise,KAR-6167,2197
excise,AFR-3732,2197
disco,MTR-31698843,2197
property,REG-584631,2197
banking,PK63-6370401633,2197
banking,PK71-5251819134,2197
banking,PK40-1887964814,2197
banking,PK27-6703652798,2197
travel,TRP-3368421,2197
travel,TRP-2116032,2197
travel,TRP-1720989,2197
travel,TRP-3069094,2197
travel,TRP-9891863,2197
travel,TRP-2843953,2197
fbr,FBR-102198,2198
disco,MTR-33201801,2198
property,REG-524488,2198
banking,PK97-2085814139,2198
fbr,FBR-102199,2199
excise,AFR-3848,2199
disco,MTR-80195370,2199
property,REG-174933,2199
banking,PK99-2721097381,2199
travel,TRP-2947070,2199
travel,TRP-1225583,2199
travel,TRP-1304159,2199
travel,TRP-2357762,2199
fbr,FBR-102200,2200
excise,AFR-5047,2200
excise,LEA-8728,2200
disco,MTR-70023228,2200
property,REG-684002,2200
banking,PK18-4701637254,2200
banking,PK80-9576709658,2200
travel,TRP-1196852,2200
fbr,FBR-102201,2201
disco,MTR-45379645,2201
property,REG-218577,2201
banking,PK35-1125238754,2201
fbr,FBR-102202,2202
excise,KAR-1028,2202
excise,KAR-6673,2202
disco,MTR-82258561,2202
property,REG-948569,2202
banking,PK48-6453052439,2202
banking,PK67-2164736799,2202
travel,TRP-7570796,2202
travel,TRP-2596862,2202
excise,LEA-7359,2203
excise,LEA-7812,2203
excise,KAR-1832,2203
disco,MTR-23730993,2203
property,REG-496804,2203
property,REG-884874,2203
banking,PK43-1958908928,2203
travel,TRP-7906800,2203
travel,TRP-8104980,2203
fbr,FBR-102204,2204
excise,KAR-8298,2204
disco,MTR-71508652,2204
property,REG-409445,2204
banking,PK58-6014880778,2204
fbr,FBR-102205,2205
disco,MTR-55744995,2205
property,REG-688852,2205
fbr,FBR-102206,2206
excise,AFR-8253,2206
disco,MTR-27551156,2206
banking,PK21-7107775759,2206
travel,TRP-2947013,2206
fbr,FBR-102207,2207
disco,MTR-49599811,2207
banking,PK46-6218008340,2207
fbr,FBR-102208,2208
excise,AFR-2247,2208
excise,KAR-7862,2208
excise,LEA-4531,2208
disco,MTR-91744098,2208
property,REG-332110,2208
property,REG-439614,2208
banking,PK97-5794572844,2208
banking,PK63-8766329086,2208
banking,PK34-3626569006,2208
travel,TRP-3134830,2208
travel,TRP-9643938,2208
travel,TRP-4483406,2208
travel,TRP-6549525,2208
fbr,FBR-102209,2209
excise,AFR-4918,2209
disco,MTR-90233578,2209
property,REG-117475,2209
banking,PK61-5531330452,2209
fbr,FBR-102210,2210
disco,MTR-14156927,2210
excise,LEA-4725,2211
excise,LEA-1848,2211
disco,MTR-13536729,2211
property,REG-471670,2211
property,REG-342280,2211
banking,PK40-8115650371,2211
travel,TRP-9596957,2211
travel,TRP-7960119,2211
travel,TRP-3903771,2211
travel,TRP-1411238,2211
fbr,FBR-102212,2212
excise,KAR-9537,2212
disco,MTR-29930220,2212
property,REG-235604,2212
fbr,FBR-102213,2213
excise,LEA-8982,2213
excise,ICT-3414,2213
property,REG-843856,2213
property,REG-521129,2213
banking,PK89-4835860468,2213
banking,PK10-5582007940,2213
banking,PK24-1091822257,2213
travel,TRP-1142740,2213
travel,TRP-8621065,2213
travel,TRP-2963649,2213
travel,TRP-3245860,2213
travel,TRP-4164359,2213
fbr,FBR-102214,2214
excise,ICT-9048,2214
disco,MTR-69025186,2214
property,REG-352432,2214
banking,PK33-7803768130,2214
travel,TRP-9773621,2214
travel,TRP-9343993,2214
travel,TRP-1867596,2214
fbr,FBR-102215,2215
disco,MTR-49951859,2215
banking,PK92-9820812327,2215
fbr,FBR-102216,2216
excise,LEA-1275,2216
excise,AFR-783,2216
excise,AFR-2301,2216
property,REG-147941,2216
property,REG-313301,2216
banking,PK88-3331989076,2216
banking,PK31-3065647328,2216
banking,PK43-3136379789,2216
banking,PK45-5065309903,2216
travel,TRP-9709797,2216
travel,TRP-4903185,2216
travel,TRP-8131193,2216
travel,TRP-3011515,2216
fbr,FBR-102217,2217
disco,MTR-47326804,2217
fbr,FBR-102218,2218
excise,LEA-2509,2218
disco,MTR-68201545,2218
banking,PK59-8952786061,2218
excise,LEA-8220,2219
excise,ICT-8878,2219
disco,MTR-95765288,2219
property,REG-526989,2219
banking,PK64-2454123165,2219
banking,PK81-9001090722,2219
banking,PK81-7519812726,2219
travel,TRP-1220991,2219
travel,TRP-5305889,2219
travel,TRP-1035894,2219
travel,TRP-6377535,2219
travel,TRP-7965670,2219
fbr,FBR-102220,2220
excise,LEA-6521,2220
disco,MTR-42202041,2220
banking,PK66-8787952432,2220
fbr,FBR-102221,2221
excise,ICT-6386,2221
disco,MTR-80850147,2221
banking,PK74-6010462350,2221
fbr,FBR-102222,2222
excise,RIR-9584,2222
excise,KAR-8402,2222
disco,MTR-26794934,2222
property,REG-294827,2222
banking,PK66-3345199455,2222
banking,PK43-3782151284,2222
banking,PK70-8206427459,2222
travel,TRP-4407323,2222
travel,TRP-2823492,2222
travel,TRP-9374494,2222
travel,TRP-7779860,2222
fbr,FBR-102223,2223
excise,ICT-6825,2223
disco,MTR-73825284,2223
fbr,FBR-102224,2224
excise,LEA-4226,2224
property,REG-799527,2224
property,REG-992380,2224
banking,PK54-5932887949,2224
banking,PK66-5378841861,2224
travel,TRP-1111197,2224
travel,TRP-9308885,2224
fbr,FBR-102225,2225
excise,AFR-210,2225
disco,MTR-77940223,2225
banking,PK45-7650383766,2225
excise,ICT-4292,2226
excise,ICT-8005,2226
excise,RIR-8852,2226
disco,MTR-75231931,2226
property,REG-965532,2226
property,REG-957431,2226
banking,PK75-4906206490,2226
banking,PK34-7388856114,2226
banking,PK99-5157731580,2226
travel,TRP-3786666,2226
travel,TRP-1361626,2226
travel,TRP-7840997,2226
fbr,FBR-102227,2227
excise,ICT-764,2227
disco,MTR-95809989,2227
banking,PK75-1614892204,2227
travel,TRP-9729883,2227
fbr,FBR-102228,2228
excise,LEA-6728,2228
excise,AFR-9458,2228
excise,RIR-480,2228
disco,MTR-71790747,2228
property,REG-557584,2228
property,REG-194819,2228
banking,PK74-5244735403,2228
banking,PK29-4430516692,2228
travel,TRP-1637445,2228
travel,TRP-4161249,2228
fbr,FBR-102229,2229
disco,MTR-32459639,2229
banking,PK37-2275549943,2229
travel,TRP-7615742,2229
excise,ICT-4664,2230
disco,MTR-71067112,2230
property,REG-815734,2230
banking,PK49-8630403886,2230
banking,PK93-5420865219,2230
travel,TRP-1764112,2230
travel,TRP-2121055,2230
fbr,FBR-102231,2231
excise,RIR-6166,2231
banking,PK75-8460427736,2231
travel,TRP-3369019,2231
fbr,FBR-102232,2232
excise,AFR-6348,2232
banking,PK85-4006689798,2232
fbr,FBR-102233,2233
disco,MTR-46669747,2233
banking,PK74-5101479485,2233
fbr,FBR-102234,2234
excise,LEA-6129,2234
excise,LEA-8646,2234
disco,MTR-43384655,2234
property,REG-461737,2234
banking,PK85-7875864948,2234
banking,PK99-4451150410,2234
travel,TRP-6283444,2234
travel,TRP-5165537,2234
travel,TRP-8378021,2234
travel,TRP-7797231,2234
fbr,FBR-102235,2235
fbr,FBR-102236,2236
disco,MTR-16840349,2236
fbr,FBR-102237,2237
disco,MTR-37760079,2237
banking,PK65-8265952323,2237
travel,TRP-1604632,2237
fbr,FBR-102238,2238
banking,PK68-9430003555,2238
fbr,FBR-102239,2239
excise,LEA-6189,2239
excise,ICT-4236,2239
excise,ICT-136,2239
disco,MTR-88508582,2239
property,REG-760513,2239
banking,PK75-2548647735,2239
banking,PK54-2301873741,2239
travel,TRP-8549104,2239
travel,TRP-3772907,2239
travel,TRP-8897066,2239
travel,TRP-7238460,2239
disco,MTR-93415352,2240
property,REG-326822,2240
fbr,FBR-102241,2241
disco,MTR-28112877,2241
fbr,FBR-102242,2242
disco,MTR-71398505,2242
banking,PK71-4525496854,2242
fbr,FBR-102243,2243
excise,ICT-5873,2243
excise,KAR-7951,2243
disco,MTR-48608702,2243
property,REG-344703,2243
banking,PK82-9034621536,2243
banking,PK32-5179181838,2243
travel,TRP-9738358,2243
travel,TRP-5391386,2243
travel,TRP-4337741,2243
travel,TRP-8622026,2243
travel,TRP-7228805,2243
travel,TRP-7686020,2243
excise,RIR-491,2244
disco,MTR-67566896,2244
banking,PK83-5079760116,2244
fbr,FBR-102245,2245
disco,MTR-30876558,2245
banking,PK48-6532594057,2245
travel,TRP-3637928,2245
fbr,FBR-102246,2246
excise,RIR-4136,2246
excise,LEA-6594,2246
excise,KAR-1257,2246
disco,MTR-28369219,2246
property,REG-105103,2246
banking,PK28-2197406958,2246
banking,PK53-6698873913,2246
banking,PK22-3888590713,2246
travel,TRP-8215966,2246
travel,TRP-7431470,2246
travel,TRP-3530289,2246
travel,TRP-1524669,2246
travel,TRP-5593969,2246
travel,TRP-8917327,2246
fbr,FBR-102247,2247
disco,MTR-79209421,2247
banking,PK57-4243163327,2247
fbr,FBR-102248,2248
disco,MTR-76288321,2248
fbr,FBR-102249,2249
excise,RIR-5955,2249
disco,MTR-53521780,2249
banking,PK71-7742037593,2249
fbr,FBR-102250,2250
excise,LEA-9603,2250
disco,MTR-89459940,2250
travel,TRP-7605090,2250
fbr,FBR-102251,2251
disco,MTR-94931255,2251
banking,PK77-5033931885,2251
fbr,FBR-102252,2252
disco,MTR-99205855,2252
banking,PK86-2146608695,2252
fbr,FBR-102253,2253
excise,RIR-248,2253
excise,RIR-9159,2253
disco,MTR-16002599,2253
property,REG-648603,2253
property,REG-634321,2253
banking,PK10-4939916713,2253
travel,TRP-7443862,2253
travel,TRP-6906507,2253
travel,TRP-7855020,2253
travel,TRP-8460871,2253
fbr,FBR-102254,2254
disco,MTR-23931741,2254
banking,PK65-1863519800,2254
travel,TRP-8278122,2254
fbr,FBR-102255,2255
excise,AFR-6869,2255
disco,MTR-76603912,2255
property,REG-482428,2255
banking,PK88-2051383035,2255
banking,PK64-2534639119,2255
travel,TRP-3108623,2255
travel,TRP-9544990,2255
travel,TRP-8192267,2255
travel,TRP-6110825,2255
travel,TRP-1508288,2255
travel,TRP-3732045,2255
fbr,FBR-102256,2256
excise,KAR-5484,2256
disco,MTR-68870926,2256
banking,PK93-9978216686,2256
fbr,FBR-102257,2257
excise,KAR-5587,2257
disco,MTR-71602151,2257
property,REG-631494,2257
property,REG-848282,2257
banking,PK24-4929770014,2257
banking,PK82-7227697550,2257
banking,PK99-4352900250,2257
travel,TRP-5049784,2257
travel,TRP-9692873,2257
travel,TRP-6226450,2257
travel,TRP-5831809,2257
fbr,FBR-102258,2258
disco,MTR-68727557,2258
fbr,FBR-102259,2259
disco,MTR-51018392,2259
property,REG-919970,2259
banking,PK40-3854918156,2259
travel,TRP-4262864,2259
fbr,FBR-102260,2260
excise,AFR-7351,2260
excise,RIR-7335,2260
excise,AFR-8275,2260
disco,MTR-19847731,2260
property,REG-483287,2260
property,REG-877415,2260
banking,PK73-8762990005,2260
banking,PK82-3981993791,2260
travel,TRP-2504907,2260
travel,TRP-4878604,2260
fbr,FBR-102261,2261
excise,LEA-9321,2261
property,REG-341372,2261
property,REG-617824,2261
banking,PK90-6367004407,2261
banking,PK90-7721121200,2261
travel,TRP-4442829,2261
travel,TRP-5284548,2261
travel,TRP-6684727,2261
travel,TRP-9803116,2261
fbr,FBR-102262,2262
disco,MTR-87412371,2262
banking,PK75-1733828392,2262
excise,AFR-9499,2263
disco,MTR-73907395,2263
property,REG-297670,2263
banking,PK87-5793591859,2263
banking,PK20-4019224310,2263
travel,TRP-8434131,2263
travel,TRP-9639810,2263
travel,TRP-5679300,2263
travel,TRP-9686162,2263
fbr,FBR-102264,2264
excise,AFR-5403,2264
disco,MTR-50959702,2264
banking,PK41-9274288101,2264
fbr,FBR-102265,2265
excise,ICT-7488,2265
excise,LEA-2132,2265
disco,MTR-24870234,2265
property,REG-563195,2265
property,REG-661265,2265
banking,PK90-1267137486,2265
travel,TRP-5108111,2265
travel,TRP-4492230,2265
disco,MTR-68108330,2266
banking,PK82-7370716254,2266
fbr,FBR-102267,2267
disco,MTR-16812642,2267
fbr,FBR-102268,2268
disco,MTR-64570637,2268
banking,PK11-5156722714,2268
fbr,FBR-102269,2269
disco,MTR-94390547,2269
property,REG-983667,2269
banking,PK99-4183329423,2269
excise,RIR-7980,2270
excise,AFR-129,2270
excise,AFR-3123,2270
disco,MTR-23037339,2270
property,REG-817958,2270
property,REG-695923,2270
banking,PK62-7587012238,2270
banking,PK22-3806898226,2270
travel,TRP-1495417,2270
travel,TRP-8371169,2270
travel,TRP-8454550,2270
travel,TRP-2971481,2270
fbr,FBR-102271,2271
excise,ICT-658,2271
disco,MTR-57326741,2271
property,REG-514622,2271
banking,PK19-7482081034,2271
banking,PK43-1165825404,2271
banking,PK36-5278721517,2271
travel,TRP-9940950,2271
travel,TRP-9722261,2271
travel,TRP-3771473,2271
travel,TRP-6272144,2271
travel,TRP-8161740,2271
travel,TRP-9901502,2271
fbr,FBR-102272,2272
disco,MTR-11791414,2272
property,REG-107438,2272
banking,PK27-2146026625,2272
fbr,FBR-102273,2273
disco,MTR-58644216,2273
property,REG-301378,2273
travel,TRP-5696269,2273
fbr,FBR-102274,2274
excise,KAR-2762,2274
excise,ICT-6943,2274
disco,MTR-14374975,2274
property,REG-195640,2274
property,REG-278849,2274
banking,PK60-9537205518,2274
banking,PK92-2436173131,2274
banking,PK20-9181659760,2274
travel,TRP-3830494,2274
travel,TRP-9470281,2274
travel,TRP-5283838,2274
travel,TRP-3658988,2274
travel,TRP-8064841,2274
travel,TRP-5321095,2274
fbr,FBR-102275,2275
disco,MTR-37719430,2275
banking,PK17-2027427335,2275
fbr,FBR-102276,2276
excise,AFR-3928,2276
disco,MTR-96783381,2276
banking,PK99-3552737188,2276
fbr,FBR-102277,2277
excise,AFR-3070,2277
disco,MTR-44611372,2277
banking,PK14-7547971558,2277
fbr,FBR-102278,2278
excise,AFR-8543,2278
excise,KAR-4555,2278
disco,MTR-65669806,2278
property,REG-555572,2278
property,REG-574547,2278
banking,PK94-8875271958,2278
travel,TRP-1535573,2278
travel,TRP-5508215,2278
travel,TRP-1471918,2278
fbr,FBR-102279,2279
excise,KAR-2835,2279
disco,MTR-85845398,2279
property,REG-908735,2279
banking,PK47-6266041398,2279
travel,TRP-5455881,2279
fbr,FBR-102280,2280
excise,KAR-7948,2280
property,REG-300886,2280
banking,PK59-4663569478,2280
fbr,FBR-102281,2281
excise,LEA-8485,2281
disco,MTR-98116671,2281
property,REG-553657,2281
property,REG-497601,2281
banking,PK12-7685903293,2281
banking,PK52-6879617406,2281
travel,TRP-2257017,2281
travel,TRP-7950415,2281
fbr,FBR-102282,2282
disco,MTR-16568181,2282
banking,PK23-1269810094,2282
fbr,FBR-102283,2283
excise,KAR-6364,2283
excise,KAR-1998,2283
excise,RIR-1036,2283
disco,MTR-22285638,2283
property,REG-574778,2283
property,REG-810261,2283
banking,PK49-1694661586,2283
banking,PK31-3357205013,2283
banking,PK65-3326320487,2283
banking,PK76-6191887385,2283
travel,TRP-5125295,2283
travel,TRP-9344316,2283
travel,TRP-2789640,2283
fbr,FBR-102284,2284
excise,RIR-8910,2284
disco,MTR-40322713,2284
property,REG-907473,2284
banking,PK43-2930026712,2284
excise,AFR-4019,2285
disco,MTR-84457706,2285
property,REG-604863,2285
property,REG-406400,2285
banking,PK45-6709683095,2285
banking,PK20-6525295294,2285
travel,TRP-6281317,2285
travel,TRP-8824318,2285
fbr,FBR-102286,2286
disco,MTR-28338022,2286
property,REG-423445,2286
banking,PK34-5130823475,2286
travel,TRP-3438070,2286
fbr,FBR-102287,2287
banking,PK26-4914300923,2287
fbr,FBR-102288,2288
disco,MTR-45562997,2288
banking,PK47-6278460520,2288
excise,AFR-1180,2289
excise,LEA-3039,2289
excise,ICT-1008,2289
disco,MTR-92688552,2289
property,REG-899907,2289
banking,PK81-7412307462,2289
banking,PK27-9378600653,2289
banking,PK89-6861478772,2289
travel,TRP-3086360,2289
travel,TRP-6320646,2289
travel,TRP-2604885,2289
travel,TRP-1395432,2289
travel,TRP-3990759,2289
fbr,FBR-102290,2290
disco,MTR-35301112,2290
banking,PK48-5367449487,2290
fbr,FBR-102291,2291
disco,MTR-76360032,2291
fbr,FBR-102292,2292
excise,KAR-7185,2292
disco,MTR-32656595,2292
fbr,FBR-102293,2293
excise,KAR-9005,2293
disco,MTR-12263754,2293
banking,PK49-1024658711,2293
fbr,FBR-102294,2294
disco,MTR-21864909,2294
banking,PK36-2917694206,2294
fbr,FBR-102295,2295
excise,LEA-3655,2295
disco,MTR-26204814,2295
property,REG-270072,2295
banking,PK92-3610519999,2295
banking,PK33-9762248577,2295
banking,PK95-5245278487,2295
travel,TRP-2485914,2295
travel,TRP-2712211,2295
travel,TRP-6157890,2295
fbr,FBR-102296,2296
excise,ICT-1732,2296
disco,MTR-19741652,2296
excise,ICT-2464,2297
excise,LEA-1225,2297
excise,RIR-2536,2297
disco,MTR-18991875,2297
property,REG-875076,2297
banking,PK21-4024162696,2297
banking,PK85-5729093415,2297
travel,TRP-6827373,2297
travel,TRP-9861406,2297
fbr,FBR-102298,2298
excise,LEA-3234,2298
disco,MTR-10328705,2298
property,REG-592252,2298
fbr,FBR-102299,2299
excise,LEA-1692,2299
excise,AFR-3455,2299
excise,ICT-8276,2299
disco,MTR-24590084,2299
property,REG-563311,2299
property,REG-272908,2299
banking,PK70-8571330883,2299
banking,PK58-1204003704,2299
banking,PK85-6119593484,2299
banking,PK94-2884959385,2299
travel,TRP-9903035,2299
travel,TRP-6719694,2299
travel,TRP-1370763,2299
travel,TRP-7934261,2299
excise,ICT-6805,2300
disco,MTR-15434657,2300
banking,PK98-5660689498,2300
fbr,FBR-102301,2301
excise,AFR-5122,2301
disco,MTR-68994369,2301
fbr,FBR-102302,2302
excise,KAR-9001,2302
disco,MTR-92792337,2302
banking,PK89-4866129124,2302
fbr,FBR-102303,2303
disco,MTR-95684310,2303
fbr,FBR-102304,2304
excise,ICT-7670,2304
excise,ICT-1235,2304
excise,ICT-6468,2304
disco,MTR-91675239,2304
property,REG-404017,2304
property,REG-991782,2304
banking,PK18-2207025379,2304
travel,TRP-7247748,2304
travel,TRP-4214807,2304
fbr,FBR-102305,2305
excise,KAR-1888,2305
excise,ICT-2382,2305
disco,MTR-79051653,2305
property,REG-246779,2305
property,REG-704174,2305
banking,PK55-2159819289,2305
banking,PK30-1072265877,2305
banking,PK53-1412924837,2305
banking,PK63-3546220628,2305
travel,TRP-3640833,2305
travel,TRP-5130767,2305
travel,TRP-7173683,2305
travel,TRP-9883071,2305
fbr,FBR-102306,2306
disco,MTR-40184749,2306
banking,PK83-7367850843,2306
fbr,FBR-102307,2307
excise,ICT-632,2307
disco,MTR-61607176,2307
property,REG-922040,2307
banking,PK19-6608731760,2307
banking,PK67-6009711921,2307
travel,TRP-6914065,2307
fbr,FBR-102308,2308
disco,MTR-39241560,2308
fbr,FBR-102309,2309
excise,ICT-8921,2309
excise,AFR-4612,2309
disco,MTR-78078762,2309
property,REG-706887,2309
banking,PK25-7998240125,2309
banking,PK49-1640101490,2309
banking,PK14-6871320317,2309
banking,PK18-6013975210,2309
travel,TRP-9835822,2309
travel,TRP-7694696,2309
travel,TRP-5865721,2309
travel,TRP-6311427,2309
fbr,FBR-102310,2310
excise,KAR-847,2310
disco,MTR-52546530,2310
banking,PK11-3166115887,2310
fbr,FBR-102311,2311
excise,KAR-5348,2311
disco,MTR-38022613,2311
property,REG-976555,2311
fbr,FBR-102312,2312
disco,MTR-74340185,2312
banking,PK80-2579692222,2312
fbr,FBR-102313,2313
excise,LEA-708,2313
disco,MTR-84134807,2313
fbr,FBR-102314,2314
excise,LEA-3383,2314
disco,MTR-48061542,2314
property,REG-296107,2314
banking,PK80-1345204005,2314
banking,PK41-5064213819,2314
travel,TRP-8866263,2314
travel,TRP-5161513,2314
travel,TRP-7224391,2314
fbr,FBR-102315,2315
disco,MTR-53704347,2315
fbr,FBR-102316,2316
disco,MTR-88179259,2316
banking,PK83-1169766722,2316
fbr,FBR-102317,2317
excise,ICT-7877,2317
excise,LEA-8579,2317
excise,AFR-6293,2317
disco,MTR-48463009,2317
property,REG-190713,2317
property,REG-700294,2317
banking,PK46-5467946637,2317
banking,PK77-5802147276,2317
travel,TRP-1589333,2317
travel,TRP-2578204,2317
travel,TRP-8936413,2317
fbr,FBR-102318,2318
excise,AFR-5933,2318
disco,MTR-28202343,2318
property,REG-714549,2318
banking,PK78-3684462826,2318
banking,PK45-1394313789,2318
banking,PK73-7308698173,2318
travel,TRP-2239198,2318
travel,TRP-7023457,2318
travel,TRP-2040098,2318
travel,TRP-2773138,2318
travel,TRP-9830483,2318
fbr,FBR-102319,2319
excise,RIR-6647,2319
fbr,FBR-102320,2320
excise,RIR-7066,2320
disco,MTR-14995019,2320
banking,PK91-7624271260,2320
fbr,FBR-102321,2321
disco,MTR-47227536,2321
property,REG-286809,2321
fbr,FBR-102322,2322
disco,MTR-77000367,2322
fbr,FBR-102323,2323
excise,LEA-2097,2323
disco,MTR-48134586,2323
property,REG-651149,2323
banking,PK87-5107485348,2323
travel,TRP-8705823,2323
travel,TRP-8036550,2323
travel,TRP-3266133,2323
travel,TRP-5783951,2323
fbr,FBR-102324,2324
excise,KAR-7840,2324
disco,MTR-16206240,2324
property,REG-933364,2324
fbr,FBR-102325,2325
excise,AFR-7007,2325
excise,KAR-1579,2325
excise,LEA-5408,2325
disco,MTR-11736530,2325
property,REG-164421,2325
banking,PK45-3048732772,2325
travel,TRP-1346355,2325
travel,TRP-5972745,2325
travel,TRP-3066566,2325
fbr,FBR-102326,2326
excise,LEA-1535,2326
excise,KAR-3353,2326
disco,MTR-84171005,2326
property,REG-300523,2326
banking,PK10-7064017542,2326
banking,PK37-5380035406,2326
travel,TRP-7031065,2326
travel,TRP-2731380,2326
excise,KAR-7843,2327
property,REG-754954,2327
banking,PK97-8815260309,2327
travel,TRP-3318787,2327
fbr,FBR-102328,2328
disco,MTR-22473197,2328
banking,PK73-5270893052,2328
excise,AFR-530,2329
excise,RIR-1531,2329
disco,MTR-29507531,2329
property,REG-114205,2329
property,REG-506383,2329
banking,PK77-2665099696,2329
banking,PK80-8221436682,2329
banking,PK16-5884763695,2329
banking,PK35-9045324083,2329
travel,TRP-3993765,2329
travel,TRP-8721367,2329
travel,TRP-6832461,2329
travel,TRP-4906783,2329
travel,TRP-3905714,2329
fbr,FBR-102330,2330
excise,KAR-7348,2330
excise,KAR-5087,2330
disco,MTR-25177263,2330
property,REG-920493,2330
property,REG-441615,2330
banking,PK90-2262530509,2330
travel,TRP-8573305,2330
travel,TRP-5284699,2330
excise,AFR-7195,2331
excise,KAR-9104,2331
excise,ICT-3009,2331
property,REG-313618,2331
property,REG-689178,2331
banking,PK28-9092918494,2331
banking,PK81-2852367555,2331
banking,PK58-3971561220,2331
travel,TRP-8326950,2331
travel,TRP-9047135,2331
travel,TRP-9355356,2331
travel,TRP-2829477,2331
travel,TRP-9668044,2331
fbr,FBR-102332,2332
excise,AFR-4707,2332
disco,MTR-64824204,2332
fbr,FBR-102333,2333
excise,LEA-523,2333
disco,MTR-73420820,2333
banking,PK82-9434597622,2333
travel,TRP-7029154,2333
fbr,FBR-102334,2334
disco,MTR-99376635,2334
fbr,FBR-102335,2335
disco,MTR-87842425,2335
fbr,FBR-102336,2336
excise,RIR-9360,2336
disco,MTR-80804934,2336
banking,PK13-9954106841,2336
fbr,FBR-102337,2337
excise,AFR-9900,2337
excise,KAR-9912,2337
disco,MTR-63913819,2337
property,REG-953163,2337
banking,PK22-9916067993,2337
travel,TRP-6615047,2337
travel,TRP-7853464,2337
travel,TRP-8199368,2337
fbr,FBR-102338,2338
disco,MTR-47793899,2338
banking,PK81-7315675500,2338
travel,TRP-3139800,2338
fbr,FBR-102339,2339
excise,KAR-4010,2339
excise,RIR-2739,2339
excise,KAR-497,2339
disco,MTR-49179293,2339
property,REG-848326,2339
banking,PK42-3920348494,2339
banking,PK36-2518131430,2339
travel,TRP-3753706,2339
travel,TRP-9642800,2339
travel,TRP-3056876,2339
travel,TRP-9213654,2339
excise,KAR-3699,2340
excise,LEA-5481,2340
excise,LEA-1077,2340
disco,MTR-79430744,2340
property,REG-635463,2340
banking,PK41-4643106129,2340
banking,PK56-6907219533,2340
banking,PK96-9878276590,2340
travel,TRP-4701328,2340
travel,TRP-9667179,2340
travel,TRP-8014197,2340
travel,TRP-1727396,2340
travel,TRP-4459523,2340
fbr,FBR-102341,2341
excise,RIR-1028,2341
disco,MTR-91898279,2341
banking,PK92-5798512833,2341
fbr,FBR-102342,2342
excise,RIR-3342,2342
disco,MTR-90124204,2342
fbr,FBR-102343,2343
excise,KAR-1735,2343
disco,MTR-24376841,2343
property,REG-423834,2343
property,REG-485422,2343
banking,PK43-9844453196,2343
banking,PK57-9620548676,2343
travel,TRP-4864197,2343
fbr,FBR-102344,2344
disco,MTR-42554811,2344
property,REG-934758,2344
banking,PK78-5759535638,2344
disco,MTR-86842377,2345
fbr,FBR-102346,2346
disco,MTR-93846469,2346
banking,PK57-6585529454,2346
fbr,FBR-102347,2347
excise,KAR-7981,2347
excise,RIR-5604,2347
excise,ICT-6157,2347
disco,MTR-48711468,2347
property,REG-768811,2347
banking,PK10-1456852265,2347
banking,PK72-4811661161,2347
travel,TRP-8688902,2347
travel,TRP-1218119,2347
travel,TRP-3259915,2347
disco,MTR-68244321,2348
property,REG-588157,2348
banking,PK31-4760607808,2348
fbr,FBR-102349,2349
excise,KAR-800,2349
excise,ICT-7842,2349
disco,MTR-72287400,2349
property,REG-611538,2349
property,REG-534246,2349
banking,PK61-5616902407,2349
travel,TRP-7661037,2349
fbr,FBR-102350,2350
excise,KAR-4341,2350
property,REG-507027,2350
banking,PK35-8730299789,2350
fbr,FBR-102351,2351
excise,LEA-6930,2351
disco,MTR-21493542,2351
fbr,FBR-102352,2352
excise,LEA-5912,2352
excise,RIR-4796,2352
excise,KAR-1157,2352
disco,MTR-62042092,2352
property,REG-638567,2352
banking,PK38-9011074970,2352
banking,PK31-4075979344,2352
banking,PK34-2430968876,2352
travel,TRP-9947300,2352
travel,TRP-2933349,2352
fbr,FBR-102353,2353
disco,MTR-38275964,2353
property,REG-295983,2353
fbr,FBR-102354,2354
excise,RIR-7994,2354
excise,AFR-8557,2354
disco,MTR-52440004,2354
property,REG-620539,2354
banking,PK28-6464333708,2354
banking,PK14-7320341929,2354
travel,TRP-7051989,2354
travel,TRP-2704782,2354
travel,TRP-5783585,2354
fbr,FBR-102355,2355
excise,LEA-5380,2355
excise,ICT-6548,2355
disco,MTR-86539453,2355
property,REG-916631,2355
property,REG-184408,2355
banking,PK70-1509178034,2355
travel,TRP-4796593,2355
travel,TRP-7571048,2355
travel,TRP-2617945,2355
travel,TRP-8793909,2355
fbr,FBR-102356,2356
excise,ICT-9909,2356
disco,MTR-92058810,2356
property,REG-378094,2356
banking,PK85-7814630738,2356
travel,TRP-7535666,2356
travel,TRP-2470095,2356
fbr,FBR-102357,2357
excise,AFR-7062,2357
excise,KAR-1419,2357
excise,ICT-5785,2357
disco,MTR-81784886,2357
property,REG-689656,2357
property,REG-853828,2357
banking,PK55-6446387820,2357
banking,PK41-9793164329,2357
travel,TRP-8315552,2357
travel,TRP-8268696,2357
fbr,FBR-102358,2358
disco,MTR-25285492,2358
banking,PK50-6824605534,2358
travel,TRP-5144353,2358
fbr,FBR-102359,2359
disco,MTR-22530138,2359
travel,TRP-7690631,2359
fbr,FBR-102360,2360
excise,AFR-8264,2360
excise,LEA-4832,2360
excise,KAR-2420,2360
disco,MTR-57915390,2360
property,REG-462894,2360
banking,PK38-2732674652,2360
travel,TRP-4379162,2360
travel,TRP-4187186,2360
travel,TRP-6722908,2360
excise,LEA-5951,2361
excise,LEA-9507,2361
disco,MTR-31111259,2361
property,REG-862517,2361
property,REG-277454,2361
banking,PK31-1813530779,2361
banking,PK68-4925193515,2361
travel,TRP-5446655,2361
travel,TRP-2353139,2361
travel,TRP-4179684,2361
disco,MTR-17654115,2362
banking,PK16-5539200098,2362
travel,TRP-6246459,2362
fbr,FBR-102363,2363
excise,LEA-3507,2363
excise,AFR-9837,2363
excise,ICT-2186,2363
disco,MTR-84094964,2363
property,REG-171081,2363
property,REG-356977,2363
banking,PK24-8073343979,2363
travel,TRP-9142494,2363
fbr,FBR-102364,2364
excise,RIR-5888,2364
disco,MTR-70034443,2364
property,REG-232389,2364
fbr,FBR-102365,2365
excise,KAR-1513,2365
excise,RIR-5261,2365
disco,MTR-94517767,2365
property,REG-774583,2365
banking,PK12-6343139951,2365
banking,PK58-3910065499,2365
travel,TRP-3316043,2365
travel,TRP-3413043,2365
fbr,FBR-102366,2366
disco,MTR-57274384,2366
travel,TRP-7691917,2366
fbr,FBR-102367,2367
disco,MTR-30432854,2367
banking,PK79-9465058841,2367
travel,TRP-8545659,2367
fbr,FBR-102368,2368
excise,RIR-1523,2368
excise,ICT-7544,2368
disco,MTR-25102062,2368
property,REG-463529,2368
property,REG-903594,2368
banking,PK74-3562398675,2368
banking,PK64-9405443401,2368
banking,PK89-4136235810,2368
travel,TRP-8972727,2368
travel,TRP-3129530,2368
travel,TRP-2620983,2368
travel,TRP-8742263,2368
travel,TRP-7281594,2368
travel,TRP-5285954,2368
fbr,FBR-102369,2369
excise,KAR-3977,2369
excise,ICT-4029,2369
disco,MTR-32893695,2369
property,REG-269781,2369
banking,PK60-3295059597,2369
banking,PK63-6951548659,2369
banking,PK26-4011012797,2369
travel,TRP-6951950,2369
travel,TRP-7179832,2369
fbr,FBR-102370,2370
disco,MTR-90579137,2370
banking,PK38-4693594779,2370
fbr,FBR-102371,2371
excise,LEA-8909,2371
excise,LEA-3436,2371
excise,ICT-1235,2371
disco,MTR-93033483,2371
property,REG-752676,2371
property,REG-787631,2371
banking,PK72-5345570596,2371
banking,PK71-7167371801,2371
banking,PK53-2509078424,2371
banking,PK65-2503082149,2371
travel,TRP-2984405,2371
travel,TRP-4048591,2371
travel,TRP-2139085,2371
travel,TRP-7048240,2371
excise,AFR-5234,2372
excise,RIR-1247,2372
excise,KAR-4305,2372
property,REG-910231,2372
banking,PK32-5342205955,2372
banking,PK94-2377000145,2372
travel,TRP-1376475,2372
travel,TRP-4616065,2372
travel,TRP-6914295,2372
fbr,FBR-102373,2373
excise,ICT-480,2373
disco,MTR-81528296,2373
property,REG-360019,2373
banking,PK64-3049290562,2373
banking,PK20-5885626253,2373
travel,TRP-8979814,2373
travel,TRP-8125225,2373
travel,TRP-1039894,2373
travel,TRP-7833618,2373
excise,AFR-2316,2374
disco,MTR-76075304,2374
property,REG-511781,2374
banking,PK22-7210881440,2374
fbr,FBR-102375,2375
excise,LEA-3679,2375
disco,MTR-60530992,2375
fbr,FBR-102376,2376
excise,RIR-2327,2376
excise,ICT-7086,2376
excise,RIR-6173,2376
disco,MTR-20566545,2376
property,REG-325185,2376
banking,PK52-3987653602,2376
banking,PK53-2974797057,2376
banking,PK36-3623759537,2376
banking,PK21-8557044816,2376
travel,TRP-9335768,2376
travel,TRP-6243112,2376
fbr,FBR-102377,2377
excise,AFR-637,2377
disco,MTR-95068899,2377
banking,PK81-4362523977,2377
travel,TRP-3666058,2377
fbr,FBR-102378,2378
disco,MTR-14408917,2378
banking,PK26-5992723046,2378
fbr,FBR-102379,2379
excise,LEA-5682,2379
disco,MTR-52439170,2379
excise,RIR-9522,2380
excise,KAR-698,2380
excise,LEA-8303,2380
disco,MTR-83963984,2380
property,REG-659102,2380
property,REG-592529,2380
banking,PK61-9565492709,2380
banking,PK26-2203168803,2380
travel,TRP-7073101,2380
travel,TRP-2310386,2380
travel,TRP-6398834,2380
travel,TRP-4480776,2380
travel,TRP-6516112,2380
travel,TRP-3121553,2380
fbr,FBR-102381,2381
disco,MTR-69749468,2381
property,REG-724084,2381
banking,PK31-2572598651,2381
fbr,FBR-102382,2382
excise,ICT-5088,2382
disco,MTR-90906657,2382
property,REG-971339,2382
banking,PK69-5410988908,2382
banking,PK32-1752848632,2382
travel,TRP-5700882,2382
travel,TRP-1915949,2382
travel,TRP-1645787,2382
fbr,FBR-102383,2383
excise,LEA-6922,2383
disco,MTR-74620122,2383
fbr,FBR-102384,2384
excise,KAR-880,2384
disco,MTR-41073641,2384
fbr,FBR-102385,2385
excise,AFR-440,2385
disco,MTR-67098583,2385
banking,PK95-3275751981,2385
fbr,FBR-102386,2386
disco,MTR-77833145,2386
travel,TRP-5451876,2386
fbr,FBR-102387,2387
disco,MTR-36872969,2387
property,REG-738341,2387
banking,PK89-3423781020,2387
fbr,FBR-102389,2389
excise,ICT-1405,2389
disco,MTR-72953892,2389
property,REG-137688,2389
fbr,FBR-102390,2390
excise,ICT-8627,2390
excise,LEA-1733,2390
disco,MTR-46479642,2390
property,REG-447474,2390
property,REG-929561,2390
banking,PK12-1710280789,2390
banking,PK15-8025536851,2390
banking,PK72-8741820895,2390
banking,PK95-4368189460,2390
travel,TRP-9347544,2390
travel,TRP-8018754,2390
fbr,FBR-102391,2391
excise,ICT-5861,2391
disco,MTR-28694659,2391
property,REG-348228,2391
banking,PK92-4960669345,2391
fbr,FBR-102392,2392
disco,MTR-80045812,2392
banking,PK97-8177883039,2392
fbr,FBR-102393,2393
disco,MTR-83746100,2393
banking,PK46-3498002741,2393
travel,TRP-8324919,2393
fbr,FBR-102394,2394
excise,KAR-5495,2394
property,REG-106566,2394
banking,PK69-9113819507,2394
banking,PK16-4516914010,2394
banking,PK53-5958374847,2394
banking,PK98-1316576499,2394
travel,TRP-9304062,2394
travel,TRP-3545301,2394
travel,TRP-9215307,2394
travel,TRP-8036709,2394
travel,TRP-2792847,2394
fbr,FBR-102395,2395
excise,RIR-9804,2395
disco,MTR-36477526,2395
property,REG-363707,2395
banking,PK67-2869933608,2395
banking,PK72-1670705075,2395
travel,TRP-2345065,2395
travel,TRP-3412954,2395
travel,TRP-4359115,2395
travel,TRP-7930873,2395
fbr,FBR-102396,2396
excise,AFR-7263,2396
disco,MTR-66997388,2396
excise,RIR-9263,2397
excise,ICT-6807,2397
disco,MTR-29869459,2397
property,REG-405009,2397
property,REG-487976,2397
banking,PK42-6876949492,2397
banking,PK35-8375499682,2397
banking,PK90-6933710514,2397
banking,PK22-4695325295,2397
travel,TRP-4182104,2397
travel,TRP-5704070,2397
fbr,FBR-102398,2398
excise,LEA-6010,2398
excise,AFR-5286,2398
excise,ICT-9595,2398
disco,MTR-13899131,2398
property,REG-828575,2398
banking,PK20-3145642280,2398
banking,PK88-9371808151,2398
travel,TRP-5884339,2398
travel,TRP-4330277,2398
fbr,FBR-102399,2399
disco,MTR-32676830,2399
banking,PK40-2790146152,2399
excise,ICT-8394,2400
excise,ICT-4842,2400
excise,AFR-2201,2400
disco,MTR-13689609,2400
property,REG-632447,2400
banking,PK64-4111093291,2400
banking,PK16-5616416760,2400
travel,TRP-8385747,2400
travel,TRP-3571483,2400
travel,TRP-5653800,2400
travel,TRP-9994239,2400
fbr,FBR-102401,2401
excise,ICT-4621,2401
disco,MTR-17727432,2401
banking,PK62-7120171212,2401
travel,TRP-3879004,2401
fbr,FBR-102402,2402
excise,LEA-3283,2402
excise,LEA-3731,2402
disco,MTR-61079576,2402
property,REG-318648,2402
property,REG-551472,2402
banking,PK43-7762270423,2402
banking,PK57-2623151797,2402
travel,TRP-6695864,2402
travel,TRP-5812695,2402
disco,MTR-68271157,2403
banking,PK92-9805532996,2403
fbr,FBR-102404,2404
banking,PK38-5810429073,2404
fbr,FBR-102405,2405
disco,MTR-56875253,2405
fbr,FBR-102406,2406
banking,PK47-9069275900,2406
fbr,FBR-102407,2407
excise,LEA-5924,2407
disco,MTR-48369797,2407
property,REG-548562,2407
banking,PK34-4671223605,2407
banking,PK78-2782733434,2407
banking,PK37-3262929999,2407
banking,PK65-7067728563,2407
travel,TRP-8419830,2407
travel,TRP-6621862,2407
travel,TRP-4122708,2407
excise,KAR-3852,2408
disco,MTR-79617564,2408
fbr,FBR-102409,2409
disco,MTR-61409356,2409
banking,PK20-5541771475,2409
fbr,FBR-102410,2410
excise,LEA-1622,2410
disco,MTR-54562182,2410
banking,PK62-7494483145,2410
fbr,FBR-102411,2411
excise,ICT-4855,2411
disco,MTR-69045366,2411
banking,PK68-1835319989,2411
fbr,FBR-102412,2412
excise,KAR-6411,2412
disco,MTR-82296409,2412
property,REG-339366,2412
banking,PK45-1519347972,2412
banking,PK49-7059959403,2412
travel,TRP-4234417,2412
fbr,FBR-102413,2413
excise,LEA-6453,2413
fbr,FBR-102414,2414
excise,ICT-1365,2414
disco,MTR-61789312,2414
fbr,FBR-102415,2415
excise,LEA-8572,2415
disco,MTR-37896610,2415
banking,PK48-9544196958,2415
fbr,FBR-102416,2416
excise,ICT-2077,2416
disco,MTR-55868732,2416
property,REG-319151,2416
banking,PK30-6874286198,2416
travel,TRP-9054227,2416
disco,MTR-42846543,2417
banking,PK45-6916610808,2417
fbr,FBR-102418,2418
disco,MTR-58308022,2418
banking,PK61-1097273318,2418
excise,KAR-8343,2419
disco,MTR-29570130,2419
banking,PK35-2652894862,2419
fbr,FBR-102420,2420
excise,AFR-6055,2420
disco,MTR-56564503,2420
fbr,FBR-102421,2421
excise,LEA-1766,2421
disco,MTR-10084376,2421
property,REG-127512,2421
banking,PK57-5170545218,2421
travel,TRP-5154875,2421
travel,TRP-8854751,2421
travel,TRP-2522237,2421
fbr,FBR-102422,2422
disco,MTR-34592234,2422
property,REG-268001,2422
banking,PK63-7622353180,2422
fbr,FBR-102423,2423
excise,AFR-8121,2423
disco,MTR-72769239,2423
property,REG-685819,2423
property,REG-694886,2423
banking,PK49-5625329886,2423
banking,PK19-9903536552,2423
banking,PK44-3160359264,2423
travel,TRP-1384842,2423
travel,TRP-5838329,2423
excise,ICT-4856,2424
excise,KAR-133,2424
disco,MTR-82101739,2424
property,REG-133086,2424
property,REG-325267,2424
banking,PK77-6763282444,2424
banking,PK82-8520681488,2424
banking,PK51-4441814664,2424
banking,PK34-4961099551,2424
travel,TRP-4903087,2424
travel,TRP-8131226,2424
travel,TRP-3533011,2424
travel,TRP-1803922,2424
travel,TRP-9511905,2424
fbr,FBR-102425,2425
excise,ICT-2287,2425
disco,MTR-42445606,2425
fbr,FBR-102426,2426
excise,AFR-1672,2426
excise,LEA-5339,2426
disco,MTR-56434012,2426
property,REG-986057,2426
banking,PK92-4354385537,2426
banking,PK34-7297688032,2426
banking,PK80-1578903274,2426
travel,TRP-8912545,2426
travel,TRP-4544647,2426
travel,TRP-4011757,2426
fbr,FBR-102427,2427
excise,RIR-3406,2427
disco,MTR-28978161,2427
fbr,FBR-102428,2428
excise,LEA-8750,2428
excise,AFR-5402,2428
disco,MTR-83563620,2428
property,REG-133186,2428
property,REG-103507,2428
banking,PK42-6845749991,2428
banking,PK11-7411148758,2428
banking,PK63-8069102007,2428
travel,TRP-4281589,2428
travel,TRP-7741618,2428
travel,TRP-2645303,2428
travel,TRP-6324002,2428
travel,TRP-4705979,2428
fbr,FBR-102429,2429
excise,AFR-8256,2429
disco,MTR-54068765,2429
property,REG-927113,2429
fbr,FBR-102430,2430
excise,KAR-8782,2430
excise,AFR-9949,2430
excise,LEA-3145,2430
property,REG-946822,2430
property,REG-950734,2430
banking,PK95-7391076896,2430
banking,PK11-6206494451,2430
travel,TRP-7920057,2430
travel,TRP-2876679,2430
travel,TRP-6408249,2430
travel,TRP-5920009,2430
travel,TRP-9095599,2430
fbr,FBR-102431,2431
disco,MTR-42019889,2431
banking,PK95-2821462556,2431
fbr,FBR-102432,2432
disco,MTR-28807383,2432
fbr,FBR-102433,2433
disco,MTR-18143738,2433
property,REG-590813,2433
banking,PK72-3011845396,2433
fbr,FBR-102434,2434
disco,MTR-87680418,2434
banking,PK35-7399325266,2434
fbr,FBR-102435,2435
excise,AFR-9731,2435
disco,MTR-84664988,2435
property,REG-501048,2435
property,REG-406468,2435
banking,PK20-8682475055,2435
banking,PK50-7503592595,2435
travel,TRP-6503632,2435
travel,TRP-6754825,2435
travel,TRP-3782668,2435
travel,TRP-9027504,2435
travel,TRP-1664739,2435
travel,TRP-8594985,2435
banking,PK50-5813058545,2436
travel,TRP-4228837,2436
fbr,FBR-102437,2437
excise,AFR-1612,2437
disco,MTR-86263887,2437
fbr,FBR-102438,2438
disco,MTR-93447460,2438
banking,PK39-5837307362,2438
fbr,FBR-102439,2439
banking,PK64-7744418649,2439
fbr,FBR-102440,2440
excise,LEA-1929,2440
property,REG-628494,2440
banking,PK32-4312454922,2440
banking,PK40-1891643852,2440
travel,TRP-5150845,2440
travel,TRP-4372693,2440
travel,TRP-8162061,2440
travel,TRP-5953798,2440
travel,TRP-5244117,2440
travel,TRP-4095521,2440
fbr,FBR-102441,2441
disco,MTR-31791690,2441
travel,TRP-5071511,2441
excise,LEA-9150,2442
disco,MTR-60046989,2442
banking,PK83-9022890130,2442
travel,TRP-5154430,2442
excise,RIR-7574,2443
disco,MTR-89649053,2443
property,REG-591468,2443
banking,PK30-8307942851,2443
banking,PK33-2792867471,2443
banking,PK13-4452809737,2443
banking,PK58-5467451493,2443
travel,TRP-9231174,2443
travel,TRP-1597506,2443
fbr,FBR-102444,2444
excise,LEA-8788,2444
disco,MTR-14135673,2444
property,REG-458877,2444
property,REG-200876,2444
banking,PK42-8811157491,2444
banking,PK45-8165270169,2444
travel,TRP-4654160,2444
travel,TRP-1460932,2444
travel,TRP-7267738,2444
fbr,FBR-102445,2445
disco,MTR-98341350,2445
travel,TRP-3067443,2445
fbr,FBR-102446,2446
disco,MTR-56807205,2446
banking,PK16-8331816097,2446
fbr,FBR-102447,2447
excise,AFR-7615,2447
disco,MTR-68170488,2447
banking,PK57-4381588944,2447
travel,TRP-5587809,2447
fbr,FBR-102448,2448
disco,MTR-42267378,2448
fbr,FBR-102449,2449
excise,ICT-7375,2449
disco,MTR-31576111,2449
property,REG-762431,2449
property,REG-638579,2449
banking,PK50-7589229056,2449
banking,PK87-7893050172,2449
travel,TRP-7131436,2449
travel,TRP-5840989,2449
travel,TRP-3872240,2449
travel,TRP-6247984,2449
excise,LEA-9674,2450
excise,AFR-3515,2450
excise,LEA-4781,2450
disco,MTR-66628217,2450
property,REG-199672,2450
property,REG-542625,2450
banking,PK46-8876967170,2450
travel,TRP-3747793,2450
travel,TRP-3056237,2450
fbr,FBR-102451,2451
disco,MTR-74821223,2451
banking,PK53-1794714102,2451
fbr,FBR-102452,2452
disco,MTR-39850201,2452
fbr,FBR-102453,2453
excise,AFR-4678,2453
disco,MTR-82740367,2453
banking,PK33-8229633494,2453
fbr,FBR-102454,2454
disco,MTR-29709785,2454
banking,PK48-7409271246,2454
fbr,FBR-102455,2455
excise,RIR-7244,2455
disco,MTR-58091991,2455
property,REG-416915,2455
banking,PK15-3234052001,2455
fbr,FBR-102456,2456
excise,RIR-2086,2456
disco,MTR-62792668,2456
property,REG-587680,2456
banking,PK58-7937630734,2456
banking,PK16-3847130593,2456
travel,TRP-5226814,2456
travel,TRP-5994866,2456
travel,TRP-7862081,2456
fbr,FBR-102457,2457
banking,PK95-3632016798,2457
travel,TRP-2780256,2457
fbr,FBR-102458,2458
excise,ICT-8539,2458
disco,MTR-88207470,2458
fbr,FBR-102459,2459
excise,ICT-4775,2459
banking,PK10-2786971727,2459
travel,TRP-8283312,2459
fbr,FBR-102460,2460
banking,PK61-6989947306,2460
travel,TRP-7956243,2460
disco,MTR-60038836,2461
banking,PK53-4838016719,2461
fbr,FBR-102462,2462
disco,MTR-96303471,2462
property,REG-692713,2462
banking,PK50-1898652245,2462
fbr,FBR-102463,2463
excise,RIR-1131,2463
excise,ICT-9826,2463
excise,KAR-1012,2463
disco,MTR-31467670,2463
property,REG-593245,2463
banking,PK56-3990847309,2463
travel,TRP-6482614,2463
travel,TRP-3449537,2463
travel,TRP-5801790,2463
fbr,FBR-102464,2464
excise,RIR-7485,2464
disco,MTR-34475296,2464
property,REG-244070,2464
banking,PK63-1277119486,2464
banking,PK18-6867754311,2464
banking,PK31-9907731279,2464
travel,TRP-2816377,2464
travel,TRP-2382992,2464
travel,TRP-7773309,2464
travel,TRP-3956276,2464
travel,TRP-7815257,2464
travel,TRP-1552384,2464
fbr,FBR-102465,2465
excise,AFR-7832,2465
disco,MTR-59799783,2465
property,REG-216378,2465
banking,PK34-4904254670,2465
fbr,FBR-102466,2466
excise,AFR-5075,2466
disco,MTR-31991325,2466
banking,PK90-1180394982,2466
travel,TRP-2330846,2466
fbr,FBR-102467,2467
excise,AFR-9535,2467
excise,ICT-592,2467
disco,MTR-71941914,2467
property,REG-609742,2467
property,REG-169851,2467
banking,PK80-4976518197,2467
banking,PK90-8427629866,2467
banking,PK31-1400009231,2467
banking,PK18-9653017793,2467
travel,TRP-5722088,2467
travel,TRP-9629581,2467
travel,TRP-9548070,2467
travel,TRP-3586248,2467
travel,TRP-3998278,2467
travel,TRP-6289541,2467
fbr,FBR-102468,2468
excise,ICT-9893,2468
disco,MTR-10848327,2468
property,REG-702908,2468
fbr,FBR-102469,2469
excise,KAR-7173,2469
disco,MTR-67498730,2469
banking,PK32-8933119894,2469
fbr,FBR-102470,2470
excise,AFR-3694,2470
excise,ICT-6395,2470
excise,AFR-5338,2470
disco,MTR-68389237,2470
property,REG-885403,2470
property,REG-927522,2470
banking,PK42-6796657539,2470
banking,PK30-9024406758,2470
banking,PK81-8220485564,2470
banking,PK29-5202772528,2470
travel,TRP-7744795,2470
travel,TRP-1702214,2470
travel,TRP-4346293,2470
travel,TRP-9813081,2470
travel,TRP-1875757,2470
fbr,FBR-102471,2471
disco,MTR-30776087,2471
fbr,FBR-102472,2472
excise,AFR-657,2472
disco,MTR-68657899,2472
banking,PK54-9821755848,2472
fbr,FBR-102473,2473
excise,RIR-6790,2473
disco,MTR-67314744,2473
property,REG-526105,2473
banking,PK40-6832056178,2473
fbr,FBR-102474,2474
excise,AFR-8338,2474
disco,MTR-61441776,2474
banking,PK67-3437718947,2474
fbr,FBR-102475,2475
excise,RIR-1729,2475
disco,MTR-36989726,2475
travel,TRP-2826497,2475
fbr,FBR-102476,2476
excise,RIR-571,2476
disco,MTR-19315131,2476
banking,PK42-1763136890,2476
fbr,FBR-102477,2477
excise,AFR-1381,2477
banking,PK37-8626077927,2477
fbr,FBR-102478,2478
disco,MTR-99771888,2478
banking,PK33-3725820470,2478
excise,RIR-4660,2479
disco,MTR-47539301,2479
property,REG-658952,2479
property,REG-750966,2479
banking,PK76-6349416236,2479
banking,PK27-6108163637,2479
travel,TRP-5737870,2479
travel,TRP-5362014,2479
travel,TRP-4190448,2479
travel,TRP-7034592,2479
travel,TRP-3325434,2479
travel,TRP-3096652,2479
excise,RIR-4325,2480
excise,RIR-1144,2480
excise,ICT-786,2480
disco,MTR-53968623,2480
property,REG-816085,2480
property,REG-887101,2480
banking,PK22-2153380003,2480
banking,PK10-4380229480,2480
travel,TRP-8528568,2480
fbr,FBR-102481,2481
excise,ICT-2748,2481
banking,PK36-8389919905,2481
fbr,FBR-102482,2482
excise,KAR-120,2482
disco,MTR-14604262,2482
property,REG-960464,2482
travel,TRP-7071658,2482
fbr,FBR-102483,2483
excise,KAR-8350,2483
excise,ICT-7329,2483
excise,LEA-7285,2483
disco,MTR-92609493,2483
property,REG-208957,2483
property,REG-458177,2483
banking,PK61-5670101261,2483
banking,PK62-2806124473,2483
banking,PK48-1563879224,2483
banking,PK32-6114580123,2483
travel,TRP-3107064,2483
travel,TRP-1022185,2483
travel,TRP-1759265,2483
travel,TRP-1196763,2483
travel,TRP-4010904,2483
fbr,FBR-102484,2484
excise,ICT-8834,2484
excise,AFR-2101,2484
disco,MTR-43484201,2484
property,REG-944687,2484
banking,PK11-3563634640,2484
travel,TRP-5158373,2484
fbr,FBR-102485,2485
excise,ICT-7197,2485
excise,KAR-4133,2485
excise,AFR-8833,2485
disco,MTR-95110157,2485
property,REG-361754,2485
property,REG-832615,2485
banking,PK79-9142829740,2485
banking,PK26-3347238220,2485
travel,TRP-6277150,2485
travel,TRP-6672408,2485
travel,TRP-3120098,2485
travel,TRP-1571027,2485
travel,TRP-6679975,2485
disco,MTR-70428078,2486
banking,PK78-3988005622,2486
fbr,FBR-102487,2487
excise,LEA-4526,2487
excise,AFR-9963,2487
excise,KAR-3658,2487
disco,MTR-14902026,2487
property,REG-124472,2487
banking,PK39-6055885318,2487
banking,PK82-6490493122,2487
banking,PK26-1466794645,2487
travel,TRP-4429605,2487
travel,TRP-3540513,2487
travel,TRP-8375137,2487
travel,TRP-9786213,2487
travel,TRP-6624345,2487
travel,TRP-5693459,2487
excise,LEA-7389,2488
disco,MTR-33210247,2488
property,REG-226326,2488
banking,PK51-7930220676,2488
banking,PK97-6830652272,2488
banking,PK22-5635803904,2488
banking,PK77-7526553492,2488
travel,TRP-4450022,2488
travel,TRP-6348667,2488
travel,TRP-8981765,2488
fbr,FBR-102489,2489
property,REG-755128,2489
banking,PK77-1814201629,2489
travel,TRP-6206630,2489
fbr,FBR-102490,2490
disco,MTR-20025809,2490
banking,PK39-8697752579,2490
travel,TRP-8561534,2490
fbr,FBR-102491,2491
excise,KAR-3659,2491
disco,MTR-56860958,2491
property,REG-328442,2491
property,REG-344959,2491
banking,PK43-6472381954,2491
banking,PK57-6847137143,2491
travel,TRP-9180434,2491
travel,TRP-9265440,2491
travel,TRP-4959594,2491
travel,TRP-5800372,2491
travel,TRP-8259310,2491
travel,TRP-6296929,2491
fbr,FBR-102492,2492
excise,LEA-9038,2492
disco,MTR-55579349,2492
property,REG-806158,2492
property,REG-358925,2492
banking,PK60-8937635665,2492
banking,PK47-8846731481,2492
banking,PK46-1883561594,2492
travel,TRP-5333535,2492
travel,TRP-3231258,2492
fbr,FBR-102493,2493
excise,KAR-9036,2493
disco,MTR-61127002,2493
banking,PK62-7329680744,2493
excise,LEA-8411,2494
excise,RIR-3993,2494
disco,MTR-82859630,2494
property,REG-925522,2494
banking,PK16-6664126743,2494
banking,PK84-8330893271,2494
travel,TRP-4691787,2494
travel,TRP-5297962,2494
travel,TRP-2230095,2494
fbr,FBR-102495,2495
disco,MTR-92810437,2495
property,REG-991577,2495
banking,PK94-8118626303,2495
fbr,FBR-102496,2496
excise,AFR-3105,2496
disco,MTR-32722348,2496
banking,PK84-9954563289,2496
travel,TRP-8041122,2496
fbr,FBR-102497,2497
excise,ICT-3010,2497
property,REG-333820,2497
banking,PK98-4398147089,2497
banking,PK55-3326017152,2497
travel,TRP-8704619,2497
travel,TRP-4241091,2497
fbr,FBR-102498,2498
excise,KAR-6203,2498
disco,MTR-64213564,2498
fbr,FBR-102499,2499
excise,KAR-7364,2499
disco,MTR-63685402,2499
fbr,FBR-102725,2725
excise,KAR-5979,2725
excise,KAR-1870,2725
disco,MTR-31517117,2725
property,REG-462623,2725
property,REG-382200,2725
banking,PK64-9523343561,2725
banking,PK43-4424376035,2725
banking,PK52-9066325506,2725
banking,PK78-5061116256,2725
travel,TRP-3188522,2725
travel,TRP-6569507,2725
travel,TRP-2648861,2725
travel,TRP-1538369,2725
fbr,FBR-102726,2726
excise,AFR-4217,2726
excise,AFR-7361,2726
disco,MTR-54155289,2726
property,REG-496213,2726
banking,PK25-1600291628,2726
banking,PK96-7163737011,2726
banking,PK32-6387741735,2726
banking,PK71-8658786735,2726
travel,TRP-5024779,2726
travel,TRP-1635136,2726
travel,TRP-4601269,2726
travel,TRP-7219239,2726
fbr,FBR-102727,2727
excise,RIR-8068,2727
disco,MTR-33245964,2727
property,REG-609662,2727
property,REG-571441,2727
banking,PK36-9944040229,2727
banking,PK19-9564303287,2727
banking,PK93-7945860305,2727
travel,TRP-4292059,2727
travel,TRP-9842627,2727
fbr,FBR-102728,2728
excise,LEA-787,2728
excise,AFR-6635,2728
excise,RIR-4616,2728
disco,MTR-25202240,2728
property,REG-641664,2728
banking,PK36-6253229435,2728
banking,PK39-5876179900,2728
travel,TRP-6774378,2728
travel,TRP-2252930,2728
travel,TRP-3977546,2728
fbr,FBR-102500,2500
excise,AFR-8159,2500
property,REG-928189,2500
banking,PK96-2923710807,2500
banking,PK56-2721730368,2500
travel,TRP-5739193,2500
travel,TRP-2311322,2500
travel,TRP-4950076,2500
travel,TRP-4896966,2500
travel,TRP-1489989,2500
travel,TRP-9412199,2500
fbr,FBR-102501,2501
excise,ICT-7332,2501
excise,ICT-1028,2501
disco,MTR-95241030,2501
property,REG-453380,2501
property,REG-130841,2501
banking,PK47-1240790940,2501
banking,PK76-3945702709,2501
banking,PK38-5425718878,2501
travel,TRP-6146710,2501
travel,TRP-2802188,2501
travel,TRP-1532363,2501
travel,TRP-7401643,2501
travel,TRP-9243932,2501
excise,ICT-9484,2502
disco,MTR-62179394,2502
property,REG-550242,2502
property,REG-185790,2502
banking,PK12-4621332361,2502
banking,PK62-3728965868,2502
travel,TRP-8160326,2502
travel,TRP-6481897,2502
fbr,FBR-102503,2503
excise,LEA-8786,2503
disco,MTR-28735879,2503
property,REG-727378,2503
banking,PK89-1468547537,2503
banking,PK99-6802817251,2503
banking,PK16-3607901100,2503
banking,PK36-9408578963,2503
travel,TRP-7055318,2503
travel,TRP-9234379,2503
travel,TRP-3864649,2503
travel,TRP-1723287,2503
fbr,FBR-102504,2504
excise,AFR-5326,2504
disco,MTR-58680611,2504
property,REG-953722,2504
banking,PK65-5411121400,2504
banking,PK16-6647937903,2504
travel,TRP-6913211,2504
travel,TRP-7353831,2504
travel,TRP-7055024,2504
travel,TRP-3671057,2504
travel,TRP-6742827,2504
travel,TRP-1042970,2504
fbr,FBR-102505,2505
excise,LEA-4132,2505
excise,KAR-6859,2505
excise,LEA-3099,2505
disco,MTR-29207678,2505
property,REG-277177,2505
property,REG-548305,2505
banking,PK32-7959326873,2505
banking,PK10-5493416263,2505
travel,TRP-7270962,2505
travel,TRP-6755402,2505
travel,TRP-8254354,2505
travel,TRP-6101984,2505
travel,TRP-2953216,2505
travel,TRP-6498902,2505
fbr,FBR-102506,2506
excise,RIR-3150,2506
excise,AFR-9554,2506
excise,LEA-496,2506
disco,MTR-53708627,2506
property,REG-280802,2506
property,REG-362620,2506
banking,PK35-5432706323,2506
banking,PK42-9758020983,2506
banking,PK96-2957976733,2506
banking,PK43-8227090744,2506
travel,TRP-6422185,2506
travel,TRP-6795877,2506
travel,TRP-8961330,2506
travel,TRP-7974262,2506
travel,TRP-5570101,2506
travel,TRP-9616581,2506
fbr,FBR-102507,2507
excise,AFR-3071,2507
disco,MTR-35360115,2507
property,REG-698518,2507
property,REG-951000,2507
banking,PK21-5643227544,2507
banking,PK41-8360814629,2507
banking,PK81-3794516881,2507
banking,PK30-1384069343,2507
travel,TRP-7871194,2507
travel,TRP-3547433,2507
travel,TRP-6357440,2507
travel,TRP-7303507,2507
travel,TRP-7179149,2507
fbr,FBR-102508,2508
excise,RIR-8148,2508
excise,AFR-6693,2508
disco,MTR-24902592,2508
property,REG-767295,2508
property,REG-199793,2508
banking,PK59-5535095939,2508
banking,PK12-9183792622,2508
banking,PK87-5838474714,2508
travel,TRP-6923761,2508
travel,TRP-7580066,2508
fbr,FBR-102509,2509
excise,AFR-6446,2509
excise,ICT-1869,2509
excise,KAR-5321,2509
disco,MTR-73525961,2509
property,REG-858488,2509
banking,PK81-7026088817,2509
banking,PK74-4600467310,2509
banking,PK57-3032395662,2509
travel,TRP-2049803,2509
travel,TRP-4041027,2509
fbr,FBR-102510,2510
excise,LEA-9404,2510
disco,MTR-24640811,2510
property,REG-396496,2510
property,REG-806198,2510
banking,PK25-4848186663,2510
banking,PK80-7568060460,2510
travel,TRP-8444870,2510
travel,TRP-1651854,2510
travel,TRP-9696110,2510
travel,TRP-3216898,2510
travel,TRP-5672045,2510
travel,TRP-5262499,2510
excise,KAR-9751,2511
excise,LEA-5729,2511
excise,KAR-7290,2511
property,REG-933034,2511
property,REG-509740,2511
banking,PK51-6800464213,2511
banking,PK62-9464413132,2511
banking,PK57-1978965356,2511
banking,PK29-6035313455,2511
travel,TRP-5797488,2511
travel,TRP-3143230,2511
travel,TRP-2899165,2511
fbr,FBR-102512,2512
excise,KAR-4326,2512
excise,ICT-2355,2512
disco,MTR-72549420,2512
property,REG-946068,2512
banking,PK70-4257830905,2512
banking,PK77-1030942134,2512
banking,PK94-3040144689,2512
banking,PK16-4336607149,2512
travel,TRP-2542018,2512
travel,TRP-6389587,2512
travel,TRP-6863172,2512
fbr,FBR-102513,2513
excise,AFR-5289,2513
excise,LEA-2774,2513
disco,MTR-52555192,2513
property,REG-229651,2513
property,REG-161522,2513
banking,PK85-9642220959,2513
banking,PK78-8688684077,2513
travel,TRP-9684597,2513
travel,TRP-6135648,2513
travel,TRP-2171371,2513
fbr,FBR-102514,2514
excise,KAR-8271,2514
excise,RIR-1581,2514
excise,AFR-7117,2514
disco,MTR-82404360,2514
property,REG-126884,2514
banking,PK94-1802936943,2514
banking,PK15-1271421932,2514
banking,PK69-5739635863,2514
banking,PK91-5458029776,2514
travel,TRP-1051019,2514
travel,TRP-1889093,2514
travel,TRP-7281916,2514
travel,TRP-6022219,2514
travel,TRP-2250255,2514
travel,TRP-2617742,2514
excise,KAR-1005,2515
excise,ICT-120,2515
excise,KAR-5748,2515
disco,MTR-68251208,2515
property,REG-285730,2515
banking,PK16-6477334098,2515
banking,PK68-7292147860,2515
banking,PK38-8986895113,2515
travel,TRP-9473712,2515
travel,TRP-8810117,2515
travel,TRP-4234378,2515
fbr,FBR-102516,2516
excise,AFR-9552,2516
excise,AFR-3926,2516
excise,RIR-8631,2516
disco,MTR-93365747,2516
property,REG-162985,2516
banking,PK94-4212894442,2516
banking,PK11-1197359635,2516
banking,PK58-3273087441,2516
banking,PK67-7302177283,2516
travel,TRP-9843702,2516
travel,TRP-1777367,2516
excise,KAR-5331,2517
excise,RIR-184,2517
excise,LEA-141,2517
disco,MTR-22948726,2517
property,REG-598886,2517
property,REG-305951,2517
banking,PK38-4637520780,2517
banking,PK80-1072790552,2517
banking,PK74-5334868587,2517
travel,TRP-8641879,2517
travel,TRP-7685267,2517
travel,TRP-4693874,2517
travel,TRP-8733856,2517
travel,TRP-6236924,2517
travel,TRP-5215591,2517
fbr,FBR-102518,2518
excise,AFR-5968,2518
excise,ICT-185,2518
disco,MTR-13001059,2518
property,REG-300446,2518
banking,PK18-4834586267,2518
banking,PK92-3907905201,2518
banking,PK51-1631184224,2518
travel,TRP-8164429,2518
travel,TRP-2379407,2518
travel,TRP-9642582,2518
travel,TRP-2422157,2518
travel,TRP-8858186,2518
travel,TRP-3745252,2518
fbr,FBR-102519,2519
excise,KAR-8050,2519
disco,MTR-74398081,2519
property,REG-788478,2519
banking,PK67-4650540698,2519
banking,PK13-1985854355,2519
travel,TRP-2154351,2519
travel,TRP-2570712,2519
fbr,FBR-102520,2520
excise,LEA-9076,2520
excise,ICT-5467,2520
excise,KAR-1918,2520
disco,MTR-60571990,2520
property,REG-938088,2520
banking,PK23-9899721104,2520
banking,PK29-3585629590,2520
banking,PK13-5356032847,2520
banking,PK77-8237478077,2520
travel,TRP-4267574,2520
travel,TRP-9463420,2520
travel,TRP-8087217,2520
travel,TRP-8536447,2520
travel,TRP-4020530,2520
travel,TRP-6944140,2520
fbr,FBR-102521,2521
excise,ICT-1665,2521
excise,KAR-9545,2521
disco,MTR-14234114,2521
property,REG-932469,2521
property,REG-417442,2521
banking,PK70-7866631220,2521
banking,PK35-7876651925,2521
banking,PK21-9694268447,2521
banking,PK75-5578320514,2521
travel,TRP-1411294,2521
travel,TRP-1557823,2521
travel,TRP-5084364,2521
travel,TRP-8547540,2521
travel,TRP-3287912,2521
travel,TRP-6192541,2521
fbr,FBR-102522,2522
excise,AFR-6237,2522
excise,LEA-786,2522
disco,MTR-80166547,2522
property,REG-584813,2522
property,REG-288394,2522
banking,PK46-9868507709,2522
banking,PK55-6493390913,2522
travel,TRP-6396929,2522
travel,TRP-6119070,2522
travel,TRP-1620529,2522
travel,TRP-2876207,2522
travel,TRP-6151951,2522
travel,TRP-8589965,2522
fbr,FBR-102523,2523
excise,KAR-8873,2523
excise,LEA-153,2523
excise,AFR-3496,2523
disco,MTR-41743505,2523
property,REG-833307,2523
banking,PK33-7448133854,2523
banking,PK98-4239529754,2523
banking,PK47-1839988574,2523
travel,TRP-6551492,2523
travel,TRP-1731520,2523
travel,TRP-5142240,2523
travel,TRP-8898568,2523
fbr,FBR-102524,2524
excise,LEA-1000,2524
excise,AFR-1866,2524
excise,ICT-2160,2524
disco,MTR-82956249,2524
property,REG-307469,2524
property,REG-706132,2524
banking,PK26-2191959520,2524
banking,PK25-9561446693,2524
banking,PK47-4825223781,2524
travel,TRP-5119517,2524
travel,TRP-4225027,2524
travel,TRP-3061572,2524
travel,TRP-6890820,2524
travel,TRP-9358716,2524
travel,TRP-8248227,2524
fbr,FBR-102525,2525
excise,KAR-8001,2525
disco,MTR-79381610,2525
property,REG-989396,2525
banking,PK26-4371517782,2525
banking,PK31-3139432500,2525
travel,TRP-9295148,2525
travel,TRP-4040430,2525
travel,TRP-9032272,2525
fbr,FBR-102526,2526
excise,RIR-9072,2526
excise,LEA-1326,2526
disco,MTR-80523298,2526
property,REG-352467,2526
property,REG-564019,2526
banking,PK42-3061577217,2526
banking,PK45-6263923933,2526
banking,PK10-6440471081,2526
banking,PK83-1346293173,2526
travel,TRP-8856153,2526
travel,TRP-6991599,2526
travel,TRP-7376975,2526
travel,TRP-7787073,2526
fbr,FBR-102527,2527
excise,ICT-3592,2527
excise,ICT-1195,2527
excise,AFR-5737,2527
disco,MTR-57668480,2527
property,REG-969908,2527
property,REG-302142,2527
banking,PK17-4918514687,2527
banking,PK65-5608617033,2527
banking,PK79-9392502018,2527
travel,TRP-5798453,2527
travel,TRP-3454326,2527
fbr,FBR-102528,2528
excise,AFR-3764,2528
disco,MTR-38329659,2528
property,REG-878297,2528
property,REG-359209,2528
banking,PK90-9434613594,2528
banking,PK77-3961363655,2528
banking,PK14-4015364497,2528
banking,PK76-2029941579,2528
travel,TRP-4550133,2528
travel,TRP-9978852,2528
travel,TRP-3859452,2528
fbr,FBR-102529,2529
excise,AFR-3769,2529
excise,LEA-8733,2529
disco,MTR-35996109,2529
property,REG-810777,2529
property,REG-206103,2529
banking,PK37-2835599313,2529
banking,PK54-6866413169,2529
banking,PK49-4728618947,2529
travel,TRP-9685934,2529
travel,TRP-9819969,2529
travel,TRP-4169048,2529
travel,TRP-4578713,2529
travel,TRP-5920199,2529
fbr,FBR-102530,2530
excise,ICT-6799,2530
excise,ICT-2303,2530
excise,RIR-1867,2530
disco,MTR-28509590,2530
property,REG-923485,2530
banking,PK29-7881075496,2530
banking,PK88-8453551521,2530
banking,PK80-7077455583,2530
travel,TRP-1295591,2530
travel,TRP-4124878,2530
travel,TRP-7710883,2530
travel,TRP-2915056,2530
fbr,FBR-102531,2531
excise,LEA-4628,2531
excise,LEA-4609,2531
property,REG-290406,2531
banking,PK98-1272824640,2531
banking,PK93-9930254982,2531
banking,PK31-4410906219,2531
banking,PK41-8873588732,2531
travel,TRP-7071516,2531
travel,TRP-4331465,2531
travel,TRP-1306833,2531
excise,RIR-7360,2532
excise,AFR-5461,2532
disco,MTR-98368009,2532
property,REG-602293,2532
property,REG-430888,2532
banking,PK21-3273365703,2532
banking,PK69-4737580050,2532
travel,TRP-1581377,2532
travel,TRP-4877654,2532
travel,TRP-7036867,2532
travel,TRP-5204881,2532
travel,TRP-9012743,2532
fbr,FBR-102533,2533
excise,KAR-2056,2533
excise,ICT-6570,2533
disco,MTR-42876606,2533
property,REG-907208,2533
banking,PK49-9993678736,2533
banking,PK42-8360785721,2533
travel,TRP-4150529,2533
travel,TRP-8783287,2533
travel,TRP-3136605,2533
travel,TRP-8409430,2533
excise,AFR-698,2534
excise,LEA-3235,2534
excise,KAR-3034,2534
property,REG-606291,2534
property,REG-950214,2534
banking,PK18-2364990763,2534
banking,PK45-7312275269,2534
banking,PK45-9908810364,2534
travel,TRP-6361382,2534
travel,TRP-8995896,2534
travel,TRP-4706228,2534
travel,TRP-5421312,2534
travel,TRP-9776330,2534
excise,AFR-4891,2535
disco,MTR-61054388,2535
property,REG-674468,2535
property,REG-992147,2535
banking,PK90-1972498880,2535
banking,PK30-7451439807,2535
banking,PK56-8337702348,2535
travel,TRP-8335608,2535
travel,TRP-6447736,2535
travel,TRP-6644148,2535
travel,TRP-4486756,2535
travel,TRP-2418693,2535
fbr,FBR-102536,2536
excise,RIR-4302,2536
excise,RIR-7312,2536
disco,MTR-95124014,2536
property,REG-349629,2536
banking,PK45-3968155357,2536
banking,PK57-8127776437,2536
banking,PK33-8562033556,2536
travel,TRP-2346124,2536
travel,TRP-5854732,2536
travel,TRP-6009938,2536
excise,KAR-7041,2537
disco,MTR-21347806,2537
property,REG-794216,2537
banking,PK24-1727370040,2537
banking,PK45-7078217409,2537
banking,PK41-5432094874,2537
travel,TRP-8053966,2537
travel,TRP-1712935,2537
fbr,FBR-102538,2538
excise,LEA-2916,2538
disco,MTR-96874332,2538
property,REG-795221,2538
banking,PK69-2955904332,2538
banking,PK76-4243440131,2538
banking,PK20-8551937229,2538
travel,TRP-2763155,2538
travel,TRP-2949286,2538
travel,TRP-8524882,2538
travel,TRP-3020795,2538
travel,TRP-2908431,2538
fbr,FBR-102539,2539
excise,AFR-4088,2539
disco,MTR-53638545,2539
property,REG-647940,2539
property,REG-947416,2539
banking,PK90-8367109543,2539
banking,PK30-1713986052,2539
banking,PK26-5528680571,2539
travel,TRP-5005247,2539
travel,TRP-6140788,2539
travel,TRP-3164068,2539
travel,TRP-6322392,2539
travel,TRP-2035792,2539
fbr,FBR-102540,2540
excise,LEA-1626,2540
excise,KAR-4555,2540
disco,MTR-26393418,2540
property,REG-875456,2540
property,REG-838566,2540
banking,PK29-3638085248,2540
banking,PK94-8003520028,2540
travel,TRP-6495637,2540
travel,TRP-1695866,2540
fbr,FBR-102541,2541
excise,AFR-2007,2541
excise,RIR-4182,2541
disco,MTR-30612102,2541
property,REG-494448,2541
property,REG-323652,2541
banking,PK52-3097059943,2541
banking,PK60-3905165406,2541
banking,PK89-8454614727,2541
travel,TRP-9544045,2541
travel,TRP-7190711,2541
travel,TRP-2564022,2541
fbr,FBR-102542,2542
excise,LEA-5693,2542
excise,ICT-7414,2542
disco,MTR-23838161,2542
property,REG-821970,2542
banking,PK32-2141481710,2542
banking,PK84-6862900125,2542
banking,PK54-4632921163,2542
travel,TRP-4327004,2542
travel,TRP-5330903,2542
travel,TRP-9879303,2542
fbr,FBR-102543,2543
excise,KAR-6114,2543
property,REG-683508,2543
banking,PK12-2108602437,2543
banking,PK12-6405894826,2543
banking,PK75-2509297213,2543
travel,TRP-9097729,2543
travel,TRP-4235744,2543
travel,TRP-4830142,2543
travel,TRP-5718567,2543
travel,TRP-7597032,2543
fbr,FBR-102544,2544
excise,RIR-4151,2544
excise,AFR-6590,2544
disco,MTR-20495759,2544
property,REG-358431,2544
banking,PK87-4833558590,2544
banking,PK53-2504624727,2544
banking,PK38-8306956578,2544
travel,TRP-8689438,2544
travel,TRP-2887959,2544
travel,TRP-9412807,2544
fbr,FBR-102545,2545
excise,RIR-6196,2545
disco,MTR-82637520,2545
property,REG-981697,2545
property,REG-303965,2545
banking,PK11-3091796213,2545
banking,PK26-1677883609,2545
banking,PK19-7076173899,2545
banking,PK41-5330005762,2545
travel,TRP-1940350,2545
travel,TRP-1743273,2545
travel,TRP-7688884,2545
travel,TRP-2113687,2545
travel,TRP-3666287,2545
travel,TRP-5179009,2545
fbr,FBR-102546,2546
excise,ICT-4322,2546
excise,AFR-1840,2546
disco,MTR-31069335,2546
property,REG-741173,2546
property,REG-283413,2546
banking,PK77-2395022978,2546
banking,PK36-3835969337,2546
travel,TRP-3352860,2546
travel,TRP-7806209,2546
travel,TRP-1678775,2546
travel,TRP-7339348,2546
travel,TRP-4360728,2546
fbr,FBR-102547,2547
excise,LEA-5843,2547
excise,KAR-3838,2547
disco,MTR-54308237,2547
property,REG-107169,2547
property,REG-223597,2547
banking,PK40-3324714370,2547
banking,PK93-1845528776,2547
banking,PK42-5077010335,2547
banking,PK49-8083775973,2547
travel,TRP-1001315,2547
travel,TRP-7356613,2547
travel,TRP-5495551,2547
travel,TRP-3488211,2547
fbr,FBR-102548,2548
excise,AFR-7159,2548
excise,AFR-5573,2548
excise,AFR-2447,2548
disco,MTR-42013184,2548
property,REG-206404,2548
banking,PK53-7036718565,2548
banking,PK18-9032906355,2548
travel,TRP-7473595,2548
travel,TRP-2985963,2548
travel,TRP-1152165,2548
travel,TRP-4566919,2548
excise,RIR-7271,2549
disco,MTR-85511295,2549
property,REG-248088,2549
property,REG-396652,2549
banking,PK67-1891807369,2549
banking,PK76-9113145274,2549
banking,PK79-9886647500,2549
travel,TRP-4945059,2549
travel,TRP-6459285,2549
excise,RIR-5585,2550
excise,RIR-8710,2550
disco,MTR-20407575,2550
property,REG-713461,2550
banking,PK54-4465496192,2550
banking,PK51-4144962981,2550
banking,PK41-5440990338,2550
banking,PK83-3330621485,2550
travel,TRP-7893949,2550
travel,TRP-7604287,2550
travel,TRP-9610916,2550
travel,TRP-3551867,2550
travel,TRP-3045824,2550
travel,TRP-8641057,2550
fbr,FBR-102551,2551
excise,RIR-8196,2551
disco,MTR-42903669,2551
property,REG-121997,2551
banking,PK11-6410545689,2551
banking,PK49-1808753425,2551
banking,PK63-6238842995,2551
travel,TRP-4208531,2551
travel,TRP-7874455,2551
travel,TRP-9403910,2551
travel,TRP-2327456,2551
travel,TRP-2743311,2551
travel,TRP-9138668,2551
fbr,FBR-102552,2552
excise,RIR-3756,2552
excise,ICT-2406,2552
disco,MTR-81201768,2552
property,REG-112455,2552
banking,PK53-3297155154,2552
banking,PK94-2357718918,2552
banking,PK73-5332354695,2552
banking,PK82-6913745516,2552
travel,TRP-8210572,2552
travel,TRP-2852480,2552
excise,KAR-7911,2553
disco,MTR-51366411,2553
property,REG-206134,2553
banking,PK17-6109484257,2553
banking,PK75-4991129246,2553
travel,TRP-9681600,2553
travel,TRP-6273713,2553
travel,TRP-3049181,2553
travel,TRP-7914477,2553
travel,TRP-3934228,2553
fbr,FBR-102554,2554
excise,LEA-1530,2554
excise,KAR-9350,2554
excise,KAR-2179,2554
disco,MTR-32237059,2554
property,REG-223941,2554
property,REG-646730,2554
banking,PK53-4676692250,2554
banking,PK99-4439788340,2554
banking,PK25-2358373963,2554
travel,TRP-3758781,2554
travel,TRP-4863675,2554
travel,TRP-1831786,2554
travel,TRP-8581028,2554
travel,TRP-7570337,2554
travel,TRP-3289710,2554
fbr,FBR-102555,2555
excise,RIR-8631,2555
disco,MTR-57395423,2555
property,REG-267720,2555
property,REG-321571,2555
banking,PK87-4316343972,2555
banking,PK54-4905682428,2555
travel,TRP-7972190,2555
travel,TRP-2509458,2555
travel,TRP-4271987,2555
travel,TRP-2117115,2555
travel,TRP-6979384,2555
fbr,FBR-102556,2556
excise,ICT-9855,2556
excise,KAR-7298,2556
disco,MTR-55083617,2556
property,REG-729752,2556
banking,PK98-9286724287,2556
banking,PK83-8867690911,2556
banking,PK43-1950258872,2556
banking,PK82-4451219063,2556
travel,TRP-5573519,2556
travel,TRP-2745058,2556
excise,KAR-9951,2557
disco,MTR-77718949,2557
property,REG-409571,2557
banking,PK85-3381594196,2557
banking,PK14-3813033836,2557
banking,PK90-6587675663,2557
travel,TRP-5717498,2557
travel,TRP-3549944,2557
travel,TRP-4354120,2557
excise,KAR-7020,2558
excise,KAR-4314,2558
excise,LEA-5761,2558
disco,MTR-34855462,2558
property,REG-653604,2558
property,REG-616108,2558
banking,PK75-9487839698,2558
banking,PK83-7651780149,2558
banking,PK80-2194832885,2558
banking,PK70-1641758785,2558
travel,TRP-4268416,2558
travel,TRP-4325517,2558
travel,TRP-1580257,2558
fbr,FBR-102559,2559
excise,KAR-3208,2559
excise,LEA-4772,2559
excise,AFR-4278,2559
disco,MTR-65977730,2559
property,REG-891098,2559
property,REG-514297,2559
banking,PK37-1457723482,2559
banking,PK26-3821573761,2559
travel,TRP-6495451,2559
travel,TRP-8024176,2559
travel,TRP-9245320,2559
travel,TRP-1346028,2559
travel,TRP-1348200,2559
fbr,FBR-102560,2560
excise,AFR-5552,2560
disco,MTR-74762262,2560
property,REG-144121,2560
banking,PK93-2037353045,2560
banking,PK19-8788144892,2560
travel,TRP-2113043,2560
travel,TRP-7908610,2560
travel,TRP-7790623,2560
travel,TRP-3364717,2560
fbr,FBR-102561,2561
excise,LEA-9783,2561
excise,AFR-2982,2561
disco,MTR-63704653,2561
property,REG-949089,2561
banking,PK38-1524066298,2561
banking,PK74-2305357418,2561
banking,PK61-3843060597,2561
banking,PK52-5999802686,2561
travel,TRP-5972394,2561
travel,TRP-4104709,2561
travel,TRP-3513399,2561
travel,TRP-1442916,2561
travel,TRP-7312511,2561
fbr,FBR-102562,2562
excise,KAR-4726,2562
excise,KAR-2594,2562
excise,ICT-3232,2562
property,REG-374633,2562
banking,PK11-4065338453,2562
banking,PK13-8054403927,2562
banking,PK32-1437794910,2562
banking,PK61-7490463364,2562
travel,TRP-9340848,2562
travel,TRP-6680592,2562
travel,TRP-8973129,2562
travel,TRP-4691209,2562
travel,TRP-8450783,2562
travel,TRP-1777094,2562
fbr,FBR-102563,2563
excise,KAR-8123,2563
excise,AFR-1798,2563
disco,MTR-12788450,2563
property,REG-446416,2563
banking,PK87-9096629738,2563
banking,PK94-2681756746,2563
travel,TRP-7151907,2563
travel,TRP-2430908,2563
fbr,FBR-102564,2564
excise,ICT-3039,2564
disco,MTR-12365399,2564
property,REG-981424,2564
property,REG-417634,2564
banking,PK66-3978145866,2564
banking,PK19-3932895528,2564
travel,TRP-9044884,2564
travel,TRP-7204159,2564
travel,TRP-3043080,2564
travel,TRP-7679259,2564
fbr,FBR-102565,2565
excise,LEA-6072,2565
excise,RIR-3994,2565
disco,MTR-66714427,2565
property,REG-423728,2565
banking,PK76-7475561817,2565
banking,PK95-9689867419,2565
banking,PK39-3905904605,2565
travel,TRP-7704500,2565
travel,TRP-3040329,2565
travel,TRP-6189555,2565
travel,TRP-5985178,2565
travel,TRP-2419464,2565
travel,TRP-5396946,2565
fbr,FBR-102566,2566
excise,ICT-9592,2566
excise,AFR-8406,2566
disco,MTR-66632773,2566
property,REG-422284,2566
banking,PK94-5674465049,2566
banking,PK12-2231257671,2566
banking,PK12-8566420921,2566
travel,TRP-5570109,2566
travel,TRP-1170989,2566
travel,TRP-1283909,2566
travel,TRP-6728957,2566
travel,TRP-9458900,2566
fbr,FBR-102567,2567
excise,KAR-5924,2567
disco,MTR-28132677,2567
property,REG-834414,2567
banking,PK22-7829744547,2567
banking,PK94-3189320383,2567
banking,PK10-7763006948,2567
banking,PK22-2153299373,2567
travel,TRP-2247786,2567
travel,TRP-1382194,2567
travel,TRP-6680063,2567
excise,LEA-4649,2568
disco,MTR-10700915,2568
property,REG-240396,2568
banking,PK77-7365845194,2568
banking,PK43-3835054381,2568
banking,PK81-6897165879,2568
travel,TRP-2156335,2568
travel,TRP-8675116,2568
travel,TRP-1053636,2568
travel,TRP-3196450,2568
travel,TRP-8112545,2568
excise,AFR-138,2569
excise,RIR-651,2569
excise,LEA-2625,2569
disco,MTR-32323190,2569
property,REG-180946,2569
property,REG-519940,2569
banking,PK25-9426374799,2569
banking,PK54-6868696590,2569
travel,TRP-1510500,2569
travel,TRP-9627092,2569
travel,TRP-7144589,2569
excise,LEA-8407,2570
excise,RIR-9754,2570
property,REG-617810,2570
banking,PK20-6297927814,2570
banking,PK16-7881997750,2570
travel,TRP-6273614,2570
travel,TRP-2073655,2570
travel,TRP-8405855,2570
excise,RIR-8376,2571
excise,AFR-4336,2571
disco,MTR-54429967,2571
property,REG-523249,2571
banking,PK81-3493657419,2571
banking,PK91-1747171966,2571
travel,TRP-4051766,2571
travel,TRP-7900028,2571
fbr,FBR-102572,2572
excise,RIR-3812,2572
excise,LEA-6827,2572
disco,MTR-56110569,2572
property,REG-215407,2572
property,REG-988454,2572
banking,PK72-8357785619,2572
banking,PK99-2829864200,2572
banking,PK87-1003522194,2572
travel,TRP-1172289,2572
travel,TRP-6313285,2572
travel,TRP-4533066,2572
travel,TRP-7556229,2572
travel,TRP-2698266,2572
fbr,FBR-102573,2573
excise,RIR-5342,2573
excise,LEA-3945,2573
excise,RIR-2901,2573
disco,MTR-57926836,2573
property,REG-786375,2573
banking,PK46-7701688471,2573
banking,PK80-3939776686,2573
banking,PK63-8100251673,2573
banking,PK46-2000042441,2573
travel,TRP-4102090,2573
travel,TRP-5443488,2573
travel,TRP-5963189,2573
travel,TRP-2991780,2573
travel,TRP-3018849,2573
travel,TRP-5450360,2573
fbr,FBR-102574,2574
excise,KAR-775,2574
excise,ICT-531,2574
excise,RIR-6640,2574
disco,MTR-86131388,2574
property,REG-113545,2574
property,REG-202564,2574
banking,PK17-3847328500,2574
banking,PK57-8605276353,2574
banking,PK27-9463267823,2574
travel,TRP-9785043,2574
travel,TRP-7821197,2574
travel,TRP-8262808,2574
travel,TRP-2237587,2574
fbr,FBR-102575,2575
excise,RIR-2801,2575
excise,RIR-5381,2575
disco,MTR-66892921,2575
property,REG-611202,2575
banking,PK65-2733404423,2575
banking,PK30-1229041868,2575
banking,PK32-4993208225,2575
travel,TRP-6366886,2575
travel,TRP-7210621,2575
travel,TRP-4557411,2575
travel,TRP-6129428,2575
travel,TRP-5707088,2575
fbr,FBR-102576,2576
excise,RIR-6857,2576
disco,MTR-98313607,2576
property,REG-719191,2576
property,REG-405470,2576
banking,PK70-9389317713,2576
banking,PK90-6512480608,2576
travel,TRP-1545240,2576
travel,TRP-5011617,2576
fbr,FBR-102577,2577
excise,RIR-2481,2577
excise,KAR-2487,2577
disco,MTR-78598072,2577
property,REG-781399,2577
property,REG-484211,2577
banking,PK87-4027041167,2577
banking,PK24-8708286862,2577
banking,PK51-2021446840,2577
banking,PK99-8215235763,2577
travel,TRP-5509556,2577
travel,TRP-9173181,2577
travel,TRP-4689088,2577
travel,TRP-7788845,2577
travel,TRP-6175057,2577
fbr,FBR-102578,2578
excise,ICT-5284,2578
disco,MTR-12403475,2578
property,REG-415295,2578
property,REG-270079,2578
banking,PK24-2427579847,2578
banking,PK97-6202052503,2578
travel,TRP-6421560,2578
travel,TRP-5409908,2578
travel,TRP-9213287,2578
travel,TRP-5772138,2578
fbr,FBR-102579,2579
excise,RIR-4761,2579
excise,AFR-5001,2579
excise,LEA-7923,2579
disco,MTR-81695955,2579
property,REG-952881,2579
banking,PK46-1153236888,2579
banking,PK98-9223071725,2579
banking,PK39-4145036450,2579
banking,PK33-3539678738,2579
travel,TRP-1546771,2579
travel,TRP-4079143,2579
fbr,FBR-102580,2580
excise,AFR-9814,2580
disco,MTR-88821572,2580
property,REG-911025,2580
property,REG-433117,2580
banking,PK10-9493967142,2580
banking,PK16-7199627373,2580
banking,PK12-5967181916,2580
travel,TRP-3880741,2580
travel,TRP-9014225,2580
travel,TRP-8991386,2580
travel,TRP-8655824,2580
fbr,FBR-102581,2581
excise,ICT-9450,2581
disco,MTR-72010237,2581
property,REG-114952,2581
banking,PK23-9052521302,2581
banking,PK68-2160145200,2581
travel,TRP-2659738,2581
travel,TRP-5436649,2581
travel,TRP-2858361,2581
fbr,FBR-102582,2582
excise,RIR-1602,2582
disco,MTR-21515727,2582
property,REG-900157,2582
banking,PK39-3590597749,2582
banking,PK95-3031710135,2582
banking,PK43-2771290222,2582
travel,TRP-5986398,2582
travel,TRP-6135953,2582
fbr,FBR-102583,2583
excise,RIR-6425,2583
excise,LEA-8431,2583
disco,MTR-99259810,2583
property,REG-899991,2583
banking,PK68-9827047368,2583
banking,PK47-3114014869,2583
banking,PK40-2304563652,2583
travel,TRP-4732165,2583
travel,TRP-4870286,2583
travel,TRP-4308218,2583
travel,TRP-8940841,2583
travel,TRP-3640390,2583
travel,TRP-9278315,2583
excise,AFR-4280,2584
disco,MTR-85556782,2584
property,REG-919279,2584
property,REG-707990,2584
banking,PK70-1520725270,2584
banking,PK20-2769994246,2584
travel,TRP-6876054,2584
travel,TRP-9164213,2584
travel,TRP-7309802,2584
travel,TRP-1584947,2584
travel,TRP-8799302,2584
fbr,FBR-102585,2585
excise,ICT-3945,2585
property,REG-552421,2585
property,REG-808445,2585
banking,PK21-7842665395,2585
banking,PK17-5914321387,2585
banking,PK50-2515047386,2585
banking,PK16-9668738438,2585
travel,TRP-5729426,2585
travel,TRP-1663213,2585
travel,TRP-8253130,2585
fbr,FBR-102586,2586
excise,RIR-7944,2586
excise,AFR-1017,2586
excise,RIR-4227,2586
disco,MTR-87571571,2586
property,REG-173456,2586
banking,PK15-9909958626,2586
banking,PK39-3529518295,2586
travel,TRP-8143673,2586
travel,TRP-4199814,2586
travel,TRP-9403303,2586
excise,AFR-3885,2587
excise,AFR-8744,2587
excise,RIR-1517,2587
disco,MTR-73823244,2587
property,REG-832076,2587
property,REG-234362,2587
banking,PK62-7096104860,2587
banking,PK27-8659172269,2587
banking,PK70-1616631352,2587
banking,PK84-2174107923,2587
travel,TRP-5023835,2587
travel,TRP-3323840,2587
travel,TRP-5419552,2587
excise,RIR-5787,2588
excise,RIR-3348,2588
excise,KAR-7138,2588
property,REG-436769,2588
property,REG-566453,2588
banking,PK76-7078914221,2588
banking,PK20-6807710202,2588
travel,TRP-8730561,2588
travel,TRP-4892395,2588
fbr,FBR-102589,2589
excise,RIR-6205,2589
excise,AFR-4680,2589
disco,MTR-21973870,2589
property,REG-201515,2589
banking,PK10-7239683957,2589
banking,PK85-1699054329,2589
banking,PK81-2645440565,2589
banking,PK22-7496111551,2589
travel,TRP-8537335,2589
travel,TRP-4964811,2589
travel,TRP-7805492,2589
travel,TRP-8537189,2589
excise,KAR-4901,2590
disco,MTR-56918137,2590
property,REG-297979,2590
property,REG-464781,2590
banking,PK77-2763247686,2590
banking,PK28-5994226072,2590
travel,TRP-5469939,2590
travel,TRP-8368375,2590
travel,TRP-5182567,2590
fbr,FBR-102591,2591
excise,ICT-3718,2591
excise,AFR-2679,2591
excise,LEA-6743,2591
disco,MTR-10128514,2591
property,REG-206766,2591
property,REG-217330,2591
banking,PK16-5373698287,2591
banking,PK47-9379056142,2591
banking,PK21-7058206070,2591
banking,PK72-9845221881,2591
travel,TRP-3517614,2591
travel,TRP-9709241,2591
travel,TRP-2343377,2591
fbr,FBR-102592,2592
excise,KAR-760,2592
property,REG-782451,2592
banking,PK57-7927198515,2592
banking,PK61-8664613223,2592
travel,TRP-9164456,2592
travel,TRP-8357422,2592
travel,TRP-7852610,2592
travel,TRP-3952795,2592
fbr,FBR-102593,2593
excise,LEA-4398,2593
disco,MTR-20106375,2593
property,REG-537688,2593
banking,PK26-1683211373,2593
banking,PK32-7366206655,2593
banking,PK65-9426307885,2593
travel,TRP-4667401,2593
travel,TRP-9020881,2593
travel,TRP-3754389,2593
travel,TRP-5989864,2593
travel,TRP-9565360,2593
travel,TRP-2253673,2593
fbr,FBR-102594,2594
excise,KAR-5524,2594
disco,MTR-28061096,2594
property,REG-980541,2594
banking,PK22-1621084947,2594
banking,PK21-7903108846,2594
banking,PK90-5070844941,2594
banking,PK90-3073832654,2594
travel,TRP-7802518,2594
travel,TRP-5865571,2594
travel,TRP-3792324,2594
travel,TRP-7507775,2594
travel,TRP-8436890,2594
travel,TRP-1436203,2594
fbr,FBR-102595,2595
excise,ICT-9495,2595
disco,MTR-82206766,2595
property,REG-402011,2595
property,REG-621300,2595
banking,PK78-8313723401,2595
banking,PK16-7951265211,2595
banking,PK73-1565330711,2595
banking,PK35-6220120059,2595
travel,TRP-6735018,2595
travel,TRP-6440665,2595
travel,TRP-6420411,2595
travel,TRP-3227762,2595
travel,TRP-4793495,2595
travel,TRP-3572729,2595
fbr,FBR-102596,2596
excise,AFR-4320,2596
disco,MTR-57347143,2596
property,REG-689122,2596
banking,PK19-5583381850,2596
banking,PK70-6813075464,2596
banking,PK52-6325856077,2596
banking,PK21-4464724800,2596
travel,TRP-1602821,2596
travel,TRP-3717180,2596
fbr,FBR-102597,2597
excise,KAR-5993,2597
excise,RIR-3272,2597
disco,MTR-46228261,2597
property,REG-535953,2597
property,REG-364948,2597
banking,PK34-9343897627,2597
banking,PK80-6611580481,2597
travel,TRP-6728655,2597
travel,TRP-8432850,2597
travel,TRP-4653303,2597
travel,TRP-2326357,2597
travel,TRP-8597706,2597
travel,TRP-5563542,2597
fbr,FBR-102598,2598
excise,AFR-2593,2598
excise,ICT-1930,2598
excise,AFR-7587,2598
disco,MTR-74965722,2598
property,REG-265139,2598
banking,PK36-1356888884,2598
banking,PK24-6197049360,2598
banking,PK71-9998012633,2598
travel,TRP-5325602,2598
travel,TRP-6677126,2598
travel,TRP-1323842,2598
travel,TRP-4539313,2598
travel,TRP-1838312,2598
fbr,FBR-102599,2599
excise,KAR-8352,2599
excise,RIR-8354,2599
disco,MTR-71510665,2599
property,REG-651546,2599
banking,PK57-4886869983,2599
banking,PK48-3438984790,2599
banking,PK88-6009789645,2599
travel,TRP-6748962,2599
travel,TRP-8316295,2599
travel,TRP-1601195,2599
travel,TRP-4294722,2599
travel,TRP-8850317,2599
travel,TRP-8448596,2599
fbr,FBR-102600,2600
excise,KAR-6493,2600
excise,LEA-4472,2600
excise,RIR-2153,2600
disco,MTR-73146458,2600
property,REG-190078,2600
property,REG-654772,2600
banking,PK42-7629863810,2600
banking,PK98-5352407908,2600
banking,PK43-5442031846,2600
travel,TRP-8175214,2600
travel,TRP-4771479,2600
fbr,FBR-102601,2601
excise,KAR-9525,2601
excise,RIR-5239,2601
disco,MTR-61153417,2601
property,REG-969041,2601
property,REG-483336,2601
banking,PK28-3798663684,2601
banking,PK18-9286879876,2601
banking,PK10-2599327392,2601
travel,TRP-3270591,2601
travel,TRP-9937492,2601
travel,TRP-5284177,2601
fbr,FBR-102602,2602
excise,AFR-8825,2602
disco,MTR-91137859,2602
property,REG-380662,2602
banking,PK73-4105571794,2602
banking,PK39-9053716169,2602
banking,PK37-9460651102,2602
banking,PK23-5043722326,2602
travel,TRP-6537260,2602
travel,TRP-2572461,2602
travel,TRP-6370622,2602
fbr,FBR-102603,2603
excise,ICT-7760,2603
disco,MTR-78222130,2603
property,REG-261615,2603
property,REG-465744,2603
banking,PK40-9173290600,2603
banking,PK22-9222098406,2603
banking,PK39-8308579422,2603
travel,TRP-2597521,2603
travel,TRP-7797554,2603
travel,TRP-7375220,2603
fbr,FBR-102604,2604
excise,LEA-7691,2604
disco,MTR-68905925,2604
property,REG-404428,2604
banking,PK65-9608757528,2604
banking,PK53-4301508211,2604
travel,TRP-5272162,2604
travel,TRP-8159799,2604
fbr,FBR-102605,2605
excise,LEA-2599,2605
excise,RIR-973,2605
excise,RIR-238,2605
disco,MTR-71737523,2605
property,REG-745794,2605
property,REG-887636,2605
banking,PK76-3571963210,2605
banking,PK93-7516777230,2605
banking,PK85-4854634977,2605
banking,PK70-5095142916,2605
travel,TRP-2459000,2605
travel,TRP-6477968,2605
travel,TRP-2339314,2605
fbr,FBR-102606,2606
excise,LEA-5825,2606
disco,MTR-69792251,2606
property,REG-489677,2606
property,REG-570717,2606
banking,PK77-6817874406,2606
banking,PK69-7892457190,2606
banking,PK19-5360013309,2606
banking,PK60-4296742496,2606
travel,TRP-8172220,2606
travel,TRP-6347569,2606
travel,TRP-7454697,2606
travel,TRP-4757309,2606
travel,TRP-8993104,2606
travel,TRP-1960190,2606
fbr,FBR-102607,2607
excise,ICT-4444,2607
excise,AFR-7702,2607
excise,AFR-4744,2607
disco,MTR-47367093,2607
property,REG-617040,2607
property,REG-306224,2607
banking,PK93-3936613540,2607
banking,PK33-2502197656,2607
travel,TRP-6432929,2607
travel,TRP-3836155,2607
fbr,FBR-102608,2608
excise,ICT-8251,2608
excise,ICT-2007,2608
excise,RIR-8918,2608
disco,MTR-93304990,2608
property,REG-981967,2608
banking,PK62-3722406054,2608
banking,PK99-3319294709,2608
banking,PK44-6202887674,2608
banking,PK73-7588884205,2608
travel,TRP-2741756,2608
travel,TRP-2656379,2608
travel,TRP-2766289,2608
fbr,FBR-102609,2609
excise,AFR-9905,2609
excise,KAR-9317,2609
disco,MTR-96844990,2609
property,REG-567821,2609
property,REG-732638,2609
banking,PK85-2973516262,2609
banking,PK41-5679026835,2609
travel,TRP-1635243,2609
travel,TRP-1274229,2609
fbr,FBR-102610,2610
excise,AFR-4554,2610
disco,MTR-48830735,2610
property,REG-427123,2610
banking,PK54-8673890032,2610
banking,PK52-6523211255,2610
banking,PK32-8458374890,2610
banking,PK12-9091691117,2610
travel,TRP-7886892,2610
travel,TRP-1262343,2610
travel,TRP-5949627,2610
excise,LEA-602,2611
disco,MTR-12972445,2611
property,REG-419896,2611
banking,PK14-1712452586,2611
banking,PK78-7271953037,2611
banking,PK97-9158375738,2611
travel,TRP-5485284,2611
travel,TRP-9123420,2611
travel,TRP-5941423,2611
travel,TRP-8673975,2611
fbr,FBR-102612,2612
excise,LEA-381,2612
disco,MTR-85303697,2612
property,REG-429000,2612
property,REG-246074,2612
banking,PK96-2013758669,2612
banking,PK30-8940106660,2612
banking,PK73-4012555687,2612
banking,PK42-5372588483,2612
travel,TRP-8845681,2612
travel,TRP-1329877,2612
travel,TRP-7520305,2612
excise,AFR-6185,2613
excise,KAR-9662,2613
property,REG-929941,2613
banking,PK70-9891731738,2613
banking,PK37-1149055992,2613
travel,TRP-6284701,2613
travel,TRP-5111005,2613
travel,TRP-4243851,2613
travel,TRP-4671923,2613
travel,TRP-3947264,2613
travel,TRP-7256830,2613
fbr,FBR-102614,2614
excise,ICT-7481,2614
disco,MTR-48612298,2614
property,REG-176267,2614
property,REG-841342,2614
banking,PK20-6288290624,2614
banking,PK63-2575948501,2614
banking,PK39-4290435978,2614
banking,PK59-6143098390,2614
travel,TRP-9535533,2614
travel,TRP-4568304,2614
excise,RIR-8730,2615
excise,RIR-3391,2615
excise,ICT-975,2615
disco,MTR-97302969,2615
property,REG-292753,2615
banking,PK46-1645809844,2615
banking,PK13-1567246690,2615
travel,TRP-7815585,2615
travel,TRP-7690292,2615
fbr,FBR-102616,2616
excise,LEA-5316,2616
excise,RIR-4345,2616
disco,MTR-59305473,2616
property,REG-990106,2616
property,REG-688844,2616
banking,PK22-3203108334,2616
banking,PK83-5797315608,2616
banking,PK91-1020399874,2616
travel,TRP-5568111,2616
travel,TRP-6457555,2616
travel,TRP-4793488,2616
fbr,FBR-102617,2617
excise,ICT-8652,2617
excise,AFR-7872,2617
disco,MTR-50531596,2617
property,REG-246790,2617
banking,PK40-2974956799,2617
banking,PK22-8819848116,2617
banking,PK45-1352416261,2617
travel,TRP-8229956,2617
travel,TRP-2025611,2617
travel,TRP-2334396,2617
travel,TRP-4533842,2617
travel,TRP-3574326,2617
travel,TRP-8812192,2617
fbr,FBR-102618,2618
excise,LEA-5339,2618
disco,MTR-86785590,2618
property,REG-531628,2618
property,REG-712284,2618
banking,PK24-4894535585,2618
banking,PK50-4078579828,2618
banking,PK46-9033614316,2618
banking,PK60-7353470491,2618
travel,TRP-6611056,2618
travel,TRP-2995868,2618
travel,TRP-5718636,2618
travel,TRP-8459220,2618
travel,TRP-8246057,2618
travel,TRP-6457706,2618
fbr,FBR-102619,2619
excise,RIR-6797,2619
excise,ICT-2113,2619
excise,AFR-7571,2619
disco,MTR-78136249,2619
property,REG-410459,2619
banking,PK85-4005521436,2619
banking,PK31-3326123182,2619
banking,PK66-9250426699,2619
travel,TRP-1846669,2619
travel,TRP-2351472,2619
travel,TRP-9166481,2619
travel,TRP-6406321,2619
travel,TRP-5518034,2619
travel,TRP-8116907,2619
fbr,FBR-102620,2620
excise,KAR-6095,2620
excise,ICT-7495,2620
excise,LEA-5946,2620
disco,MTR-11464643,2620
property,REG-173437,2620
banking,PK40-1467040297,2620
banking,PK98-5569281656,2620
banking,PK31-8870133041,2620
banking,PK81-7517536792,2620
travel,TRP-4532949,2620
travel,TRP-5901020,2620
travel,TRP-4000766,2620
travel,TRP-8557121,2620
travel,TRP-2684486,2620
travel,TRP-3504336,2620
fbr,FBR-102621,2621
excise,ICT-7632,2621
excise,RIR-5884,2621
disco,MTR-79319406,2621
property,REG-764630,2621
property,REG-806348,2621
banking,PK43-3466404456,2621
banking,PK68-7746718261,2621
travel,TRP-1944069,2621
travel,TRP-6486823,2621
travel,TRP-1892126,2621
travel,TRP-3071044,2621
fbr,FBR-102622,2622
excise,LEA-6635,2622
excise,KAR-9848,2622
excise,RIR-2659,2622
disco,MTR-28012180,2622
property,REG-991029,2622
banking,PK90-5134175327,2622
banking,PK53-3650505552,2622
banking,PK59-3829915861,2622
banking,PK13-8108853750,2622
travel,TRP-1461720,2622
travel,TRP-6109181,2622
travel,TRP-7276552,2622
travel,TRP-8321422,2622
fbr,FBR-102623,2623
excise,AFR-698,2623
excise,AFR-8822,2623
excise,RIR-223,2623
disco,MTR-59073792,2623
property,REG-784216,2623
property,REG-749538,2623
banking,PK73-2710519910,2623
banking,PK52-8925812247,2623
travel,TRP-7054144,2623
travel,TRP-2386489,2623
travel,TRP-1868912,2623
travel,TRP-6082514,2623
fbr,FBR-102624,2624
excise,LEA-351,2624
excise,AFR-1884,2624
excise,AFR-5959,2624
disco,MTR-95688775,2624
property,REG-166784,2624
property,REG-170052,2624
banking,PK11-3789079704,2624
banking,PK79-1268839056,2624
banking,PK29-8785871834,2624
travel,TRP-6841466,2624
travel,TRP-4788986,2624
travel,TRP-7845225,2624
travel,TRP-6680636,2624
travel,TRP-9684442,2624
travel,TRP-8778185,2624
fbr,FBR-102625,2625
excise,ICT-9470,2625
excise,AFR-3912,2625
excise,LEA-4787,2625
disco,MTR-77522627,2625
property,REG-280055,2625
banking,PK15-2854086057,2625
banking,PK34-7276975103,2625
travel,TRP-5505340,2625
travel,TRP-1582088,2625
travel,TRP-2829123,2625
travel,TRP-5297003,2625
travel,TRP-1342024,2625
fbr,FBR-102626,2626
excise,ICT-2144,2626
disco,MTR-84334941,2626
property,REG-644523,2626
banking,PK16-1384593598,2626
banking,PK13-8232465361,2626
banking,PK28-5588069500,2626
travel,TRP-8589791,2626
travel,TRP-6464112,2626
fbr,FBR-102627,2627
excise,KAR-8741,2627
disco,MTR-50663428,2627
property,REG-202340,2627
banking,PK65-5513599193,2627
banking,PK60-2940618591,2627
banking,PK15-6976729872,2627
travel,TRP-6313687,2627
travel,TRP-9607907,2627
travel,TRP-7592928,2627
excise,KAR-6093,2628
disco,MTR-84252456,2628
property,REG-419441,2628
property,REG-276253,2628
banking,PK24-3536381065,2628
banking,PK75-1973147156,2628
banking,PK58-7862090272,2628
banking,PK77-8441697537,2628
travel,TRP-2784564,2628
travel,TRP-5482778,2628
fbr,FBR-102629,2629
excise,AFR-1025,2629
disco,MTR-53075025,2629
property,REG-464759,2629
banking,PK54-8289518601,2629
banking,PK93-8928606059,2629
travel,TRP-4412098,2629
travel,TRP-4510597,2629
travel,TRP-8859052,2629
fbr,FBR-102630,2630
excise,AFR-4931,2630
property,REG-636058,2630
banking,PK39-7674191405,2630
banking,PK27-2396391299,2630
travel,TRP-2185128,2630
travel,TRP-6660684,2630
travel,TRP-7906620,2630
travel,TRP-3882101,2630
fbr,FBR-102631,2631
excise,ICT-4375,2631
excise,RIR-470,2631
excise,ICT-9805,2631
disco,MTR-44637708,2631
property,REG-736555,2631
banking,PK36-5408752602,2631
banking,PK80-4001455334,2631
travel,TRP-9266603,2631
travel,TRP-5582189,2631
travel,TRP-8179597,2631
travel,TRP-8086104,2631
travel,TRP-5160721,2631
fbr,FBR-102632,2632
excise,LEA-9610,2632
excise,LEA-5200,2632
disco,MTR-83099523,2632
property,REG-897548,2632
banking,PK15-6535996058,2632
banking,PK77-7099345261,2632
banking,PK58-9350027125,2632
banking,PK39-2367601809,2632
travel,TRP-2890790,2632
travel,TRP-2636168,2632
fbr,FBR-102633,2633
excise,KAR-8225,2633
disco,MTR-94095570,2633
property,REG-274060,2633
banking,PK60-6030214525,2633
banking,PK91-6922912549,2633
banking,PK90-2050246460,2633
travel,TRP-6839900,2633
travel,TRP-4373407,2633
travel,TRP-8045416,2633
fbr,FBR-102634,2634
excise,AFR-7277,2634
excise,ICT-2094,2634
excise,ICT-5487,2634
disco,MTR-46846693,2634
property,REG-335333,2634
property,REG-922888,2634
banking,PK25-5682254624,2634
banking,PK89-4126587764,2634
banking,PK96-1595806464,2634
banking,PK31-5315761500,2634
travel,TRP-9972709,2634
travel,TRP-6203818,2634
travel,TRP-2422692,2634
travel,TRP-5026896,2634
travel,TRP-6147441,2634
fbr,FBR-102635,2635
excise,KAR-4189,2635
disco,MTR-96695202,2635
property,REG-358043,2635
banking,PK20-8398945884,2635
banking,PK45-7053711710,2635
banking,PK75-8243403580,2635
banking,PK58-1213265189,2635
travel,TRP-4944924,2635
travel,TRP-3262317,2635
travel,TRP-1658413,2635
fbr,FBR-102636,2636
excise,RIR-6416,2636
excise,RIR-6250,2636
excise,KAR-9313,2636
disco,MTR-21260411,2636
property,REG-382475,2636
banking,PK89-8066140626,2636
banking,PK44-8193429592,2636
travel,TRP-8903528,2636
travel,TRP-6521962,2636
travel,TRP-7756372,2636
fbr,FBR-102637,2637
excise,KAR-7613,2637
disco,MTR-40755141,2637
property,REG-381611,2637
property,REG-937225,2637
banking,PK48-2997606119,2637
banking,PK31-7848440516,2637
banking,PK72-7315739050,2637
travel,TRP-5853618,2637
travel,TRP-2787584,2637
travel,TRP-1790707,2637
fbr,FBR-102638,2638
excise,AFR-818,2638
disco,MTR-89605385,2638
property,REG-405086,2638
property,REG-989748,2638
banking,PK59-2602607382,2638
banking,PK14-4524873327,2638
banking,PK89-9147794194,2638
travel,TRP-5681581,2638
travel,TRP-1560564,2638
travel,TRP-6182250,2638
travel,TRP-3742222,2638
travel,TRP-9643474,2638
travel,TRP-6107213,2638
fbr,FBR-102639,2639
excise,LEA-7445,2639
excise,AFR-9662,2639
excise,ICT-7052,2639
disco,MTR-64398526,2639
property,REG-770406,2639
property,REG-297617,2639
banking,PK83-8182578418,2639
banking,PK80-9702636354,2639
banking,PK78-4790556076,2639
travel,TRP-7134839,2639
travel,TRP-3960904,2639
travel,TRP-1876224,2639
travel,TRP-9187909,2639
travel,TRP-1375453,2639
fbr,FBR-102640,2640
excise,ICT-1839,2640
disco,MTR-57897181,2640
property,REG-739170,2640
banking,PK46-7803362397,2640
banking,PK86-2674257132,2640
banking,PK66-8127672064,2640
banking,PK85-5397512908,2640
travel,TRP-9195280,2640
travel,TRP-4433923,2640
travel,TRP-9650590,2640
travel,TRP-3220300,2640
fbr,FBR-102641,2641
excise,RIR-1857,2641
excise,KAR-5789,2641
property,REG-388677,2641
property,REG-700747,2641
banking,PK24-6966280645,2641
banking,PK82-9854735149,2641
travel,TRP-5457010,2641
travel,TRP-9824634,2641
travel,TRP-1342368,2641
fbr,FBR-102642,2642
excise,RIR-574,2642
excise,LEA-5532,2642
disco,MTR-10084094,2642
property,REG-526173,2642
banking,PK43-8466861497,2642
banking,PK97-1360714596,2642
banking,PK16-1917057642,2642
banking,PK44-9255897178,2642
travel,TRP-9253455,2642
travel,TRP-8079734,2642
travel,TRP-9234328,2642
travel,TRP-8810033,2642
travel,TRP-3606150,2642
travel,TRP-7440851,2642
fbr,FBR-102643,2643
excise,ICT-8057,2643
disco,MTR-82536917,2643
property,REG-612690,2643
banking,PK27-2276671969,2643
banking,PK41-5317687517,2643
travel,TRP-6137717,2643
travel,TRP-9920609,2643
travel,TRP-9378970,2643
travel,TRP-7131001,2643
travel,TRP-9484825,2643
fbr,FBR-102644,2644
excise,ICT-9591,2644
property,REG-700742,2644
property,REG-780751,2644
banking,PK10-1235063106,2644
banking,PK95-8225154392,2644
banking,PK55-4500853566,2644
travel,TRP-2730476,2644
travel,TRP-4492979,2644
travel,TRP-8198152,2644
travel,TRP-1783827,2644
fbr,FBR-102645,2645
excise,AFR-7632,2645
excise,RIR-4952,2645
disco,MTR-63310963,2645
property,REG-666875,2645
property,REG-663531,2645
banking,PK19-2668521396,2645
banking,PK14-4907067145,2645
banking,PK76-4950508062,2645
banking,PK91-4756034911,2645
travel,TRP-3685995,2645
travel,TRP-4547833,2645
travel,TRP-6678434,2645
travel,TRP-2770320,2645
fbr,FBR-102646,2646
excise,ICT-1943,2646
excise,LEA-2863,2646
disco,MTR-18438949,2646
property,REG-190697,2646
property,REG-109328,2646
banking,PK70-2155909500,2646
banking,PK37-4909946117,2646
banking,PK34-6286031028,2646
travel,TRP-9736571,2646
travel,TRP-6811697,2646
travel,TRP-2986156,2646
travel,TRP-3966106,2646
travel,TRP-5153918,2646
travel,TRP-1061159,2646
fbr,FBR-102647,2647
excise,ICT-8949,2647
excise,ICT-6252,2647
disco,MTR-99782032,2647
property,REG-249951,2647
property,REG-662128,2647
banking,PK74-2467852748,2647
banking,PK41-6352662405,2647
banking,PK90-2515073214,2647
banking,PK66-8553524352,2647
travel,TRP-4464663,2647
travel,TRP-1728052,2647
travel,TRP-5897272,2647
travel,TRP-2053988,2647
fbr,FBR-102648,2648
excise,LEA-2228,2648
property,REG-114161,2648
banking,PK46-9264204717,2648
banking,PK14-3145471675,2648
banking,PK25-6175603835,2648
travel,TRP-3870360,2648
travel,TRP-2244684,2648
travel,TRP-2207037,2648
travel,TRP-3802086,2648
travel,TRP-9374561,2648
fbr,FBR-102649,2649
excise,AFR-4267,2649
disco,MTR-49918385,2649
property,REG-623835,2649
banking,PK71-3915215966,2649
banking,PK95-5630754553,2649
banking,PK90-2031534912,2649
banking,PK43-8579788236,2649
travel,TRP-2487825,2649
travel,TRP-9687764,2649
travel,TRP-6898674,2649
travel,TRP-2925837,2649
travel,TRP-2719046,2649
excise,KAR-2167,2650
disco,MTR-37156780,2650
property,REG-903940,2650
banking,PK75-9067630209,2650
banking,PK91-1600378370,2650
banking,PK73-7787583342,2650
travel,TRP-2938802,2650
travel,TRP-5765684,2650
fbr,FBR-102651,2651
excise,LEA-2930,2651
excise,AFR-4589,2651
excise,LEA-9717,2651
disco,MTR-53423742,2651
property,REG-615947,2651
banking,PK40-2521721454,2651
banking,PK10-7631473939,2651
travel,TRP-7879582,2651
travel,TRP-3076148,2651
travel,TRP-5091747,2651
fbr,FBR-102652,2652
excise,KAR-5945,2652
excise,ICT-1723,2652
excise,LEA-6557,2652
disco,MTR-79570632,2652
property,REG-881013,2652
property,REG-425992,2652
banking,PK74-4994489642,2652
banking,PK94-3254287491,2652
banking,PK42-8068391401,2652
banking,PK59-9956699948,2652
travel,TRP-7547581,2652
travel,TRP-4460112,2652
travel,TRP-5937411,2652
travel,TRP-8313370,2652
travel,TRP-6195971,2652
travel,TRP-4095381,2652
fbr,FBR-102653,2653
excise,RIR-9409,2653
excise,ICT-3363,2653
disco,MTR-63698157,2653
property,REG-316727,2653
property,REG-173614,2653
banking,PK83-3518003659,2653
banking,PK90-3217381436,2653
banking,PK90-6732589213,2653
travel,TRP-1087767,2653
travel,TRP-1058902,2653
travel,TRP-6705869,2653
fbr,FBR-102654,2654
excise,RIR-3150,2654
excise,AFR-5806,2654
excise,LEA-3321,2654
disco,MTR-93079951,2654
property,REG-494288,2654
banking,PK25-7411421632,2654
banking,PK41-5106475408,2654
travel,TRP-1659111,2654
travel,TRP-3522787,2654
travel,TRP-5010138,2654
travel,TRP-9223120,2654
fbr,FBR-102655,2655
excise,KAR-9139,2655
excise,RIR-4407,2655
disco,MTR-23444726,2655
property,REG-227398,2655
banking,PK16-2397556823,2655
banking,PK78-3293096396,2655
banking,PK50-3755713019,2655
banking,PK25-7803936883,2655
travel,TRP-3324381,2655
travel,TRP-6061152,2655
excise,LEA-3018,2656
disco,MTR-95630656,2656
property,REG-248061,2656
banking,PK30-4329923921,2656
banking,PK64-8223547288,2656
banking,PK70-7039760167,2656
travel,TRP-1843777,2656
travel,TRP-6468333,2656
travel,TRP-7345142,2656
travel,TRP-1446097,2656
travel,TRP-3010964,2656
fbr,FBR-102657,2657
excise,LEA-4102,2657
disco,MTR-25012735,2657
property,REG-343918,2657
banking,PK80-2435356288,2657
banking,PK87-2390025224,2657
travel,TRP-8186229,2657
travel,TRP-7310731,2657
travel,TRP-7203262,2657
fbr,FBR-102658,2658
excise,AFR-940,2658
excise,ICT-7767,2658
excise,RIR-8490,2658
disco,MTR-85350383,2658
property,REG-578930,2658
banking,PK71-2840125704,2658
banking,PK81-2882231468,2658
travel,TRP-8128843,2658
travel,TRP-5760419,2658
fbr,FBR-102659,2659
excise,LEA-3585,2659
disco,MTR-68973527,2659
property,REG-115576,2659
banking,PK23-9771918838,2659
banking,PK78-6073879795,2659
travel,TRP-8430561,2659
travel,TRP-4336305,2659
travel,TRP-4562833,2659
travel,TRP-4766373,2659
travel,TRP-5683632,2659
fbr,FBR-102660,2660
excise,AFR-7525,2660
excise,ICT-4345,2660
disco,MTR-97652717,2660
property,REG-246828,2660
property,REG-125489,2660
banking,PK52-2716865989,2660
banking,PK16-8672603281,2660
banking,PK42-3272763669,2660
travel,TRP-2478020,2660
travel,TRP-3130712,2660
travel,TRP-3719714,2660
travel,TRP-9977808,2660
fbr,FBR-102661,2661
excise,LEA-2924,2661
disco,MTR-43592960,2661
property,REG-316134,2661
property,REG-727408,2661
banking,PK42-9296613459,2661
banking,PK77-7635514837,2661
banking,PK95-7899400036,2661
travel,TRP-7113887,2661
travel,TRP-5392965,2661
travel,TRP-7064445,2661
fbr,FBR-102662,2662
excise,KAR-527,2662
excise,AFR-7678,2662
excise,ICT-7594,2662
disco,MTR-97357450,2662
property,REG-475741,2662
property,REG-254184,2662
banking,PK48-5173479077,2662
banking,PK34-9325014800,2662
banking,PK77-6279917540,2662
travel,TRP-3772339,2662
travel,TRP-4480719,2662
travel,TRP-5343415,2662
travel,TRP-4461950,2662
travel,TRP-3054499,2662
fbr,FBR-102663,2663
excise,ICT-4658,2663
excise,AFR-2412,2663
excise,ICT-1351,2663
disco,MTR-83979232,2663
property,REG-861224,2663
property,REG-583789,2663
banking,PK12-3165083487,2663
banking,PK42-9149870918,2663
travel,TRP-6644491,2663
travel,TRP-1753864,2663
fbr,FBR-102664,2664
excise,AFR-2879,2664
excise,KAR-6538,2664
excise,RIR-5852,2664
disco,MTR-55527951,2664
property,REG-709357,2664
property,REG-382181,2664
banking,PK33-7678288548,2664
banking,PK40-5368314972,2664
banking,PK14-1268954280,2664
travel,TRP-6282225,2664
travel,TRP-4329378,2664
travel,TRP-9843362,2664
travel,TRP-7234490,2664
fbr,FBR-102665,2665
excise,ICT-6570,2665
disco,MTR-21205028,2665
property,REG-309638,2665
banking,PK92-8036876239,2665
banking,PK45-9434785501,2665
travel,TRP-2421447,2665
travel,TRP-2048667,2665
fbr,FBR-102666,2666
excise,LEA-4837,2666
excise,LEA-6647,2666
excise,RIR-6426,2666
disco,MTR-65696418,2666
property,REG-496874,2666
banking,PK98-9522071438,2666
banking,PK14-9214537074,2666
travel,TRP-9215354,2666
travel,TRP-3870227,2666
travel,TRP-5121687,2666
travel,TRP-9906074,2666
fbr,FBR-102667,2667
excise,LEA-3894,2667
disco,MTR-61000288,2667
property,REG-907578,2667
property,REG-375249,2667
banking,PK47-6276420263,2667
banking,PK17-8967423086,2667
banking,PK70-7852916146,2667
banking,PK97-4052831128,2667
travel,TRP-5184814,2667
travel,TRP-6758165,2667
travel,TRP-6690568,2667
fbr,FBR-102668,2668
excise,ICT-8625,2668
excise,RIR-380,2668
disco,MTR-92443245,2668
property,REG-421679,2668
banking,PK96-7126774538,2668
banking,PK91-8198557567,2668
banking,PK55-7763137209,2668
travel,TRP-7672647,2668
travel,TRP-3166656,2668
travel,TRP-8032369,2668
travel,TRP-3644920,2668
travel,TRP-2463330,2668
travel,TRP-2610707,2668
fbr,FBR-102669,2669
excise,AFR-4602,2669
excise,LEA-768,2669
disco,MTR-65871889,2669
property,REG-500624,2669
banking,PK22-7514654922,2669
banking,PK89-6956269063,2669
banking,PK93-2370108011,2669
banking,PK47-6967992358,2669
travel,TRP-2710908,2669
travel,TRP-2147564,2669
fbr,FBR-102670,2670
excise,KAR-8563,2670
disco,MTR-20510518,2670
property,REG-733999,2670
banking,PK53-1505674859,2670
banking,PK33-7024939178,2670
banking,PK78-3985889522,2670
travel,TRP-7399506,2670
travel,TRP-7585423,2670
travel,TRP-2105877,2670
travel,TRP-9116172,2670
travel,TRP-3174071,2670
excise,ICT-6884,2671
excise,ICT-5293,2671
excise,AFR-7702,2671
disco,MTR-96779292,2671
property,REG-979816,2671
property,REG-186004,2671
banking,PK19-5843754746,2671
banking,PK38-5984177108,2671
banking,PK83-3245812184,2671
banking,PK69-4952479931,2671
travel,TRP-8184664,2671
travel,TRP-3505868,2671
travel,TRP-7481586,2671
travel,TRP-8939072,2671
travel,TRP-7256874,2671
fbr,FBR-102672,2672
excise,LEA-5540,2672
excise,ICT-2177,2672
excise,RIR-2673,2672
disco,MTR-59760136,2672
property,REG-462731,2672
property,REG-763526,2672
banking,PK92-7181922407,2672
banking,PK55-1301515332,2672
banking,PK20-7496466471,2672
banking,PK76-6755646994,2672
travel,TRP-7568769,2672
travel,TRP-7432495,2672
excise,AFR-6187,2673
excise,ICT-4446,2673
excise,AFR-6396,2673
disco,MTR-56592140,2673
property,REG-340673,2673
property,REG-875360,2673
banking,PK28-6183827591,2673
banking,PK99-9329572597,2673
banking,PK69-6722484956,2673
travel,TRP-4012757,2673
travel,TRP-6998133,2673
travel,TRP-9109222,2673
travel,TRP-3973775,2673
travel,TRP-8784598,2673
travel,TRP-4155233,2673
fbr,FBR-102674,2674
excise,ICT-9146,2674
disco,MTR-55586635,2674
property,REG-694047,2674
banking,PK93-9996293351,2674
banking,PK90-2898943823,2674
banking,PK63-8440979237,2674
banking,PK49-6078333428,2674
travel,TRP-7999257,2674
travel,TRP-1463778,2674
travel,TRP-6072485,2674
travel,TRP-6188983,2674
travel,TRP-1206658,2674
travel,TRP-9927175,2674
fbr,FBR-102675,2675
excise,KAR-522,2675
disco,MTR-28469590,2675
property,REG-960886,2675
banking,PK62-9210786897,2675
banking,PK76-7102191040,2675
banking,PK54-9046992093,2675
banking,PK83-1225919686,2675
travel,TRP-8120467,2675
travel,TRP-9262808,2675
excise,AFR-1780,2676
excise,ICT-3677,2676
disco,MTR-25075074,2676
property,REG-277254,2676
property,REG-308607,2676
banking,PK39-3111609722,2676
banking,PK52-5169023326,2676
banking,PK72-3272271742,2676
travel,TRP-9544928,2676
travel,TRP-8214799,2676
travel,TRP-5415118,2676
travel,TRP-3075192,2676
fbr,FBR-102677,2677
excise,ICT-8043,2677
excise,KAR-4154,2677
disco,MTR-91590042,2677
property,REG-662018,2677
banking,PK41-2747678338,2677
banking,PK91-6410359871,2677
banking,PK76-1309642603,2677
travel,TRP-4789375,2677
travel,TRP-1361456,2677
travel,TRP-9313724,2677
travel,TRP-1981673,2677
fbr,FBR-102678,2678
excise,KAR-3656,2678
excise,RIR-3325,2678
excise,LEA-6778,2678
disco,MTR-16318785,2678
property,REG-394523,2678
banking,PK49-5925085408,2678
banking,PK31-7231542405,2678
banking,PK48-6159856466,2678
travel,TRP-6421732,2678
travel,TRP-8457951,2678
travel,TRP-6574878,2678
travel,TRP-6658044,2678
fbr,FBR-102679,2679
excise,RIR-2858,2679
excise,LEA-142,2679
disco,MTR-69404080,2679
property,REG-154328,2679
banking,PK71-6326217247,2679
banking,PK38-1861660817,2679
banking,PK21-9462698096,2679
banking,PK67-5923396943,2679
travel,TRP-4309266,2679
travel,TRP-3956499,2679
travel,TRP-9657914,2679
travel,TRP-3614920,2679
travel,TRP-2645660,2679
travel,TRP-4450659,2679
fbr,FBR-102680,2680
excise,ICT-5925,2680
excise,KAR-8104,2680
excise,ICT-1776,2680
disco,MTR-90278338,2680
property,REG-363650,2680
banking,PK51-5230765192,2680
banking,PK12-5230902991,2680
travel,TRP-6848119,2680
travel,TRP-9630621,2680
travel,TRP-2492468,2680
travel,TRP-4713932,2680
travel,TRP-7154246,2680
fbr,FBR-102681,2681
excise,AFR-5434,2681
excise,ICT-6298,2681
excise,ICT-9161,2681
disco,MTR-15870192,2681
property,REG-189132,2681
property,REG-975808,2681
banking,PK52-9690048340,2681
banking,PK67-8251005686,2681
banking,PK11-7846541267,2681
banking,PK99-4543129287,2681
travel,TRP-3812003,2681
travel,TRP-6437082,2681
travel,TRP-9430544,2681
travel,TRP-4328481,2681
travel,TRP-5182758,2681
travel,TRP-6366105,2681
fbr,FBR-102682,2682
excise,AFR-4532,2682
disco,MTR-44960383,2682
property,REG-162047,2682
property,REG-817744,2682
banking,PK74-4376682490,2682
banking,PK44-7270056445,2682
banking,PK92-4657342518,2682
banking,PK39-9406402635,2682
travel,TRP-8028386,2682
travel,TRP-7288113,2682
travel,TRP-7976239,2682
travel,TRP-9460507,2682
travel,TRP-1398499,2682
travel,TRP-7187507,2682
fbr,FBR-102683,2683
excise,AFR-9292,2683
excise,KAR-4327,2683
excise,KAR-3311,2683
disco,MTR-80868215,2683
property,REG-672304,2683
banking,PK60-4084970778,2683
banking,PK12-4399135507,2683
banking,PK51-9770912325,2683
travel,TRP-3364892,2683
travel,TRP-9153257,2683
travel,TRP-2692749,2683
travel,TRP-8463639,2683
fbr,FBR-102684,2684
excise,ICT-4370,2684
excise,RIR-7040,2684
excise,AFR-7104,2684
disco,MTR-48317286,2684
property,REG-806030,2684
property,REG-171498,2684
banking,PK73-4866461717,2684
banking,PK37-9776299377,2684
banking,PK57-6845314254,2684
travel,TRP-3660514,2684
travel,TRP-5170434,2684
travel,TRP-1096459,2684
travel,TRP-4482433,2684
excise,ICT-3796,2685
excise,AFR-4229,2685
excise,KAR-3549,2685
disco,MTR-84168534,2685
property,REG-342248,2685
banking,PK79-2339376639,2685
banking,PK58-2940479362,2685
banking,PK65-1774476076,2685
banking,PK81-3974946758,2685
travel,TRP-7949423,2685
travel,TRP-8311414,2685
travel,TRP-8344428,2685
travel,TRP-8481290,2685
travel,TRP-4866032,2685
travel,TRP-9612048,2685
fbr,FBR-102686,2686
excise,RIR-8066,2686
disco,MTR-97101415,2686
property,REG-456749,2686
banking,PK78-5909962257,2686
banking,PK68-7754018779,2686
travel,TRP-6925736,2686
travel,TRP-4951894,2686
travel,TRP-5287530,2686
travel,TRP-5014753,2686
travel,TRP-6818599,2686
fbr,FBR-102687,2687
excise,ICT-5312,2687
excise,LEA-3438,2687
disco,MTR-45922329,2687
property,REG-126418,2687
property,REG-318597,2687
banking,PK62-4322723377,2687
banking,PK98-4903270522,2687
travel,TRP-1827495,2687
travel,TRP-1739500,2687
travel,TRP-3156207,2687
travel,TRP-8414684,2687
fbr,FBR-102688,2688
excise,RIR-6017,2688
disco,MTR-92831397,2688
property,REG-425101,2688
banking,PK15-5463661545,2688
banking,PK77-6145627546,2688
travel,TRP-5850127,2688
travel,TRP-5282550,2688
travel,TRP-1224846,2688
travel,TRP-8391352,2688
fbr,FBR-102689,2689
excise,LEA-1494,2689
excise,AFR-5949,2689
disco,MTR-65512843,2689
property,REG-403050,2689
banking,PK14-9183685836,2689
banking,PK96-3755543143,2689
travel,TRP-9145796,2689
travel,TRP-6016458,2689
travel,TRP-4269397,2689
travel,TRP-1744578,2689
travel,TRP-7174217,2689
travel,TRP-1184787,2689
fbr,FBR-102690,2690
excise,KAR-8578,2690
excise,AFR-883,2690
excise,AFR-5438,2690
disco,MTR-36959558,2690
property,REG-556416,2690
banking,PK60-3238201773,2690
banking,PK91-2817712261,2690
banking,PK27-2134234446,2690
banking,PK15-4905108861,2690
travel,TRP-6391901,2690
travel,TRP-9555831,2690
fbr,FBR-102691,2691
excise,AFR-7137,2691
disco,MTR-47528434,2691
property,REG-937027,2691
property,REG-105538,2691
banking,PK16-7396436929,2691
banking,PK13-1447119096,2691
banking,PK79-6083451706,2691
travel,TRP-6259031,2691
travel,TRP-5350672,2691
travel,TRP-1513387,2691
travel,TRP-1154165,2691
travel,TRP-7121298,2691
travel,TRP-1725082,2691
fbr,FBR-102692,2692
excise,ICT-8732,2692
excise,LEA-7872,2692
disco,MTR-71631870,2692
property,REG-210081,2692
property,REG-320841,2692
banking,PK68-2824016531,2692
banking,PK43-1993008381,2692
banking,PK98-9906147236,2692
banking,PK81-4971157121,2692
travel,TRP-2130585,2692
travel,TRP-7842579,2692
travel,TRP-2378254,2692
fbr,FBR-102693,2693
excise,AFR-9855,2693
disco,MTR-73496796,2693
property,REG-560590,2693
banking,PK45-5837096615,2693
banking,PK66-6987566942,2693
banking,PK29-7862572814,2693
banking,PK38-8534714701,2693
travel,TRP-9403732,2693
travel,TRP-2915158,2693
travel,TRP-1559663,2693
excise,LEA-3704,2694
excise,RIR-6290,2694
disco,MTR-97832325,2694
property,REG-776121,2694
banking,PK23-7853009725,2694
banking,PK54-5381986636,2694
banking,PK70-9675119133,2694
banking,PK26-5862265213,2694
travel,TRP-3679033,2694
travel,TRP-5626039,2694
travel,TRP-6879580,2694
travel,TRP-5688793,2694
travel,TRP-7446972,2694
fbr,FBR-102695,2695
excise,RIR-4234,2695
disco,MTR-77266048,2695
property,REG-363518,2695
property,REG-501638,2695
banking,PK35-3720530215,2695
banking,PK96-9964518766,2695
travel,TRP-8045131,2695
travel,TRP-2997006,2695
travel,TRP-7932106,2695
travel,TRP-2748541,2695
fbr,FBR-102696,2696
excise,RIR-7324,2696
excise,RIR-5873,2696
excise,ICT-8089,2696
disco,MTR-56632770,2696
property,REG-211472,2696
banking,PK28-4082188934,2696
banking,PK32-1356332335,2696
banking,PK68-5354451525,2696
travel,TRP-5615098,2696
travel,TRP-9089691,2696
travel,TRP-5457848,2696
travel,TRP-2927478,2696
travel,TRP-5858003,2696
travel,TRP-4238533,2696
excise,AFR-5310,2697
excise,KAR-7462,2697
excise,RIR-1683,2697
property,REG-999788,2697
property,REG-145120,2697
banking,PK78-2422267212,2697
banking,PK91-6329964475,2697
travel,TRP-2469833,2697
travel,TRP-9922865,2697
travel,TRP-2296234,2697
fbr,FBR-102698,2698
excise,RIR-1698,2698
disco,MTR-72544698,2698
property,REG-179966,2698
banking,PK35-6245512779,2698
banking,PK70-3147250512,2698
banking,PK37-9546547520,2698
banking,PK76-9142378855,2698
travel,TRP-9973477,2698
travel,TRP-2424303,2698
excise,AFR-7642,2699
excise,KAR-2367,2699
property,REG-228687,2699
banking,PK99-6049118038,2699
banking,PK28-1012854142,2699
banking,PK42-4903297426,2699
travel,TRP-5528378,2699
travel,TRP-7646068,2699
travel,TRP-8732654,2699
travel,TRP-6384478,2699
travel,TRP-1605921,2699
fbr,FBR-102700,2700
excise,AFR-5466,2700
excise,ICT-7712,2700
property,REG-647576,2700
property,REG-831325,2700
banking,PK79-9703752770,2700
banking,PK73-7909490712,2700
banking,PK14-5667801329,2700
banking,PK44-5229912476,2700
travel,TRP-6705671,2700
travel,TRP-3446276,2700
fbr,FBR-102701,2701
excise,ICT-4883,2701
excise,RIR-9208,2701
excise,KAR-6309,2701
disco,MTR-34888971,2701
property,REG-926315,2701
banking,PK56-3681858357,2701
banking,PK56-8461716290,2701
banking,PK78-5948669483,2701
travel,TRP-1646724,2701
travel,TRP-6232215,2701
travel,TRP-4110492,2701
travel,TRP-9448049,2701
fbr,FBR-102702,2702
excise,LEA-873,2702
excise,AFR-619,2702
excise,AFR-2714,2702
disco,MTR-37112341,2702
property,REG-496315,2702
banking,PK26-4394133697,2702
banking,PK14-9248196131,2702
banking,PK72-2679364388,2702
banking,PK55-5755666463,2702
travel,TRP-2265095,2702
travel,TRP-4552057,2702
travel,TRP-4593928,2702
travel,TRP-8208362,2702
travel,TRP-2228566,2702
fbr,FBR-102703,2703
excise,KAR-9315,2703
excise,AFR-4520,2703
excise,LEA-5879,2703
property,REG-475889,2703
banking,PK85-2849984215,2703
banking,PK52-3476902106,2703
banking,PK74-5250615565,2703
travel,TRP-5565738,2703
travel,TRP-1651811,2703
travel,TRP-2875690,2703
travel,TRP-8957160,2703
fbr,FBR-102704,2704
excise,ICT-5628,2704
excise,RIR-3038,2704
disco,MTR-41101813,2704
property,REG-463803,2704
banking,PK97-7523112745,2704
banking,PK53-9880474815,2704
banking,PK94-3478706083,2704
travel,TRP-2060107,2704
travel,TRP-1194742,2704
travel,TRP-5532646,2704
travel,TRP-6083982,2704
travel,TRP-1648206,2704
fbr,FBR-102705,2705
excise,ICT-9519,2705
disco,MTR-73468042,2705
property,REG-631954,2705
banking,PK33-8745833518,2705
banking,PK73-4377953474,2705
banking,PK57-4912153457,2705
banking,PK13-5733780233,2705
travel,TRP-2864108,2705
travel,TRP-7537252,2705
travel,TRP-4512919,2705
travel,TRP-3042023,2705
travel,TRP-3840792,2705
fbr,FBR-102706,2706
excise,ICT-4200,2706
excise,AFR-9610,2706
excise,AFR-748,2706
disco,MTR-36086088,2706
property,REG-202294,2706
banking,PK83-3392677743,2706
banking,PK72-3023252777,2706
banking,PK90-9189658230,2706
banking,PK93-9396700298,2706
travel,TRP-8099136,2706
travel,TRP-2288532,2706
fbr,FBR-102707,2707
excise,KAR-2074,2707
disco,MTR-49204579,2707
property,REG-420957,2707
property,REG-960584,2707
banking,PK23-3686131840,2707
banking,PK35-3615339395,2707
banking,PK61-3151555577,2707
banking,PK91-7699020309,2707
travel,TRP-3005918,2707
travel,TRP-8300339,2707
travel,TRP-2848747,2707
fbr,FBR-102708,2708
excise,RIR-5461,2708
excise,LEA-2190,2708
excise,LEA-7040,2708
property,REG-875021,2708
property,REG-349899,2708
banking,PK84-4091544187,2708
banking,PK86-2342006331,2708
banking,PK85-7688550101,2708
travel,TRP-6026156,2708
travel,TRP-8861151,2708
travel,TRP-8288257,2708
travel,TRP-3945525,2708
travel,TRP-5590286,2708
excise,RIR-7563,2709
excise,LEA-4792,2709
disco,MTR-62619474,2709
property,REG-419708,2709
property,REG-724644,2709
banking,PK53-4210509568,2709
banking,PK25-6942610998,2709
banking,PK79-3677055374,2709
travel,TRP-1711591,2709
travel,TRP-4665027,2709
travel,TRP-9874865,2709
travel,TRP-7687874,2709
travel,TRP-1505143,2709
fbr,FBR-102710,2710
excise,RIR-3803,2710
excise,RIR-9048,2710
excise,KAR-886,2710
property,REG-428021,2710
banking,PK75-7322173690,2710
banking,PK80-8433188198,2710
banking,PK75-2986716691,2710
banking,PK45-3969473360,2710
travel,TRP-4039776,2710
travel,TRP-2431150,2710
travel,TRP-2327706,2710
travel,TRP-4446621,2710
fbr,FBR-102711,2711
excise,KAR-5188,2711
excise,AFR-1793,2711
excise,RIR-9864,2711
disco,MTR-17349164,2711
property,REG-229583,2711
property,REG-637337,2711
banking,PK35-5255886913,2711
banking,PK34-7778601658,2711
travel,TRP-6023370,2711
travel,TRP-6815360,2711
travel,TRP-3151713,2711
travel,TRP-7696864,2711
fbr,FBR-102712,2712
excise,RIR-5328,2712
disco,MTR-81957224,2712
property,REG-751123,2712
property,REG-847198,2712
banking,PK47-5397849534,2712
banking,PK29-4850554912,2712
travel,TRP-9144169,2712
travel,TRP-6792679,2712
fbr,FBR-102713,2713
excise,ICT-7691,2713
disco,MTR-31386772,2713
property,REG-661180,2713
property,REG-624767,2713
banking,PK21-3940903374,2713
banking,PK39-3523915017,2713
banking,PK47-6962170984,2713
banking,PK30-8760807594,2713
travel,TRP-4675608,2713
travel,TRP-3063067,2713
travel,TRP-4015414,2713
travel,TRP-1575066,2713
fbr,FBR-102714,2714
excise,KAR-3956,2714
disco,MTR-96742544,2714
property,REG-279977,2714
banking,PK11-7683071865,2714
banking,PK20-2156880143,2714
banking,PK63-5940901313,2714
travel,TRP-3991334,2714
travel,TRP-3458062,2714
travel,TRP-7102039,2714
travel,TRP-3380877,2714
fbr,FBR-102715,2715
excise,ICT-5202,2715
excise,LEA-7662,2715
excise,LEA-7420,2715
disco,MTR-21835263,2715
property,REG-623789,2715
property,REG-973359,2715
banking,PK90-4605764455,2715
banking,PK59-6607459982,2715
travel,TRP-6437620,2715
travel,TRP-5572239,2715
travel,TRP-8724071,2715
fbr,FBR-102716,2716
excise,AFR-4715,2716
excise,RIR-2388,2716
disco,MTR-91857427,2716
property,REG-539681,2716
banking,PK53-7934389105,2716
banking,PK84-4887686760,2716
travel,TRP-3244940,2716
travel,TRP-1219326,2716
travel,TRP-4081748,2716
travel,TRP-2003563,2716
travel,TRP-7349015,2716
fbr,FBR-102717,2717
excise,ICT-7038,2717
excise,RIR-1373,2717
excise,KAR-4736,2717
disco,MTR-96653953,2717
property,REG-518556,2717
banking,PK42-7896100658,2717
banking,PK38-9641991672,2717
banking,PK99-6697624703,2717
travel,TRP-9554120,2717
travel,TRP-9544435,2717
travel,TRP-4324849,2717
fbr,FBR-102718,2718
excise,AFR-6359,2718
excise,AFR-3981,2718
disco,MTR-14570790,2718
property,REG-606884,2718
property,REG-415519,2718
banking,PK15-5711837494,2718
banking,PK86-4465050319,2718
banking,PK79-1208595620,2718
travel,TRP-5002189,2718
travel,TRP-6148653,2718
travel,TRP-2085557,2718
travel,TRP-3958292,2718
fbr,FBR-102719,2719
excise,RIR-186,2719
excise,AFR-284,2719
disco,MTR-75675550,2719
property,REG-380396,2719
property,REG-551144,2719
banking,PK48-6583785866,2719
banking,PK32-4518487205,2719
travel,TRP-7698327,2719
travel,TRP-1324916,2719
travel,TRP-6692239,2719
travel,TRP-5457048,2719
travel,TRP-9579231,2719
fbr,FBR-102720,2720
excise,LEA-8149,2720
excise,ICT-151,2720
disco,MTR-15834239,2720
property,REG-948916,2720
property,REG-938223,2720
banking,PK38-2425296856,2720
banking,PK61-8359051267,2720
banking,PK16-8288915576,2720
banking,PK15-4450164817,2720
travel,TRP-9630478,2720
travel,TRP-2405711,2720
travel,TRP-7214802,2720
travel,TRP-2316196,2720
travel,TRP-7444026,2720
fbr,FBR-102721,2721
excise,ICT-2323,2721
disco,MTR-73919500,2721
property,REG-554498,2721
banking,PK59-4585811391,2721
banking,PK77-1334653348,2721
banking,PK76-5972703720,2721
banking,PK98-5713806130,2721
travel,TRP-1907358,2721
travel,TRP-5624284,2721
excise,AFR-7271,2722
excise,KAR-3638,2722
excise,LEA-636,2722
disco,MTR-13539244,2722
property,REG-316318,2722
property,REG-410080,2722
banking,PK45-7272228231,2722
banking,PK35-3111545453,2722
travel,TRP-3197386,2722
travel,TRP-1100933,2722
travel,TRP-9094798,2722
travel,TRP-1157701,2722
travel,TRP-1240053,2722
fbr,FBR-102723,2723
excise,RIR-5377,2723
excise,RIR-7478,2723
excise,KAR-9806,2723
disco,MTR-61984263,2723
property,REG-992982,2723
banking,PK71-3079547947,2723
banking,PK77-9552099280,2723
travel,TRP-3230827,2723
travel,TRP-3896662,2723
travel,TRP-4052875,2723
fbr,FBR-102724,2724
excise,LEA-5814,2724
disco,MTR-53403139,2724
property,REG-355312,2724
property,REG-735413,2724
banking,PK31-5676640921,2724
banking,PK89-4638434035,2724
banking,PK60-8369951411,2724
banking,PK88-5314367687,2724
travel,TRP-3048878,2724
travel,TRP-9259379,2724
