registry_no,buyer_name,seller_name,property_address,property_value_pkr,transfer_date,area_marla,property_type
REG-681811,Mian Tooba Siddiqui,Noman Durrani,"House 163, Street 15, G-10/2, Islamabad",26192970,2025-05-02,10,Commercial Plaza
REG-109098,Sardar Tooba Siddiqui,Bilal Shirazi,"House 241, Street 39, E-11/2, Islamabad",72511920,2022-05-12,20,Farmhouse
REG-663357,Asad راجہ,Farhan Gondal,"House 292, Street 17, Clifton Block 2, Karachi",46061582,2022-04-20,7,Residential House
REG-598408,N. Durrani,Wajahat Tarar,"House 145, Street 2, Gulberg III, Lahore",101312580,2024-02-16,20,Residential Plot
REG-921130,F.Janjua,Junaid Durrani,"House 259, Street 31, Johar Town, Lahore",52071614,2022-04-08,7,Commercial Plaza
REG-571628,J. Tarar,Owais Mirza,"House 226, Street 35, Clifton Block 2, Karachi",6881916,2021-01-22,3,Residential House
REG-260118,U. Mirza,Iqra Lodhi,"House 29, Street 27, Gulshan-e-Iqbal, Karachi",359791960,2022-11-30,40,Residential House
REG-209724,U. Mirza,Asad Malik,"House 356, Street 25, North Nazimabad, Karachi",318203120,2023-05-09,40,Farmhouse
REG-889825,N. Dar,Mahnoor Lodhi,"House 229, Street 6, Gulgasht, Multan",58432620,2024-09-24,10,Farmhouse
REG-663556,Yasir Sandhu,Nimra Hashmi,"House 142, Street 6, DHA Phase 5, Lahore",306887800,2022-07-17,40,Commercial Plaza
REG-883150,B. Qureshi,Hina Warraich,"House 249, Street 7, Chaklala Scheme 3, Rawalpindi",84652560,2023-03-31,10,Commercial Plaza
REG-260617,Noman Mehsud,Jawad Sandhu,"House 353, Street 18, Shah Rukn-e-Alam, Multan",117080000,2021-05-21,20,Residential House
REG-524584,عثمان خان,Mehwish Sheikh,"House 356, Street 16, Gulberg III, Lahore",28197946,2023-09-25,7,Residential House
REG-375242,U. Gill,Hina Kakar,"House 322, Street 8, Bahria Phase 4, Rawalpindi",58837198,2026-02-05,7,Apartment
REG-266793,Babar Malik,Bushra Mughal,"House 194, Street 6, G-10/2, Islamabad",70564940,2022-10-23,10,Farmhouse
REG-793528,S. Sial,Amna Khan,"House 341, Street 31, Madina Town, Faisalabad",39715495,2023-05-14,5,Residential House
REG-876431,S. Sial,Wajahat Virk,"House 310, Street 24, Peoples Colony, Faisalabad",151603960,2021-10-23,40,Apartment
REG-426629,Mian Atif Warraich,Atif Raja,"House 130, Street 25, Gulgasht, Multan",76150060,2023-09-11,20,Residential Plot
REG-270838,Rana Atif Warraich,Farhan Siddiqui,"House 42, Street 20, Cantt, Multan",617800880,2021-02-23,80,Residential House
REG-377030,N.Zaidi,Danish Gondal,"House 298, Street 27, Gulbahar, Peshawar",15219344,2021-12-29,7,Apartment
REG-456815,N.Zaidi,Anas Kayani,"House 60, Street 1, University Town, Peshawar",81328120,2025-11-14,10,Farmhouse
REG-135410,R. Kazmi,Obaid Zaidi,"House 320, Street 29, North Nazimabad, Karachi",20363798,2023-09-03,7,Apartment
REG-657536,U. Tarar,Nadia Cheema,"House 246, Street 22, Cantt, Multan",349840080,2022-08-12,40,Residential House
REG-938396,U. Tarar,Saba Tareen,"House 267, Street 1, Shah Rukn-e-Alam, Multan",33270645,2025-04-16,5,Residential Plot
REG-668225,Q. Gondal,Umar Tareen,"House 286, Street 33, Satellite Town, Rawalpindi",11300247,2022-01-10,3,Apartment
REG-365145,Mian Hina Zaidi,Hafsa Gilani,"House 88, Street 4, Peoples Colony, Faisalabad",150243760,2023-07-06,20,Apartment
REG-858982,Yousuf Joiya,Nadia Abbasi,"House 370, Street 23, Johar Town, Lahore",44583875,2024-01-31,5,Residential Plot
REG-724356,P.Rizvi,Iqra Gondal,"House 390, Street 6, Gulgasht, Multan",167179380,2021-04-19,20,Commercial Plaza
REG-342428,Rehan Khokhar,Nimra Baig,"House 205, Street 38, DHA Phase 5, Lahore",147374600,2022-09-19,40,Commercial Plaza
REG-804505,Rehan Khokhar,Rehan Saddozai,"House 94, Street 23, Johar Town, Lahore",89611160,2025-05-13,10,Farmhouse
REG-490344,Z. Sheikh,Waqas Sandhu,"House 45, Street 9, Gulberg III, Lahore",49044716,2025-07-24,7,Residential Plot
REG-938072,A. Mehsud,Noman Butt,"House 201, Street 8, North Nazimabad, Karachi",271278680,2022-07-30,40,Residential Plot
REG-560215,Malik Rabia Butt,Bilal Afridi,"House 302, Street 10, DHA Phase 5, Lahore",18078054,2024-09-05,3,Residential House
REG-183328,W.Sial,Hassan Malik,"House 150, Street 15, University Town, Peshawar",16090270,2024-04-03,7,Residential Plot
REG-273993,Malik Wajahat Gilani,Nasir Sheikh,"House 128, Street 3, Peoples Colony, Faisalabad",71002270,2021-01-09,10,Residential Plot
REG-590836,Haji Wajahat Gilani,Jawad Virk,"House 53, Street 12, Madina Town, Faisalabad",21267610,2025-03-03,10,Residential House
REG-534184,J.Janjua,Hussain Kazmi,"House 1, Street 37, Gulberg III, Lahore",27892650,2023-01-10,5,Residential House
REG-977150,U.Mirza,Arsalan Raja,"House 19, Street 6, Satellite Town, Rawalpindi",25633660,2024-11-04,5,Farmhouse
REG-578145,Sadia Mirza,Asad Malik,"House 3, Street 5, Shah Rukn-e-Alam, Multan",171580640,2021-04-20,20,Apartment
REG-262288,Talha شیخ,Qasim Orakzai,"House 254, Street 10, Johar Town, Lahore",173817080,2026-02-13,40,Farmhouse
REG-588850,M. Bukhari,Anas Mehsud,"House 322, Street 16, North Nazimabad, Karachi",113899040,2025-12-26,40,Commercial Plaza
REG-245230,M. Bukhari,Pervez Chaudhry,"House 65, Street 5, DHA Phase 6, Karachi",78787150,2024-05-25,10,Residential Plot
REG-604870,L.Mirza,Kinza Mughal,"House 272, Street 31, Gulgasht, Multan",35422002,2025-05-17,7,Residential House
REG-463076,U.Abbasi,Khadija Bhatti,"House 35, Street 37, Johar Town, Lahore",29504475,2025-04-13,5,Commercial Plaza
REG-132117,K. Warraich,Waqas Dar,"House 8, Street 35, DHA Phase 5, Lahore",714534240,2022-03-02,80,Commercial Plaza
REG-833400,K. Warraich,Hussain Saddozai,"House 75, Street 37, Johar Town, Lahore",77816320,2023-11-07,20,Commercial Plaza
REG-882051,حسن راجہ,Atif Butt,"House 119, Street 1, Bahria Phase 4, Rawalpindi",26729682,2021-11-11,7,Commercial Plaza
REG-191162,Chaudhary Fahad Kakar,Usman Kakar,"House 169, Street 11, Gulshan-e-Iqbal, Karachi",194182560,2021-08-07,40,Commercial Plaza
REG-843064,Anas Afridi,Sadia Gondal,"House 157, Street 22, North Nazimabad, Karachi",33847650,2021-02-07,5,Apartment
REG-173765,Hamza Malik,Rauf Mehsud,"House 67, Street 33, Gulgasht, Multan",56462300,2025-03-13,10,Farmhouse
REG-789531,Chaudhary Ehsan Kazmi,Tooba Baig,"House 329, Street 1, Model Town, Lahore",37776370,2022-10-10,5,Farmhouse
REG-255831,Malik Ehsan Kazmi,Luqman Bukhari,"House 102, Street 33, Gulberg III, Lahore",145119120,2021-11-17,40,Commercial Plaza
REG-573415,Chaudhary Farhan Cheema,Jawad Gill,"House 77, Street 3, Peoples Colony, Faisalabad",22168575,2024-11-24,5,Apartment
REG-623996,Haji Zeeshan Joiya,Babar Sial,"House 250, Street 35, G-13/1, Islamabad",54038460,2021-01-14,7,Commercial Plaza
REG-529855,Sardar Zeeshan Joiya,Uzma Awan,"House 99, Street 37, B-17, Islamabad",26228195,2023-09-27,7,Farmhouse
REG-344500,Ehsan Yousafzai,Shahzad Abbasi,"House 335, Street 30, Shah Rukn-e-Alam, Multan",32455620,2023-11-13,5,Commercial Plaza
REG-934210,Z.Butt,Nasir Naqvi,"House 307, Street 9, D Ground, Faisalabad",15503820,2021-05-06,5,Residential Plot
REG-496360,Sufyan Mughal,Javeria Khattak,"House 242, Street 37, Shah Rukn-e-Alam, Multan",7269081,2023-04-03,3,Residential House
REG-780383,Y.Naqvi,Usman Rajput,"House 53, Street 4, North Nazimabad, Karachi",32306770,2023-08-16,10,Commercial Plaza
REG-877580,D.Khokhar,Qasim Tareen,"House 294, Street 39, Shah Rukn-e-Alam, Multan",168441800,2023-03-21,20,Apartment
REG-624371,Asad Janjua,Amna Tarar,"House 27, Street 30, DHA Phase 6, Karachi",43676525,2021-08-30,5,Commercial Plaza
REG-452268,G. Tareen,Ubaid Ansari,"House 275, Street 4, Shah Rukn-e-Alam, Multan",12293475,2023-10-20,5,Commercial Plaza
REG-533959,Rana Shoaib Mehsud,Mustafa Chaudhry,"House 333, Street 11, Shah Rukn-e-Alam, Multan",54612768,2024-01-05,7,Commercial Plaza
REG-284570,Ubaid Sandhu,Sadia Mehsud,"House 174, Street 9, Cantt, Multan",717454880,2023-12-06,80,Residential Plot
REG-843635,Nimra Zaidi,Taimoor Malik,"House 84, Street 17, DHA Phase 5, Lahore",43217745,2022-10-02,5,Residential Plot
REG-846245,M. Hashmi,Danish Dar,"House 92, Street 40, G-10/2, Islamabad",161176620,2022-01-19,20,Residential Plot
REG-660630,M. Hashmi,Laiba Cheema,"House 239, Street 29, G-10/2, Islamabad",63664480,2022-12-23,10,Residential House
REG-853328,Hamza Khokhar,Sadia Butt,"House 338, Street 11, I-8/4, Islamabad",17799502,2023-01-11,7,Apartment
REG-748092,محمد Lodhi,Nadia Butt,"House 309, Street 4, Gulbahar, Peshawar",30528197,2021-11-30,7,Farmhouse
REG-414984,A. Gill,Nasir Hashmi,"House 365, Street 5, University Town, Peshawar",35257820,2021-04-21,5,Residential House
REG-337076,Hina Siddiqui,Zara Khokhar,"House 39, Street 25, Gulgasht, Multan",77348240,2021-11-08,10,Residential Plot
REG-665198,Haji Rauf Joiya,Kamran Chaudhry,"House 61, Street 7, Chaklala Scheme 3, Rawalpindi",398506720,2023-04-29,80,Apartment
REG-566638,K.Sandhu,Zara Durrani,"House 381, Street 14, Westridge, Rawalpindi",210427440,2025-04-18,80,Farmhouse
REG-454251,Haji Noor Sheikh,Irfan Afridi,"House 208, Street 5, Johar Town, Lahore",49180516,2024-09-05,7,Residential House
REG-167894,Mehwish Mehsud,Shahzad Durrani,"House 269, Street 30, Cantt, Multan",260028160,2025-02-01,40,Farmhouse
REG-611328,Mehwish Mehsud,Faisal Durrani,"House 373, Street 37, Cantt, Multan",165145480,2021-01-05,40,Residential House
REG-597834,Sardar Farhan Khan,Farhan Sheikh,"House 147, Street 18, Chaklala Scheme 3, Rawalpindi",209521440,2025-10-12,40,Apartment
REG-896976,Rana Pervez Khokhar,Nadia Baig,"House 295, Street 38, DHA Phase 5, Lahore",38699455,2023-09-15,5,Residential House
REG-285297,Gul راجہ,Shoaib Hashmi,"House 385, Street 38, Johar Town, Lahore",25193502,2024-10-12,3,Residential House
REG-186496,F.Gill,Nasir Afridi,"House 66, Street 24, North Nazimabad, Karachi",24398730,2025-04-18,5,Farmhouse
REG-294194,Ubaid Chaudhry,Danish Naqvi,"House 159, Street 10, University Town, Peshawar",12656938,2022-11-17,7,Apartment
REG-509491,A. Mughal,Junaid Gill,"House 337, Street 30, Hayatabad Phase 3, Peshawar",52699843,2025-02-15,7,Residential Plot
REG-629522,A. Mughal,Noman Mirza,"House 232, Street 18, Gulbahar, Peshawar",55448981,2026-02-24,7,Residential Plot
REG-192144,H. Raja,Luqman Sial,"House 284, Street 13, North Nazimabad, Karachi",366636960,2022-12-08,80,Farmhouse
REG-626035,Haji Hussain Sheikh,Maryam Joiya,"House 339, Street 32, DHA Phase 5, Lahore",210171840,2021-06-16,40,Apartment
REG-227337,Taimoor قریشی,Zainab Raja,"House 68, Street 15, Gulbahar, Peshawar",186595520,2026-01-16,80,Farmhouse
REG-576199,Ibrahim Sandhu,Saba Rizvi,"House 200, Street 39, DHA Phase 5, Lahore",22373916,2022-08-13,3,Farmhouse
REG-729358,Shahzad Shirazi,Sana Yousafzai,"House 200, Street 5, Shah Rukn-e-Alam, Multan",179719480,2022-09-25,40,Residential Plot
REG-814558,U.Wazir,Mustafa Yousafzai,"House 382, Street 34, Clifton Block 2, Karachi",10861254,2024-03-04,3,Farmhouse
REG-363995,U. Gondal,Babar Butt,"House 173, Street 24, Bahria Phase 4, Rawalpindi",80469880,2022-05-27,40,Farmhouse
REG-583620,Jawad Janjua,Saad Hashmi,"House 219, Street 34, North Nazimabad, Karachi",238612760,2023-03-30,40,Apartment
REG-926606,Jawad Janjua,Rabia Dar,"House 287, Street 28, Clifton Block 2, Karachi",97422600,2023-01-10,20,Residential Plot
REG-451040,P. Afridi,Mansoor Kayani,"House 266, Street 29, Gulbahar, Peshawar",67872620,2025-02-15,10,Apartment
REG-377954,P. Afridi,Nadeem Bukhari,"House 227, Street 6, University Town, Peshawar",139854400,2024-07-20,20,Commercial Plaza
REG-606397,M. Abbasi,Mustafa Sial,"House 274, Street 8, Wapda Town, Lahore",49493073,2021-04-02,7,Commercial Plaza
REG-314942,Sardar Kamran Naqvi,Hussain Khokhar,"House 276, Street 20, Madina Town, Faisalabad",29801985,2023-12-17,5,Farmhouse
REG-111146,Malik Kamran Naqvi,Fatima Baig,"House 131, Street 34, Madina Town, Faisalabad",324458800,2025-07-08,80,Apartment
REG-310216,Chaudhary Ali Gill,Ali Mirza,"House 341, Street 35, Hayatabad Phase 3, Peshawar",9183675,2021-09-20,5,Residential House
REG-637393,Syed Yousuf Kayani,Lubna Tareen,"House 145, Street 38, B-17, Islamabad",9624655,2022-08-26,5,Residential House
REG-725092,Sajid راجہ,Mahnoor Janjua,"House 20, Street 2, Shah Rukn-e-Alam, Multan",39897790,2023-09-16,5,Residential House
REG-853084,Syed Jawad Sandhu,Waqas Raja,"House 234, Street 38, DHA Phase 6, Karachi",179729840,2024-07-05,40,Residential Plot
REG-745988,Rana Jawad Sandhu,Luqman Butt,"House 125, Street 5, North Nazimabad, Karachi",129279300,2025-05-14,20,Residential House
REG-563830,Hassan Saddozai,Rauf Tarar,"House 305, Street 21, Satellite Town, Rawalpindi",347290920,2022-05-06,40,Farmhouse
REG-693995,Hassan Saddozai,Mubashir Lodhi,"House 87, Street 20, Westridge, Rawalpindi",110428220,2024-06-02,20,Farmhouse
REG-699417,Farah Gill,Saba Gilani,"House 178, Street 2, Shah Rukn-e-Alam, Multan",24947610,2021-07-09,10,Apartment
REG-357770,Ibrahim Kazmi,Adnan Butt,"House 65, Street 29, Chaklala Scheme 3, Rawalpindi",76132220,2022-08-04,20,Residential Plot
REG-468459,Ibrahim Kazmi,Obaid Sial,"House 23, Street 12, Bahria Phase 4, Rawalpindi",16533605,2023-04-23,5,Residential Plot
REG-855755,Chaudhary Faisal Awan,Amna Malik,"House 156, Street 5, DHA Phase 5, Lahore",218067200,2021-10-20,80,Commercial Plaza
REG-916901,Mian Faisal Awan,Zainab Kazmi,"House 51, Street 4, Wapda Town, Lahore",348535360,2021-03-09,80,Residential Plot
REG-729038,Yasir Mehsud,Zara Kakar,"House 157, Street 28, Clifton Block 2, Karachi",144629040,2025-02-14,20,Apartment
REG-479602,Yasir Mehsud,Tooba Bhatti,"House 289, Street 8, DHA Phase 6, Karachi",69937000,2024-05-02,20,Residential Plot
REG-500056,E. Shirazi,Amna Siddiqui,"House 252, Street 8, Satellite Town, Rawalpindi",143443300,2021-11-01,20,Farmhouse
REG-487512,E. Shirazi,Amna Baig,"House 123, Street 3, Bahria Phase 4, Rawalpindi",134191680,2022-03-08,20,Residential House
REG-856255,Sardar Saqib Janjua,Zara Lodhi,"House 225, Street 24, Clifton Block 2, Karachi",19685580,2024-11-05,3,Commercial Plaza
REG-740989,A. Niazi,Tooba Yousafzai,"House 319, Street 8, DHA Phase 6, Karachi",255105680,2023-05-02,40,Residential Plot
REG-970319,I.Hashmi,Rauf Kayani,"House 44, Street 34, D Ground, Faisalabad",185224360,2024-09-22,40,Commercial Plaza
REG-213322,Rida Sandhu,Waqas Bangash,"House 231, Street 20, Hayatabad Phase 3, Peshawar",43764425,2021-03-04,5,Residential Plot
REG-581736,Waqas Warraich,Junaid Kakar,"House 282, Street 28, D Ground, Faisalabad",564476160,2025-09-05,80,Residential House
REG-530672,H. Shirazi,Zeeshan Malik,"House 255, Street 20, Gulshan-e-Iqbal, Karachi",616445920,2024-05-06,80,Residential House
REG-374507,N.Bhatti,Usman Awan,"House 217, Street 5, Shah Rukn-e-Alam, Multan",16667730,2023-11-27,3,Farmhouse
REG-227882,G. Kakar,Zubair Siddiqui,"House 121, Street 22, University Town, Peshawar",21229458,2022-02-13,3,Commercial Plaza
REG-599249,S.Niazi,Ubaid Hashmi,"House 377, Street 29, University Town, Peshawar",515599120,2023-05-18,80,Residential House
REG-180170,S.Niazi,Zafar Khokhar,"House 66, Street 14, Gulbahar, Peshawar",41966057,2024-09-06,7,Farmhouse
REG-820144,M. Raja,Waseem Ansari,"House 178, Street 23, Gulberg III, Lahore",51163364,2021-04-23,7,Commercial Plaza
REG-230857,N. Qureshi,Anas Tareen,"House 89, Street 19, Madina Town, Faisalabad",176138080,2021-05-20,40,Residential House
REG-634883,O.Cheema,Khalid Sandhu,"House 64, Street 11, Shah Rukn-e-Alam, Multan",75826000,2021-07-18,10,Commercial Plaza
REG-357667,O.Cheema,Yousuf Sheikh,"House 139, Street 16, Shah Rukn-e-Alam, Multan",99069600,2021-02-14,40,Commercial Plaza
REG-431311,Zafar Khattak,Nadeem Wazir,"House 62, Street 8, Westridge, Rawalpindi",45514938,2021-10-06,7,Residential House
REG-698606,Zafar Khattak,Farah Tareen,"House 160, Street 18, Bahria Phase 4, Rawalpindi",353829280,2024-06-26,80,Apartment
REG-375317,Uzma Kayani,Rabia Tarar,"House 157, Street 39, Gulgasht, Multan",160783440,2025-01-26,40,Commercial Plaza
REG-631705,Uzma Kayani,Ghulam Khokhar,"House 89, Street 29, Gulgasht, Multan",562208480,2025-02-10,80,Residential Plot
REG-473789,Nadeem Virk,Anas Chaudhry,"House 244, Street 16, Satellite Town, Rawalpindi",36167710,2023-01-10,10,Residential House
REG-686607,Nadeem Virk,Muhammad Zaidi,"House 100, Street 5, Westridge, Rawalpindi",33226590,2024-03-08,10,Residential Plot
REG-439689,J. Yousafzai,Sajid Tareen,"House 24, Street 17, Westridge, Rawalpindi",515408880,2024-09-18,80,Residential Plot
REG-457997,Haji Maryam Wazir,Hassan Zaidi,"House 338, Street 33, Gulbahar, Peshawar",12885355,2025-05-18,7,Commercial Plaza
REG-819374,F. Mehsud,Noman Bangash,"House 293, Street 12, Satellite Town, Rawalpindi",37160620,2022-06-13,7,Residential Plot
REG-713659,F. Mehsud,Madiha Gondal,"House 269, Street 11, Satellite Town, Rawalpindi",24634967,2024-03-26,7,Commercial Plaza
REG-165035,R. Sheikh,Faisal Hashmi,"House 148, Street 37, D Ground, Faisalabad",33522730,2023-01-15,10,Farmhouse
REG-685432,R. Sheikh,Hina Awan,"House 257, Street 32, Peoples Colony, Faisalabad",238130640,2024-04-30,40,Apartment
REG-432798,Usman Sial,Lubna Naqvi,"House 38, Street 29, Wapda Town, Lahore",56153290,2022-03-09,10,Farmhouse
REG-193315,Usman Sial,Ayesha Khokhar,"House 337, Street 16, Gulberg III, Lahore",50777965,2024-12-30,7,Commercial Plaza
REG-234853,U. Durrani,Ubaid Mughal,"House 64, Street 24, Gulgasht, Multan",293596400,2021-07-26,40,Residential House
REG-453950,Z.Gill,Ghulam Rajput,"House 165, Street 20, G-13/1, Islamabad",16568922,2022-04-07,3,Residential House
REG-273172,Taimoor Shirazi,Wajahat Afridi,"House 227, Street 26, Gulgasht, Multan",181832160,2021-11-04,80,Farmhouse
REG-246456,Bushra Naqvi,Sana Kayani,"House 289, Street 11, Bahria Phase 4, Rawalpindi",326567840,2024-07-29,80,Residential Plot
REG-470280,Bushra Naqvi,Rida Kayani,"House 301, Street 24, Bahria Phase 4, Rawalpindi",25766270,2022-11-25,10,Apartment
REG-470606,Chaudhary Maryam Rajput,Mansoor Qureshi,"House 153, Street 39, Westridge, Rawalpindi",105824680,2021-04-05,20,Residential House
REG-277006,Syed Maryam Rajput,Khalid Kazmi,"House 282, Street 25, Westridge, Rawalpindi",88172280,2023-03-22,40,Farmhouse
REG-722484,Syed Luqman Janjua,Zubair Kakar,"House 91, Street 6, Johar Town, Lahore",188672960,2021-01-10,80,Apartment
REG-345221,A.Kakar,Junaid Sial,"House 400, Street 2, Johar Town, Lahore",81251140,2023-06-26,10,Residential Plot
REG-606805,A.Kakar,Amna Niazi,"House 352, Street 22, Johar Town, Lahore",34786230,2021-06-21,5,Residential House
REG-478542,Wajahat قریشی,Arsalan Awan,"House 385, Street 11, Hayatabad Phase 3, Peshawar",44728404,2021-01-23,7,Residential Plot
REG-798328,بلال Tareen,Amna Kazmi,"House 366, Street 39, G-13/1, Islamabad",153429360,2023-04-02,40,Commercial Plaza
REG-952441,Chaudhary Imran Yousafzai,Irfan Mughal,"House 324, Street 36, Gulgasht, Multan",143633380,2025-04-17,20,Commercial Plaza
REG-496954,Malik Imran Yousafzai,Saba Kakar,"House 259, Street 8, Shah Rukn-e-Alam, Multan",62881770,2022-09-07,7,Residential House
REG-142321,Hina بٹ,Noor Afridi,"House 112, Street 39, Chaklala Scheme 3, Rawalpindi",88325260,2021-07-24,20,Farmhouse
REG-186288,S. Bhatti,Mahnoor Afridi,"House 338, Street 32, I-8/4, Islamabad",169061660,2021-04-16,20,Residential Plot
REG-765359,S. Bhatti,Zafar Bukhari,"House 90, Street 40, I-8/4, Islamabad",62624835,2025-03-20,7,Farmhouse
REG-122822,L.Mehsud,Rauf Saddozai,"House 139, Street 4, D Ground, Faisalabad",23595297,2021-12-10,3,Commercial Plaza
REG-361935,Faisal Cheema,Hina Khattak,"House 215, Street 28, Peoples Colony, Faisalabad",25284430,2022-09-10,10,Residential Plot
REG-308893,Faisal Cheema,Saba Shirazi,"House 45, Street 15, Madina Town, Faisalabad",154665600,2026-02-24,80,Farmhouse
REG-504233,Sadia Virk,Naveed Sial,"House 368, Street 7, Gulshan-e-Iqbal, Karachi",27126295,2021-01-30,5,Residential House
REG-631675,Sadia Virk,Mubashir Niazi,"House 81, Street 7, North Nazimabad, Karachi",697580240,2025-07-28,80,Commercial Plaza
REG-627966,A. Virk,Usman Saddozai,"House 358, Street 2, Cantt, Multan",32782862,2021-09-20,7,Commercial Plaza
REG-402599,S. Sandhu,Saad Hashmi,"House 332, Street 12, Gulbahar, Peshawar",90293360,2022-12-09,20,Farmhouse
REG-688826,S. Sandhu,Haris Awan,"House 387, Street 26, University Town, Peshawar",591374320,2025-04-07,80,Farmhouse
REG-875568,Ibrahim Siddiqui,Adnan Bangash,"House 176, Street 9, D Ground, Faisalabad",278800880,2022-05-29,80,Apartment
REG-135612,B. Abbasi,Ali Kakar,"House 363, Street 38, Cantt, Multan",372127440,2025-02-17,80,Commercial Plaza
REG-565148,B. Abbasi,Noor Warraich,"House 264, Street 13, Cantt, Multan",188326080,2025-03-06,40,Residential Plot
REG-676456,Javeria Tarar,Ehsan Lodhi,"House 254, Street 16, D Ground, Faisalabad",321207200,2023-05-22,40,Residential House
REG-892404,Uzma Yousafzai,Zara Butt,"House 181, Street 39, I-8/4, Islamabad",20069775,2022-02-07,3,Residential House
REG-108937,F. Saddozai,Hafsa Joiya,"House 93, Street 25, Madina Town, Faisalabad",562413360,2024-12-16,80,Residential Plot
REG-605596,Mahnoor Orakzai,Sufyan Hashmi,"House 330, Street 11, Madina Town, Faisalabad",14914476,2023-12-22,3,Farmhouse
REG-356072,A.Mehsud,Zainab Gilani,"House 154, Street 40, University Town, Peshawar",58250633,2021-11-05,7,Residential Plot
REG-287541,Danish Warraich,Hamza Yousafzai,"House 144, Street 6, Gulgasht, Multan",135488360,2021-11-14,40,Residential Plot
REG-560704,Lubna Dar,Junaid Sandhu,"House 91, Street 34, Chaklala Scheme 3, Rawalpindi",19911111,2024-01-20,3,Apartment
REG-905939,F.Kayani,Luqman Tarar,"House 193, Street 28, Cantt, Multan",18349961,2022-04-27,7,Residential Plot
REG-508384,Ubaid Yousafzai,Imran Ansari,"House 152, Street 27, Satellite Town, Rawalpindi",59011414,2025-11-10,7,Residential House
REG-729968,T.Yousafzai,Iqra Chaudhry,"House 152, Street 16, G-10/2, Islamabad",80900770,2022-04-20,10,Residential Plot
REG-563977,Zubair Butt,Nasir Virk,"House 70, Street 15, Model Town, Lahore",198956720,2021-01-11,40,Apartment
REG-208566,Zubair Butt,Zubair Rajput,"House 76, Street 1, Wapda Town, Lahore",182957280,2022-06-24,80,Residential House
REG-899930,F. Lodhi,Ahmed Dar,"House 184, Street 16, Gulbahar, Peshawar",25530995,2024-07-02,7,Commercial Plaza
REG-581108,M. Butt,Usman Gilani,"House 274, Street 5, Gulshan-e-Iqbal, Karachi",48769245,2023-05-05,7,Commercial Plaza
REG-205767,R.Gill,Qasim Gilani,"House 199, Street 21, D Ground, Faisalabad",626451600,2024-04-19,80,Apartment
REG-887874,G. Qureshi,Anas Siddiqui,"House 319, Street 17, Chaklala Scheme 3, Rawalpindi",39657180,2023-06-11,20,Farmhouse
REG-420262,G. Qureshi,Zeeshan Lodhi,"House 2, Street 1, Satellite Town, Rawalpindi",712677040,2025-03-16,80,Commercial Plaza
REG-263315,Gul Warraich,Muhammad Joiya,"House 295, Street 30, Clifton Block 2, Karachi",166260140,2021-08-15,20,Apartment
REG-198143,Nasir Kazmi,Nimra Rajput,"House 80, Street 4, Gulgasht, Multan",23055627,2022-04-09,3,Apartment
REG-197108,Malik Anas Lodhi,Anas Lodhi,"House 396, Street 13, Gulberg III, Lahore",31297025,2022-08-16,5,Farmhouse
REG-141026,Rana Haris Orakzai,Nadeem Kakar,"House 347, Street 33, Satellite Town, Rawalpindi",59039813,2023-07-10,7,Residential House
REG-123111,D.Virk,Rabia Niazi,"House 71, Street 5, F-8/3, Islamabad",36959573,2023-05-07,7,Commercial Plaza
REG-384473,R. Virk,Sana Gondal,"House 325, Street 18, Johar Town, Lahore",21031370,2023-01-26,10,Apartment
REG-879075,Noor Shirazi,Nimra Chaudhry,"House 123, Street 8, Wapda Town, Lahore",309563200,2021-03-04,80,Apartment
REG-700958,Noor Shirazi,Qasim Khokhar,"House 218, Street 28, Model Town, Lahore",646252560,2025-10-21,80,Commercial Plaza
REG-543044,Ahmed Kayani,Anas Hashmi,"House 71, Street 26, Bahria Phase 4, Rawalpindi",71863660,2024-03-15,20,Farmhouse
REG-690059,Ahmed Kayani,Ghulam Mirza,"House 319, Street 32, Westridge, Rawalpindi",199195720,2025-04-18,40,Farmhouse
REG-147053,T. Afridi,Sana Baig,"House 177, Street 8, Madina Town, Faisalabad",171794560,2025-10-14,40,Residential House
REG-788139,F. Khokhar,Tooba Shirazi,"House 208, Street 16, Peoples Colony, Faisalabad",53567311,2022-02-24,7,Farmhouse
REG-876959,Waqas Hashmi,Taimoor Kazmi,"House 365, Street 4, Gulberg III, Lahore",11369210,2023-08-05,5,Farmhouse
REG-304509,Rida Siddiqui,Mansoor Kazmi,"House 135, Street 27, Hayatabad Phase 3, Peshawar",20156752,2024-03-17,7,Residential Plot
REG-954400,Rabia Niazi,Sufyan Sandhu,"House 318, Street 6, Gulgasht, Multan",224706920,2023-02-25,40,Farmhouse
REG-721414,Rabia Niazi,Babar Sandhu,"House 276, Street 15, Cantt, Multan",229395400,2023-10-07,40,Residential Plot
REG-170975,Rida Niazi,Qasim Hashmi,"House 235, Street 29, I-8/4, Islamabad",379705600,2021-09-05,80,Residential Plot
REG-564566,Danish Naqvi,Sana Siddiqui,"House 83, Street 13, North Nazimabad, Karachi",166587760,2023-05-18,20,Apartment
REG-703301,A.Abbasi,Mubashir Khan,"House 193, Street 8, B-17, Islamabad",13382615,2024-11-08,5,Apartment
REG-551034,Mian Hassan Warraich,Asad Sandhu,"House 146, Street 23, Gulbahar, Peshawar",20009725,2022-01-15,5,Farmhouse
REG-383388,H. Khan,Nadeem Tareen,"House 2, Street 11, E-11/2, Islamabad",54621150,2026-01-04,10,Residential House
REG-813648,A. Butt,Usman Dar,"House 274, Street 15, Peoples Colony, Faisalabad",30357418,2024-02-10,7,Residential Plot
REG-863455,A. Butt,Saqib Wazir,"House 50, Street 33, Peoples Colony, Faisalabad",36438510,2025-12-22,5,Residential House
REG-168220,W.Virk,Usman Tarar,"House 31, Street 34, Chaklala Scheme 3, Rawalpindi",13889709,2021-09-14,3,Residential House
REG-819222,Z. Rizvi,Haris Sheikh,"House 233, Street 6, University Town, Peshawar",17254218,2023-12-13,3,Residential Plot
REG-945346,Zainab Niazi,Noman Janjua,"House 388, Street 24, Westridge, Rawalpindi",34185480,2021-08-14,10,Farmhouse
REG-562396,B. Yousafzai,Babar Tarar,"House 120, Street 23, Bahria Phase 4, Rawalpindi",44295280,2025-04-29,5,Apartment
REG-805476,R.Sial,Rehan Chaudhry,"House 105, Street 29, Hayatabad Phase 3, Peshawar",109752700,2026-02-18,20,Apartment
REG-100572,R.Sial,Salman Gilani,"House 350, Street 27, University Town, Peshawar",320964560,2025-12-31,80,Farmhouse
REG-429749,J. Afridi,Sajid Bukhari,"House 5, Street 28, G-10/2, Islamabad",40543805,2025-06-12,5,Commercial Plaza
REG-387613,Farhan Kayani,Hina Gondal,"House 345, Street 21, Gulbahar, Peshawar",340679800,2021-01-29,40,Commercial Plaza
REG-951965,O. Hashmi,Farhan Lodhi,"House 354, Street 25, DHA Phase 6, Karachi",34032740,2021-03-14,5,Apartment
REG-632870,Z. Malik,Fahad Sandhu,"House 234, Street 5, Wapda Town, Lahore",79772420,2024-08-23,20,Farmhouse
REG-544859,E.Shirazi,Hamza Gondal,"House 380, Street 36, Peoples Colony, Faisalabad",22550493,2021-08-17,7,Residential Plot
REG-818462,Salman Khattak,Fahad Baig,"House 250, Street 32, D Ground, Faisalabad",23680386,2022-06-08,3,Residential House
REG-490977,Chaudhary Sana Khokhar,Saad Mehsud,"House 286, Street 8, University Town, Peshawar",95207460,2024-09-09,20,Farmhouse
REG-315773,L.Khattak,Kashif Gilani,"House 232, Street 34, Clifton Block 2, Karachi",170688500,2023-08-21,20,Commercial Plaza
REG-690246,L.Khattak,Rashid Gill,"House 52, Street 35, North Nazimabad, Karachi",28700266,2021-08-17,7,Residential House
REG-380091,H.Warraich,Rehan Hashmi,"House 383, Street 36, Gulberg III, Lahore",35421190,2022-06-14,5,Commercial Plaza
REG-132624,Sardar Owais Lodhi,Qasim Yousafzai,"House 326, Street 12, University Town, Peshawar",36660526,2024-01-12,7,Apartment
REG-553190,Sajid Durrani,Danish Ansari,"House 294, Street 12, Gulshan-e-Iqbal, Karachi",21568300,2025-08-30,5,Farmhouse
REG-317902,Rana Haris Sheikh,Umar Zaidi,"House 247, Street 23, Chaklala Scheme 3, Rawalpindi",29633632,2024-10-15,7,Residential Plot
REG-998556,Mahnoor Zaidi,Sufyan Virk,"House 85, Street 39, Model Town, Lahore",9755475,2024-12-14,5,Farmhouse
REG-158960,Shoaib Khattak,Javeria Janjua,"House 93, Street 28, Chaklala Scheme 3, Rawalpindi",19458585,2023-07-24,5,Apartment
REG-100090,Ubaid Kayani,Gul Kayani,"House 213, Street 5, Bahria Phase 4, Rawalpindi",55229412,2021-02-01,7,Farmhouse
REG-446364,T.Bhatti,Anas Wazir,"House 182, Street 32, Hayatabad Phase 3, Peshawar",19682166,2025-05-29,3,Farmhouse
REG-747415,N.Wazir,Fatima Kayani,"House 228, Street 3, Gulberg III, Lahore",36716820,2025-12-03,7,Residential Plot
REG-797600,N.Wazir,Obaid Durrani,"House 259, Street 8, Gulberg III, Lahore",23265390,2024-02-28,10,Residential Plot
REG-820344,H.Cheema,Amna Qureshi,"House 395, Street 3, Shah Rukn-e-Alam, Multan",52404716,2021-12-16,7,Farmhouse
REG-852545,Wajahat Siddiqui,Nasir Khattak,"House 335, Street 26, DHA Phase 6, Karachi",26788497,2021-12-11,3,Apartment
REG-944179,H. Mehsud,Waseem Sandhu,"House 282, Street 2, North Nazimabad, Karachi",31756130,2021-04-05,7,Farmhouse
REG-761208,Ubaid Abbasi,Bilal Bhatti,"House 26, Street 8, Wapda Town, Lahore",659356880,2026-03-02,80,Farmhouse
REG-807144,Waseem Dar,Usman Gilani,"House 105, Street 39, Hayatabad Phase 3, Peshawar",140137240,2021-11-05,40,Apartment
REG-950603,Waseem Dar,Obaid Baig,"House 42, Street 10, University Town, Peshawar",24391730,2023-04-23,5,Residential House
REG-544195,Syed Mahnoor Niazi,Zara Chaudhry,"House 294, Street 25, Satellite Town, Rawalpindi",289740160,2025-12-06,40,Residential House
REG-266775,Maryam Yousafzai,Fahad Hashmi,"House 231, Street 15, B-17, Islamabad",24132262,2024-01-21,7,Residential House
REG-555816,Maryam Yousafzai,Mehwish Rajput,"House 70, Street 3, G-13/1, Islamabad",72465550,2023-04-17,10,Commercial Plaza
REG-662446,Rana Sadia Kayani,Naveed Baig,"House 385, Street 39, North Nazimabad, Karachi",48780368,2025-09-05,7,Residential Plot
REG-255866,L. Orakzai,Bilal Durrani,"House 220, Street 27, Chaklala Scheme 3, Rawalpindi",10319300,2021-06-08,5,Apartment
REG-421499,Noman Orakzai,Owais Gilani,"House 391, Street 27, Gulshan-e-Iqbal, Karachi",38568810,2024-08-16,10,Residential Plot
REG-988528,Noman Orakzai,Hafsa Gill,"House 164, Street 13, Gulshan-e-Iqbal, Karachi",149028800,2021-05-05,20,Apartment
REG-397990,فاطمہ چوہدری,Bilal Kakar,"House 37, Street 1, Shah Rukn-e-Alam, Multan",229650040,2022-01-04,40,Commercial Plaza
REG-479228,فاطمہ چوہدری,Amna Gilani,"House 271, Street 17, Cantt, Multan",130582160,2021-07-01,20,Commercial Plaza
REG-733618,Bushra Khattak,Uzma Janjua,"House 265, Street 32, Westridge, Rawalpindi",49095333,2023-06-23,7,Commercial Plaza
REG-908569,W. Qureshi,Owais Wazir,"House 289, Street 23, North Nazimabad, Karachi",214321320,2024-06-04,40,Residential House
REG-441403,W. Qureshi,Hamza Afridi,"House 117, Street 33, Clifton Block 2, Karachi",23723465,2021-09-14,5,Apartment
REG-110016,Z.Hashmi,Hafsa Virk,"House 48, Street 22, G-10/2, Islamabad",452110000,2025-06-19,80,Commercial Plaza
REG-101057,Z.Hashmi,Muhammad Kakar,"House 95, Street 26, B-17, Islamabad",28578410,2021-06-16,7,Commercial Plaza
REG-704168,Farah Cheema,Ubaid Sheikh,"House 61, Street 8, Madina Town, Faisalabad",44541030,2022-11-11,5,Farmhouse
REG-697562,Atif Janjua,Ahmed Kakar,"House 366, Street 29, DHA Phase 5, Lahore",26360040,2021-03-15,7,Commercial Plaza
REG-167633,Ghulam Afridi,Haris Raja,"House 267, Street 27, Hayatabad Phase 3, Peshawar",16048039,2023-01-19,7,Apartment
REG-274939,N. Tarar,Wajahat Bhatti,"House 164, Street 10, B-17, Islamabad",19494132,2026-01-12,7,Residential Plot
REG-251776,N. Tarar,Arsalan Kayani,"House 50, Street 14, G-13/1, Islamabad",28968856,2024-12-01,7,Commercial Plaza
REG-491407,Madiha Cheema,Tariq Tarar,"House 33, Street 6, I-8/4, Islamabad",589866480,2023-08-01,80,Residential Plot
REG-698004,A.Khan,Usman Durrani,"House 304, Street 13, D Ground, Faisalabad",34683635,2023-06-05,7,Farmhouse
REG-782980,J. Bukhari,Khalid Shirazi,"House 334, Street 27, Bahria Phase 4, Rawalpindi",14467098,2022-11-14,3,Commercial Plaza
REG-637370,M.Orakzai,Imran Niazi,"House 153, Street 16, Peoples Colony, Faisalabad",482431600,2022-04-23,80,Farmhouse
REG-790813,Gul Awan,Kamran Khokhar,"House 93, Street 21, Cantt, Multan",43627875,2024-05-17,5,Residential Plot
REG-714980,A. Wazir,Sufyan Baig,"House 77, Street 19, Cantt, Multan",35841827,2021-04-23,7,Apartment
REG-705600,Rashid شیخ,Muhammad Malik,"House 325, Street 24, Shah Rukn-e-Alam, Multan",24213700,2022-04-07,5,Farmhouse
REG-583893,N. Tareen,Waqas Virk,"House 243, Street 23, Peoples Colony, Faisalabad",532137040,2025-07-27,80,Commercial Plaza
REG-366973,F.Orakzai,Bushra Raja,"House 381, Street 6, Model Town, Lahore",51398935,2022-01-21,7,Apartment
REG-703977,F.Orakzai,Zainab Malik,"House 178, Street 20, DHA Phase 5, Lahore",23563624,2026-02-02,7,Apartment
REG-390818,Chaudhary Taimoor Ansari,Owais Gill,"House 224, Street 38, Cantt, Multan",85197060,2024-12-18,20,Commercial Plaza
REG-317327,Syed Taimoor Ansari,Ubaid Sial,"House 330, Street 20, Cantt, Multan",42537621,2023-08-23,7,Residential House
REG-950946,احمد Siddiqui,Khalid Butt,"House 112, Street 28, Cantt, Multan",76089560,2026-03-15,10,Residential House
REG-282068,F. Virk,Zafar Rizvi,"House 272, Street 33, Johar Town, Lahore",15905442,2021-06-02,3,Apartment
REG-267028,Mustafa Butt,Gul Kakar,"House 119, Street 4, Model Town, Lahore",170179180,2025-03-22,20,Apartment
REG-393012,Mustafa Butt,Kamran Mehsud,"House 198, Street 32, DHA Phase 5, Lahore",81851080,2024-03-25,40,Residential House
REG-225958,Chaudhary Kashif Zaidi,Khalid Bhatti,"House 269, Street 27, G-10/2, Islamabad",317333560,2022-10-16,40,Farmhouse
REG-943585,Rana Ali Virk,Khalid Warraich,"House 85, Street 19, Shah Rukn-e-Alam, Multan",16485675,2021-02-12,3,Commercial Plaza
REG-556376,Syed Ayesha Qureshi,Laiba Bangash,"House 205, Street 25, DHA Phase 5, Lahore",30820636,2024-04-20,7,Farmhouse
REG-786769,Yousuf Mughal,Imran Mughal,"House 311, Street 14, Peoples Colony, Faisalabad",138754640,2021-11-20,20,Farmhouse
REG-405167,A. Zaidi,Hafsa Mirza,"House 134, Street 30, University Town, Peshawar",89763280,2025-06-06,40,Residential Plot
REG-414737,A. Zaidi,Taimoor Awan,"House 140, Street 22, Gulbahar, Peshawar",44941600,2023-01-12,20,Residential Plot
REG-361654,Mian Mehwish Kayani,Saad Naqvi,"House 260, Street 11, Satellite Town, Rawalpindi",38386590,2024-06-15,5,Residential House
REG-767225,Rana Farah Chaudhry,Maryam Niazi,"House 250, Street 16, Johar Town, Lahore",17169208,2021-05-10,7,Apartment
REG-908766,I.Yousafzai,Nimra Durrani,"House 304, Street 30, F-8/3, Islamabad",13014425,2022-12-16,5,Apartment
REG-224605,I.Yousafzai,Arsalan Khan,"House 162, Street 35, I-8/4, Islamabad",31871749,2022-04-21,7,Apartment
REG-118586,Zafar Khokhar,Tooba Orakzai,"House 386, Street 19, Gulshan-e-Iqbal, Karachi",162814300,2025-02-06,20,Apartment
REG-495511,Zafar Khokhar,Saqib Mehsud,"House 2, Street 14, DHA Phase 6, Karachi",51902305,2025-03-09,7,Apartment
REG-612016,N. Rizvi,Haris Tareen,"House 93, Street 40, Satellite Town, Rawalpindi",24457827,2023-03-26,3,Apartment
REG-841603,Mahnoor Dar,Ibrahim Awan,"House 127, Street 7, B-17, Islamabad",26628660,2024-12-06,5,Residential Plot
REG-201106,Naveed Khokhar,Nadia Wazir,"House 72, Street 14, Peoples Colony, Faisalabad",15222975,2022-04-27,5,Commercial Plaza
REG-384608,Fatima Awan,Farhan Kakar,"House 239, Street 28, Gulshan-e-Iqbal, Karachi",23893098,2023-03-12,3,Farmhouse
REG-327763,Danish Chaudhry,Nasir Bhatti,"House 395, Street 3, Wapda Town, Lahore",312327360,2021-11-29,40,Residential House
REG-322333,Danish Chaudhry,Rehan Baig,"House 13, Street 17, Wapda Town, Lahore",44492600,2022-06-26,10,Farmhouse
REG-417283,U.Butt,Jawad Kazmi,"House 156, Street 15, Cantt, Multan",15973705,2021-02-12,5,Apartment
REG-516919,Chaudhary Laiba Bangash,Kinza Durrani,"House 339, Street 13, Hayatabad Phase 3, Peshawar",78367730,2023-04-17,10,Farmhouse
REG-145656,Haji Mahnoor Mughal,Babar Bangash,"House 213, Street 27, Shah Rukn-e-Alam, Multan",75290020,2023-12-15,10,Farmhouse
REG-672128,Rana Mahnoor Mughal,Mubashir Siddiqui,"House 128, Street 8, Cantt, Multan",122848440,2022-04-08,20,Apartment
REG-676859,عمران Mughal,Ahmed Mughal,"House 164, Street 27, Johar Town, Lahore",43409289,2022-05-03,7,Apartment
REG-707769,عمران Mughal,Sadia Khan,"House 343, Street 8, Wapda Town, Lahore",9561130,2023-01-18,5,Farmhouse
REG-385080,Nimra Wazir,Mahnoor Tarar,"House 369, Street 38, D Ground, Faisalabad",21383754,2021-06-26,7,Residential House
REG-146254,A. Malik,Kashif Butt,"House 296, Street 12, Westridge, Rawalpindi",67233140,2025-09-20,10,Residential Plot
REG-870723,A. Malik,Sana Warraich,"House 277, Street 2, Westridge, Rawalpindi",333677880,2022-12-11,40,Residential Plot
REG-634475,D. Raja,Irfan Joiya,"House 179, Street 9, Wapda Town, Lahore",26614686,2024-06-27,7,Commercial Plaza
REG-577229,D. Raja,Fatima Mirza,"House 4, Street 19, DHA Phase 5, Lahore",564555920,2022-08-13,80,Commercial Plaza
REG-581722,Sana Khan,Farah Rajput,"House 197, Street 20, Gulshan-e-Iqbal, Karachi",497290800,2025-07-07,80,Farmhouse
REG-791124,R.Rajput,Rida Saddozai,"House 160, Street 35, Madina Town, Faisalabad",20041000,2025-06-15,5,Residential Plot
REG-961873,R.Rajput,Tooba Tareen,"House 370, Street 16, Madina Town, Faisalabad",44605280,2021-10-18,20,Commercial Plaza
REG-823727,U. Butt,Imran Warraich,"House 33, Street 37, Hayatabad Phase 3, Peshawar",5856585,2022-05-05,3,Residential House
REG-861561,Ehsan Siddiqui,Ubaid Baig,"House 380, Street 12, Gulbahar, Peshawar",446307200,2024-01-19,80,Commercial Plaza
REG-553170,Ehsan Siddiqui,Adnan Chaudhry,"House 86, Street 39, Hayatabad Phase 3, Peshawar",42104006,2022-07-27,7,Residential Plot
REG-456807,G.Orakzai,Tooba Saddozai,"House 288, Street 31, Chaklala Scheme 3, Rawalpindi",19978707,2022-07-03,3,Farmhouse
REG-776177,Talha Saddozai,Taimoor Tarar,"House 260, Street 2, Gulgasht, Multan",36567083,2026-01-10,7,Farmhouse
REG-335846,Nimra Gill,Sajid Durrani,"House 209, Street 5, Chaklala Scheme 3, Rawalpindi",22428800,2025-02-09,5,Residential Plot
REG-464921,U.Siddiqui,Faisal Malik,"House 190, Street 1, Cantt, Multan",282877920,2025-06-28,80,Residential House
REG-676333,U.Siddiqui,Sana Kazmi,"House 163, Street 3, Shah Rukn-e-Alam, Multan",79064030,2023-07-23,10,Apartment
REG-577643,M.Qureshi,Danish Wazir,"House 235, Street 33, Cantt, Multan",245360560,2023-03-01,40,Residential House
REG-241298,M.Qureshi,Fatima Orakzai,"House 129, Street 4, Gulgasht, Multan",36510800,2025-12-30,20,Farmhouse
REG-878017,A. Gilani,Saba Kazmi,"House 159, Street 40, Gulgasht, Multan",111477000,2021-08-13,40,Residential Plot
REG-580451,Syed Taimoor Raja,Asad Mughal,"House 23, Street 2, DHA Phase 6, Karachi",30731545,2021-04-27,5,Apartment
REG-361177,Rana Taimoor Raja,Muhammad Siddiqui,"House 74, Street 1, DHA Phase 6, Karachi",101862600,2021-01-07,40,Residential Plot
REG-312507,Mahnoor Naqvi,Ehsan Mughal,"House 371, Street 6, Gulshan-e-Iqbal, Karachi",31532625,2025-10-01,5,Residential House
REG-446807,T. Qureshi,Madiha Warraich,"House 116, Street 12, Wapda Town, Lahore",48126967,2025-06-14,7,Residential Plot
REG-382196,S. Naqvi,Rehan Virk,"House 93, Street 17, University Town, Peshawar",17765190,2021-05-20,5,Commercial Plaza
REG-190147,S.Zaidi,Farah Kayani,"House 305, Street 25, Gulshan-e-Iqbal, Karachi",29661175,2025-04-18,5,Residential House
REG-383447,H. Afridi,Sadia Bhatti,"House 91, Street 18, Cantt, Multan",305102720,2022-09-29,80,Residential Plot
REG-107768,H. Afridi,Nadeem Rizvi,"House 155, Street 28, Gulgasht, Multan",330165680,2025-04-16,40,Farmhouse
REG-511485,O. Kayani,Hafsa Khokhar,"House 227, Street 6, Chaklala Scheme 3, Rawalpindi",43116080,2021-07-29,20,Farmhouse
REG-247789,O. Kayani,Ghulam Khokhar,"House 171, Street 30, Chaklala Scheme 3, Rawalpindi",527045040,2024-06-02,80,Residential Plot
REG-356719,Malik Javeria Hashmi,Ahmed Gondal,"House 356, Street 12, Gulbahar, Peshawar",45044350,2023-01-09,10,Residential House
REG-442601,Rana Talha Awan,Rida Malik,"House 357, Street 18, Model Town, Lahore",22017370,2021-01-13,5,Farmhouse
REG-331146,علی Abbasi,Saba Malik,"House 395, Street 23, E-11/2, Islamabad",34899780,2023-01-05,10,Residential Plot
REG-181413,K. Butt,Sana Khokhar,"House 97, Street 17, DHA Phase 5, Lahore",78280080,2024-02-03,20,Farmhouse
REG-620358,U. Kayani,Mahnoor Kayani,"House 221, Street 8, Hayatabad Phase 3, Peshawar",30217920,2021-08-09,10,Residential House
REG-396409,H.Yousafzai,Fahad Qureshi,"House 256, Street 21, DHA Phase 5, Lahore",27576265,2024-06-15,5,Commercial Plaza
REG-320696,B.Rizvi,Tooba Sandhu,"House 14, Street 2, Hayatabad Phase 3, Peshawar",35462390,2022-11-22,5,Apartment
REG-579838,U.Qureshi,Amna Warraich,"House 83, Street 25, I-8/4, Islamabad",21271290,2021-03-27,5,Residential Plot
REG-365728,M.Lodhi,Babar Rizvi,"House 140, Street 23, Peoples Colony, Faisalabad",57700349,2023-12-01,7,Residential Plot
REG-383756,Maryam Virk,Ghulam Gondal,"House 348, Street 14, Chaklala Scheme 3, Rawalpindi",37873752,2021-06-15,7,Residential Plot
REG-538431,Chaudhary Maryam Shirazi,Fahad Bangash,"House 203, Street 24, Gulshan-e-Iqbal, Karachi",20691200,2021-12-13,5,Commercial Plaza
REG-790685,Syed Maryam Shirazi,Khadija Janjua,"House 293, Street 31, Clifton Block 2, Karachi",40027232,2022-02-07,7,Residential Plot
REG-396363,Saqib ملک,Rehan Janjua,"House 103, Street 13, University Town, Peshawar",45461381,2024-09-19,7,Farmhouse
REG-571413,Adnan Awan,Rehan Rajput,"House 256, Street 37, Johar Town, Lahore",218800240,2022-08-15,80,Farmhouse
REG-511410,Syed Rehan Durrani,Bilal Kakar,"House 297, Street 13, F-8/3, Islamabad",31395525,2021-07-17,7,Farmhouse
REG-799011,T. Kakar,Zubair Janjua,"House 3, Street 18, F-8/3, Islamabad",213887840,2023-07-12,80,Commercial Plaza
REG-538400,T. Kakar,Laiba Qureshi,"House 80, Street 28, F-8/3, Islamabad",30025695,2025-10-11,7,Residential House
REG-530091,T.Kakar,Asad Hashmi,"House 279, Street 37, Cantt, Multan",43391760,2025-06-29,10,Residential Plot
REG-803745,Nadia Yousafzai,Maryam Orakzai,"House 187, Street 40, Gulgasht, Multan",33676608,2024-10-31,7,Residential House
REG-637129,Nadia Yousafzai,Wajahat Tarar,"House 186, Street 33, Shah Rukn-e-Alam, Multan",227438120,2022-05-22,40,Farmhouse
REG-915811,Fahad Wazir,Hussain Niazi,"House 382, Street 32, North Nazimabad, Karachi",79906220,2021-02-16,20,Residential House
REG-498836,Fahad Wazir,Kashif Khokhar,"House 119, Street 4, North Nazimabad, Karachi",34219647,2023-06-02,7,Apartment
REG-908407,Sardar Junaid Gill,Bilal Warraich,"House 131, Street 17, D Ground, Faisalabad",26709985,2024-09-17,5,Residential House
REG-510213,Taimoor Rajput,Mubashir Gilani,"House 267, Street 40, G-13/1, Islamabad",53249280,2023-03-09,7,Residential Plot
REG-428220,S. Hashmi,Khadija Khattak,"House 316, Street 9, University Town, Peshawar",24689050,2021-01-11,5,Apartment
REG-726390,Mian Ali Butt,Zeeshan Awan,"House 142, Street 24, Bahria Phase 4, Rawalpindi",74234820,2024-10-10,10,Farmhouse
REG-671833,Arsalan Kazmi,Salman Kazmi,"House 322, Street 27, Gulberg III, Lahore",29887718,2022-01-18,7,Commercial Plaza
REG-218221,B.Awan,Qasim Bukhari,"House 109, Street 24, G-10/2, Islamabad",37119540,2022-07-19,5,Residential Plot
REG-989016,B.Awan,Nadia Dar,"House 308, Street 21, I-8/4, Islamabad",160098560,2023-02-17,40,Farmhouse
REG-856179,O.Shirazi,Rabia Kazmi,"House 138, Street 38, DHA Phase 5, Lahore",24037620,2024-11-24,5,Residential Plot
REG-982564,R.Malik,Mehwish Khattak,"House 263, Street 5, Hayatabad Phase 3, Peshawar",41097707,2021-03-25,7,Residential Plot
REG-822143,Sardar Noman Chaudhry,Khalid Rizvi,"House 297, Street 21, Satellite Town, Rawalpindi",68813290,2026-02-26,10,Farmhouse
REG-965344,Syed Noman Chaudhry,Rabia Raja,"House 147, Street 33, Chaklala Scheme 3, Rawalpindi",60741814,2025-09-21,7,Commercial Plaza
REG-747447,L.Saddozai,Rauf Orakzai,"House 256, Street 22, University Town, Peshawar",58217446,2024-06-01,7,Farmhouse
REG-494453,Sana Tareen,Ubaid Gondal,"House 99, Street 15, Cantt, Multan",640917760,2021-08-17,80,Commercial Plaza
REG-660845,Z.Yousafzai,Ghulam Sheikh,"House 25, Street 4, I-8/4, Islamabad",104063480,2021-08-07,20,Commercial Plaza
REG-301327,Khadija Orakzai,Faisal Rizvi,"House 243, Street 9, Madina Town, Faisalabad",47376651,2021-11-22,7,Residential House
REG-368055,Haji Haris Khokhar,Noman Joiya,"House 218, Street 29, E-11/2, Islamabad",61514586,2021-11-23,7,Residential Plot
REG-177464,Haji Haris Khokhar,Kinza Rajput,"House 156, Street 29, G-13/1, Islamabad",36636775,2023-03-10,7,Residential House
REG-690017,I. Afridi,Uzma Bangash,"House 316, Street 38, Bahria Phase 4, Rawalpindi",47916460,2024-08-08,20,Apartment
REG-210626,I. Afridi,Rehan Joiya,"House 11, Street 1, Bahria Phase 4, Rawalpindi",32351100,2026-01-17,10,Farmhouse
REG-698860,Sardar Zainab Khan,Asad Tarar,"House 74, Street 29, Madina Town, Faisalabad",50003142,2025-07-01,7,Farmhouse
REG-149607,Chaudhary Zainab Khan,Owais Tarar,"House 23, Street 2, Madina Town, Faisalabad",41392792,2026-03-13,7,Farmhouse
REG-497203,Syed Iqra Khan,Zainab Chaudhry,"House 101, Street 18, Satellite Town, Rawalpindi",24560490,2025-02-12,3,Residential House
REG-904625,Saad Mughal,Rashid Kayani,"House 111, Street 16, Shah Rukn-e-Alam, Multan",29887200,2024-08-25,7,Residential Plot
REG-623888,S.Kakar,Saba Mirza,"House 157, Street 39, Gulberg III, Lahore",502559200,2021-09-20,80,Apartment
REG-779099,S.Kakar,Ehsan Afridi,"House 31, Street 13, DHA Phase 5, Lahore",348919520,2022-07-18,80,Residential House
REG-605226,Chaudhary Javeria Lodhi,Ibrahim Mehsud,"House 51, Street 20, DHA Phase 5, Lahore",98168600,2023-07-25,40,Residential House
REG-501235,S. Yousafzai,Tooba Naqvi,"House 102, Street 11, Madina Town, Faisalabad",26393658,2021-12-21,3,Apartment
REG-498748,Haji Muhammad Siddiqui,Lubna Yousafzai,"House 66, Street 28, Gulgasht, Multan",27462715,2024-01-25,5,Residential Plot
REG-956832,Gul Rajput,Rehan Qureshi,"House 160, Street 24, North Nazimabad, Karachi",37026045,2021-12-26,5,Residential House
REG-745878,G.Chaudhry,Hussain Virk,"House 304, Street 7, Bahria Phase 4, Rawalpindi",381375360,2023-02-09,80,Farmhouse
REG-692837,G.Chaudhry,Mansoor Naqvi,"House 141, Street 19, Satellite Town, Rawalpindi",89744640,2022-11-07,10,Apartment
REG-978532,Taimoor Niazi,Ahmed Mehsud,"House 134, Street 13, Westridge, Rawalpindi",326550960,2025-03-22,80,Farmhouse
REG-562399,H.Shirazi,Pervez Afridi,"House 167, Street 29, University Town, Peshawar",67723940,2023-11-01,10,Commercial Plaza
REG-365234,H.Shirazi,Saqib Niazi,"House 276, Street 10, Hayatabad Phase 3, Peshawar",153414780,2024-12-22,20,Farmhouse
REG-558377,T. Dar,Tariq Wazir,"House 204, Street 26, Gulberg III, Lahore",17856905,2021-01-23,5,Apartment
REG-619810,Sufyan شیخ,Asad Hashmi,"House 278, Street 9, Satellite Town, Rawalpindi",10470645,2021-10-06,5,Commercial Plaza
REG-491592,Farhan Shirazi,Arsalan Orakzai,"House 2, Street 37, Madina Town, Faisalabad",81121300,2025-06-22,10,Commercial Plaza
REG-343704,Farhan Shirazi,Uzma Khattak,"House 395, Street 37, Peoples Colony, Faisalabad",80001270,2023-06-28,10,Apartment
REG-551101,N. Orakzai,Sufyan Kayani,"House 257, Street 37, D Ground, Faisalabad",530699200,2026-02-02,80,Residential Plot
REG-609511,N. Orakzai,Ibrahim Dar,"House 144, Street 3, D Ground, Faisalabad",14537824,2024-11-18,7,Apartment
REG-981721,Fahad Bukhari,Atif Janjua,"House 151, Street 40, D Ground, Faisalabad",42338420,2023-02-21,5,Apartment
REG-702504,Mian Haris Dar,Nimra Kakar,"House 336, Street 6, Shah Rukn-e-Alam, Multan",16949700,2024-03-17,5,Apartment
REG-350052,Syed Haris Dar,Haris Dar,"House 41, Street 21, Shah Rukn-e-Alam, Multan",273224800,2021-04-17,40,Farmhouse
REG-111023,A. Sial,Mansoor Qureshi,"House 50, Street 9, Gulgasht, Multan",70524980,2023-01-09,10,Residential Plot
REG-493189,A. Sial,Pervez Warraich,"House 193, Street 28, Cantt, Multan",22415350,2024-07-10,10,Commercial Plaza
REG-656273,Ghulam Gondal,Asad Mirza,"House 267, Street 8, Chaklala Scheme 3, Rawalpindi",314930360,2025-12-08,40,Residential House
REG-725603,Ghulam Gondal,Qasim Tarar,"House 337, Street 39, Chaklala Scheme 3, Rawalpindi",40741500,2021-07-09,10,Commercial Plaza
REG-219204,Zainab Gilani,Haris Gill,"House 56, Street 29, DHA Phase 5, Lahore",37418775,2023-06-02,5,Residential Plot
REG-645742,Zubair Mughal,Maryam Kayani,"House 36, Street 25, G-13/1, Islamabad",88647600,2022-05-10,40,Commercial Plaza
REG-220013,W. Kayani,Zara Orakzai,"House 199, Street 19, Satellite Town, Rawalpindi",19836615,2022-05-12,5,Residential House
REG-555301,W. Kayani,Salman Orakzai,"House 188, Street 27, Chaklala Scheme 3, Rawalpindi",278335880,2022-02-14,40,Residential House
REG-813322,Jawad Ansari,Kamran Hashmi,"House 147, Street 25, Model Town, Lahore",14257662,2022-02-05,3,Residential House
REG-481040,A.Hashmi,Noman Bukhari,"House 55, Street 12, Hayatabad Phase 3, Peshawar",237872320,2022-11-24,80,Apartment
REG-813531,Chaudhary Bilal Khattak,Sajid Tarar,"House 107, Street 13, Model Town, Lahore",84529770,2024-06-04,10,Farmhouse
REG-994178,Mian Bilal Khattak,Salman Butt,"House 228, Street 6, Wapda Town, Lahore",270350640,2025-11-30,80,Apartment
REG-236907,Syed Maryam Gondal,Junaid Rajput,"House 397, Street 38, North Nazimabad, Karachi",10501116,2021-03-12,3,Apartment
REG-250888,K. Mehsud,Imran Wazir,"House 237, Street 22, Wapda Town, Lahore",52548853,2025-05-02,7,Apartment
REG-294767,Babar Lodhi,Ehsan Tareen,"House 232, Street 28, Wapda Town, Lahore",290554440,2024-07-05,40,Residential Plot
REG-675591,Babar Lodhi,Zeeshan Zaidi,"House 53, Street 11, Johar Town, Lahore",32840030,2024-08-19,5,Commercial Plaza
REG-695723,Hina Qureshi,Taimoor Tareen,"House 109, Street 17, Gulgasht, Multan",47573001,2024-06-08,7,Apartment
REG-765210,عمران Shirazi,Haris Abbasi,"House 98, Street 18, Gulgasht, Multan",25772160,2023-10-16,5,Residential House
REG-523595,Chaudhary Fahad Orakzai,Rabia Bhatti,"House 158, Street 6, Satellite Town, Rawalpindi",225820040,2024-12-26,40,Farmhouse
REG-179127,R. Yousafzai,Sadia Siddiqui,"House 359, Street 29, Gulgasht, Multan",308711680,2025-03-26,40,Apartment
REG-139488,T. Malik,Farah Mirza,"House 125, Street 31, North Nazimabad, Karachi",155440980,2021-06-06,20,Residential Plot
REG-380758,T. Malik,Rida Cheema,"House 63, Street 21, DHA Phase 6, Karachi",36933428,2024-05-15,7,Commercial Plaza
REG-636005,زینب Gondal,Kinza Niazi,"House 323, Street 6, B-17, Islamabad",17217018,2025-09-14,7,Commercial Plaza
REG-772107,Chaudhary Uzma Baig,Gul Awan,"House 307, Street 34, Westridge, Rawalpindi",505359680,2025-06-19,80,Residential Plot
REG-210724,Syed Uzma Baig,Sana Chaudhry,"House 200, Street 37, Westridge, Rawalpindi",175858280,2023-11-15,40,Farmhouse
REG-440688,Syed Mustafa Khattak,Iqra Butt,"House 29, Street 10, B-17, Islamabad",37209775,2024-06-04,5,Apartment
REG-509899,Malik Mustafa Khattak,Rabia Khan,"House 203, Street 39, G-10/2, Islamabad",547903600,2022-07-10,80,Farmhouse
REG-664093,Zeeshan Khokhar,Nimra Wazir,"House 109, Street 36, D Ground, Faisalabad",44077260,2025-06-06,5,Residential Plot
REG-888900,U. Bukhari,Jawad Siddiqui,"House 21, Street 14, Chaklala Scheme 3, Rawalpindi",264692600,2021-07-09,40,Apartment
REG-213105,Muhammad Khan,Mustafa Dar,"House 45, Street 36, Westridge, Rawalpindi",43215081,2022-10-31,7,Apartment
REG-231446,N. Sandhu,Danish Bangash,"House 322, Street 40, Gulbahar, Peshawar",22428648,2023-12-04,3,Apartment
REG-423215,Hafsa Rajput,Junaid Ansari,"House 40, Street 9, Gulshan-e-Iqbal, Karachi",76049600,2023-03-05,10,Apartment
REG-871293,Hafsa Rajput,Adnan Orakzai,"House 308, Street 24, North Nazimabad, Karachi",46089110,2024-09-09,10,Farmhouse
REG-952475,Mehwish Tareen,Luqman Shirazi,"House 386, Street 32, DHA Phase 6, Karachi",163113280,2023-11-23,40,Residential Plot
REG-146438,Syed Faisal Janjua,Hafsa Gilani,"House 265, Street 6, Gulgasht, Multan",154432120,2025-08-22,40,Residential House
REG-177581,Mian Faisal Janjua,Hussain Ansari,"House 336, Street 7, Cantt, Multan",20726181,2025-03-20,7,Farmhouse
REG-783612,Sardar Fahad Bhatti,Gul Durrani,"House 332, Street 12, Chaklala Scheme 3, Rawalpindi",308043040,2025-01-13,40,Commercial Plaza
REG-965832,Haji Fahad Bhatti,Ehsan Niazi,"House 167, Street 39, Westridge, Rawalpindi",693029280,2025-02-16,80,Residential House
REG-612349,Bilal Sial,Sana Zaidi,"House 128, Street 28, Westridge, Rawalpindi",62753180,2021-03-05,7,Commercial Plaza
REG-755349,Bilal Sial,Usman Virk,"House 161, Street 38, Satellite Town, Rawalpindi",237636440,2024-08-21,40,Residential House
REG-663613,Mian Ali Rajput,Bilal Wazir,"House 141, Street 17, Shah Rukn-e-Alam, Multan",41443633,2025-02-28,7,Farmhouse
REG-582360,S. Khattak,Lubna Zaidi,"House 189, Street 26, D Ground, Faisalabad",615668960,2025-05-11,80,Residential Plot
REG-856481,Z.Saddozai,Hafsa Afridi,"House 61, Street 18, Gulbahar, Peshawar",16063362,2021-12-12,7,Farmhouse
REG-227180,Syed Waseem Sheikh,Khalid Gill,"House 241, Street 35, B-17, Islamabad",116058080,2023-05-15,40,Farmhouse
REG-727524,Rana Irfan Chaudhry,Hafsa Butt,"House 299, Street 5, B-17, Islamabad",172600960,2023-06-18,20,Farmhouse
REG-841070,Danish Naqvi,Zubair Raja,"House 132, Street 6, Shah Rukn-e-Alam, Multan",75916680,2023-09-16,20,Apartment
REG-845665,U.Niazi,Iqra Abbasi,"House 132, Street 26, Madina Town, Faisalabad",17751980,2024-05-15,5,Residential House
REG-322138,A.Mughal,Maryam Siddiqui,"House 336, Street 40, Bahria Phase 4, Rawalpindi",24479547,2023-11-16,3,Commercial Plaza
REG-363584,عائشہ Cheema,Tariq Mughal,"House 176, Street 9, Gulgasht, Multan",121974020,2022-11-29,20,Apartment
REG-235597,J. Siddiqui,Sana Kayani,"House 220, Street 8, Shah Rukn-e-Alam, Multan",29144528,2024-04-11,7,Residential Plot
REG-106088,J. Siddiqui,Hafsa Mehsud,"House 166, Street 28, Gulgasht, Multan",325812240,2022-05-02,40,Residential Plot
REG-266631,Zubair Zaidi,Waseem Lodhi,"House 396, Street 17, Gulshan-e-Iqbal, Karachi",9959235,2022-04-27,3,Residential House
REG-314875,A. Kayani,Kashif Rizvi,"House 15, Street 19, Wapda Town, Lahore",311479880,2024-05-02,40,Commercial Plaza
REG-172845,A. Kayani,Usman Shirazi,"House 18, Street 1, Model Town, Lahore",30999640,2025-12-05,5,Farmhouse
REG-656883,Waseem Hashmi,Saad Bhatti,"House 44, Street 40, B-17, Islamabad",54782196,2022-11-18,7,Residential House
REG-245808,G. Mughal,Bilal Qureshi,"House 75, Street 30, G-10/2, Islamabad",487312640,2024-03-10,80,Apartment
REG-340054,G. Mughal,Noman Shirazi,"House 184, Street 12, E-11/2, Islamabad",64743280,2024-08-16,20,Residential House
REG-220862,F.Gill,Irfan Wazir,"House 393, Street 9, Bahria Phase 4, Rawalpindi",41957430,2023-03-24,5,Farmhouse
REG-963124,Chaudhary Irfan Mughal,Sana Mehsud,"House 262, Street 14, Gulbahar, Peshawar",125083520,2024-03-01,40,Commercial Plaza
REG-294335,Gul Qureshi,Adnan Khattak,"House 78, Street 3, Bahria Phase 4, Rawalpindi",53786509,2026-03-05,7,Commercial Plaza
REG-118729,K.Sandhu,Danish Khattak,"House 236, Street 11, Westridge, Rawalpindi",175077340,2023-07-01,20,Commercial Plaza
REG-912091,Uzma Warraich,Khadija Niazi,"House 329, Street 39, DHA Phase 5, Lahore",53210059,2023-08-23,7,Commercial Plaza
REG-643081,A. Siddiqui,Zeeshan Warraich,"House 189, Street 38, Gulberg III, Lahore",19266674,2025-07-07,7,Residential Plot
REG-950588,Mian Anas Mehsud,Zeeshan Bukhari,"House 67, Street 13, G-13/1, Islamabad",218361960,2025-11-17,40,Residential House
REG-437760,Sardar Anas Mehsud,Kamran Ansari,"House 356, Street 35, F-8/3, Islamabad",55990046,2022-06-12,7,Commercial Plaza
REG-577829,Zainab Rizvi,Imran Kayani,"House 168, Street 6, I-8/4, Islamabad",136573780,2022-08-10,20,Residential Plot
REG-768993,Zainab Rizvi,Laiba Mughal,"House 10, Street 28, G-10/2, Islamabad",142196600,2023-04-01,20,Farmhouse
REG-237601,M. Tareen,Mubashir Kayani,"House 80, Street 31, G-10/2, Islamabad",383701840,2023-07-04,80,Residential House
REG-748194,M. Tareen,Mehwish Mehsud,"House 253, Street 17, I-8/4, Islamabad",61279220,2024-07-28,10,Residential Plot
REG-718475,A. Sheikh,Rehan Hashmi,"House 20, Street 12, DHA Phase 6, Karachi",18021663,2025-04-18,3,Farmhouse
REG-992430,Mahnoor Butt,Bilal Raja,"House 373, Street 2, Satellite Town, Rawalpindi",61371800,2023-09-02,20,Residential House
REG-692604,Fahad Cheema,Anas Orakzai,"House 290, Street 30, Bahria Phase 4, Rawalpindi",253568320,2023-01-18,40,Residential Plot
REG-438615,Mian Sajid Malik,Sufyan Kakar,"House 236, Street 15, Cantt, Multan",255721280,2021-12-25,80,Residential House
REG-242157,Mian Sajid Malik,Usman Naqvi,"House 258, Street 20, Cantt, Multan",322615760,2023-10-10,40,Residential Plot
REG-231772,Q.Dar,Amna Saddozai,"House 3, Street 25, DHA Phase 5, Lahore",131370260,2022-06-19,20,Residential Plot
REG-273330,Q.Dar,Laiba Rizvi,"House 98, Street 29, Model Town, Lahore",107986240,2025-11-14,20,Residential House
REG-859093,Chaudhary Pervez Warraich,Ayesha Kayani,"House 86, Street 23, Johar Town, Lahore",133605040,2021-02-27,40,Residential House
REG-597626,Chaudhary Bushra Zaidi,Kashif Warraich,"House 339, Street 17, Bahria Phase 4, Rawalpindi",63204970,2021-03-10,10,Commercial Plaza
REG-508674,Obaid Sandhu,Farhan Virk,"House 388, Street 40, Gulgasht, Multan",35945815,2021-11-28,5,Farmhouse
REG-538445,Haji Anas Raja,Noman Mughal,"House 210, Street 6, Westridge, Rawalpindi",9821440,2025-03-11,5,Farmhouse
REG-331786,R. Qureshi,Mansoor Malik,"House 152, Street 36, Westridge, Rawalpindi",43879530,2024-01-10,10,Commercial Plaza
REG-109993,R. Qureshi,Mustafa Saddozai,"House 234, Street 36, Bahria Phase 4, Rawalpindi",111286600,2022-10-25,40,Residential House
REG-169608,F. Bhatti,Ali Chaudhry,"House 337, Street 39, D Ground, Faisalabad",591213360,2021-10-17,80,Farmhouse
REG-718354,F. Bhatti,Gul Bukhari,"House 179, Street 9, Madina Town, Faisalabad",20012045,2025-01-04,5,Residential Plot
REG-791767,Ali Khattak,Amna Wazir,"House 171, Street 6, Madina Town, Faisalabad",284302400,2025-12-21,40,Commercial Plaza
REG-662362,Laiba Durrani,Madiha Sial,"House 74, Street 30, University Town, Peshawar",16263884,2022-10-18,7,Commercial Plaza
REG-752236,Laiba Durrani,Saba Virk,"House 35, Street 23, Gulbahar, Peshawar",86000090,2025-10-20,10,Farmhouse
REG-865780,Iqra Mehsud,Luqman Tareen,"House 233, Street 2, Clifton Block 2, Karachi",304162440,2025-12-25,40,Farmhouse
REG-950664,Malik Uzma Yousafzai,Farhan Lodhi,"House 236, Street 16, Shah Rukn-e-Alam, Multan",157960220,2022-01-15,20,Residential Plot
REG-426625,Syed Uzma Yousafzai,Rabia Khokhar,"House 215, Street 34, Gulgasht, Multan",317203120,2021-09-15,80,Farmhouse
REG-307897,I.Kayani,Obaid Janjua,"House 207, Street 25, Westridge, Rawalpindi",632266240,2024-01-18,80,Farmhouse
REG-455287,I.Kayani,Umar Tarar,"House 260, Street 25, Chaklala Scheme 3, Rawalpindi",71680820,2025-11-20,10,Farmhouse
REG-200280,Gul Hashmi,Anas Warraich,"House 93, Street 28, E-11/2, Islamabad",325372160,2022-12-25,80,Commercial Plaza
REG-336606,Gul Hashmi,Ubaid Gill,"House 179, Street 7, F-8/3, Islamabad",77892320,2025-07-04,40,Farmhouse
REG-385072,B. Cheema,Ali Gill,"House 40, Street 37, Satellite Town, Rawalpindi",86650510,2025-03-20,10,Farmhouse
REG-832187,B. Cheema,Mubashir Bangash,"House 309, Street 35, Chaklala Scheme 3, Rawalpindi",267644320,2025-12-23,40,Residential House
REG-670947,Mustafa Khokhar,Rauf Bhatti,"House 146, Street 26, Clifton Block 2, Karachi",19237320,2024-01-08,3,Residential Plot
REG-553663,M.Sandhu,Zainab Abbasi,"House 288, Street 15, Peoples Colony, Faisalabad",152376760,2025-05-03,40,Residential Plot
REG-818473,M.Sandhu,Javeria Malik,"House 112, Street 16, D Ground, Faisalabad",76659560,2025-01-02,40,Residential Plot
REG-656124,Laiba Kayani,Mehwish Dar,"House 196, Street 23, University Town, Peshawar",25893387,2024-11-28,3,Apartment
REG-146751,Chaudhary Zara Rajput,Fahad Afridi,"House 374, Street 17, Clifton Block 2, Karachi",54470970,2021-12-09,10,Apartment
REG-420298,Haji Bilal Cheema,Zubair Abbasi,"House 267, Street 27, F-8/3, Islamabad",46792000,2023-12-30,10,Farmhouse
REG-398868,F. Bukhari,Adnan Chaudhry,"House 210, Street 7, Cantt, Multan",26047250,2025-01-19,5,Residential Plot
REG-859001,F. Bukhari,Sufyan Baig,"House 127, Street 31, Cantt, Multan",39863490,2025-06-19,10,Residential Plot
REG-987982,Sadia چوہدری,Danish Tarar,"House 192, Street 15, Model Town, Lahore",679509520,2022-08-14,80,Residential House
REG-155613,Sadia چوہدری,Zubair Warraich,"House 333, Street 4, Wapda Town, Lahore",18360069,2022-05-15,7,Commercial Plaza
REG-261668,Nimra Dar,Luqman Tarar,"House 375, Street 40, DHA Phase 5, Lahore",210555520,2025-11-06,80,Farmhouse
REG-665898,Nimra Dar,Shahzad Gilani,"House 197, Street 15, Model Town, Lahore",132207900,2023-03-18,20,Apartment
REG-329001,Syed Anas Niazi,Anas Sheikh,"House 272, Street 13, Bahria Phase 4, Rawalpindi",95536480,2022-09-04,20,Farmhouse
REG-952811,N. Sandhu,Iqra Wazir,"House 11, Street 27, Satellite Town, Rawalpindi",42558520,2024-04-08,20,Farmhouse
REG-162782,N. Sandhu,Shoaib Rajput,"House 133, Street 20, Satellite Town, Rawalpindi",115149480,2021-05-27,40,Apartment
REG-580442,Hamza Baig,Fahad Durrani,"House 294, Street 10, Gulshan-e-Iqbal, Karachi",21386645,2024-04-05,7,Apartment
REG-387181,Hamza Baig,Nasir Siddiqui,"House 25, Street 15, Gulshan-e-Iqbal, Karachi",613947840,2023-08-06,80,Residential Plot
REG-879899,N.Sial,Gul Bukhari,"House 251, Street 15, Peoples Colony, Faisalabad",29325735,2025-09-29,5,Farmhouse
REG-379484,I. Khokhar,Danish Yousafzai,"House 200, Street 30, G-13/1, Islamabad",695447200,2021-09-23,80,Residential Plot
REG-265350,I. Khokhar,Javeria Virk,"House 171, Street 2, G-13/1, Islamabad",21785380,2022-07-28,5,Farmhouse
REG-973734,Hamza Shirazi,Nadia Sial,"House 74, Street 21, Gulbahar, Peshawar",21088430,2023-08-26,10,Apartment
REG-175662,J. Niazi,Yasir Mehsud,"House 107, Street 31, Wapda Town, Lahore",82447880,2024-02-21,10,Farmhouse
REG-443684,J. Niazi,Javeria Awan,"House 151, Street 15, Gulberg III, Lahore",50473930,2022-02-18,10,Residential House
REG-276748,I. Dar,Jawad Hashmi,"House 57, Street 7, Westridge, Rawalpindi",21717402,2021-04-25,7,Farmhouse
REG-499361,Sardar Owais Gilani,Waqas Mehsud,"House 50, Street 19, North Nazimabad, Karachi",127416160,2024-06-29,20,Residential Plot
REG-942419,زینب بٹ,Farhan Siddiqui,"House 215, Street 14, Shah Rukn-e-Alam, Multan",706485040,2021-06-28,80,Commercial Plaza
REG-136530,زینب بٹ,Bilal Abbasi,"House 197, Street 12, Shah Rukn-e-Alam, Multan",26299530,2021-08-30,5,Farmhouse
REG-769553,N.Khattak,Mubashir Lodhi,"House 29, Street 6, G-13/1, Islamabad",221404240,2021-10-05,80,Residential House
REG-496955,N.Khattak,Rashid Khan,"House 376, Street 36, E-11/2, Islamabad",29348760,2025-01-09,7,Residential Plot
REG-220096,T. Rizvi,Nimra Sandhu,"House 346, Street 38, Madina Town, Faisalabad",132590880,2021-01-21,40,Apartment
REG-451637,Hassan Naqvi,Fatima Virk,"House 373, Street 2, Johar Town, Lahore",9341250,2026-03-08,3,Farmhouse
REG-716562,Salman Abbasi,Farhan Cheema,"House 61, Street 19, Johar Town, Lahore",22466010,2024-11-11,7,Residential Plot
REG-923935,K. Rajput,Zubair Raja,"House 85, Street 27, F-8/3, Islamabad",23786463,2021-03-19,3,Residential House
REG-417350,S.Niazi,Noman Saddozai,"House 73, Street 15, D Ground, Faisalabad",48221540,2021-03-25,20,Apartment
REG-716043,S.Niazi,Ayesha Malik,"House 4, Street 1, D Ground, Faisalabad",411843440,2025-02-27,80,Apartment
REG-446655,Malik Yasir Rizvi,Anas Hashmi,"House 262, Street 36, Clifton Block 2, Karachi",19523165,2023-10-18,5,Apartment
REG-528982,M.Raja,Waqas Lodhi,"House 238, Street 8, DHA Phase 6, Karachi",31396281,2025-10-24,7,Residential House
REG-611295,M.Raja,Zara Mirza,"House 102, Street 38, Clifton Block 2, Karachi",155921920,2025-08-17,20,Farmhouse
REG-130592,A. Orakzai,Junaid Butt,"House 182, Street 28, Chaklala Scheme 3, Rawalpindi",155465680,2024-11-23,80,Apartment
REG-527429,L. Hashmi,Shoaib Gondal,"House 340, Street 1, Hayatabad Phase 3, Peshawar",52091490,2023-05-16,10,Residential Plot
REG-761273,L. Hashmi,Rida Raja,"House 294, Street 9, Hayatabad Phase 3, Peshawar",30315190,2023-10-17,10,Residential House
REG-759647,Sufyan Khan,Tooba Naqvi,"House 46, Street 38, Chaklala Scheme 3, Rawalpindi",14274075,2025-07-12,5,Residential House
REG-201267,D.Hashmi,Jawad Qureshi,"House 279, Street 24, Wapda Town, Lahore",18363660,2022-09-02,7,Commercial Plaza
REG-722409,M.Siddiqui,Zafar Sial,"House 368, Street 18, Hayatabad Phase 3, Peshawar",20149610,2021-12-04,10,Residential House
REG-703803,Gul Khattak,Saba Baig,"House 279, Street 15, I-8/4, Islamabad",19078455,2023-05-27,5,Residential House
REG-462625,Gul Khattak,Hamza Malik,"House 293, Street 34, G-10/2, Islamabad",18625761,2022-07-05,7,Commercial Plaza
REG-325100,Tariq Gilani,Mahnoor Bhatti,"House 92, Street 24, Gulbahar, Peshawar",19407680,2025-07-29,5,Farmhouse
REG-196139,Mian Kamran Afridi,Gul Virk,"House 82, Street 25, Shah Rukn-e-Alam, Multan",39991476,2025-11-18,7,Residential Plot
REG-475518,Arsalan Cheema,Danish Joiya,"House 198, Street 15, Hayatabad Phase 3, Peshawar",83103300,2021-12-25,10,Apartment
REG-992684,Mian Kamran Qureshi,Kashif Gilani,"House 291, Street 8, Cantt, Multan",58345350,2023-06-07,10,Residential House
REG-233283,Sardar Kamran Qureshi,Faisal Kakar,"House 85, Street 5, Gulgasht, Multan",9606645,2023-02-02,5,Farmhouse
REG-170446,I. Wazir,Uzma Baig,"House 209, Street 22, D Ground, Faisalabad",57090873,2021-01-11,7,Commercial Plaza
REG-656465,I. Wazir,Mansoor Sandhu,"House 47, Street 24, D Ground, Faisalabad",224859800,2023-07-08,40,Farmhouse
REG-613984,Sardar Imran Awan,Gul Kakar,"House 274, Street 32, Johar Town, Lahore",24960175,2025-10-02,5,Commercial Plaza
REG-477140,B. Sial,Rabia Zaidi,"House 103, Street 12, Model Town, Lahore",39377975,2025-10-21,5,Residential Plot
REG-683724,W.Shirazi,Rida Naqvi,"House 364, Street 11, Cantt, Multan",22835106,2024-01-07,3,Farmhouse
REG-297209,Ubaid بٹ,Arsalan Kakar,"House 234, Street 7, Gulshan-e-Iqbal, Karachi",92347720,2022-07-25,40,Farmhouse
REG-516520,K. Dar,Obaid Sheikh,"House 92, Street 7, Clifton Block 2, Karachi",37968365,2023-07-24,5,Farmhouse
REG-682597,Zubair Joiya,Noman Chaudhry,"House 292, Street 32, Satellite Town, Rawalpindi",37309420,2023-12-11,5,Apartment
REG-481412,J. Naqvi,Lubna Bangash,"House 220, Street 20, University Town, Peshawar",41996605,2024-11-21,5,Apartment
REG-712592,J. Sandhu,Asad Warraich,"House 392, Street 18, DHA Phase 5, Lahore",42571284,2026-02-21,7,Residential Plot
REG-314439,A.Janjua,Zafar Tarar,"House 318, Street 30, G-13/1, Islamabad",148134920,2022-12-25,40,Residential House
REG-190450,Bushra Yousafzai,Usman Siddiqui,"House 56, Street 31, G-10/2, Islamabad",171915600,2024-01-23,20,Residential Plot
REG-293626,Mian Madiha Sandhu,Faisal Durrani,"House 102, Street 17, D Ground, Faisalabad",25616097,2026-01-13,3,Apartment
REG-549450,Z. Butt,Rehan Orakzai,"House 319, Street 18, Satellite Town, Rawalpindi",37760660,2022-05-16,10,Apartment
REG-306420,Amna Mughal,Talha Raja,"House 364, Street 23, Gulbahar, Peshawar",197317440,2022-08-12,80,Residential Plot
REG-593609,D.Bukhari,Ayesha Mehsud,"House 143, Street 23, I-8/4, Islamabad",153156480,2024-09-08,20,Commercial Plaza
REG-115578,D.Bukhari,Hafsa Bangash,"House 99, Street 8, B-17, Islamabad",156229540,2025-07-09,20,Farmhouse
REG-580997,Z.Kazmi,Yousuf Malik,"House 22, Street 11, Peoples Colony, Faisalabad",25383050,2022-09-13,7,Apartment
REG-932136,زینب Baig,Babar Raja,"House 350, Street 28, Johar Town, Lahore",293691160,2024-06-28,40,Commercial Plaza
REG-479771,زینب Baig,Nadeem Butt,"House 239, Street 12, Johar Town, Lahore",30569480,2023-01-20,10,Commercial Plaza
REG-233666,A.Kakar,Farah Bangash,"House 198, Street 33, Model Town, Lahore",215432960,2021-04-21,40,Residential House
REG-791450,Mian Amna Awan,Kinza Saddozai,"House 372, Street 18, DHA Phase 5, Lahore",43716800,2021-07-19,5,Apartment
REG-641230,Syed Amna Awan,Sajid Baig,"House 387, Street 13, Gulberg III, Lahore",78804840,2026-02-12,40,Residential Plot
REG-174297,Irfan Dar,Hina Afridi,"House 209, Street 22, Chaklala Scheme 3, Rawalpindi",95324160,2021-09-29,20,Residential House
REG-947267,Ubaid Khokhar,Rabia Sheikh,"House 204, Street 35, Madina Town, Faisalabad",18575508,2024-08-31,3,Commercial Plaza
REG-141015,K.Gilani,Shahzad Saddozai,"House 218, Street 26, G-10/2, Islamabad",19456507,2026-02-07,7,Commercial Plaza
REG-972091,K.Gilani,Ayesha Malik,"House 275, Street 21, E-11/2, Islamabad",652092640,2024-11-21,80,Farmhouse
REG-680307,K.Siddiqui,Ali Wazir,"House 37, Street 36, Shah Rukn-e-Alam, Multan",47916000,2021-06-07,10,Farmhouse
REG-479942,Syed Fatima Qureshi,Madiha Zaidi,"House 269, Street 29, University Town, Peshawar",30201740,2021-01-18,5,Farmhouse
REG-527800,Mubashir Kakar,Ghulam Bukhari,"House 45, Street 19, Madina Town, Faisalabad",28878885,2023-02-13,5,Apartment
REG-587750,Gul Kakar,Kinza Tareen,"House 240, Street 18, Shah Rukn-e-Alam, Multan",34829475,2021-03-13,5,Apartment
REG-230252,Khalid Kazmi,Rashid Warraich,"House 25, Street 8, Shah Rukn-e-Alam, Multan",41010580,2026-01-06,5,Farmhouse
REG-277443,Khalid Kazmi,Khalid Dar,"House 43, Street 3, Shah Rukn-e-Alam, Multan",30764980,2026-01-24,10,Farmhouse
REG-563677,Chaudhary Owais Janjua,Iqra Rizvi,"House 66, Street 16, Cantt, Multan",50799777,2021-02-22,7,Apartment
REG-400774,Malik Kamran Hashmi,Babar Kayani,"House 4, Street 2, F-8/3, Islamabad",66496390,2023-09-09,10,Farmhouse
REG-205921,A. Kazmi,Saba Virk,"House 1, Street 33, I-8/4, Islamabad",14920325,2025-09-24,7,Commercial Plaza
REG-762571,Malik Faisal Cheema,Mehwish Zaidi,"House 362, Street 32, Bahria Phase 4, Rawalpindi",161201280,2022-01-21,80,Apartment
REG-223607,L. Gilani,Zara Baig,"House 26, Street 12, Satellite Town, Rawalpindi",243088160,2022-03-05,40,Farmhouse
REG-480870,L. Gilani,Adnan Butt,"House 205, Street 17, Chaklala Scheme 3, Rawalpindi",75679250,2024-08-09,10,Farmhouse
REG-759467,L. Bukhari,Jawad Virk,"House 219, Street 15, Cantt, Multan",87524360,2022-04-02,10,Residential House
REG-435277,L. Bukhari,Gul Baig,"House 298, Street 3, Cantt, Multan",342244160,2022-02-19,80,Commercial Plaza
REG-398248,Sana Baig,Anas Shirazi,"House 228, Street 29, Gulshan-e-Iqbal, Karachi",24708243,2025-04-26,7,Residential House
REG-248613,K. Niazi,Zeeshan Yousafzai,"House 45, Street 30, F-8/3, Islamabad",41920480,2024-07-08,7,Apartment
REG-221498,Mian Rida Sial,Saba Janjua,"House 202, Street 27, Westridge, Rawalpindi",18273250,2025-03-14,5,Residential House
REG-802016,Chaudhary Rida Sial,Yasir Khattak,"House 273, Street 22, Satellite Town, Rawalpindi",34212760,2025-09-06,10,Farmhouse
REG-862247,Mian Farah Bukhari,Mehwish Ansari,"House 208, Street 12, Hayatabad Phase 3, Peshawar",61763660,2022-02-16,20,Residential Plot
REG-518462,Sajid Hashmi,Umar Malik,"House 219, Street 33, Gulshan-e-Iqbal, Karachi",9925296,2022-04-12,3,Apartment
REG-345063,F.Warraich,Farhan Naqvi,"House 100, Street 17, North Nazimabad, Karachi",128343960,2023-07-14,20,Apartment
REG-745651,F.Warraich,Nasir Naqvi,"House 107, Street 4, Clifton Block 2, Karachi",107888520,2021-09-21,20,Apartment
REG-478208,Hassan Shirazi,Rida Bukhari,"House 393, Street 25, E-11/2, Islamabad",615879200,2024-02-06,80,Apartment
REG-186786,Muhammad Afridi,Sadia Lodhi,"House 197, Street 21, Gulbahar, Peshawar",46992160,2025-09-28,20,Apartment
REG-678456,Muhammad Afridi,Asad Wazir,"House 346, Street 29, University Town, Peshawar",19909390,2023-10-19,5,Residential House
REG-853093,Chaudhary Farhan Sial,Zainab Saddozai,"House 53, Street 28, DHA Phase 6, Karachi",22238655,2024-12-31,5,Commercial Plaza
REG-849649,Mian Hussain Awan,Nadia Gondal,"House 396, Street 18, Clifton Block 2, Karachi",127277040,2024-11-06,40,Residential Plot
REG-494967,Luqman Kakar,Hamza Gilani,"House 147, Street 28, Gulberg III, Lahore",10492760,2021-04-08,5,Residential Plot
REG-258729,Luqman Kakar,Farah Awan,"House 79, Street 17, Gulberg III, Lahore",35353455,2025-11-20,5,Residential Plot
REG-417287,Javeria Cheema,Pervez Chaudhry,"House 106, Street 38, Hayatabad Phase 3, Peshawar",31730210,2026-03-12,5,Residential House
REG-281760,Javeria Cheema,Ubaid Afridi,"House 260, Street 13, University Town, Peshawar",59005611,2022-08-24,7,Apartment
REG-945752,Syed Sana Wazir,Rashid Gill,"House 192, Street 16, Madina Town, Faisalabad",24941748,2025-01-11,3,Residential House
REG-562248,Malik Javeria Siddiqui,Saba Sandhu,"House 285, Street 7, Model Town, Lahore",21005352,2022-05-17,3,Apartment
REG-333343,A. Awan,Hina Qureshi,"House 9, Street 21, DHA Phase 6, Karachi",36992144,2021-09-19,7,Residential Plot
REG-171802,A. Awan,Qasim Sheikh,"House 326, Street 6, Clifton Block 2, Karachi",29609060,2021-03-25,10,Residential Plot
REG-410217,H. Kazmi,Nadia Gondal,"House 277, Street 16, Shah Rukn-e-Alam, Multan",33113416,2025-06-14,7,Farmhouse
REG-653073,M.Niazi,Saba Wazir,"House 170, Street 33, Gulgasht, Multan",35455740,2023-01-26,5,Residential House
REG-598239,M.Niazi,Jawad Gill,"House 44, Street 31, Cantt, Multan",31873230,2023-07-12,5,Apartment
REG-707203,Malik Ahmed Siddiqui,Hina Khattak,"House 293, Street 16, G-10/2, Islamabad",619371040,2025-10-02,80,Farmhouse
REG-958966,Mian Ahmed Siddiqui,Taimoor Rajput,"House 284, Street 20, G-10/2, Islamabad",41675555,2021-10-16,5,Residential House
REG-612224,Chaudhary Zafar Lodhi,Lubna Lodhi,"House 177, Street 25, Shah Rukn-e-Alam, Multan",341133840,2025-09-14,80,Residential House
REG-872514,Rana Zafar Lodhi,Yousuf Qureshi,"House 16, Street 1, Shah Rukn-e-Alam, Multan",60804310,2022-10-25,7,Commercial Plaza
REG-382819,Z. Bhatti,Imran Zaidi,"House 339, Street 18, I-8/4, Islamabad",20158490,2022-02-08,5,Residential Plot
REG-239898,Mustafa چوہدری,Ubaid Khattak,"House 228, Street 27, Peoples Colony, Faisalabad",276416160,2021-10-07,40,Farmhouse
REG-774352,S.Siddiqui,Tariq Kakar,"House 40, Street 14, I-8/4, Islamabad",17865411,2026-03-02,3,Residential House
REG-700089,Mian Ayesha Niazi,Taimoor Siddiqui,"House 188, Street 18, Wapda Town, Lahore",22914585,2026-03-16,5,Apartment
REG-562413,Z.Wazir,Junaid Sheikh,"House 119, Street 6, Madina Town, Faisalabad",55358500,2021-03-16,20,Farmhouse
REG-687895,Z.Wazir,Usman Virk,"House 93, Street 18, Peoples Colony, Faisalabad",31513935,2025-06-10,5,Residential Plot
REG-613882,Rauf Virk,Nimra Gondal,"House 394, Street 17, G-13/1, Islamabad",14429086,2024-04-20,7,Farmhouse
REG-533940,Khalid Qureshi,Kinza Saddozai,"House 216, Street 15, Hayatabad Phase 3, Peshawar",517316480,2024-08-09,80,Apartment
REG-397607,Khalid Qureshi,Nimra Tarar,"House 279, Street 35, University Town, Peshawar",35199475,2025-07-11,5,Residential Plot
REG-749730,Zafar Bukhari,Haris Orakzai,"House 236, Street 16, Satellite Town, Rawalpindi",99134720,2022-07-02,40,Residential House
REG-423632,B. Durrani,Khadija Wazir,"House 133, Street 33, Cantt, Multan",21315990,2022-07-14,10,Residential House
REG-709325,B. Durrani,Farah Mirza,"House 110, Street 27, Cantt, Multan",166787720,2025-03-10,20,Residential House
REG-559226,Wajahat Kazmi,Luqman Cheema,"House 7, Street 26, DHA Phase 5, Lahore",173987580,2025-03-27,20,Residential Plot
REG-416453,Wajahat Kazmi,Mustafa Kayani,"House 15, Street 35, Gulberg III, Lahore",28424160,2022-05-03,10,Residential Plot
REG-647603,Salman Afridi,Rida Saddozai,"House 249, Street 9, B-17, Islamabad",31357420,2024-10-12,10,Commercial Plaza
REG-439702,L. Joiya,Talha Baig,"House 153, Street 13, Bahria Phase 4, Rawalpindi",19478683,2025-12-23,7,Apartment
REG-419442,Sardar Nadeem Dar,Babar Joiya,"House 55, Street 40, I-8/4, Islamabad",46212910,2025-12-25,10,Commercial Plaza
REG-489755,Qasim Ansari,Kamran Abbasi,"House 70, Street 33, D Ground, Faisalabad",188373640,2025-09-29,40,Residential House
REG-259535,Qasim Ansari,Asad Lodhi,"House 340, Street 19, Madina Town, Faisalabad",35030856,2022-01-02,7,Commercial Plaza
REG-294205,L.Baig,Hamza Chaudhry,"House 116, Street 6, G-10/2, Islamabad",25415012,2022-09-30,7,Commercial Plaza
REG-635228,Waqas Wazir,Kinza Naqvi,"House 139, Street 13, Satellite Town, Rawalpindi",225712200,2026-03-01,40,Residential House
REG-467218,Madiha Awan,Ali Sial,"House 340, Street 22, Model Town, Lahore",49060634,2023-05-09,7,Commercial Plaza
REG-532745,A. Khan,Waqas Bukhari,"House 283, Street 40, University Town, Peshawar",120582800,2022-06-30,40,Apartment
REG-230713,A. Khan,Obaid Tarar,"House 60, Street 35, University Town, Peshawar",212417040,2025-05-09,80,Apartment
REG-982253,N.Orakzai,Kashif Bangash,"House 345, Street 38, Bahria Phase 4, Rawalpindi",22652391,2022-12-01,3,Farmhouse
REG-146048,A.Yousafzai,Shoaib Chaudhry,"House 70, Street 27, Westridge, Rawalpindi",94810640,2021-05-07,20,Farmhouse
REG-291541,A.Yousafzai,Sufyan Niazi,"House 243, Street 21, Westridge, Rawalpindi",308496400,2025-10-04,40,Residential House
REG-106385,Ehsan Sial,Jawad Qureshi,"House 219, Street 29, Clifton Block 2, Karachi",32750495,2021-08-18,5,Residential Plot
REG-242936,Madiha Tarar,Khadija Orakzai,"House 15, Street 4, Westridge, Rawalpindi",36176605,2024-10-23,5,Farmhouse
REG-186842,Y. Lodhi,Noman Tareen,"House 123, Street 12, Peoples Colony, Faisalabad",55635482,2023-05-22,7,Commercial Plaza
REG-313225,Laiba Sandhu,Asad Sial,"House 291, Street 40, Bahria Phase 4, Rawalpindi",72735620,2023-08-31,20,Farmhouse
REG-124457,U.Bukhari,Danish Raja,"House 206, Street 26, Shah Rukn-e-Alam, Multan",27874020,2024-12-21,10,Residential House
REG-620104,U.Bukhari,Mehwish Orakzai,"House 74, Street 40, Shah Rukn-e-Alam, Multan",246998080,2025-10-29,80,Commercial Plaza
REG-204414,M. Durrani,Kinza Lodhi,"House 162, Street 24, Satellite Town, Rawalpindi",41691881,2025-09-09,7,Apartment
REG-846490,T. Afridi,Qasim Mehsud,"House 217, Street 32, Gulgasht, Multan",9219792,2022-11-09,3,Farmhouse
REG-174485,I. Lodhi,Owais Rajput,"House 276, Street 25, Gulgasht, Multan",20199795,2025-07-03,5,Commercial Plaza
REG-451261,Malik Hafsa Rizvi,Zara Bukhari,"House 172, Street 14, Gulbahar, Peshawar",41961020,2025-07-29,5,Residential Plot
REG-932588,Mian Laiba Lodhi,Babar Sandhu,"House 369, Street 10, Westridge, Rawalpindi",44786570,2025-11-23,5,Apartment
REG-154310,Mian Laiba Lodhi,Uzma Lodhi,"House 184, Street 9, Westridge, Rawalpindi",205154720,2021-05-13,80,Apartment
REG-539779,Z.Butt,Adnan Khan,"House 315, Street 33, Shah Rukn-e-Alam, Multan",42482045,2024-06-22,5,Residential House
REG-155419,Atif Sheikh,Faisal Wazir,"House 120, Street 22, Shah Rukn-e-Alam, Multan",171401900,2021-04-13,20,Residential House
REG-109897,W.Ansari,Nimra Ansari,"House 241, Street 20, University Town, Peshawar",48415340,2024-07-14,20,Residential House
REG-246163,W. Niazi,Uzma Joiya,"House 183, Street 6, Wapda Town, Lahore",40922535,2023-05-10,5,Apartment
REG-131577,W. Niazi,Gul Qureshi,"House 76, Street 39, Wapda Town, Lahore",61920453,2024-08-02,7,Residential Plot
REG-436415,Ghulam Chaudhry,Gul Niazi,"House 304, Street 40, Peoples Colony, Faisalabad",57310720,2023-11-16,20,Residential House
REG-560171,B. Sandhu,Umar Mughal,"House 307, Street 25, Gulberg III, Lahore",327152480,2021-02-10,40,Commercial Plaza
REG-881791,P.Zaidi,Faisal Sheikh,"House 234, Street 36, Clifton Block 2, Karachi",176568580,2026-01-14,20,Residential Plot
REG-228355,P.Zaidi,Iqra Kayani,"House 242, Street 28, Gulshan-e-Iqbal, Karachi",112654160,2024-06-23,20,Commercial Plaza
REG-198824,Kinza Raja,Ali Mughal,"House 180, Street 14, Satellite Town, Rawalpindi",12746082,2025-01-28,3,Farmhouse
REG-792220,Chaudhary Farhan Sandhu,Rida Dar,"House 383, Street 31, Gulbahar, Peshawar",24477648,2024-10-02,3,Apartment
REG-228555,O.Durrani,Bushra Awan,"House 26, Street 38, DHA Phase 5, Lahore",7048275,2023-02-28,3,Apartment
REG-212418,Laiba Tareen,Tariq Hashmi,"House 164, Street 22, Westridge, Rawalpindi",58903450,2023-06-26,10,Commercial Plaza
REG-347135,Laiba Tareen,Javeria Virk,"House 79, Street 10, Chaklala Scheme 3, Rawalpindi",265022080,2022-06-02,40,Apartment
REG-353545,Sardar Danish Sial,Kashif Butt,"House 149, Street 15, Satellite Town, Rawalpindi",502460640,2023-07-26,80,Farmhouse
REG-758217,Haji Danish Sial,Hafsa Zaidi,"House 359, Street 14, Chaklala Scheme 3, Rawalpindi",41996250,2022-12-28,5,Apartment
REG-800511,Kinza Mehsud,Usman Lodhi,"House 313, Street 7, G-13/1, Islamabad",282098080,2026-03-14,40,Residential Plot
REG-621033,M. Butt,Ibrahim Gondal,"House 147, Street 37, Johar Town, Lahore",9391865,2022-08-25,5,Residential Plot
REG-575681,Zubair Sandhu,Ahmed Baig,"House 275, Street 14, Madina Town, Faisalabad",359205680,2022-10-06,80,Commercial Plaza
REG-309823,Zubair Sandhu,Fahad Bangash,"House 334, Street 22, Madina Town, Faisalabad",16797368,2025-11-27,7,Farmhouse
REG-593025,Waqas چوہدری,Fahad Khattak,"House 391, Street 28, Johar Town, Lahore",29675500,2024-12-08,5,Residential House
REG-196334,N. Tarar,Hassan Niazi,"House 285, Street 2, Gulbahar, Peshawar",24635338,2025-11-03,7,Commercial Plaza
REG-395340,Tariq Mehsud,Zeeshan Cheema,"House 108, Street 11, Gulshan-e-Iqbal, Karachi",18159264,2025-04-19,3,Commercial Plaza
REG-790407,Salman Gill,Luqman Tareen,"House 243, Street 30, Gulshan-e-Iqbal, Karachi",10014050,2024-04-09,5,Residential Plot
REG-796872,Salman Gill,Sadia Warraich,"House 241, Street 14, North Nazimabad, Karachi",26823608,2022-01-28,7,Commercial Plaza
REG-174482,Haris Warraich,Danish Mehsud,"House 344, Street 15, Model Town, Lahore",271512320,2025-01-16,40,Commercial Plaza
REG-718724,U. Butt,Zubair Bukhari,"House 103, Street 17, Peoples Colony, Faisalabad",23735694,2021-04-28,3,Apartment
REG-773193,Ibrahim Sial,Luqman Hashmi,"House 207, Street 35, Clifton Block 2, Karachi",44970023,2022-10-12,7,Apartment
REG-881165,Ibrahim Sial,Ehsan Orakzai,"House 64, Street 2, North Nazimabad, Karachi",30779420,2024-11-11,7,Residential House
REG-773816,Kamran Lodhi,Hassan Warraich,"House 179, Street 6, Clifton Block 2, Karachi",33071045,2025-06-03,7,Residential House
REG-213445,B. Raja,Haris Mehsud,"House 136, Street 6, DHA Phase 6, Karachi",402565440,2025-11-14,80,Commercial Plaza
REG-377372,Chaudhary Javeria Mughal,Rashid Raja,"House 342, Street 31, Shah Rukn-e-Alam, Multan",89110560,2021-12-10,10,Apartment
REG-862180,A. Wazir,Ali Butt,"House 168, Street 27, Hayatabad Phase 3, Peshawar",129371840,2025-07-10,20,Farmhouse
REG-950543,G.Gilani,Muhammad Mughal,"House 26, Street 24, G-13/1, Islamabad",28373980,2021-10-27,10,Residential Plot
REG-909294,G.Gilani,Atif Afridi,"House 284, Street 34, G-10/2, Islamabad",66497280,2023-09-03,10,Farmhouse
REG-234441,Obaid Tarar,Shoaib Zaidi,"House 339, Street 29, Johar Town, Lahore",271358360,2024-03-10,40,Residential Plot
REG-947134,Chaudhary Zeeshan Afridi,Mubashir Cheema,"House 127, Street 4, Clifton Block 2, Karachi",404044400,2024-05-15,80,Apartment
REG-303988,Haris Rajput,Zara Butt,"House 5, Street 2, I-8/4, Islamabad",38371140,2025-06-25,10,Apartment
REG-818838,S. Saddozai,Ayesha Khan,"House 272, Street 11, Peoples Colony, Faisalabad",20675893,2024-10-22,7,Residential House
REG-833679,W. Bhatti,Hafsa Naqvi,"House 194, Street 31, Satellite Town, Rawalpindi",44147620,2021-08-13,5,Commercial Plaza
REG-622868,Amna Virk,Saba Ansari,"House 182, Street 21, B-17, Islamabad",57014960,2025-06-02,10,Apartment
REG-908973,Amna Virk,Mahnoor Bukhari,"House 161, Street 5, G-10/2, Islamabad",136580340,2023-12-31,20,Farmhouse
REG-606404,R. Afridi,Kinza Lodhi,"House 331, Street 14, Peoples Colony, Faisalabad",34017170,2021-03-15,10,Farmhouse
REG-669369,R. Afridi,Farhan Virk,"House 262, Street 37, Peoples Colony, Faisalabad",342786320,2025-08-16,80,Residential Plot
REG-804783,Farhan Bangash,Rauf Rizvi,"House 341, Street 17, Madina Town, Faisalabad",10741623,2021-07-02,3,Residential Plot
REG-676043,R. Joiya,Adnan Sheikh,"House 369, Street 20, DHA Phase 6, Karachi",34643385,2021-08-18,5,Commercial Plaza
REG-337248,J.Afridi,Muhammad Saddozai,"House 222, Street 1, University Town, Peshawar",42174290,2023-01-07,10,Commercial Plaza
REG-373497,J.Afridi,Zeeshan Tareen,"House 321, Street 1, Gulbahar, Peshawar",120991660,2022-10-20,20,Farmhouse
REG-576937,Mian Rehan Wazir,Hussain Malik,"House 29, Street 30, Wapda Town, Lahore",40222135,2025-01-30,5,Apartment
REG-858931,Asad Zaidi,Kashif Mehsud,"House 238, Street 25, Johar Town, Lahore",42205345,2021-08-23,7,Residential Plot
REG-613835,H.Sheikh,Usman Gilani,"House 126, Street 35, Gulbahar, Peshawar",698856960,2023-06-08,80,Apartment
REG-167495,Atif Bukhari,Noor Kazmi,"House 20, Street 20, DHA Phase 6, Karachi",12865761,2024-06-07,3,Apartment
REG-174847,H. Rizvi,Yousuf Siddiqui,"House 308, Street 13, Madina Town, Faisalabad",27047790,2024-11-12,7,Residential House
REG-216214,H. Rizvi,Sadia Khokhar,"House 214, Street 21, Peoples Colony, Faisalabad",41150300,2026-02-06,20,Farmhouse
REG-603371,F.Warraich,Hafsa Tareen,"House 338, Street 12, B-17, Islamabad",44600300,2023-09-18,5,Residential House
REG-798295,A. Khattak,Babar Rajput,"House 17, Street 2, G-13/1, Islamabad",17350285,2025-12-28,5,Residential Plot
REG-707793,Usman Siddiqui,Mustafa Sial,"House 8, Street 17, B-17, Islamabad",20800773,2025-02-12,7,Apartment
REG-572163,H. Awan,Mehwish Shirazi,"House 70, Street 34, Model Town, Lahore",36173550,2021-09-25,7,Residential House
REG-493615,Z.Wazir,Junaid Yousafzai,"House 1, Street 13, Clifton Block 2, Karachi",79403630,2022-11-09,10,Residential Plot
REG-391731,R. Khokhar,Khadija Shirazi,"House 194, Street 7, E-11/2, Islamabad",14291001,2022-06-28,3,Residential Plot
REG-164969,Ghulam Kayani,Saba Kazmi,"House 275, Street 7, I-8/4, Islamabad",280487000,2021-02-02,40,Farmhouse
REG-506217,Ghulam Kayani,Tooba Shirazi,"House 169, Street 17, G-10/2, Islamabad",63386980,2022-09-29,10,Residential House
REG-249739,Farhan Afridi,Zafar Warraich,"House 314, Street 7, Model Town, Lahore",68366520,2022-08-20,10,Residential House
REG-120487,Mian Iqra Gill,Zara Gilani,"House 297, Street 31, Clifton Block 2, Karachi",322167360,2025-09-14,40,Residential House
REG-902975,D.Naqvi,Noman Janjua,"House 31, Street 25, Peoples Colony, Faisalabad",16971786,2024-01-02,3,Apartment
REG-123803,Farhan Rizvi,Khalid Zaidi,"House 262, Street 39, Gulberg III, Lahore",37783735,2022-12-16,5,Apartment
REG-320195,Anas ملک,Ibrahim Orakzai,"House 98, Street 20, Chaklala Scheme 3, Rawalpindi",5661840,2023-12-28,3,Farmhouse
REG-427939,S.Mehsud,Arsalan Gilani,"House 373, Street 36, D Ground, Faisalabad",34769010,2025-06-17,5,Farmhouse
REG-250208,Umar بٹ,Tariq Kayani,"House 387, Street 14, Peoples Colony, Faisalabad",84971130,2023-11-10,10,Residential Plot
REG-685107,Umar بٹ,Atif Kazmi,"House 167, Street 29, Peoples Colony, Faisalabad",69545510,2023-12-06,10,Farmhouse
REG-214698,Irfan Siddiqui,Atif Khokhar,"House 109, Street 2, F-8/3, Islamabad",123180960,2022-02-12,40,Residential Plot
REG-357802,Irfan Siddiqui,Taimoor Tareen,"House 323, Street 23, I-8/4, Islamabad",18712290,2025-08-24,5,Residential House
REG-117923,Rana Bilal Hashmi,Shoaib Tarar,"House 158, Street 18, Model Town, Lahore",58734949,2025-12-10,7,Residential House
REG-405279,Ayesha Wazir,Rauf Abbasi,"House 351, Street 17, University Town, Peshawar",13610745,2024-10-31,5,Commercial Plaza
REG-325617,Ayesha Wazir,Laiba Tarar,"House 251, Street 1, Hayatabad Phase 3, Peshawar",25600510,2021-06-18,5,Commercial Plaza
REG-263029,Shoaib Butt,Hussain Dar,"House 58, Street 8, North Nazimabad, Karachi",12599545,2024-02-01,5,Residential Plot
REG-476769,O. Ansari,Saad Chaudhry,"House 170, Street 9, Madina Town, Faisalabad",24848615,2022-12-31,5,Commercial Plaza
REG-220781,Javeria Bhatti,Wajahat Bhatti,"House 211, Street 13, Madina Town, Faisalabad",113955720,2022-01-16,20,Farmhouse
REG-415839,Javeria Bhatti,Kashif Durrani,"House 400, Street 23, Peoples Colony, Faisalabad",49349125,2022-07-28,7,Apartment
REG-311267,Wajahat Malik,Bilal Mehsud,"House 46, Street 5, Madina Town, Faisalabad",55536509,2023-07-12,7,Apartment
REG-627257,Wajahat Malik,Hafsa Ansari,"House 219, Street 23, D Ground, Faisalabad",105212380,2022-05-03,20,Residential Plot
REG-831852,Rana Ubaid Sheikh,Hussain Joiya,"House 156, Street 37, G-10/2, Islamabad",80226480,2021-08-10,20,Residential Plot
REG-191790,B.Sheikh,Babar Kazmi,"House 358, Street 14, F-8/3, Islamabad",32503000,2022-03-19,5,Farmhouse
REG-414603,Naveed Gondal,Zeeshan Hashmi,"House 365, Street 32, Gulgasht, Multan",13450250,2021-03-10,5,Apartment
REG-477031,B.Yousafzai,Mubashir Ansari,"House 316, Street 12, G-13/1, Islamabad",32812460,2022-02-26,10,Farmhouse
REG-940705,Syed Zainab Baig,Iqra Sial,"House 110, Street 34, Gulshan-e-Iqbal, Karachi",394760080,2022-04-28,80,Apartment
REG-512193,Rana Zainab Baig,Irfan Bukhari,"House 313, Street 34, Clifton Block 2, Karachi",27890555,2021-05-25,5,Commercial Plaza
REG-881023,Kinza قریشی,Nadia Qureshi,"House 292, Street 35, Gulshan-e-Iqbal, Karachi",27120114,2025-03-18,7,Residential Plot
REG-161102,Syed Khadija Niazi,Anas Tarar,"House 337, Street 16, B-17, Islamabad",21378185,2025-07-18,5,Residential House
REG-150234,Chaudhary Khadija Niazi,Babar Lodhi,"House 381, Street 32, G-13/1, Islamabad",77426140,2023-05-11,20,Apartment
REG-457179,U. Lodhi,Ali Janjua,"House 96, Street 26, G-13/1, Islamabad",459828960,2023-08-03,80,Apartment
REG-742542,M.Warraich,Nadia Raja,"House 353, Street 21, B-17, Islamabad",251479520,2022-10-16,80,Commercial Plaza
REG-126653,Sufyan Tareen,Usman Saddozai,"House 117, Street 40, Model Town, Lahore",82033300,2022-07-02,20,Apartment
REG-607648,Ibrahim Kakar,Kamran Hashmi,"House 363, Street 21, DHA Phase 6, Karachi",97374580,2021-10-26,20,Residential Plot
REG-502063,Ibrahim Kakar,Shahzad Dar,"House 171, Street 28, Gulshan-e-Iqbal, Karachi",109897520,2024-07-26,40,Commercial Plaza
REG-152844,R.Raja,Zafar Rajput,"House 115, Street 28, Chaklala Scheme 3, Rawalpindi",265628840,2024-05-08,40,Farmhouse
REG-260303,R.Raja,Mubashir Awan,"House 59, Street 26, Westridge, Rawalpindi",86977400,2024-10-03,20,Farmhouse
REG-171157,Shoaib Mirza,Amna Virk,"House 246, Street 34, Gulbahar, Peshawar",123648920,2025-01-03,20,Residential Plot
REG-306457,Chaudhary Sana Yousafzai,Fatima Gill,"House 69, Street 14, D Ground, Faisalabad",38345174,2023-09-10,7,Farmhouse
REG-563360,Chaudhary Sana Yousafzai,Zubair Rajput,"House 138, Street 26, Madina Town, Faisalabad",64774020,2024-11-29,10,Residential Plot
REG-372047,M. Raja,Javeria Hashmi,"House 164, Street 14, Madina Town, Faisalabad",24274607,2025-01-16,7,Commercial Plaza
REG-839017,M. Raja,Naveed Virk,"House 160, Street 7, Peoples Colony, Faisalabad",42311180,2023-09-01,20,Residential House
REG-447614,Chaudhary Farhan Sial,Waseem Afridi,"House 361, Street 6, Gulshan-e-Iqbal, Karachi",50798083,2024-05-21,7,Residential Plot
REG-155391,Rana Farhan Sial,Hafsa Rizvi,"House 214, Street 17, North Nazimabad, Karachi",632862480,2021-01-30,80,Residential House
REG-710135,Syed Bushra Chaudhry,Kamran Awan,"House 218, Street 26, B-17, Islamabad",80100190,2024-06-10,10,Residential Plot
REG-633193,Malik Bushra Chaudhry,Hafsa Malik,"House 5, Street 40, E-11/2, Islamabad",30677605,2022-10-24,5,Apartment
REG-246763,M.Raja,Luqman Malik,"House 220, Street 34, I-8/4, Islamabad",201593520,2021-02-15,80,Farmhouse
REG-649798,Noman Virk,Faisal Dar,"House 293, Street 17, Westridge, Rawalpindi",17272959,2025-10-15,3,Apartment
REG-261315,Rana Hussain Yousafzai,Waseem Tareen,"House 44, Street 10, Wapda Town, Lahore",40778465,2024-09-21,7,Residential House
REG-352723,Sardar Hussain Yousafzai,Imran Shirazi,"House 270, Street 4, DHA Phase 5, Lahore",24391710,2022-08-30,7,Farmhouse
REG-588695,N.Ansari,Ghulam Qureshi,"House 398, Street 8, North Nazimabad, Karachi",16300930,2022-12-06,5,Residential House
REG-680371,Sardar Rehan Tarar,Hamza Mirza,"House 261, Street 22, G-10/2, Islamabad",48403810,2022-12-17,10,Residential House
REG-635362,Malik Talha Mehsud,Mustafa Bukhari,"House 5, Street 20, D Ground, Faisalabad",29567675,2025-01-31,5,Residential Plot
REG-128126,Fahad Kazmi,Mansoor Sandhu,"House 27, Street 10, F-8/3, Islamabad",21327970,2026-03-13,10,Commercial Plaza
REG-413284,Fahad Kazmi,Mubashir Kakar,"House 391, Street 3, E-11/2, Islamabad",157451040,2021-06-20,20,Apartment
REG-929074,Rashid ملک,Mubashir Mehsud,"House 78, Street 9, Gulberg III, Lahore",40978665,2023-04-20,7,Residential House
REG-276001,Rashid ملک,Nadeem Khokhar,"House 281, Street 37, Johar Town, Lahore",444451120,2023-06-11,80,Farmhouse
REG-371951,Khadija Bangash,Junaid Bukhari,"House 180, Street 20, Model Town, Lahore",56510258,2021-07-13,7,Residential House
REG-215488,Syed Faisal Sandhu,Danish Tareen,"House 394, Street 8, Shah Rukn-e-Alam, Multan",22607088,2023-03-05,3,Apartment
REG-152965,M.Janjua,Rabia Khan,"House 53, Street 8, Gulbahar, Peshawar",9607038,2025-08-18,3,Residential Plot
REG-281397,N. Tareen,Farah Durrani,"House 72, Street 19, D Ground, Faisalabad",68342630,2022-11-12,10,Farmhouse
REG-707688,N. Tareen,Laiba Khattak,"House 227, Street 26, Peoples Colony, Faisalabad",73425170,2024-01-24,10,Farmhouse
REG-513352,F.Naqvi,Sajid Warraich,"House 106, Street 34, DHA Phase 6, Karachi",41196925,2023-02-07,5,Commercial Plaza
REG-944848,Chaudhary Ehsan Bukhari,Khalid Gill,"House 233, Street 32, Madina Town, Faisalabad",286957440,2021-09-16,40,Farmhouse
REG-398470,M.Sandhu,Laiba Qureshi,"House 89, Street 24, Cantt, Multan",54264820,2023-10-07,20,Farmhouse
REG-444081,M.Sandhu,Nimra Khokhar,"House 342, Street 27, Shah Rukn-e-Alam, Multan",429998000,2025-03-07,80,Apartment
REG-774187,Zeeshan Gill,Kamran Gondal,"House 168, Street 9, DHA Phase 5, Lahore",9590676,2024-07-03,3,Apartment
REG-189396,Nadeem Shirazi,Zafar Niazi,"House 328, Street 27, University Town, Peshawar",28046230,2022-09-29,5,Residential Plot
REG-478697,Rida Joiya,Atif Tareen,"House 122, Street 29, Peoples Colony, Faisalabad",311524160,2021-10-09,80,Farmhouse
REG-474864,Rida Joiya,Hassan Bangash,"House 320, Street 38, D Ground, Faisalabad",31029280,2023-03-06,10,Commercial Plaza
REG-522341,Sana Durrani,Hafsa Rizvi,"House 2, Street 28, Gulgasht, Multan",20297718,2022-05-18,7,Apartment
REG-143047,Javeria Kayani,Khadija Khan,"House 287, Street 14, D Ground, Faisalabad",22644070,2022-12-24,10,Commercial Plaza
REG-207928,Danish Mirza,Hussain Hashmi,"House 119, Street 24, Gulgasht, Multan",16821723,2023-09-29,3,Farmhouse
REG-915827,Irfan Tarar,Khalid Awan,"House 263, Street 39, Gulshan-e-Iqbal, Karachi",254551440,2022-12-25,80,Apartment
REG-194243,L.Awan,Laiba Khokhar,"House 44, Street 4, Gulbahar, Peshawar",44933322,2023-03-20,7,Farmhouse
REG-209082,Sardar Sajid Hashmi,Rashid Kayani,"House 147, Street 32, Shah Rukn-e-Alam, Multan",106000520,2021-02-09,40,Apartment
REG-436002,Maryam Dar,Tariq Virk,"House 101, Street 17, University Town, Peshawar",42264470,2021-12-31,5,Commercial Plaza
REG-883524,Maryam Dar,Yousuf Awan,"House 257, Street 39, Hayatabad Phase 3, Peshawar",138668960,2023-12-30,20,Apartment
REG-375799,Waqas Rizvi,Haris Siddiqui,"House 325, Street 33, Clifton Block 2, Karachi",54327413,2021-11-02,7,Commercial Plaza
REG-680117,Syed Tariq Chaudhry,Kashif Raja,"House 207, Street 36, G-13/1, Islamabad",87774160,2022-10-21,20,Apartment
REG-672720,Haji Tariq Chaudhry,Adnan Wazir,"House 163, Street 35, B-17, Islamabad",61714100,2025-08-05,10,Residential Plot
REG-816688,Umar Shirazi,Noman Durrani,"House 37, Street 29, University Town, Peshawar",44610314,2024-04-16,7,Apartment
REG-906219,Nadeem Khattak,Iqra Lodhi,"House 191, Street 11, Peoples Colony, Faisalabad",502510880,2021-05-11,80,Commercial Plaza
REG-234280,B. Abbasi,Gul Mughal,"House 231, Street 18, Hayatabad Phase 3, Peshawar",164269240,2022-06-25,20,Residential House
REG-409971,B. Abbasi,Sufyan Tareen,"House 92, Street 30, Hayatabad Phase 3, Peshawar",580458240,2023-11-16,80,Apartment
REG-122714,N. Yousafzai,Hina Warraich,"House 206, Street 18, Gulbahar, Peshawar",86892240,2021-03-31,20,Farmhouse
REG-878100,E. Abbasi,Nadeem Wazir,"House 169, Street 18, G-10/2, Islamabad",75908760,2024-02-18,20,Residential Plot
REG-175510,E. Abbasi,Rauf Virk,"House 214, Street 12, I-8/4, Islamabad",26301072,2026-02-16,7,Residential Plot
REG-846113,Zainab Hashmi,Saqib Hashmi,"House 82, Street 31, Johar Town, Lahore",145207280,2021-02-28,80,Residential House
REG-161487,Zainab Hashmi,Sana Ansari,"House 28, Street 1, DHA Phase 5, Lahore",299997200,2026-01-31,80,Residential Plot
REG-356141,Rauf Mirza,Usman Kayani,"House 140, Street 7, Gulgasht, Multan",144947040,2025-01-12,20,Residential Plot
REG-113978,Rauf Mirza,Ayesha Bangash,"House 90, Street 14, Cantt, Multan",20626270,2025-07-22,10,Commercial Plaza
REG-941738,O. Orakzai,Laiba Saddozai,"House 111, Street 5, Bahria Phase 4, Rawalpindi",18262500,2022-11-18,5,Residential House
REG-240166,K. Durrani,Khadija Niazi,"House 355, Street 30, DHA Phase 5, Lahore",40954195,2024-08-02,5,Residential House
REG-307667,Waseem Ansari,Zubair Bukhari,"House 211, Street 32, Model Town, Lahore",12666825,2023-04-12,5,Farmhouse
REG-616778,Laiba Lodhi,Hussain Cheema,"House 44, Street 12, Gulbahar, Peshawar",8295837,2024-04-24,3,Commercial Plaza
REG-495199,Rana Mehwish Abbasi,Waseem Gondal,"House 262, Street 35, Westridge, Rawalpindi",137489880,2026-01-18,40,Farmhouse
REG-911374,Farhan Ansari,Ayesha Malik,"House 10, Street 5, F-8/3, Islamabad",29548694,2024-08-25,7,Apartment
REG-164715,Haji Ayesha Khan,Nimra Joiya,"House 126, Street 16, D Ground, Faisalabad",10757205,2022-08-11,5,Apartment
REG-917410,Syed Ayesha Khan,Fahad Kakar,"House 4, Street 38, Peoples Colony, Faisalabad",31775464,2021-02-20,7,Residential Plot
REG-308401,A. Malik,Ubaid Wazir,"House 262, Street 38, Hayatabad Phase 3, Peshawar",347788720,2024-03-04,40,Apartment
REG-799262,A. Malik,Hina Raja,"House 127, Street 24, Hayatabad Phase 3, Peshawar",161482920,2022-04-08,40,Farmhouse
REG-229919,Imran Joiya,Sadia Kakar,"House 308, Street 23, Cantt, Multan",157922620,2024-06-03,20,Residential House
REG-379097,W.Shirazi,Mubashir Rajput,"House 122, Street 36, Chaklala Scheme 3, Rawalpindi",19139911,2021-07-21,7,Residential House
REG-522265,Rabia Khokhar,Javeria Sheikh,"House 310, Street 10, G-13/1, Islamabad",171471020,2024-12-22,20,Residential House
REG-499193,A. Dar,Fatima Cheema,"House 87, Street 14, Shah Rukn-e-Alam, Multan",26981406,2023-07-07,3,Residential Plot
REG-211474,Sajid Baig,Kamran Mughal,"House 182, Street 35, Chaklala Scheme 3, Rawalpindi",180392960,2021-10-24,80,Apartment
REG-693535,U. Naqvi,Nimra Rizvi,"House 84, Street 26, Clifton Block 2, Karachi",23391155,2024-04-30,5,Residential House
REG-609451,U. Naqvi,Mubashir Mirza,"House 381, Street 27, Clifton Block 2, Karachi",37232085,2025-02-01,5,Commercial Plaza
REG-233967,Chaudhary Rehan Khokhar,Sajid Butt,"House 292, Street 20, Johar Town, Lahore",80310520,2023-05-08,40,Commercial Plaza
REG-901358,Chaudhary Rehan Khokhar,Adnan Gondal,"House 55, Street 13, DHA Phase 5, Lahore",9441540,2025-01-10,5,Residential House
REG-971076,Bushra Bukhari,Kashif Malik,"House 220, Street 17, E-11/2, Islamabad",10384990,2024-10-17,5,Residential Plot
REG-247717,Bushra Bukhari,Nadia Bukhari,"House 20, Street 5, I-8/4, Islamabad",265577480,2021-11-07,40,Commercial Plaza
REG-980536,U. Qureshi,Muhammad Orakzai,"House 70, Street 6, Westridge, Rawalpindi",53863201,2021-07-24,7,Residential House
REG-793593,U. Bukhari,Kamran Tarar,"House 354, Street 36, Madina Town, Faisalabad",29649151,2025-07-27,7,Residential Plot
REG-627371,Shoaib Shirazi,Jawad Raja,"House 206, Street 37, Chaklala Scheme 3, Rawalpindi",240122520,2022-12-28,40,Residential House
REG-486234,W. Raja,Ibrahim Niazi,"House 71, Street 21, Model Town, Lahore",154505920,2021-03-11,40,Commercial Plaza
REG-458156,W. Raja,Luqman Malik,"House 203, Street 20, Johar Town, Lahore",40109025,2024-07-18,5,Residential Plot
REG-849754,M.Tareen,Rida Zaidi,"House 360, Street 32, North Nazimabad, Karachi",146588720,2025-11-26,20,Commercial Plaza
REG-259107,M.Tareen,Laiba Hashmi,"House 149, Street 27, Clifton Block 2, Karachi",637627840,2022-04-27,80,Commercial Plaza
REG-804085,Taimoor Bhatti,Asad Kazmi,"House 382, Street 18, Model Town, Lahore",25106725,2022-01-12,7,Commercial Plaza
REG-704869,K.Kazmi,Farah Sial,"House 23, Street 34, Gulgasht, Multan",42221298,2025-04-30,7,Residential House
REG-430962,Noor Khattak,Naveed Bukhari,"House 372, Street 9, Cantt, Multan",472465280,2024-05-16,80,Commercial Plaza
REG-939538,Javeria Sheikh,Nadeem Janjua,"House 354, Street 27, Wapda Town, Lahore",446417840,2024-12-31,80,Commercial Plaza
REG-225100,L. Warraich,Shahzad Bangash,"House 67, Street 24, Bahria Phase 4, Rawalpindi",42744500,2023-02-11,20,Apartment
REG-441872,Wajahat Shirazi,Taimoor Sheikh,"House 143, Street 1, Hayatabad Phase 3, Peshawar",9357114,2026-03-14,3,Apartment
REG-454723,Mian Ehsan Cheema,Laiba Warraich,"House 395, Street 37, Model Town, Lahore",467898320,2023-11-16,80,Commercial Plaza
REG-327964,P. Tareen,Taimoor Gondal,"House 28, Street 18, I-8/4, Islamabad",284886400,2024-03-21,80,Apartment
REG-122967,O. Gill,Hussain Gondal,"House 289, Street 26, Hayatabad Phase 3, Peshawar",8634831,2023-03-29,3,Residential Plot
REG-267000,Chaudhary Nasir Mirza,Javeria Bangash,"House 91, Street 32, F-8/3, Islamabad",69943480,2024-09-14,10,Residential House
REG-587006,Umar Afridi,Tariq Lodhi,"House 163, Street 14, G-10/2, Islamabad",54755500,2023-02-15,20,Residential House
REG-302015,Haji Ali Bhatti,Noman Tareen,"House 214, Street 13, D Ground, Faisalabad",22339535,2021-05-04,5,Residential House
REG-528040,Haji Ali Bhatti,Ayesha Qureshi,"House 130, Street 15, Peoples Colony, Faisalabad",82615020,2025-01-09,20,Residential Plot
REG-372884,Atif Awan,Laiba Janjua,"House 378, Street 33, DHA Phase 5, Lahore",242062440,2022-09-11,40,Residential House
REG-396100,Atif Awan,Gul Khan,"House 225, Street 30, Wapda Town, Lahore",157946320,2024-06-20,40,Residential House
REG-429555,S.Khokhar,Hassan Bukhari,"House 161, Street 35, Peoples Colony, Faisalabad",79440300,2021-06-26,10,Apartment
REG-867465,Khadija Tareen,Nadia Wazir,"House 68, Street 29, Gulbahar, Peshawar",21337302,2023-07-15,7,Commercial Plaza
REG-871171,Babar Joiya,Ghulam Lodhi,"House 365, Street 8, Gulgasht, Multan",247734600,2024-01-18,40,Farmhouse
REG-300952,S.Sandhu,Pervez Gilani,"House 190, Street 5, Madina Town, Faisalabad",20620230,2022-11-23,10,Residential House
REG-233794,S.Sandhu,Hamza Zaidi,"House 74, Street 5, Peoples Colony, Faisalabad",56916860,2023-11-10,20,Residential House
REG-829995,A. Saddozai,Kashif Orakzai,"House 142, Street 24, Gulbahar, Peshawar",16354779,2024-08-13,7,Apartment
REG-318751,K. Niazi,Irfan Siddiqui,"House 346, Street 7, Bahria Phase 4, Rawalpindi",40390335,2024-12-10,5,Farmhouse
REG-601810,Hina Gondal,Khalid Kayani,"House 385, Street 26, Gulgasht, Multan",49160692,2021-05-12,7,Commercial Plaza
REG-200857,Imran Joiya,Yousuf Shirazi,"House 110, Street 2, Peoples Colony, Faisalabad",24643955,2023-10-03,7,Apartment
REG-201041,Usman Shirazi,Ahmed Kakar,"House 154, Street 30, Gulberg III, Lahore",25814703,2022-03-04,3,Commercial Plaza
REG-429276,Haris Rajput,Madiha Mehsud,"House 175, Street 38, F-8/3, Islamabad",75376460,2023-01-25,10,Residential Plot
REG-435518,Haris Rajput,Khadija Saddozai,"House 391, Street 38, G-10/2, Islamabad",43000748,2021-10-11,7,Residential Plot
REG-648769,Haji Ahmed Bukhari,Ibrahim Shirazi,"House 182, Street 40, DHA Phase 6, Karachi",12438951,2024-06-03,3,Residential House
REG-223251,Yousuf Hashmi,Madiha Durrani,"House 378, Street 24, Bahria Phase 4, Rawalpindi",163935120,2024-12-29,20,Farmhouse
REG-357524,Yousuf Hashmi,Sajid Bukhari,"House 268, Street 11, Chaklala Scheme 3, Rawalpindi",23237074,2023-06-07,7,Apartment
REG-679918,U. Kakar,Taimoor Wazir,"House 390, Street 13, F-8/3, Islamabad",115567000,2023-08-09,20,Residential House
REG-574829,U. Kakar,Hina Saddozai,"House 105, Street 14, B-17, Islamabad",637993920,2023-03-03,80,Apartment
REG-382178,M.Yousafzai,Zainab Afridi,"House 132, Street 18, Satellite Town, Rawalpindi",29321523,2022-07-15,7,Commercial Plaza
REG-215085,Syed Imran Tarar,Waqas Qureshi,"House 271, Street 27, Gulberg III, Lahore",29071690,2025-06-13,10,Commercial Plaza
REG-188944,Syed Imran Tarar,Umar Gondal,"House 56, Street 11, Wapda Town, Lahore",50025580,2022-07-23,20,Residential House
REG-663570,حسن Bhatti,Owais Gondal,"House 358, Street 10, DHA Phase 6, Karachi",85529220,2022-04-01,20,Commercial Plaza
REG-326223,حسن Bhatti,Kashif Abbasi,"House 296, Street 40, Clifton Block 2, Karachi",40812220,2024-04-30,5,Residential House
REG-199209,Yasir Lodhi,Amna Cheema,"House 383, Street 11, Madina Town, Faisalabad",264505920,2024-12-07,40,Residential Plot
REG-298279,I.Siddiqui,Nadia Mirza,"House 396, Street 30, DHA Phase 6, Karachi",20157030,2022-02-14,10,Commercial Plaza
REG-145907,I.Siddiqui,Taimoor Niazi,"House 315, Street 29, DHA Phase 6, Karachi",36248135,2024-04-19,5,Apartment
REG-472119,N.Raja,Naveed Bangash,"House 207, Street 29, DHA Phase 6, Karachi",50041930,2024-05-27,10,Residential Plot
REG-777847,N.Raja,Atif Bhatti,"House 151, Street 15, North Nazimabad, Karachi",30250370,2022-07-19,5,Commercial Plaza
REG-128142,Kinza Bangash,Owais Khan,"House 117, Street 30, Cantt, Multan",44562510,2025-06-23,5,Residential Plot
REG-836928,Babar Baig,Jawad Shirazi,"House 60, Street 6, Gulgasht, Multan",171612220,2023-08-04,20,Residential House
REG-789763,W. Kazmi,Irfan Butt,"House 109, Street 21, Hayatabad Phase 3, Peshawar",563873040,2025-11-17,80,Farmhouse
REG-970861,Wajahat Joiya,Irfan Khokhar,"House 49, Street 37, Gulgasht, Multan",136233680,2024-11-29,20,Residential House
REG-891128,Wajahat Joiya,Bushra Qureshi,"House 56, Street 28, Gulgasht, Multan",14663600,2021-05-18,7,Residential Plot
REG-668978,Mian Rauf Malik,Muhammad Sandhu,"House 228, Street 6, North Nazimabad, Karachi",17868360,2024-07-10,5,Residential Plot
REG-147449,N. Gondal,Asad Hashmi,"House 85, Street 17, Peoples Colony, Faisalabad",20449446,2023-05-23,3,Residential Plot
REG-400890,Chaudhary Adnan Baig,Owais Joiya,"House 7, Street 16, Gulbahar, Peshawar",43846540,2023-04-02,20,Farmhouse
REG-941194,S.Rizvi,Umar Raja,"House 300, Street 30, Wapda Town, Lahore",25258359,2024-10-14,3,Farmhouse
REG-252656,Danish Dar,Kashif Khokhar,"House 327, Street 13, Hayatabad Phase 3, Peshawar",46485334,2023-07-12,7,Residential Plot
REG-397357,Danish Dar,Haris Virk,"House 111, Street 19, Gulbahar, Peshawar",54577229,2021-07-22,7,Commercial Plaza
REG-689931,S.Kazmi,Rida Khan,"House 26, Street 27, D Ground, Faisalabad",76381160,2023-05-09,20,Apartment
REG-219961,S.Kazmi,Umar Qureshi,"House 66, Street 38, D Ground, Faisalabad",200625360,2022-01-06,80,Farmhouse
REG-474961,M.Virk,Faisal Warraich,"House 268, Street 20, Gulbahar, Peshawar",295886960,2025-06-17,40,Residential House
REG-983584,M.Virk,Fahad Virk,"House 195, Street 2, University Town, Peshawar",42340390,2023-12-15,10,Residential Plot
REG-936583,Syed Mubashir Gondal,Asad Virk,"House 314, Street 33, Shah Rukn-e-Alam, Multan",33545015,2022-09-29,7,Commercial Plaza
REG-226446,N. Bhatti,Talha Orakzai,"House 309, Street 40, G-10/2, Islamabad",15406363,2021-06-23,7,Apartment
REG-854961,Iqra Durrani,Zeeshan Orakzai,"House 389, Street 31, D Ground, Faisalabad",34491060,2023-05-30,5,Apartment
REG-987950,Fahad Rajput,Lubna Joiya,"House 180, Street 23, DHA Phase 6, Karachi",9969495,2022-02-17,5,Apartment
REG-770903,H. Awan,Waseem Baig,"House 49, Street 9, Satellite Town, Rawalpindi",12647733,2023-04-12,7,Commercial Plaza
REG-220912,Yasir Gondal,Kamran Warraich,"House 65, Street 16, Wapda Town, Lahore",85785500,2023-09-29,20,Farmhouse
REG-732434,Yasir Gondal,Asad Dar,"House 321, Street 38, Model Town, Lahore",277197640,2024-12-19,40,Farmhouse
REG-556774,Haji Talha Khan,Saad Baig,"House 113, Street 29, Bahria Phase 4, Rawalpindi",42451619,2023-09-28,7,Residential House
REG-207621,Malik Talha Khan,Qasim Tarar,"House 325, Street 14, Westridge, Rawalpindi",14777686,2023-09-19,7,Farmhouse
REG-338391,Umar Afridi,Wajahat Janjua,"House 340, Street 10, Gulbahar, Peshawar",251579480,2021-06-26,40,Commercial Plaza
REG-393654,Bushra Qureshi,Imran Khan,"House 341, Street 26, Gulgasht, Multan",11394360,2021-02-09,5,Residential Plot
REG-926071,Bushra Qureshi,Lubna Niazi,"House 49, Street 22, Cantt, Multan",30077490,2025-11-12,10,Apartment
REG-914003,Zeeshan Gondal,Qasim Wazir,"House 116, Street 25, North Nazimabad, Karachi",36132500,2023-02-07,20,Residential House
REG-324087,T.Kazmi,Pervez Gondal,"House 88, Street 6, Satellite Town, Rawalpindi",41748380,2024-12-20,10,Residential House
REG-342277,Rabia Naqvi,Yousuf Hashmi,"House 152, Street 38, D Ground, Faisalabad",17481390,2025-11-07,3,Residential Plot
REG-217607,M. Mughal,Haris Tareen,"House 263, Street 9, Cantt, Multan",30261705,2025-02-23,5,Residential House
REG-995439,N.Warraich,Ghulam Tareen,"House 115, Street 11, E-11/2, Islamabad",487654560,2022-12-12,80,Apartment
REG-501767,A. Afridi,Mahnoor Mirza,"House 179, Street 24, G-10/2, Islamabad",420453120,2022-07-18,80,Apartment
REG-419413,Mian Arsalan Wazir,Ahmed Bukhari,"House 196, Street 32, Gulshan-e-Iqbal, Karachi",559092080,2025-05-23,80,Residential House
REG-444737,Rana Farah Kayani,Bilal Khokhar,"House 131, Street 24, Model Town, Lahore",27984110,2021-12-05,10,Residential House
REG-292611,Rana Farah Kayani,Gul Zaidi,"House 339, Street 38, Johar Town, Lahore",41566700,2024-05-19,7,Residential House
REG-524099,A.Kakar,Ali Khan,"House 212, Street 16, Gulbahar, Peshawar",69730550,2023-04-05,10,Residential Plot
REG-942643,Khalid بٹ,Zainab Siddiqui,"House 373, Street 16, Madina Town, Faisalabad",14442960,2022-08-14,7,Commercial Plaza
REG-808785,M. Bangash,Junaid Joiya,"House 86, Street 15, Shah Rukn-e-Alam, Multan",26079927,2024-08-26,3,Apartment
REG-282087,Rauf Wazir,Amna Lodhi,"House 252, Street 8, F-8/3, Islamabad",60847983,2021-03-24,7,Apartment
REG-130407,Ubaid Orakzai,Salman Raja,"House 265, Street 34, Shah Rukn-e-Alam, Multan",37651565,2023-04-05,5,Residential Plot
REG-903916,Ubaid Orakzai,Zubair Yousafzai,"House 91, Street 2, Cantt, Multan",27203985,2022-07-21,5,Apartment
REG-299601,S. Hashmi,Mustafa Orakzai,"House 35, Street 21, Hayatabad Phase 3, Peshawar",14193718,2024-01-22,7,Residential Plot
REG-925764,Farhan Cheema,Nasir Khokhar,"House 356, Street 15, Hayatabad Phase 3, Peshawar",13697856,2025-01-22,3,Farmhouse
REG-409131,A. Orakzai,Rida Lodhi,"House 131, Street 37, Gulgasht, Multan",58322930,2021-01-15,10,Residential Plot
REG-637448,A. Orakzai,Kamran Butt,"House 101, Street 31, Gulgasht, Multan",49964520,2024-09-13,20,Residential House
REG-417837,A. Saddozai,Zara Gondal,"House 205, Street 13, Hayatabad Phase 3, Peshawar",11528990,2025-01-16,5,Apartment
REG-760487,S.Abbasi,Ali Mughal,"House 26, Street 23, Cantt, Multan",96644680,2021-09-12,40,Residential Plot
REG-733620,Rana Rashid Khan,Zafar Tarar,"House 361, Street 35, Wapda Town, Lahore",53458447,2021-06-29,7,Residential House
REG-324217,Mian Rashid Khan,Adnan Rajput,"House 41, Street 34, Gulberg III, Lahore",28015120,2022-07-01,7,Residential Plot
REG-533454,Rana Umar Tarar,Iqra Shirazi,"House 330, Street 39, Chaklala Scheme 3, Rawalpindi",622195280,2026-02-06,80,Residential Plot
REG-569780,U. Yousafzai,Amna Kayani,"House 381, Street 40, Clifton Block 2, Karachi",317934320,2024-07-03,80,Apartment
REG-939327,U. Yousafzai,Zafar Raja,"House 1, Street 12, North Nazimabad, Karachi",222514800,2025-04-30,80,Apartment
REG-139312,Rana Imran Gill,Muhammad Bukhari,"House 47, Street 26, North Nazimabad, Karachi",22320243,2025-02-13,3,Commercial Plaza
REG-224736,T.Malik,Haris Baig,"House 138, Street 24, Gulgasht, Multan",323693520,2021-08-23,80,Residential Plot
REG-160967,T.Malik,Rashid Bangash,"House 393, Street 32, Shah Rukn-e-Alam, Multan",304828160,2024-11-05,40,Residential House
REG-572862,Kashif Hashmi,Rabia Naqvi,"House 323, Street 27, I-8/4, Islamabad",113340740,2024-05-02,20,Commercial Plaza
REG-428640,Kashif Hashmi,Salman Orakzai,"House 142, Street 32, B-17, Islamabad",26148864,2021-12-07,7,Commercial Plaza
REG-962888,T. Rizvi,Ahmed Lodhi,"House 289, Street 38, Chaklala Scheme 3, Rawalpindi",514964400,2023-09-16,80,Residential House
REG-683937,T. Rizvi,Khalid Lodhi,"House 268, Street 29, Westridge, Rawalpindi",58181928,2021-09-19,7,Residential House
REG-664099,A. Abbasi,Irfan Sheikh,"House 253, Street 14, University Town, Peshawar",26470685,2022-10-11,5,Residential Plot
REG-343448,B.Zaidi,Uzma Zaidi,"House 243, Street 37, University Town, Peshawar",16813055,2021-06-12,7,Residential Plot
REG-245203,H. Mirza,Ibrahim Gondal,"House 62, Street 1, Cantt, Multan",114265440,2023-04-26,20,Apartment
REG-166174,H. Mirza,Babar Zaidi,"House 31, Street 29, Gulgasht, Multan",56467460,2025-02-16,7,Farmhouse
REG-756286,R. Qureshi,Ayesha Orakzai,"House 209, Street 8, Clifton Block 2, Karachi",256401800,2024-11-28,40,Residential Plot
REG-518762,Chaudhary Ahmed Butt,Sana Butt,"House 354, Street 39, Gulshan-e-Iqbal, Karachi",10672524,2021-01-23,3,Farmhouse
REG-316413,Khalid Lodhi,Owais Niazi,"House 104, Street 2, Gulbahar, Peshawar",173901940,2022-04-25,20,Residential House
REG-528917,H.Virk,Hafsa Afridi,"House 265, Street 24, Westridge, Rawalpindi",245999080,2022-02-06,40,Farmhouse
REG-142214,S.Gill,Sadia Qureshi,"House 191, Street 29, Gulshan-e-Iqbal, Karachi",321283160,2022-05-17,40,Commercial Plaza
REG-926791,Talha Afridi,Naveed Baig,"House 53, Street 40, Chaklala Scheme 3, Rawalpindi",26366564,2025-04-17,7,Residential House
REG-947417,Talha Afridi,Javeria Cheema,"House 326, Street 34, Westridge, Rawalpindi",18374524,2022-07-06,7,Farmhouse
REG-651930,Rashid Zaidi,Rabia Wazir,"House 395, Street 11, Model Town, Lahore",50206380,2021-09-19,20,Farmhouse
REG-776193,R.Siddiqui,Amna Dar,"House 182, Street 9, University Town, Peshawar",27896040,2024-02-20,5,Residential Plot
REG-111223,R.Siddiqui,Zubair Mehsud,"House 144, Street 25, University Town, Peshawar",452707200,2023-07-17,80,Apartment
REG-850497,Amna Khattak,Lubna Durrani,"House 387, Street 18, Clifton Block 2, Karachi",247649840,2021-09-22,80,Apartment
REG-794988,Amna Khattak,Yousuf Baig,"House 350, Street 28, Clifton Block 2, Karachi",52017920,2023-11-07,10,Commercial Plaza
REG-186068,Luqman Kayani,Mansoor Baig,"House 328, Street 32, Satellite Town, Rawalpindi",199134760,2024-11-18,40,Apartment
REG-211065,Zainab Gondal,Danish Lodhi,"House 141, Street 8, Clifton Block 2, Karachi",37519601,2023-08-27,7,Residential Plot
REG-830244,R.Baig,Javeria Awan,"House 326, Street 24, Hayatabad Phase 3, Peshawar",40053531,2023-06-23,7,Commercial Plaza
REG-631364,Sajid Saddozai,Bilal Chaudhry,"House 120, Street 17, Shah Rukn-e-Alam, Multan",44052885,2021-10-02,5,Farmhouse
REG-606486,Zeeshan Zaidi,Mubashir Bukhari,"House 322, Street 12, Westridge, Rawalpindi",27910330,2023-09-17,7,Farmhouse
REG-510043,K. Rajput,Naveed Zaidi,"House 373, Street 4, Westridge, Rawalpindi",32393840,2026-02-26,5,Commercial Plaza
REG-739423,Mustafa Bhatti,Khadija Bukhari,"House 47, Street 11, Chaklala Scheme 3, Rawalpindi",6335970,2026-01-26,3,Farmhouse
REG-228283,B.Khokhar,Muhammad Gilani,"House 121, Street 7, Shah Rukn-e-Alam, Multan",43178856,2021-02-28,7,Residential House
REG-860400,Obaid Bangash,Rauf Cheema,"House 286, Street 24, Model Town, Lahore",25189905,2026-01-05,5,Residential Plot
REG-636579,Faisal Abbasi,Zafar Cheema,"House 300, Street 8, Madina Town, Faisalabad",23032270,2022-03-22,5,Farmhouse
REG-910405,Faisal Abbasi,Sajid Gilani,"House 303, Street 7, D Ground, Faisalabad",489288400,2021-05-07,80,Residential House
REG-292295,Saba Naqvi,Talha Kazmi,"House 240, Street 14, Chaklala Scheme 3, Rawalpindi",151830160,2021-04-30,40,Residential Plot
REG-359276,Sardar Sufyan Ansari,Noor Siddiqui,"House 45, Street 27, Peoples Colony, Faisalabad",129093560,2023-10-29,40,Farmhouse
REG-353125,Mian Sufyan Ansari,Mubashir Sandhu,"House 43, Street 34, D Ground, Faisalabad",228383280,2025-07-15,40,Apartment
REG-717807,Sardar Kinza Siddiqui,Zafar Kazmi,"House 78, Street 34, Gulgasht, Multan",252693080,2022-10-28,40,Apartment
REG-220547,Mian Kinza Siddiqui,Anas Kakar,"House 295, Street 6, Shah Rukn-e-Alam, Multan",217809720,2024-11-03,40,Farmhouse
REG-577934,Z.Mehsud,Khalid Siddiqui,"House 255, Street 35, Wapda Town, Lahore",14233835,2024-07-26,7,Commercial Plaza
REG-420575,Kinza Mehsud,Rida Mehsud,"House 299, Street 37, D Ground, Faisalabad",28528829,2021-05-23,7,Farmhouse
REG-163396,Kinza Mehsud,Umar Khan,"House 16, Street 27, Peoples Colony, Faisalabad",19683980,2025-05-15,5,Farmhouse
REG-817079,Anas Niazi,Taimoor Saddozai,"House 365, Street 1, University Town, Peshawar",24070630,2025-05-02,10,Residential House
REG-843364,W.Bhatti,Hina Kayani,"House 210, Street 25, Hayatabad Phase 3, Peshawar",25618201,2022-03-30,7,Residential House
REG-632388,Ali Hashmi,Zainab Dar,"House 128, Street 15, DHA Phase 6, Karachi",599360320,2021-04-08,80,Residential Plot
REG-531165,Syed Sana Hashmi,Kinza Awan,"House 53, Street 39, University Town, Peshawar",557642880,2023-02-16,80,Apartment
REG-814265,Mehwish Siddiqui,Luqman Khokhar,"House 387, Street 15, Peoples Colony, Faisalabad",238769400,2025-01-31,40,Commercial Plaza
REG-603988,Kamran Malik,Kinza Sandhu,"House 334, Street 5, DHA Phase 6, Karachi",152016680,2021-02-12,20,Farmhouse
REG-873280,Kamran Malik,Junaid Gill,"House 280, Street 31, Clifton Block 2, Karachi",146337100,2024-01-19,20,Residential Plot
REG-761386,W. Zaidi,Zafar Dar,"House 248, Street 16, Wapda Town, Lahore",133302880,2021-04-15,40,Residential Plot
REG-353036,Saqib Shirazi,Ahmed Rizvi,"House 366, Street 13, D Ground, Faisalabad",140546140,2023-09-21,20,Residential House
REG-941107,حسن Khattak,Rashid Shirazi,"House 391, Street 20, Gulgasht, Multan",49400687,2024-12-19,7,Commercial Plaza
REG-156531,Mian Iqra Joiya,Saba Hashmi,"House 160, Street 1, University Town, Peshawar",41872700,2023-10-22,20,Residential House
REG-772232,Uzma Mirza,Ahmed Gill,"House 329, Street 11, DHA Phase 5, Lahore",48703600,2023-04-22,10,Residential Plot
REG-901409,Uzma Mirza,Pervez Niazi,"House 383, Street 22, Wapda Town, Lahore",40519420,2026-02-24,10,Commercial Plaza
REG-344700,Haji Tariq Tarar,Arsalan Kakar,"House 396, Street 11, Gulberg III, Lahore",216717480,2021-12-03,40,Residential Plot
REG-593997,Khadija Sandhu,Noor Virk,"House 189, Street 21, D Ground, Faisalabad",206021200,2025-11-26,80,Residential House
REG-985608,Mian Usman Virk,Naveed Tarar,"House 22, Street 39, Gulbahar, Peshawar",50521583,2023-06-05,7,Residential House
REG-994456,Rehan Ansari,Javeria Gondal,"House 189, Street 29, Gulbahar, Peshawar",48007239,2024-06-15,7,Farmhouse
REG-456798,Rehan Ansari,Obaid Gill,"House 153, Street 32, University Town, Peshawar",55108850,2021-01-05,10,Apartment
REG-332563,Z.Zaidi,Zubair Awan,"House 75, Street 28, Madina Town, Faisalabad",61675929,2024-05-08,7,Commercial Plaza
REG-108367,بلال خان,Bilal Baig,"House 241, Street 34, DHA Phase 5, Lahore",16144044,2023-05-10,3,Commercial Plaza
REG-295216,U. Baig,Shoaib Sandhu,"House 119, Street 6, DHA Phase 6, Karachi",36191701,2023-02-01,7,Residential Plot
REG-232924,Chaudhary Ubaid Bukhari,Adnan Butt,"House 136, Street 3, Cantt, Multan",20092800,2023-02-26,5,Commercial Plaza
REG-671716,Syed Ubaid Bukhari,Bushra Naqvi,"House 128, Street 19, Gulgasht, Multan",270773280,2025-08-08,40,Residential Plot
REG-551277,Umar Janjua,Junaid Hashmi,"House 33, Street 8, Gulgasht, Multan",65760880,2025-02-15,10,Residential Plot
REG-227210,Umar Janjua,Zafar Virk,"House 380, Street 33, Gulgasht, Multan",39153900,2025-04-06,5,Apartment
REG-368511,Haji Irfan Sandhu,Anas Gill,"House 11, Street 4, F-8/3, Islamabad",61468650,2021-08-02,10,Commercial Plaza
REG-186675,R.Mehsud,Mehwish Orakzai,"House 282, Street 15, Hayatabad Phase 3, Peshawar",21408660,2023-04-05,10,Residential Plot
REG-639776,Rashid Shirazi,Rauf Abbasi,"House 153, Street 18, Wapda Town, Lahore",21891183,2024-02-26,3,Residential Plot
REG-638313,Chaudhary Fahad Kazmi,Rauf Mughal,"House 301, Street 39, Madina Town, Faisalabad",104048580,2024-06-24,20,Farmhouse
REG-906527,Mian Fahad Kazmi,Farhan Kazmi,"House 99, Street 18, D Ground, Faisalabad",135420400,2024-08-03,40,Residential House
REG-810890,Hafsa Bangash,Arsalan Mehsud,"House 68, Street 40, Gulbahar, Peshawar",30977225,2024-07-24,5,Residential Plot
REG-795107,Hafsa Bangash,Rehan Qureshi,"House 372, Street 6, Gulbahar, Peshawar",424564240,2023-08-30,80,Apartment
REG-588528,Madiha Khan,Rabia Afridi,"House 85, Street 26, Hayatabad Phase 3, Peshawar",11103270,2022-07-04,5,Residential House
REG-757968,N.Rizvi,Kashif Shirazi,"House 9, Street 7, Shah Rukn-e-Alam, Multan",15003705,2022-05-06,3,Farmhouse
REG-746760,Kamran Kayani,Waqas Saddozai,"House 256, Street 20, DHA Phase 6, Karachi",25154481,2023-02-10,3,Farmhouse
REG-995787,M.Sial,Mubashir Baig,"House 285, Street 6, Peoples Colony, Faisalabad",15014525,2021-05-22,5,Residential House
REG-565385,حسن Kayani,Fatima Yousafzai,"House 211, Street 38, Cantt, Multan",48978244,2023-10-28,7,Apartment
REG-357296,حسن Kayani,Zainab Wazir,"House 363, Street 33, Shah Rukn-e-Alam, Multan",52701190,2023-02-13,10,Residential House
REG-373182,K.Butt,Taimoor Ansari,"House 121, Street 37, DHA Phase 6, Karachi",168764780,2021-03-04,20,Commercial Plaza
REG-453130,Chaudhary Ubaid Virk,Ahmed Wazir,"House 218, Street 27, Gulgasht, Multan",26967745,2021-02-14,7,Commercial Plaza
REG-344360,Chaudhary Ubaid Virk,Noman Mirza,"House 292, Street 18, Shah Rukn-e-Alam, Multan",60595955,2025-07-13,7,Commercial Plaza
REG-548583,Taimoor Dar,Ubaid Lodhi,"House 9, Street 27, Madina Town, Faisalabad",71763880,2025-05-04,10,Farmhouse
REG-459483,T. Khokhar,Tooba Tareen,"House 69, Street 33, Model Town, Lahore",43862007,2022-02-02,7,Apartment
REG-259388,T.Mirza,Adnan Shirazi,"House 146, Street 21, Hayatabad Phase 3, Peshawar",34158420,2021-04-30,5,Apartment
REG-653267,Sufyan Hashmi,Adnan Sheikh,"House 64, Street 19, Wapda Town, Lahore",389864880,2024-04-08,80,Residential House
REG-782401,Sufyan Hashmi,Zubair Rizvi,"House 188, Street 1, DHA Phase 5, Lahore",196921360,2021-04-11,40,Farmhouse
REG-617955,Rauf Zaidi,Ahmed Shirazi,"House 323, Street 34, Cantt, Multan",69975130,2026-02-02,10,Commercial Plaza
REG-410326,Rauf Zaidi,Sadia Orakzai,"House 145, Street 7, Cantt, Multan",700512640,2021-06-16,80,Residential House
REG-420167,R. Niazi,Haris Mehsud,"House 199, Street 29, Chaklala Scheme 3, Rawalpindi",61560440,2022-10-09,20,Residential Plot
REG-236569,R. Niazi,Sufyan Hashmi,"House 378, Street 37, Chaklala Scheme 3, Rawalpindi",140369880,2024-05-01,40,Apartment
REG-633187,K. Naqvi,Kashif Mehsud,"House 28, Street 29, E-11/2, Islamabad",39500320,2022-01-24,10,Commercial Plaza
REG-229799,Haji Zafar Kazmi,Danish Zaidi,"House 364, Street 19, G-13/1, Islamabad",49327334,2022-07-18,7,Apartment
REG-765236,Mian Zafar Kazmi,Zara Niazi,"House 15, Street 8, G-13/1, Islamabad",257111840,2023-09-11,40,Residential House
REG-729083,Rauf Butt,Sajid Kazmi,"House 302, Street 8, Hayatabad Phase 3, Peshawar",16716360,2022-02-01,5,Residential House
REG-455875,Rauf Butt,Faisal Mehsud,"House 311, Street 34, Gulbahar, Peshawar",148482000,2022-11-23,20,Residential Plot
REG-618095,S.Rajput,Shahzad Malik,"House 47, Street 19, D Ground, Faisalabad",148299680,2022-07-13,20,Farmhouse
REG-702654,Haji Wajahat Khattak,Bushra Qureshi,"House 383, Street 31, Gulbahar, Peshawar",40501090,2026-03-09,7,Residential House
REG-943734,Mian Javeria Bukhari,Yousuf Gill,"House 255, Street 24, Gulgasht, Multan",14068839,2021-12-17,3,Farmhouse
REG-182933,E. Rizvi,Farah Gondal,"House 136, Street 30, Madina Town, Faisalabad",163468040,2021-12-24,40,Farmhouse
REG-415254,Atif Janjua,Saqib Gill,"House 164, Street 34, Peoples Colony, Faisalabad",25965385,2023-02-28,5,Farmhouse
REG-993381,Iqra Sial,Muhammad Janjua,"House 45, Street 10, Gulgasht, Multan",51933714,2022-10-15,7,Residential House
REG-840470,Iqra Sial,Owais Janjua,"House 106, Street 9, Cantt, Multan",70774110,2024-03-24,10,Commercial Plaza
REG-637853,Noman Khokhar,Madiha Ansari,"House 112, Street 38, Madina Town, Faisalabad",16252061,2023-06-09,7,Residential House
REG-550136,T. Khattak,Hussain Afridi,"House 52, Street 34, University Town, Peshawar",29690136,2022-05-07,7,Residential House
REG-846401,T. Khattak,Waseem Durrani,"House 357, Street 35, Gulbahar, Peshawar",51869980,2025-05-14,20,Commercial Plaza
REG-425701,Rashid Kayani,Saad Kakar,"House 327, Street 13, D Ground, Faisalabad",14797059,2024-04-29,3,Residential House
REG-438195,Bilal Butt,Babar Gill,"House 247, Street 25, Gulbahar, Peshawar",45269476,2023-03-05,7,Residential House
REG-787999,Malik Noman Butt,Fatima Bukhari,"House 29, Street 2, Shah Rukn-e-Alam, Multan",37765091,2025-02-27,7,Farmhouse
REG-495080,Syed Shoaib Mughal,Waseem Khokhar,"House 95, Street 21, Gulbahar, Peshawar",345326680,2022-07-06,40,Apartment
REG-781321,Mian Shoaib Mughal,Shahzad Kayani,"House 271, Street 18, Hayatabad Phase 3, Peshawar",131029900,2023-04-26,20,Residential Plot
REG-119310,Haji Sajid Hashmi,Rida Afridi,"House 309, Street 18, G-10/2, Islamabad",29849900,2023-09-24,5,Commercial Plaza
REG-253873,Tariq Tarar,Javeria Siddiqui,"House 154, Street 26, Cantt, Multan",39297006,2025-06-13,7,Farmhouse
REG-408049,Tariq Tarar,Nadeem Raja,"House 224, Street 40, Cantt, Multan",62254580,2024-02-21,10,Commercial Plaza
REG-450549,Haji Noman Mehsud,Imran Tarar,"House 366, Street 4, Clifton Block 2, Karachi",34173590,2022-07-28,5,Residential Plot
REG-795285,Sardar Noman Mehsud,Adnan Bukhari,"House 365, Street 25, North Nazimabad, Karachi",51276670,2023-01-21,10,Farmhouse
REG-883260,Laiba Dar,Kamran Bangash,"House 178, Street 39, Gulberg III, Lahore",25889735,2021-12-04,5,Apartment
REG-774601,Ghulam Warraich,Kamran Mehsud,"House 269, Street 24, Gulberg III, Lahore",27097935,2022-11-04,5,Farmhouse
REG-131795,Ghulam Warraich,Noman Bukhari,"House 83, Street 4, Wapda Town, Lahore",88379020,2021-03-22,20,Farmhouse
REG-543483,فاطمہ ملک,Lubna Baig,"House 131, Street 28, D Ground, Faisalabad",28666162,2023-04-02,7,Residential House
REG-976237,Arsalan Shirazi,Luqman Abbasi,"House 77, Street 20, Hayatabad Phase 3, Peshawar",121878940,2021-08-17,20,Farmhouse
REG-859841,Malik Waqas Afridi,Madiha Warraich,"House 137, Street 3, Madina Town, Faisalabad",486687280,2025-03-02,80,Farmhouse
REG-136946,Syed Waqas Afridi,Javeria Yousafzai,"House 335, Street 30, Peoples Colony, Faisalabad",56923608,2026-03-02,7,Commercial Plaza
REG-335508,G.Tareen,Mansoor Shirazi,"House 310, Street 35, DHA Phase 6, Karachi",74269290,2024-10-06,10,Residential House
REG-455960,G.Tareen,Hamza Shirazi,"House 267, Street 34, DHA Phase 6, Karachi",50240740,2024-03-27,20,Commercial Plaza
REG-137801,Sardar Junaid Kazmi,Lubna Awan,"House 161, Street 5, Gulbahar, Peshawar",48100458,2024-08-08,7,Apartment
REG-982765,Haji Khalid Virk,Zubair Naqvi,"House 171, Street 17, Model Town, Lahore",71584560,2026-01-22,20,Residential Plot
REG-891116,Syed Khalid Virk,Bilal Baig,"House 170, Street 40, Johar Town, Lahore",24817562,2021-02-28,7,Farmhouse
REG-596694,S.Kayani,Yasir Naqvi,"House 339, Street 30, Gulshan-e-Iqbal, Karachi",50373939,2022-01-22,7,Residential Plot
REG-350927,Y.Abbasi,Shahzad Warraich,"House 161, Street 1, Shah Rukn-e-Alam, Multan",56246561,2023-05-01,7,Apartment
REG-155919,Owais Kazmi,Saba Gilani,"House 306, Street 26, Chaklala Scheme 3, Rawalpindi",256095360,2023-07-18,80,Residential House
REG-350662,Owais Kazmi,Yousuf Abbasi,"House 109, Street 34, Bahria Phase 4, Rawalpindi",28460065,2023-09-23,5,Residential Plot
REG-128699,Sana Sandhu,Atif Kayani,"House 381, Street 37, G-13/1, Islamabad",59297896,2021-10-29,7,Apartment
REG-406393,Haji Waseem Warraich,Noman Warraich,"House 345, Street 13, Bahria Phase 4, Rawalpindi",498529440,2023-09-01,80,Residential House
REG-554886,Adnan Sial,Bilal Yousafzai,"House 289, Street 8, Peoples Colony, Faisalabad",16770755,2021-01-17,5,Residential Plot
REG-595208,Rana Kamran Gondal,Shoaib Rizvi,"House 107, Street 21, North Nazimabad, Karachi",46859760,2022-02-04,10,Farmhouse
REG-804686,Sardar Kamran Gondal,Nimra Kazmi,"House 370, Street 16, Gulshan-e-Iqbal, Karachi",617999600,2023-10-08,80,Apartment
REG-204086,N. Gilani,Rauf Saddozai,"House 50, Street 21, Peoples Colony, Faisalabad",460856000,2022-05-20,80,Residential Plot
REG-920721,N. Gilani,Mansoor Sandhu,"House 354, Street 16, Peoples Colony, Faisalabad",171214900,2021-08-02,20,Apartment
REG-171151,B. Bukhari,Shahzad Rajput,"House 109, Street 39, Model Town, Lahore",51978240,2022-06-24,10,Commercial Plaza
REG-341889,B. Bukhari,Mehwish Gilani,"House 156, Street 28, Gulberg III, Lahore",104076140,2025-05-29,20,Farmhouse
REG-221298,N.Rajput,Naveed Dar,"House 148, Street 10, Gulgasht, Multan",17043075,2022-12-17,5,Residential Plot
REG-303493,Zubair Sandhu,Khalid Zaidi,"House 27, Street 11, Shah Rukn-e-Alam, Multan",16182678,2021-03-26,3,Commercial Plaza
REG-400842,E. Wazir,Mustafa Gondal,"House 188, Street 4, Chaklala Scheme 3, Rawalpindi",15377195,2022-03-02,5,Apartment
REG-911948,E. Wazir,Ibrahim Dar,"House 332, Street 34, Chaklala Scheme 3, Rawalpindi",270373040,2026-02-26,80,Apartment
REG-285358,Rana Arsalan Niazi,Rashid Butt,"House 56, Street 11, Cantt, Multan",16377630,2026-02-22,3,Residential House
REG-586768,R. Tarar,Waseem Awan,"House 179, Street 29, E-11/2, Islamabad",34843660,2021-03-01,10,Apartment
REG-491950,Mansoor Baig,Sadia Khattak,"House 231, Street 39, Wapda Town, Lahore",586778880,2023-01-26,80,Residential Plot
REG-864092,Syed Kashif Tarar,Junaid Abbasi,"House 188, Street 40, F-8/3, Islamabad",221021600,2021-12-19,80,Commercial Plaza
REG-113885,Sardar Kashif Tarar,Sajid Tarar,"House 185, Street 28, G-10/2, Islamabad",433281120,2021-05-06,80,Commercial Plaza
REG-186806,T.Kayani,Ghulam Warraich,"House 264, Street 29, Gulberg III, Lahore",37389296,2021-06-13,7,Residential House
REG-715421,T.Kayani,Javeria Kayani,"House 350, Street 5, DHA Phase 5, Lahore",465366160,2024-06-06,80,Commercial Plaza
REG-388392,Mian Noman Durrani,Hafsa Khokhar,"House 310, Street 24, Chaklala Scheme 3, Rawalpindi",51065903,2021-11-14,7,Residential Plot
REG-941590,M.Janjua,Mahnoor Rajput,"House 229, Street 21, B-17, Islamabad",42627420,2023-04-12,5,Commercial Plaza
REG-226911,Zafar Tareen,Ehsan Rajput,"House 230, Street 14, Cantt, Multan",18148494,2022-02-09,3,Commercial Plaza
REG-885540,Zara Cheema,Bushra Qureshi,"House 359, Street 36, DHA Phase 6, Karachi",140978760,2023-03-07,20,Residential House
REG-717050,A. Ansari,Obaid Tarar,"House 220, Street 12, Shah Rukn-e-Alam, Multan",14326185,2022-01-31,3,Farmhouse
REG-500607,B.Bhatti,Farah Saddozai,"House 345, Street 18, G-10/2, Islamabad",24759868,2024-03-16,7,Residential House
REG-900917,O.Tarar,Ali Shirazi,"House 159, Street 25, E-11/2, Islamabad",9214620,2021-05-06,3,Residential House
REG-756784,T. Cheema,Farah Ansari,"House 191, Street 33, Westridge, Rawalpindi",19494140,2024-09-13,10,Residential Plot
REG-101955,H. Kazmi,Tariq Abbasi,"House 288, Street 39, Chaklala Scheme 3, Rawalpindi",63675590,2021-05-04,10,Commercial Plaza
REG-601801,Rauf Dar,Anas Kayani,"House 208, Street 27, Madina Town, Faisalabad",32968560,2021-04-17,10,Commercial Plaza
REG-701254,Rauf Dar,Bilal Virk,"House 86, Street 3, D Ground, Faisalabad",27828330,2021-09-07,10,Commercial Plaza
REG-263332,Obaid Bukhari,Shoaib Bukhari,"House 54, Street 36, Model Town, Lahore",29387100,2023-07-19,10,Residential House
REG-470942,Obaid Bukhari,Saad Kazmi,"House 48, Street 8, Gulberg III, Lahore",79732890,2022-06-06,10,Farmhouse
REG-423836,M.Khattak,Umar Ansari,"House 129, Street 40, Bahria Phase 4, Rawalpindi",31856937,2022-06-08,7,Farmhouse
REG-940762,M.Khattak,Ehsan Wazir,"House 305, Street 30, Westridge, Rawalpindi",636653600,2023-08-20,80,Residential House
REG-659341,N.Khattak,Mubashir Sheikh,"House 371, Street 13, Gulbahar, Peshawar",21241659,2024-12-06,3,Residential Plot
REG-359575,Sardar Tooba Abbasi,Naveed Orakzai,"House 360, Street 23, Westridge, Rawalpindi",109739240,2021-09-04,40,Residential House
REG-100889,محمد Sial,Umar Zaidi,"House 246, Street 10, DHA Phase 6, Karachi",48036060,2023-11-28,10,Commercial Plaza
REG-193098,Rashid Mirza,Ayesha Malik,"House 141, Street 31, Wapda Town, Lahore",25130390,2023-11-19,10,Commercial Plaza
REG-492168,Haji Uzma Gondal,Anas Zaidi,"House 37, Street 2, Clifton Block 2, Karachi",39898180,2024-02-26,7,Residential Plot
REG-659809,Sardar Uzma Gondal,Rehan Gilani,"House 211, Street 17, Gulshan-e-Iqbal, Karachi",163677900,2023-09-11,20,Residential House
REG-298454,Sajid Durrani,Talha Joiya,"House 152, Street 28, Johar Town, Lahore",29391680,2024-03-15,10,Farmhouse
REG-101906,Rabia قریشی,Farhan Gondal,"House 330, Street 28, Chaklala Scheme 3, Rawalpindi",75371940,2021-03-03,20,Residential Plot
REG-449345,Adnan ملک,Noor Kazmi,"House 242, Street 35, Gulberg III, Lahore",19429785,2021-10-09,3,Commercial Plaza
REG-240754,N. Tareen,Umar Raja,"House 4, Street 22, Clifton Block 2, Karachi",20143256,2024-02-11,7,Commercial Plaza
REG-362612,Chaudhary Ahmed Bukhari,Bilal Zaidi,"House 10, Street 35, North Nazimabad, Karachi",21862155,2024-07-19,5,Apartment
REG-264375,H. Raja,Faisal Siddiqui,"House 309, Street 36, Hayatabad Phase 3, Peshawar",18170440,2024-07-04,5,Farmhouse
REG-502192,B. Tareen,Lubna Mirza,"House 79, Street 32, Cantt, Multan",41487173,2022-05-23,7,Commercial Plaza
REG-360028,Syed Amna Lodhi,Saba Zaidi,"House 325, Street 7, I-8/4, Islamabad",41023297,2025-12-14,7,Farmhouse
REG-409487,Rana Amna Lodhi,Saad Janjua,"House 5, Street 11, G-10/2, Islamabad",412783520,2024-07-05,80,Apartment
REG-403166,D.Saddozai,Lubna Bhatti,"House 33, Street 11, Shah Rukn-e-Alam, Multan",47607952,2026-02-04,7,Residential Plot
REG-937941,D.Saddozai,Tariq Saddozai,"House 380, Street 26, Gulgasht, Multan",40249020,2021-09-01,5,Apartment
REG-628658,D. Awan,Zainab Ansari,"House 28, Street 5, Westridge, Rawalpindi",20267110,2025-04-05,5,Commercial Plaza
REG-433066,Hina Rizvi,Hussain Warraich,"House 58, Street 7, E-11/2, Islamabad",38317120,2025-07-15,20,Farmhouse
REG-999021,N. Gondal,Madiha Afridi,"House 101, Street 20, Gulgasht, Multan",218318080,2022-11-12,80,Apartment
REG-822473,N. Gondal,Owais Afridi,"House 273, Street 13, Gulgasht, Multan",17441010,2021-03-15,5,Apartment
REG-494247,Chaudhary Farah Orakzai,Danish Malik,"House 83, Street 6, F-8/3, Islamabad",101056760,2025-03-07,40,Apartment
REG-848535,عائشہ Khattak,Atif Siddiqui,"House 140, Street 17, Gulberg III, Lahore",477114960,2022-06-20,80,Commercial Plaza
REG-923694,عائشہ Khattak,Mustafa Warraich,"House 32, Street 27, Model Town, Lahore",282288800,2021-05-05,80,Apartment
REG-527208,Rida Butt,Asad Raja,"House 374, Street 21, Peoples Colony, Faisalabad",34323500,2021-08-24,5,Apartment
REG-232967,H.Warraich,Yasir Khan,"House 289, Street 1, Model Town, Lahore",64560950,2024-06-09,10,Apartment
REG-846548,H.Warraich,Kinza Niazi,"House 224, Street 11, Johar Town, Lahore",49526640,2024-11-28,20,Commercial Plaza
REG-524976,Y. Abbasi,Hassan Warraich,"House 19, Street 12, Shah Rukn-e-Alam, Multan",36214234,2026-01-21,7,Commercial Plaza
REG-848960,Chaudhary Jawad Tareen,Tariq Gilani,"House 245, Street 18, Wapda Town, Lahore",75559720,2021-01-02,10,Farmhouse
REG-710713,Haji Jawad Tareen,Sana Baig,"House 258, Street 23, Model Town, Lahore",291332480,2023-08-06,80,Residential House
REG-937407,Rida ملک,Kashif Mirza,"House 378, Street 20, Cantt, Multan",22559665,2025-08-11,5,Residential House
REG-399953,A. Malik,Rida Raja,"House 372, Street 1, Hayatabad Phase 3, Peshawar",61707653,2021-06-21,7,Farmhouse
REG-260773,Babar Durrani,Shahzad Durrani,"House 220, Street 26, Chaklala Scheme 3, Rawalpindi",35395415,2024-09-27,5,Residential Plot
REG-673217,Babar Durrani,Junaid Warraich,"House 53, Street 16, Satellite Town, Rawalpindi",290268400,2022-08-08,40,Residential Plot
REG-472172,M.Durrani,Bilal Abbasi,"House 44, Street 19, Chaklala Scheme 3, Rawalpindi",13712530,2022-01-17,5,Apartment
REG-986866,M.Durrani,Mubashir Raja,"House 382, Street 11, Westridge, Rawalpindi",63418410,2022-04-07,10,Farmhouse
REG-364778,زینب شیخ,Ali Gill,"House 3, Street 10, Madina Town, Faisalabad",16885080,2022-02-14,3,Residential Plot
REG-429818,H.Bukhari,Amna Sandhu,"House 353, Street 25, F-8/3, Islamabad",54027729,2023-03-09,7,Commercial Plaza
REG-260925,Syed Nimra Mehsud,Tooba Rizvi,"House 236, Street 2, Satellite Town, Rawalpindi",38060590,2024-09-19,5,Apartment
REG-595728,Malik Ehsan Malik,Ehsan Mughal,"House 30, Street 20, Peoples Colony, Faisalabad",406626320,2021-12-10,80,Farmhouse
REG-729045,Syed Shahzad Naqvi,Bilal Mughal,"House 317, Street 4, Madina Town, Faisalabad",44866785,2025-07-20,5,Apartment
REG-659582,Chaudhary Shahzad Naqvi,Zainab Awan,"House 329, Street 30, D Ground, Faisalabad",95397500,2026-02-11,20,Residential Plot
REG-991059,Syed Luqman Abbasi,Qasim Butt,"House 19, Street 12, Gulgasht, Multan",44343170,2023-08-25,5,Farmhouse
REG-262301,Haji Ghulam Sheikh,Qasim Abbasi,"House 266, Street 33, Gulbahar, Peshawar",104690880,2021-01-10,40,Residential Plot
REG-925837,Chaudhary Ghulam Sheikh,Salman Gill,"House 138, Street 2, University Town, Peshawar",177080440,2023-09-14,20,Farmhouse
REG-482005,Hina Joiya,Usman Bangash,"House 353, Street 21, Hayatabad Phase 3, Peshawar",78224740,2021-11-17,20,Farmhouse
REG-536663,Syed Danish Khattak,Nimra Butt,"House 90, Street 5, DHA Phase 5, Lahore",40158890,2021-07-31,5,Farmhouse
REG-725942,Malik Danish Khattak,Arsalan Durrani,"House 149, Street 23, DHA Phase 5, Lahore",504744480,2021-05-03,80,Residential House
REG-159230,عائشہ Sandhu,Ali Mirza,"House 374, Street 19, Madina Town, Faisalabad",46263973,2021-03-28,7,Residential House
REG-341392,عائشہ Sandhu,Wajahat Sial,"House 284, Street 14, D Ground, Faisalabad",110111640,2024-03-01,40,Apartment
REG-144629,Mian Khadija Mughal,Sajid Abbasi,"House 245, Street 34, Gulshan-e-Iqbal, Karachi",58838000,2024-03-16,10,Farmhouse
REG-747235,Sardar Khadija Mughal,Nadeem Abbasi,"House 169, Street 12, Gulshan-e-Iqbal, Karachi",634438560,2025-04-02,80,Farmhouse
REG-873831,Z.Kakar,Obaid Joiya,"House 243, Street 35, Bahria Phase 4, Rawalpindi",55706850,2025-09-19,10,Farmhouse
REG-102069,Chaudhary Sana Shirazi,Hamza Siddiqui,"House 129, Street 19, Chaklala Scheme 3, Rawalpindi",426220320,2022-05-01,80,Commercial Plaza
REG-878459,Haji Sana Shirazi,Owais Zaidi,"House 272, Street 40, Satellite Town, Rawalpindi",11028865,2025-12-06,5,Apartment
REG-261084,Irfan Khan,Babar Zaidi,"House 234, Street 32, DHA Phase 5, Lahore",12788622,2022-12-09,3,Residential Plot
REG-925373,Farhan Tarar,Fahad Mehsud,"House 283, Street 4, Shah Rukn-e-Alam, Multan",457117680,2021-09-29,80,Commercial Plaza
REG-994272,Farhan Tarar,Hamza Virk,"House 23, Street 32, Cantt, Multan",29027621,2023-05-14,7,Farmhouse
REG-596956,Rana Umar Naqvi,Iqra Bukhari,"House 178, Street 16, Wapda Town, Lahore",137039200,2022-11-17,20,Residential House
REG-236516,Mehwish Cheema,Noor Hashmi,"House 360, Street 16, University Town, Peshawar",27026055,2021-10-04,5,Residential House
REG-601641,Saba Shirazi,Sajid Chaudhry,"House 136, Street 10, G-13/1, Islamabad",145363080,2023-12-15,20,Commercial Plaza
REG-133605,Saba Shirazi,Sadia Zaidi,"House 327, Street 3, E-11/2, Islamabad",687523520,2025-09-15,80,Farmhouse
REG-191774,Sufyan Khattak,Nimra Cheema,"House 8, Street 15, Clifton Block 2, Karachi",8989242,2024-06-12,3,Commercial Plaza
REG-885990,S.Shirazi,Owais Tareen,"House 81, Street 23, DHA Phase 5, Lahore",37977290,2022-09-08,5,Residential House
REG-720539,F. Malik,Javeria Naqvi,"House 209, Street 33, Madina Town, Faisalabad",246581480,2024-07-02,40,Residential Plot
REG-761849,F. Malik,Nadia Mirza,"House 199, Street 26, D Ground, Faisalabad",91152840,2024-10-15,20,Residential Plot
REG-666275,A.Khokhar,Tooba Lodhi,"House 18, Street 21, D Ground, Faisalabad",291442440,2025-03-30,40,Apartment
REG-746061,A.Khokhar,Mahnoor Qureshi,"House 165, Street 25, Peoples Colony, Faisalabad",604136960,2024-08-29,80,Farmhouse
REG-627259,F.Gondal,Fatima Malik,"House 329, Street 9, University Town, Peshawar",85090310,2021-10-27,10,Residential House
REG-867893,F.Gondal,Tooba Awan,"House 52, Street 3, Hayatabad Phase 3, Peshawar",705041440,2024-11-08,80,Farmhouse
REG-194087,Khalid Siddiqui,Lubna Awan,"House 222, Street 40, Satellite Town, Rawalpindi",38527170,2025-05-21,10,Residential House
REG-385366,Khalid Siddiqui,Nasir Lodhi,"House 49, Street 12, Chaklala Scheme 3, Rawalpindi",53585420,2023-01-28,20,Residential House
REG-579350,K.Bhatti,Nadia Abbasi,"House 226, Street 34, I-8/4, Islamabad",37592835,2021-02-27,7,Residential Plot
REG-199005,F. Kazmi,Faisal Abbasi,"House 334, Street 40, Chaklala Scheme 3, Rawalpindi",47244300,2024-02-27,10,Farmhouse
REG-807683,A.Afridi,Hina Gilani,"House 336, Street 18, Chaklala Scheme 3, Rawalpindi",15648609,2023-09-10,3,Commercial Plaza
REG-974151,S.Gondal,Farah Mirza,"House 355, Street 26, University Town, Peshawar",714172000,2024-05-20,80,Apartment
REG-743745,S.Gondal,Sana Wazir,"House 370, Street 20, Gulbahar, Peshawar",362476800,2023-11-17,80,Residential Plot
REG-957559,Obaid Malik,Hamza Hashmi,"House 246, Street 5, Gulberg III, Lahore",80077620,2021-12-26,20,Apartment
REG-886539,Z. Orakzai,Muhammad Malik,"House 175, Street 36, G-10/2, Islamabad",8359545,2024-09-14,3,Farmhouse
REG-339075,Khalid Rizvi,Noman Lodhi,"House 265, Street 16, Chaklala Scheme 3, Rawalpindi",89424680,2023-08-31,20,Residential Plot
REG-985740,Khalid Rizvi,Zubair Afridi,"House 270, Street 3, Chaklala Scheme 3, Rawalpindi",215052160,2021-05-17,80,Apartment
REG-364163,Syed Rida Chaudhry,Zara Awan,"House 145, Street 24, Peoples Colony, Faisalabad",52888948,2024-04-14,7,Residential Plot
REG-375144,Shahzad بٹ,Salman Durrani,"House 305, Street 14, Hayatabad Phase 3, Peshawar",321187800,2022-07-25,40,Apartment
REG-290782,Ayesha Mirza,Mustafa Gondal,"House 16, Street 12, Shah Rukn-e-Alam, Multan",50525874,2025-04-28,7,Residential Plot
REG-773423,Syed Irfan Gill,Fahad Bhatti,"House 128, Street 4, Clifton Block 2, Karachi",13159713,2022-11-20,3,Farmhouse
REG-151653,U.Rizvi,Qasim Kakar,"House 393, Street 4, Gulberg III, Lahore",32582605,2025-06-02,5,Commercial Plaza
REG-380580,U.Rizvi,Luqman Bangash,"House 305, Street 31, Wapda Town, Lahore",14800210,2023-05-15,5,Commercial Plaza
REG-908887,Bushra Sandhu,Junaid Mirza,"House 51, Street 38, University Town, Peshawar",124649820,2026-03-01,20,Commercial Plaza
REG-976969,زینب Ansari,Rida Niazi,"House 21, Street 40, Gulbahar, Peshawar",40183080,2022-11-29,7,Apartment
REG-815532,H. Awan,Junaid Rajput,"House 254, Street 35, Gulberg III, Lahore",104295600,2025-03-28,40,Residential House
REG-770802,Talha Rizvi,Hina Sial,"House 314, Street 34, Gulbahar, Peshawar",36743070,2023-02-24,7,Farmhouse
REG-510714,N. Bukhari,Taimoor Mughal,"House 224, Street 16, Chaklala Scheme 3, Rawalpindi",17725770,2023-12-31,3,Commercial Plaza
REG-671811,Asad Zaidi,Mansoor Gilani,"House 44, Street 7, Cantt, Multan",13646295,2025-01-22,3,Commercial Plaza
REG-901306,A. Malik,Babar Tarar,"House 185, Street 30, Madina Town, Faisalabad",34692765,2023-09-30,5,Farmhouse
REG-897919,Syed Adnan Orakzai,Kinza Mehsud,"House 326, Street 17, University Town, Peshawar",218982080,2023-01-24,40,Residential Plot
REG-235838,Hina Siddiqui,Fahad Shirazi,"House 399, Street 26, Shah Rukn-e-Alam, Multan",42054152,2024-02-09,7,Residential Plot
REG-947309,Q. Tarar,Bushra Janjua,"House 5, Street 3, G-13/1, Islamabad",52608340,2023-10-02,10,Residential Plot
REG-256867,Junaid Awan,Zafar Baig,"House 62, Street 26, DHA Phase 6, Karachi",258241040,2025-01-11,40,Farmhouse
REG-799080,Junaid Awan,Hassan Rizvi,"House 18, Street 15, Gulshan-e-Iqbal, Karachi",25076758,2023-12-28,7,Commercial Plaza
REG-506907,Noor Mirza,Hussain Yousafzai,"House 364, Street 1, Cantt, Multan",332385200,2022-03-26,80,Commercial Plaza
REG-558881,Noor Mirza,Faisal Raja,"House 346, Street 3, Cantt, Multan",14522438,2024-04-29,7,Commercial Plaza
REG-563191,Noman Chaudhry,Muhammad Orakzai,"House 268, Street 29, Peoples Colony, Faisalabad",25794335,2023-04-24,7,Farmhouse
REG-788981,Chaudhary Uzma Khan,Junaid Gilani,"House 295, Street 18, Shah Rukn-e-Alam, Multan",58410184,2022-06-12,7,Residential House
REG-470724,Nadeem Hashmi,Imran Durrani,"House 121, Street 33, Bahria Phase 4, Rawalpindi",62591025,2021-04-10,7,Commercial Plaza
REG-107266,Nasir Naqvi,Rehan Ansari,"House 350, Street 38, Shah Rukn-e-Alam, Multan",74775360,2022-08-03,40,Residential House
REG-619697,Nasir Naqvi,Hina Janjua,"House 174, Street 20, Gulgasht, Multan",67143560,2022-07-16,20,Residential House
REG-223879,A. Mughal,Junaid Baig,"House 86, Street 29, Gulberg III, Lahore",196536240,2021-12-21,80,Residential House
REG-958962,A. Mughal,Lubna Awan,"House 140, Street 19, Wapda Town, Lahore",326670680,2025-12-27,40,Apartment
REG-702527,Amna Cheema,Danish Janjua,"House 215, Street 10, Wapda Town, Lahore",43253405,2025-02-20,5,Farmhouse
REG-869554,Amna Cheema,Gul Naqvi,"House 277, Street 40, Gulberg III, Lahore",39009950,2022-02-06,5,Residential Plot
REG-661075,Syed Muhammad Ansari,Rehan Baig,"House 122, Street 11, Madina Town, Faisalabad",465930080,2024-04-14,80,Commercial Plaza
REG-741881,Gul Tareen,Babar Baig,"House 59, Street 37, G-10/2, Islamabad",16553885,2022-02-21,5,Residential Plot
REG-277422,Haji Nadeem Tareen,Mehwish Bukhari,"House 316, Street 10, Madina Town, Faisalabad",284362880,2025-04-23,40,Residential Plot
REG-848738,Syed Nadeem Tareen,Hafsa Shirazi,"House 53, Street 33, Madina Town, Faisalabad",496846320,2024-11-30,80,Apartment
REG-721177,N.Orakzai,Gul Khattak,"House 37, Street 26, Cantt, Multan",48619704,2024-09-04,7,Residential Plot
REG-505263,Sardar Usman Baig,Farah Wazir,"House 385, Street 2, E-11/2, Islamabad",14010584,2024-01-30,7,Commercial Plaza
REG-215307,Waqas Dar,Javeria Naqvi,"House 241, Street 10, Gulbahar, Peshawar",44745360,2024-06-01,5,Apartment
REG-384292,B.Malik,Tariq Hashmi,"House 218, Street 18, F-8/3, Islamabad",260561480,2021-07-27,40,Residential House
REG-376832,R. Abbasi,Luqman Joiya,"House 267, Street 10, G-10/2, Islamabad",16362273,2021-08-19,3,Residential House
REG-913644,عثمان Siddiqui,Kinza Saddozai,"House 103, Street 35, Peoples Colony, Faisalabad",51797487,2025-02-19,7,Apartment
REG-315776,Bushra Ansari,Tooba Khattak,"House 77, Street 2, DHA Phase 6, Karachi",12512247,2025-08-15,3,Residential House
REG-418966,Haji Ali Zaidi,Irfan Awan,"House 254, Street 28, Cantt, Multan",388744960,2021-05-15,80,Apartment
REG-747944,Mian Ali Zaidi,Zafar Abbasi,"House 127, Street 40, Cantt, Multan",316620160,2025-06-20,80,Farmhouse
REG-493901,Z. Khan,Imran Shirazi,"House 89, Street 23, Gulbahar, Peshawar",152105400,2022-12-05,20,Farmhouse
REG-906213,Z. Khan,Irfan Saddozai,"House 317, Street 24, University Town, Peshawar",51049579,2024-03-14,7,Apartment
REG-171960,Zeeshan Gondal,Zara Raja,"House 325, Street 30, Gulshan-e-Iqbal, Karachi",11557614,2024-03-25,3,Residential Plot
REG-758612,Hina Khattak,Yasir Chaudhry,"House 274, Street 19, E-11/2, Islamabad",460658240,2024-06-06,80,Residential House
REG-139355,Hina Khattak,Sajid Mehsud,"House 70, Street 14, E-11/2, Islamabad",106560680,2023-01-03,40,Farmhouse
REG-990971,Yasir Sheikh,Pervez Baig,"House 48, Street 12, G-13/1, Islamabad",18060980,2023-11-08,7,Farmhouse
REG-165527,Zafar قریشی,Kinza Yousafzai,"House 196, Street 10, Satellite Town, Rawalpindi",30367305,2025-01-27,5,Farmhouse
REG-413983,Noor قریشی,Ehsan Kakar,"House 152, Street 4, Wapda Town, Lahore",72775680,2025-05-02,20,Residential House
REG-500599,Mubashir Baig,Owais Mughal,"House 278, Street 24, Gulbahar, Peshawar",713030960,2023-10-15,80,Commercial Plaza
REG-261419,Mubashir Baig,Khalid Bangash,"House 341, Street 19, University Town, Peshawar",21453650,2021-07-18,5,Apartment
REG-876767,M. Sial,Rida Cheema,"House 287, Street 29, Hayatabad Phase 3, Peshawar",43367527,2024-02-22,7,Residential Plot
REG-438180,A.Butt,Sana Baig,"House 49, Street 23, B-17, Islamabad",38749565,2023-06-11,5,Apartment
REG-703260,Syed Fahad Sheikh,Zainab Mirza,"House 81, Street 7, Gulshan-e-Iqbal, Karachi",26047340,2025-03-04,5,Farmhouse
REG-378043,Sardar Fahad Sheikh,Hamza Ansari,"House 365, Street 12, DHA Phase 6, Karachi",394011120,2024-04-29,80,Apartment
REG-571638,Zainab Kakar,Ibrahim Awan,"House 384, Street 28, Peoples Colony, Faisalabad",29916236,2026-01-04,7,Residential House
REG-957751,Chaudhary Saqib Ansari,Sana Tarar,"House 362, Street 16, F-8/3, Islamabad",18875140,2021-06-28,5,Residential Plot
REG-262681,M.Shirazi,Kamran Naqvi,"House 86, Street 35, Peoples Colony, Faisalabad",430111200,2021-11-05,80,Residential House
REG-297039,M.Shirazi,Umar Sial,"House 371, Street 15, Peoples Colony, Faisalabad",72850780,2023-10-16,20,Farmhouse
REG-222582,I.Sheikh,Nadeem Bhatti,"House 49, Street 25, DHA Phase 6, Karachi",45481674,2023-07-27,7,Apartment
REG-464860,I.Sheikh,Uzma Janjua,"House 129, Street 33, DHA Phase 6, Karachi",181212240,2024-03-22,80,Residential Plot
REG-834402,Mian Javeria Kazmi,Danish Awan,"House 206, Street 11, Gulgasht, Multan",50692040,2025-11-26,20,Residential Plot
REG-793660,Haji Javeria Kazmi,Mahnoor Awan,"House 33, Street 3, Shah Rukn-e-Alam, Multan",496785840,2022-05-07,80,Residential House
REG-749380,K.Bangash,Khalid Khan,"House 244, Street 37, University Town, Peshawar",45889039,2024-11-03,7,Residential Plot
REG-833983,N. Niazi,Noman Bhatti,"House 17, Street 33, Madina Town, Faisalabad",24917720,2025-05-18,5,Farmhouse
REG-644518,N. Niazi,Rida Zaidi,"House 369, Street 28, D Ground, Faisalabad",426812720,2023-06-16,80,Farmhouse
REG-982672,Saqib Rajput,Hassan Cheema,"House 184, Street 32, Cantt, Multan",19294140,2023-09-13,10,Apartment
REG-400147,Waqas Kazmi,Mansoor Khan,"House 64, Street 29, North Nazimabad, Karachi",33848135,2025-01-21,5,Farmhouse
REG-570210,Waqas Kazmi,Asad Cheema,"House 21, Street 2, Clifton Block 2, Karachi",338879040,2021-05-15,80,Apartment
REG-558326,Haji Mansoor Bukhari,Usman Kazmi,"House 291, Street 15, Shah Rukn-e-Alam, Multan",35301110,2025-03-05,10,Residential House
REG-248950,Chaudhary Khadija Sial,Adnan Warraich,"House 190, Street 10, I-8/4, Islamabad",26320868,2023-04-21,7,Apartment
REG-184025,Mian Khadija Sial,Amna Warraich,"House 122, Street 40, E-11/2, Islamabad",20061860,2022-11-14,7,Residential Plot
REG-883247,Farah Khattak,Noman Dar,"House 194, Street 7, Clifton Block 2, Karachi",25519950,2023-06-07,5,Commercial Plaza
REG-561094,Adnan Zaidi,Maryam Niazi,"House 297, Street 32, Wapda Town, Lahore",93568800,2024-09-08,20,Farmhouse
REG-248823,زینب Awan,Hamza Zaidi,"House 227, Street 35, G-13/1, Islamabad",226148560,2025-06-06,40,Residential Plot
REG-673124,Rauf Awan,Kamran Khan,"House 311, Street 28, Johar Town, Lahore",15496143,2021-06-12,3,Residential Plot
REG-845903,Syed Salman Niazi,Nasir Ansari,"House 375, Street 18, E-11/2, Islamabad",256942360,2021-09-06,40,Residential House
REG-924003,Mian Salman Niazi,Ali Virk,"House 5, Street 35, F-8/3, Islamabad",186911760,2025-01-25,80,Commercial Plaza
REG-751889,Z. Saddozai,Danish Bukhari,"House 265, Street 4, E-11/2, Islamabad",132408140,2025-12-01,20,Farmhouse
REG-444519,Z. Saddozai,Rehan Abbasi,"House 39, Street 30, G-10/2, Islamabad",16495486,2023-01-15,7,Farmhouse
REG-384878,Muhammad Warraich,Rauf Khokhar,"House 93, Street 31, DHA Phase 6, Karachi",159669760,2023-11-27,40,Residential House
REG-981638,Muhammad Warraich,Tooba Shirazi,"House 80, Street 22, Clifton Block 2, Karachi",445855760,2023-11-05,80,Apartment
REG-962577,Shoaib Bhatti,Junaid Kazmi,"House 280, Street 10, D Ground, Faisalabad",41472880,2023-04-03,5,Residential House
REG-829605,Syed Atif Cheema,Ayesha Lodhi,"House 115, Street 25, Madina Town, Faisalabad",150064400,2024-12-20,80,Apartment
REG-602659,Mian Atif Cheema,Nasir Butt,"House 3, Street 37, Madina Town, Faisalabad",138505600,2021-08-23,20,Apartment
REG-190995,H.Kakar,Nadeem Sheikh,"House 191, Street 2, DHA Phase 6, Karachi",24567525,2025-05-18,5,Commercial Plaza
REG-299429,H.Kakar,Kashif Orakzai,"House 397, Street 13, Gulshan-e-Iqbal, Karachi",47645479,2025-03-09,7,Residential House
REG-724836,Saad Sheikh,Laiba Rizvi,"House 384, Street 22, Model Town, Lahore",177248720,2025-07-13,80,Residential Plot
REG-364461,Saad Sheikh,Hina Yousafzai,"House 136, Street 20, Gulberg III, Lahore",87529000,2025-12-11,10,Commercial Plaza
REG-923690,Sardar Waqas Ansari,Jawad Ansari,"House 226, Street 39, E-11/2, Islamabad",25189595,2025-10-24,5,Residential House
REG-276850,Malik Waqas Ansari,Tooba Tareen,"House 367, Street 1, F-8/3, Islamabad",27382446,2024-09-11,7,Farmhouse
REG-564924,E.Gondal,Hussain Bangash,"House 267, Street 29, DHA Phase 6, Karachi",235926720,2024-05-15,40,Residential Plot
REG-403215,E.Gondal,Ayesha Gilani,"House 351, Street 3, DHA Phase 6, Karachi",31720500,2021-09-09,7,Apartment
REG-437186,Ibrahim Tareen,Rabia Chaudhry,"House 186, Street 18, Wapda Town, Lahore",63097900,2025-03-20,20,Apartment
REG-285221,Ibrahim Tareen,Hina Shirazi,"House 151, Street 28, Model Town, Lahore",55097910,2026-01-31,7,Residential Plot
REG-847152,Nadia Rizvi,Rashid Siddiqui,"House 64, Street 4, DHA Phase 6, Karachi",317109840,2024-07-25,40,Residential Plot
REG-671409,Nadia Rizvi,Arsalan Mehsud,"House 4, Street 33, North Nazimabad, Karachi",10577640,2026-02-01,5,Farmhouse
REG-711544,Chaudhary Usman Kayani,Pervez Siddiqui,"House 295, Street 33, Johar Town, Lahore",20713925,2021-06-27,5,Farmhouse
REG-507527,Nadeem Kayani,Rida Bukhari,"House 102, Street 15, North Nazimabad, Karachi",56577100,2022-10-13,20,Commercial Plaza
REG-629713,Mian Lubna Zaidi,Faisal Virk,"House 207, Street 10, F-8/3, Islamabad",166143980,2023-12-14,20,Residential House
REG-618199,F. Wazir,Imran Dar,"House 388, Street 38, Gulberg III, Lahore",121085300,2024-12-02,20,Residential House
REG-990622,Sana Kazmi,Hussain Zaidi,"House 333, Street 16, E-11/2, Islamabad",53214042,2021-06-17,7,Residential House
REG-656475,Sardar Ahmed Ansari,Babar Durrani,"House 70, Street 12, Bahria Phase 4, Rawalpindi",84260760,2024-07-23,10,Residential Plot
REG-488688,U. Malik,Javeria Virk,"House 191, Street 25, Peoples Colony, Faisalabad",40244170,2021-05-16,10,Apartment
REG-263607,Umar Sandhu,Ubaid Mughal,"House 66, Street 31, North Nazimabad, Karachi",614380480,2021-07-05,80,Commercial Plaza
REG-254347,Umar Sandhu,Tariq Ansari,"House 368, Street 16, Clifton Block 2, Karachi",32730908,2022-09-25,7,Commercial Plaza
REG-608812,Mahnoor Kazmi,Sufyan Zaidi,"House 156, Street 9, University Town, Peshawar",25997505,2023-08-27,5,Farmhouse
REG-959120,Talha Khan,Ehsan Khan,"House 134, Street 6, Gulberg III, Lahore",9905440,2023-07-12,5,Residential House
REG-748694,Rauf Sial,Atif Shirazi,"House 208, Street 4, Gulgasht, Multan",17161270,2022-11-05,7,Residential Plot
REG-594239,Rana Rauf Tarar,Yousuf Tareen,"House 355, Street 25, Peoples Colony, Faisalabad",10746525,2024-07-13,5,Residential House
REG-273496,Sardar Rauf Tarar,Kashif Ansari,"House 271, Street 23, Madina Town, Faisalabad",14143710,2023-02-18,7,Residential Plot
REG-944604,N. Mughal,Wajahat Yousafzai,"House 174, Street 2, North Nazimabad, Karachi",33900325,2023-09-01,5,Commercial Plaza
REG-844013,Rabia Siddiqui,Hafsa Kayani,"House 298, Street 30, North Nazimabad, Karachi",36210665,2025-02-20,5,Commercial Plaza
REG-575635,S.Khan,Bushra Mehsud,"House 159, Street 36, University Town, Peshawar",79209280,2021-08-02,40,Residential Plot
REG-297499,S.Khan,Hina Cheema,"House 308, Street 35, Gulbahar, Peshawar",219827920,2025-11-25,40,Residential House
REG-920268,Ubaid Hashmi,Laiba Mughal,"House 74, Street 25, North Nazimabad, Karachi",147635280,2024-03-19,40,Residential House
REG-207328,Ubaid Hashmi,Nadeem Kazmi,"House 373, Street 20, Gulshan-e-Iqbal, Karachi",273224560,2024-02-10,80,Commercial Plaza
REG-682487,Chaudhary Zeeshan Rizvi,Mahnoor Kakar,"House 177, Street 33, Gulgasht, Multan",59247650,2021-04-13,10,Farmhouse
REG-100932,W.Abbasi,Amna Khan,"House 360, Street 22, D Ground, Faisalabad",20466600,2021-05-26,7,Apartment
REG-701089,Noor Durrani,Hussain Janjua,"House 244, Street 1, Model Town, Lahore",118886580,2021-10-28,20,Apartment
REG-248125,Mian Saqib Sial,Mahnoor Hashmi,"House 56, Street 26, University Town, Peshawar",32486945,2021-08-31,5,Apartment
REG-191401,L.Gilani,Sajid Naqvi,"House 99, Street 14, I-8/4, Islamabad",5589438,2021-12-10,3,Apartment
REG-526128,U. Mughal,Nadia Malik,"House 342, Street 23, Westridge, Rawalpindi",27819253,2025-08-17,7,Apartment
REG-816934,U. Mughal,Obaid Zaidi,"House 14, Street 37, Bahria Phase 4, Rawalpindi",175453900,2022-08-21,20,Farmhouse
REG-265460,Muhammad Sheikh,Zeeshan Wazir,"House 295, Street 31, E-11/2, Islamabad",111063080,2021-06-24,40,Commercial Plaza
REG-145362,Muhammad Sheikh,Wajahat Awan,"House 334, Street 22, G-10/2, Islamabad",43388695,2025-11-25,5,Commercial Plaza
REG-484054,U.Orakzai,Ayesha Khattak,"House 281, Street 11, University Town, Peshawar",60115671,2026-01-31,7,Residential Plot
REG-952543,Syed Bilal Gilani,Jawad Khokhar,"House 82, Street 25, Satellite Town, Rawalpindi",20669255,2021-11-02,5,Farmhouse
REG-799860,Waseem Rajput,Pervez Malik,"House 239, Street 28, University Town, Peshawar",20955955,2023-05-30,5,Farmhouse
REG-619657,E. Abbasi,Sadia Warraich,"House 275, Street 12, Gulshan-e-Iqbal, Karachi",609680720,2022-10-22,80,Apartment
REG-442123,E. Abbasi,Mustafa Rajput,"House 4, Street 30, Clifton Block 2, Karachi",354533000,2022-11-12,40,Farmhouse
REG-702929,Ayesha Virk,Naveed Virk,"House 225, Street 22, F-8/3, Islamabad",19410524,2024-02-15,7,Farmhouse
REG-235131,Farhan Khattak,Yasir Mirza,"House 195, Street 40, Gulgasht, Multan",512094960,2025-04-25,80,Residential House
REG-155601,Farhan Khattak,Amna Raja,"House 144, Street 6, Shah Rukn-e-Alam, Multan",34020126,2021-06-05,7,Residential Plot
REG-581643,Anas قریشی,Sajid Zaidi,"House 159, Street 26, Gulbahar, Peshawar",22689860,2022-03-21,5,Residential House
REG-352944,N.Orakzai,Babar Hashmi,"House 156, Street 30, Peoples Colony, Faisalabad",62502490,2024-06-09,10,Farmhouse
REG-633949,M. Yousafzai,Rehan Bukhari,"House 151, Street 39, Westridge, Rawalpindi",33371303,2024-12-21,7,Residential House
REG-723782,Faisal Butt,Faisal Saddozai,"House 183, Street 11, G-10/2, Islamabad",28140480,2023-04-14,5,Commercial Plaza
REG-661292,عائشہ Lodhi,Zeeshan Abbasi,"House 199, Street 9, Cantt, Multan",253601840,2024-05-01,40,Residential House
REG-995878,A.Chaudhry,Junaid Bangash,"House 212, Street 11, North Nazimabad, Karachi",17898440,2024-09-25,5,Residential House
REG-731479,Shoaib Bangash,Ali Bhatti,"House 146, Street 9, Hayatabad Phase 3, Peshawar",15268525,2022-12-28,5,Commercial Plaza
REG-128687,Chaudhary Fahad Kazmi,Usman Dar,"House 264, Street 26, North Nazimabad, Karachi",25433895,2023-01-02,5,Commercial Plaza
REG-442157,Malik Fahad Kazmi,Naveed Sandhu,"House 69, Street 3, DHA Phase 6, Karachi",54519330,2023-06-10,10,Farmhouse
REG-598218,J.Rajput,Mehwish Shirazi,"House 171, Street 40, Bahria Phase 4, Rawalpindi",25772885,2022-09-09,5,Apartment
REG-398766,N. Wazir,Ayesha Bhatti,"House 38, Street 26, Westridge, Rawalpindi",133284000,2024-04-13,20,Residential House
REG-159706,A. Raja,Mustafa Rajput,"House 350, Street 39, DHA Phase 6, Karachi",13795620,2021-03-27,5,Commercial Plaza
REG-935347,M. Rizvi,Hina Rizvi,"House 217, Street 17, Bahria Phase 4, Rawalpindi",136208920,2021-12-19,20,Residential House
REG-234486,M. Rizvi,Noman Hashmi,"House 48, Street 31, Satellite Town, Rawalpindi",257478720,2026-03-16,80,Residential Plot
REG-381888,K. Yousafzai,Rauf Bangash,"House 348, Street 24, Gulshan-e-Iqbal, Karachi",87684760,2025-05-03,40,Apartment
REG-654531,K. Yousafzai,Amna Sial,"House 130, Street 31, Gulshan-e-Iqbal, Karachi",37714340,2022-06-06,20,Commercial Plaza
REG-727613,Haji Adnan Raja,Waqas Mehsud,"House 286, Street 16, Peoples Colony, Faisalabad",26184555,2022-05-02,5,Residential House
REG-381722,Haji Mubashir Khattak,Nasir Bukhari,"House 213, Street 2, B-17, Islamabad",49719705,2021-07-05,7,Commercial Plaza
REG-903361,H. Raja,Shahzad Orakzai,"House 299, Street 14, Model Town, Lahore",551673280,2021-09-22,80,Commercial Plaza
REG-176193,Sajid Mehsud,Taimoor Tareen,"House 252, Street 22, Westridge, Rawalpindi",22114253,2025-07-08,7,Residential House
REG-215392,Mian Hafsa Yousafzai,Ayesha Sial,"House 188, Street 16, E-11/2, Islamabad",17931690,2022-06-25,7,Residential Plot
REG-214458,N. Gondal,Imran Khattak,"House 139, Street 19, Chaklala Scheme 3, Rawalpindi",212884440,2023-04-29,40,Farmhouse
REG-336998,S.Janjua,Asad Rajput,"House 225, Street 20, Model Town, Lahore",311658320,2023-12-24,40,Commercial Plaza
REG-796409,S.Janjua,Rida Saddozai,"House 2, Street 14, Model Town, Lahore",42084371,2025-07-28,7,Apartment
REG-659651,M. Kakar,Mubashir Niazi,"House 304, Street 17, Model Town, Lahore",241408640,2025-02-07,40,Residential Plot
REG-966840,M. Kakar,Yousuf Naqvi,"House 236, Street 36, Gulberg III, Lahore",32801105,2023-11-10,5,Residential Plot
REG-576348,Saad Sial,Sadia Qureshi,"House 292, Street 9, D Ground, Faisalabad",16442958,2022-08-15,7,Residential Plot
REG-119116,Rana Uzma Mehsud,Nadeem Zaidi,"House 78, Street 19, F-8/3, Islamabad",34636770,2022-04-02,7,Farmhouse
REG-486636,Sardar Uzma Mehsud,Farah Dar,"House 332, Street 10, B-17, Islamabad",33119990,2021-02-02,5,Apartment
REG-938465,R.Tareen,Ahmed Kayani,"House 344, Street 7, DHA Phase 6, Karachi",23522925,2021-03-28,5,Farmhouse
REG-369187,F. Bangash,Talha Shirazi,"House 43, Street 21, Satellite Town, Rawalpindi",10839285,2023-11-05,5,Farmhouse
REG-734705,M. Gill,Kinza Saddozai,"House 33, Street 29, Hayatabad Phase 3, Peshawar",35383971,2021-03-03,7,Residential House
REG-100928,H. Tareen,Ali Durrani,"House 64, Street 5, D Ground, Faisalabad",12569598,2022-09-16,3,Residential Plot
REG-301974,Zeeshan Gill,Khadija Niazi,"House 300, Street 12, Gulgasht, Multan",120081560,2024-07-09,20,Residential Plot
REG-786613,Zeeshan Gill,Ayesha Cheema,"House 115, Street 34, Shah Rukn-e-Alam, Multan",116362080,2025-09-02,40,Residential House
REG-821518,F. Zaidi,Asad Chaudhry,"House 116, Street 15, Shah Rukn-e-Alam, Multan",24734820,2024-06-11,5,Farmhouse
REG-972125,Maryam Sheikh,Sufyan Lodhi,"House 186, Street 21, Gulberg III, Lahore",98245840,2024-11-19,40,Apartment
REG-440199,Maryam Sheikh,Ehsan Shirazi,"House 226, Street 26, Wapda Town, Lahore",98840040,2025-06-24,40,Apartment
REG-455382,Sardar Danish Zaidi,Zafar Joiya,"House 262, Street 2, Johar Town, Lahore",23976063,2024-12-19,3,Residential House
REG-158294,Mian Kamran Sandhu,Babar Niazi,"House 281, Street 3, B-17, Islamabad",39943946,2022-11-13,7,Farmhouse
REG-185836,R.Wazir,Rida Abbasi,"House 322, Street 15, G-13/1, Islamabad",279111200,2024-01-02,80,Commercial Plaza
REG-247762,Haji Talha Sheikh,Haris Abbasi,"House 198, Street 3, DHA Phase 6, Karachi",73932870,2024-12-15,10,Commercial Plaza
REG-230057,H. Bukhari,Danish Kazmi,"House 205, Street 4, G-10/2, Islamabad",22481564,2022-11-26,7,Farmhouse
REG-523743,I.Rajput,Asad Ansari,"House 99, Street 37, G-13/1, Islamabad",37286886,2025-01-19,7,Residential Plot
REG-747865,S.Raja,Salman Gilani,"House 219, Street 24, E-11/2, Islamabad",5972397,2024-08-30,3,Residential Plot
REG-869009,O. Kayani,Noman Tareen,"House 147, Street 6, I-8/4, Islamabad",16812730,2025-07-17,5,Residential Plot
REG-390071,Zubair Ansari,Gul Niazi,"House 201, Street 18, Model Town, Lahore",60141550,2025-11-29,7,Farmhouse
REG-147619,Nimra Gondal,Iqra Raja,"House 89, Street 12, G-13/1, Islamabad",23232903,2022-06-17,3,Residential House
REG-490193,D.Malik,Sana Kayani,"House 150, Street 2, Satellite Town, Rawalpindi",72494200,2023-09-20,40,Apartment
REG-551697,S.Lodhi,Tariq Malik,"House 306, Street 11, Gulgasht, Multan",297898480,2021-10-11,40,Apartment
REG-975019,Mustafa Mughal,Shoaib Warraich,"House 267, Street 17, Westridge, Rawalpindi",8490066,2025-05-05,3,Commercial Plaza
REG-561947,K. Saddozai,Fahad Mehsud,"House 348, Street 7, University Town, Peshawar",30922330,2022-04-02,5,Residential House
REG-959055,I. Joiya,Danish Malik,"House 383, Street 3, Gulbahar, Peshawar",62870940,2022-11-17,10,Commercial Plaza
REG-558022,A.Kayani,Fahad Wazir,"House 126, Street 3, North Nazimabad, Karachi",17704895,2026-01-01,5,Residential Plot
REG-881109,Khadija Orakzai,Zafar Shirazi,"House 175, Street 40, DHA Phase 5, Lahore",13207971,2022-10-20,7,Commercial Plaza
REG-405704,U. Sheikh,Nadeem Janjua,"House 296, Street 25, University Town, Peshawar",41238260,2023-04-18,7,Apartment
REG-395422,Javeria Rizvi,Tooba Raja,"House 237, Street 17, Hayatabad Phase 3, Peshawar",32476353,2021-09-30,7,Residential Plot
REG-225222,فاطمہ Shirazi,Junaid Khan,"House 191, Street 16, Madina Town, Faisalabad",16617560,2021-10-18,5,Commercial Plaza
REG-945807,Hafsa Virk,Waseem Qureshi,"House 252, Street 17, Hayatabad Phase 3, Peshawar",25621127,2024-10-08,7,Farmhouse
REG-420768,A.Kayani,Ayesha Janjua,"House 51, Street 9, D Ground, Faisalabad",99210200,2024-01-24,20,Residential Plot
REG-378132,Adnan Bukhari,Fahad Khokhar,"House 58, Street 30, Wapda Town, Lahore",682872000,2023-02-18,80,Commercial Plaza
REG-350573,U. Sial,Zubair Khattak,"House 265, Street 40, North Nazimabad, Karachi",43378895,2022-06-14,7,Residential Plot
REG-123598,U.Dar,Sadia Khattak,"House 365, Street 26, Cantt, Multan",171278000,2022-10-24,20,Residential House
REG-237211,U.Dar,Sadia Virk,"House 270, Street 23, Gulgasht, Multan",379867840,2025-09-10,80,Residential Plot
REG-960811,F. Wazir,Anas Durrani,"House 75, Street 10, E-11/2, Islamabad",164841200,2024-04-11,20,Residential House
REG-676879,F. Wazir,Ali Saddozai,"House 215, Street 28, G-10/2, Islamabad",282463200,2025-07-19,40,Residential House
REG-533309,N. Mehsud,Ahmed Raja,"House 51, Street 7, I-8/4, Islamabad",263986400,2024-01-02,80,Commercial Plaza
REG-235241,N. Mehsud,Luqman Kakar,"House 196, Street 9, E-11/2, Islamabad",40298545,2023-08-23,5,Commercial Plaza
REG-530788,Malik Saad Chaudhry,Yousuf Afridi,"House 209, Street 5, Bahria Phase 4, Rawalpindi",77518600,2022-10-24,20,Residential House
REG-527961,F.Mirza,Saba Gondal,"House 232, Street 27, Shah Rukn-e-Alam, Multan",39408446,2024-09-19,7,Residential House
REG-970996,Rana Fahad Saddozai,Lubna Kakar,"House 99, Street 2, D Ground, Faisalabad",16786399,2025-07-12,7,Farmhouse
REG-917555,Lubna خان,Ghulam Saddozai,"House 13, Street 31, I-8/4, Islamabad",69888300,2025-12-07,20,Residential House
REG-310678,Zeeshan خان,Kashif Khattak,"House 212, Street 4, Model Town, Lahore",73585470,2022-12-05,10,Apartment
REG-632978,G.Zaidi,Saqib Gondal,"House 373, Street 11, Shah Rukn-e-Alam, Multan",95004920,2025-08-20,40,Commercial Plaza
REG-551753,G.Zaidi,Obaid Raja,"House 303, Street 21, Cantt, Multan",27670986,2024-07-20,7,Residential House
REG-213768,A.Yousafzai,Ibrahim Sandhu,"House 264, Street 17, North Nazimabad, Karachi",40915392,2023-08-09,7,Residential Plot
REG-448427,A.Yousafzai,Laiba Shirazi,"House 289, Street 35, DHA Phase 6, Karachi",15675895,2021-10-25,5,Commercial Plaza
REG-949605,Adnan Wazir,Atif Abbasi,"House 325, Street 2, D Ground, Faisalabad",64511940,2025-09-23,20,Farmhouse
REG-133298,R. Gondal,Saba Kakar,"House 248, Street 29, Johar Town, Lahore",503650000,2023-01-20,80,Commercial Plaza
REG-146223,Nasir Rajput,Atif Malik,"House 85, Street 27, Gulshan-e-Iqbal, Karachi",301350960,2021-05-12,40,Residential Plot
REG-350163,Zara Lodhi,Naveed Bhatti,"House 156, Street 36, Satellite Town, Rawalpindi",9427677,2021-11-01,3,Residential Plot
REG-289013,Javeria Siddiqui,Atif Sandhu,"House 82, Street 39, Wapda Town, Lahore",50747080,2023-12-21,10,Commercial Plaza
REG-851829,Madiha Durrani,Noor Kazmi,"House 9, Street 25, Westridge, Rawalpindi",36005565,2022-12-07,5,Residential Plot
REG-767899,R.Tareen,Danish Ansari,"House 197, Street 7, Peoples Colony, Faisalabad",33674277,2024-03-18,7,Farmhouse
REG-429124,Nadia Khan,Khadija Afridi,"House 277, Street 35, Madina Town, Faisalabad",53367440,2024-01-11,20,Apartment
REG-471624,Nadia Khan,Rida Kayani,"House 20, Street 21, D Ground, Faisalabad",24707695,2023-01-11,5,Commercial Plaza
REG-955359,Nasir Lodhi,Umar Raja,"House 2, Street 7, F-8/3, Islamabad",278284520,2023-09-07,40,Residential Plot
REG-933494,Nasir Lodhi,Ibrahim Shirazi,"House 218, Street 27, G-13/1, Islamabad",99900160,2021-06-06,40,Commercial Plaza
REG-734063,Syed Khadija Rizvi,Babar Lodhi,"House 4, Street 32, G-10/2, Islamabad",558205840,2021-02-06,80,Commercial Plaza
REG-149902,Mian Khadija Rizvi,Kamran Khan,"House 227, Street 18, I-8/4, Islamabad",28859810,2023-02-05,7,Residential House
REG-578958,A.Bhatti,Zara Khattak,"House 236, Street 24, Bahria Phase 4, Rawalpindi",11851365,2022-08-22,3,Residential House
REG-751364,S. Shirazi,Noman Naqvi,"House 8, Street 10, I-8/4, Islamabad",269320320,2024-04-26,40,Commercial Plaza
REG-829275,S. Shirazi,Noman Hashmi,"House 294, Street 20, F-8/3, Islamabad",20764455,2024-02-08,5,Residential House
REG-995540,محمد Zaidi,Tooba Malik,"House 174, Street 18, Peoples Colony, Faisalabad",43913226,2022-11-07,7,Residential Plot
REG-205548,Jawad Khan,Sajid Warraich,"House 319, Street 38, G-10/2, Islamabad",91927960,2025-06-03,40,Commercial Plaza
REG-245532,J.Orakzai,Junaid Janjua,"House 385, Street 40, G-13/1, Islamabad",29131250,2021-08-19,10,Farmhouse
REG-531964,J.Orakzai,Obaid Joiya,"House 343, Street 39, B-17, Islamabad",59140781,2022-12-07,7,Apartment
REG-723018,Z. Lodhi,Kinza Khan,"House 80, Street 6, Cantt, Multan",15568770,2025-06-08,7,Residential House
REG-620294,R.Kakar,Babar Niazi,"House 27, Street 39, Westridge, Rawalpindi",14992530,2026-02-07,5,Apartment
REG-964711,Saad Ansari,Fahad Mirza,"House 67, Street 12, University Town, Peshawar",22029042,2024-05-04,3,Residential Plot
REG-831173,B. Mirza,Zubair Lodhi,"House 195, Street 16, North Nazimabad, Karachi",467139120,2022-07-05,80,Farmhouse
REG-201956,A.Sandhu,Kashif Zaidi,"House 103, Street 31, Peoples Colony, Faisalabad",37754150,2025-04-18,5,Farmhouse
REG-503692,M.Hashmi,Ali Warraich,"House 134, Street 12, Hayatabad Phase 3, Peshawar",24911120,2023-12-01,5,Commercial Plaza
REG-380260,M. Mehsud,Sana Saddozai,"House 177, Street 24, DHA Phase 5, Lahore",239648840,2022-11-25,40,Farmhouse
REG-768345,M. Mehsud,Haris Butt,"House 194, Street 16, Model Town, Lahore",22186297,2025-07-22,7,Residential House
REG-965485,I. Cheema,Farah Shirazi,"House 303, Street 29, G-10/2, Islamabad",468693440,2022-01-23,80,Apartment
REG-532295,I. Cheema,Luqman Durrani,"House 24, Street 27, B-17, Islamabad",34404048,2025-02-05,7,Commercial Plaza
REG-231001,حسین Cheema,Rida Bangash,"House 378, Street 6, Satellite Town, Rawalpindi",45361680,2024-03-29,7,Commercial Plaza
REG-208795,Tariq Chaudhry,Hamza Cheema,"House 311, Street 10, Shah Rukn-e-Alam, Multan",105009960,2022-10-04,40,Residential House
REG-115421,Atif Durrani,Ghulam Hashmi,"House 270, Street 34, Chaklala Scheme 3, Rawalpindi",173388500,2024-10-29,20,Residential House
REG-569350,Haji Umar Mirza,Gul Raja,"House 284, Street 31, Johar Town, Lahore",74177780,2024-03-03,10,Commercial Plaza
REG-635447,Chaudhary Umar Mirza,Arsalan Bhatti,"House 165, Street 24, Johar Town, Lahore",173235680,2025-04-04,80,Commercial Plaza
REG-445274,O. Gondal,Zara Saddozai,"House 240, Street 34, Bahria Phase 4, Rawalpindi",64839440,2024-04-23,10,Residential House
REG-621772,Ehsan شیخ,Saqib Naqvi,"House 79, Street 18, D Ground, Faisalabad",85861400,2021-06-19,10,Commercial Plaza
REG-358564,Ehsan شیخ,Ibrahim Kazmi,"House 140, Street 32, D Ground, Faisalabad",25869515,2023-02-23,5,Farmhouse
REG-957201,Mian Mahnoor Sheikh,Fatima Khattak,"House 77, Street 4, Chaklala Scheme 3, Rawalpindi",19560289,2021-08-03,7,Residential House
REG-540092,Amna خان,Kamran Gilani,"House 101, Street 32, Hayatabad Phase 3, Peshawar",139777440,2025-03-23,20,Residential Plot
REG-261620,Amna خان,Ayesha Orakzai,"House 157, Street 9, Gulbahar, Peshawar",242781080,2023-03-26,40,Residential House
REG-353758,Jawad Bhatti,Hassan Raja,"House 60, Street 24, Satellite Town, Rawalpindi",59260642,2023-04-14,7,Residential House
REG-663764,Jawad Bhatti,Ghulam Gondal,"House 46, Street 26, Westridge, Rawalpindi",26246345,2024-11-01,5,Commercial Plaza
REG-372852,A. Rizvi,Talha Mirza,"House 98, Street 20, University Town, Peshawar",120401600,2025-02-26,20,Residential House
REG-598061,A. Rizvi,Sufyan Kayani,"House 58, Street 28, Gulbahar, Peshawar",429620000,2025-09-01,80,Commercial Plaza
REG-115966,Hamza Gilani,Farah Mirza,"House 102, Street 10, Bahria Phase 4, Rawalpindi",58321977,2025-05-05,7,Apartment
REG-420567,M. Siddiqui,Noman Wazir,"House 61, Street 25, E-11/2, Islamabad",44268420,2025-08-15,20,Apartment
REG-987124,M. Siddiqui,Hussain Chaudhry,"House 12, Street 31, E-11/2, Islamabad",60277287,2023-08-25,7,Residential House
REG-403670,S. Cheema,Nadeem Janjua,"House 174, Street 21, Peoples Colony, Faisalabad",32477535,2023-03-09,5,Apartment
REG-809925,S. Cheema,Waqas Yousafzai,"House 268, Street 8, D Ground, Faisalabad",290026880,2025-07-02,80,Apartment
REG-626909,M. Bhatti,Nadeem Awan,"House 89, Street 32, University Town, Peshawar",694552000,2024-02-21,80,Residential House
REG-454689,M. Bhatti,Noor Khokhar,"House 18, Street 38, Gulbahar, Peshawar",17623879,2024-11-25,7,Residential House
REG-183086,Javeria Tareen,Iqra Ansari,"House 51, Street 32, University Town, Peshawar",622600960,2022-12-18,80,Apartment
REG-371367,Syed Mehwish Kazmi,Hafsa Orakzai,"House 58, Street 12, North Nazimabad, Karachi",147371640,2025-10-25,20,Residential House
REG-776188,Mian Mehwish Kazmi,Kashif Janjua,"House 216, Street 37, Gulshan-e-Iqbal, Karachi",344412080,2022-01-06,80,Commercial Plaza
REG-597116,Anas Dar,Ubaid Rizvi,"House 221, Street 30, Madina Town, Faisalabad",105153600,2021-09-04,20,Farmhouse
REG-545121,Anas Dar,Laiba Joiya,"House 394, Street 29, D Ground, Faisalabad",593892560,2026-02-26,80,Farmhouse
REG-580536,Haji Junaid Butt,Rashid Mehsud,"House 357, Street 6, Johar Town, Lahore",24976740,2026-02-10,10,Farmhouse
REG-103047,N. Khan,Gul Khattak,"House 146, Street 14, Wapda Town, Lahore",82406440,2024-09-23,10,Apartment
REG-327783,N. Khan,Zara Khokhar,"House 47, Street 6, Wapda Town, Lahore",164595480,2021-04-24,40,Residential House
REG-813749,Sajid Sandhu,Ibrahim Bukhari,"House 175, Street 37, Gulbahar, Peshawar",596474480,2021-05-18,80,Apartment
REG-839623,Rashid Tareen,Rida Joiya,"House 299, Street 16, Model Town, Lahore",51471890,2024-11-23,10,Apartment
REG-205496,Rashid Tareen,Bushra Warraich,"House 89, Street 40, Wapda Town, Lahore",25731780,2023-06-01,5,Apartment
REG-702559,Zeeshan Orakzai,Hassan Wazir,"House 227, Street 35, North Nazimabad, Karachi",19240470,2024-04-12,5,Residential Plot
REG-589662,Z.Hashmi,Mehwish Kakar,"House 250, Street 13, Chaklala Scheme 3, Rawalpindi",49902041,2025-03-04,7,Apartment
REG-102465,Z.Hashmi,Junaid Naqvi,"House 213, Street 14, Westridge, Rawalpindi",67567960,2023-01-14,10,Residential House
REG-858715,O. Siddiqui,Fahad Bangash,"House 391, Street 11, Clifton Block 2, Karachi",36061320,2021-02-17,5,Farmhouse
REG-319223,O. Siddiqui,Noman Naqvi,"House 126, Street 37, Gulshan-e-Iqbal, Karachi",50243980,2022-05-03,20,Apartment
REG-275370,Chaudhary Ahmed Abbasi,Talha Saddozai,"House 161, Street 1, Wapda Town, Lahore",12327201,2023-07-07,3,Residential House
REG-781704,L.Niazi,Tariq Zaidi,"House 124, Street 31, Shah Rukn-e-Alam, Multan",15336630,2023-09-21,5,Residential Plot
REG-176551,L.Niazi,Shahzad Janjua,"House 254, Street 36, Cantt, Multan",18767140,2023-07-02,10,Residential House
REG-911193,K.Butt,Rashid Rajput,"House 391, Street 28, Bahria Phase 4, Rawalpindi",17195544,2021-06-28,3,Commercial Plaza
REG-415111,N. Tareen,Noor Bangash,"House 207, Street 29, Gulgasht, Multan",32785040,2023-06-08,5,Farmhouse
REG-839765,Malik Nimra Gilani,Bilal Bukhari,"House 117, Street 20, Bahria Phase 4, Rawalpindi",65886000,2025-09-17,10,Apartment
REG-762438,Mansoor Shirazi,Taimoor Warraich,"House 276, Street 21, Gulgasht, Multan",29883896,2022-03-28,7,Residential Plot
REG-107590,Rana Ahmed Gill,Saba Abbasi,"House 115, Street 31, Model Town, Lahore",83554210,2022-10-15,10,Apartment
REG-107812,Rana Ahmed Gill,Babar Rizvi,"House 117, Street 16, Model Town, Lahore",166364800,2022-10-28,20,Apartment
REG-965115,Yasir Mirza,Saba Naqvi,"House 182, Street 37, Cantt, Multan",36348739,2025-01-20,7,Farmhouse
REG-453493,Malik Adnan Janjua,Fatima Ansari,"House 289, Street 18, Westridge, Rawalpindi",191041920,2025-11-11,40,Farmhouse
REG-681140,Mian Adnan Janjua,Nadia Kayani,"House 382, Street 38, Bahria Phase 4, Rawalpindi",108200200,2023-07-19,40,Apartment
REG-843494,Yasir Butt,Ehsan Bangash,"House 398, Street 24, I-8/4, Islamabad",118937120,2025-08-20,20,Residential Plot
REG-249693,Noor Janjua,Hussain Shirazi,"House 247, Street 38, Gulshan-e-Iqbal, Karachi",317789280,2023-09-03,80,Apartment
REG-358289,Noor Janjua,Zubair Yousafzai,"House 344, Street 13, Clifton Block 2, Karachi",303569600,2022-12-01,40,Residential House
REG-222552,J. Kayani,Fahad Khokhar,"House 124, Street 24, Wapda Town, Lahore",88605400,2022-12-17,10,Residential Plot
REG-806805,Kamran Sandhu,Khadija Chaudhry,"House 237, Street 24, Chaklala Scheme 3, Rawalpindi",38181542,2021-08-02,7,Apartment
REG-575533,Kamran Sandhu,Nadeem Awan,"House 114, Street 3, Satellite Town, Rawalpindi",639559840,2021-05-19,80,Apartment
REG-968160,Zeeshan Sheikh,Laiba Bukhari,"House 386, Street 16, Peoples Colony, Faisalabad",44185820,2022-09-30,7,Apartment
REG-330966,Chaudhary Ayesha Chaudhry,Nadia Gill,"House 139, Street 33, Gulshan-e-Iqbal, Karachi",26690825,2024-05-12,7,Residential House
REG-890028,Malik Ayesha Chaudhry,Tooba Shirazi,"House 383, Street 17, Gulshan-e-Iqbal, Karachi",91900000,2021-03-08,20,Apartment
REG-617651,Owais Mughal,Tooba Gill,"House 163, Street 24, Bahria Phase 4, Rawalpindi",53978288,2025-02-20,7,Residential House
REG-847647,Sardar Luqman Malik,Hussain Khattak,"House 144, Street 20, B-17, Islamabad",327124560,2023-09-26,80,Farmhouse
REG-605179,Chaudhary Luqman Malik,Adnan Bangash,"House 393, Street 6, B-17, Islamabad",160166000,2024-12-22,20,Residential Plot
REG-909628,R.Niazi,Mehwish Khattak,"House 319, Street 5, North Nazimabad, Karachi",314861960,2024-02-05,40,Commercial Plaza
REG-965031,M. Mughal,Mehwish Mehsud,"House 354, Street 40, Westridge, Rawalpindi",19335757,2026-02-05,7,Residential Plot
REG-708226,M. Mughal,Hamza Janjua,"House 225, Street 24, Bahria Phase 4, Rawalpindi",161828280,2021-09-06,40,Farmhouse
REG-498537,Noor Tarar,Umar Khattak,"House 2, Street 15, Shah Rukn-e-Alam, Multan",53804338,2021-03-09,7,Commercial Plaza
REG-450623,Javeria Lodhi,Zainab Dar,"House 276, Street 10, Gulbahar, Peshawar",35784120,2023-10-07,10,Apartment
REG-257403,Javeria Lodhi,Pervez Khan,"House 91, Street 39, University Town, Peshawar",609357920,2025-03-24,80,Residential House
REG-205852,Hina Abbasi,Haris Tareen,"House 166, Street 12, DHA Phase 6, Karachi",610064240,2021-03-10,80,Commercial Plaza
REG-256657,A.Kazmi,Ghulam Awan,"House 307, Street 9, Hayatabad Phase 3, Peshawar",5539974,2021-03-20,3,Apartment
REG-193046,J. Niazi,Rehan Bangash,"House 139, Street 23, Chaklala Scheme 3, Rawalpindi",48065444,2022-09-06,7,Commercial Plaza
REG-750905,Mehwish Saddozai,Lubna Kayani,"House 400, Street 34, D Ground, Faisalabad",32407180,2025-08-11,5,Commercial Plaza
REG-593202,Mehwish Saddozai,Javeria Wazir,"House 341, Street 5, Madina Town, Faisalabad",51975980,2025-07-16,20,Apartment
REG-613465,Asad Tareen,Shoaib Gondal,"House 277, Street 23, Cantt, Multan",58167648,2025-05-22,7,Residential Plot
REG-946110,Saba Tareen,Maryam Shirazi,"House 298, Street 2, North Nazimabad, Karachi",54775840,2023-09-05,7,Apartment
REG-403449,Shoaib Cheema,Zafar Butt,"House 109, Street 36, Peoples Colony, Faisalabad",316522640,2025-09-11,80,Apartment
REG-663445,Shoaib Cheema,Junaid Awan,"House 53, Street 19, Madina Town, Faisalabad",37722622,2025-12-08,7,Commercial Plaza
REG-122222,Gul Shirazi,Fatima Khokhar,"House 174, Street 32, Hayatabad Phase 3, Peshawar",163614400,2021-10-16,40,Commercial Plaza
REG-503710,Gul Shirazi,Sadia Awan,"House 354, Street 35, University Town, Peshawar",39491260,2023-09-27,20,Residential Plot
REG-173033,E.Gondal,Ehsan Sheikh,"House 391, Street 35, B-17, Islamabad",284022320,2025-10-11,40,Residential Plot
REG-742501,N.Bangash,Mehwish Kayani,"House 72, Street 25, D Ground, Faisalabad",53610010,2023-03-15,10,Commercial Plaza
REG-634973,Laiba Wazir,Mahnoor Raja,"House 203, Street 33, Gulbahar, Peshawar",23260445,2025-10-29,5,Residential House
REG-887030,S.Mehsud,Hina Bhatti,"House 135, Street 20, Cantt, Multan",17338632,2025-05-08,3,Farmhouse
REG-372059,K.Saddozai,Saad Yousafzai,"House 147, Street 27, Chaklala Scheme 3, Rawalpindi",14044026,2023-02-12,3,Residential House
REG-296868,Nimra Rizvi,Junaid Zaidi,"House 269, Street 8, University Town, Peshawar",20696313,2024-10-23,3,Residential House
REG-475804,Haji Jawad Chaudhry,Farah Baig,"House 340, Street 3, DHA Phase 6, Karachi",47865760,2022-09-09,20,Residential House
REG-427790,Farah Shirazi,Ubaid Zaidi,"House 26, Street 19, DHA Phase 6, Karachi",196324720,2022-08-14,80,Farmhouse
REG-288522,Farah Shirazi,Iqra Chaudhry,"House 292, Street 8, North Nazimabad, Karachi",80697710,2022-06-19,10,Apartment
REG-705533,Rana Hina Malik,Bushra Gilani,"House 243, Street 25, Hayatabad Phase 3, Peshawar",373024640,2025-07-07,80,Commercial Plaza
REG-194119,Sardar Hina Malik,Adnan Butt,"House 285, Street 15, University Town, Peshawar",47448282,2025-10-30,7,Residential Plot
REG-970700,H.Dar,Rashid Baig,"House 201, Street 21, Chaklala Scheme 3, Rawalpindi",385271120,2022-12-27,80,Apartment
REG-843792,H.Dar,Bushra Bukhari,"House 361, Street 30, Chaklala Scheme 3, Rawalpindi",82657190,2025-01-14,10,Farmhouse
REG-731820,G.Shirazi,Rehan Bukhari,"House 347, Street 37, Westridge, Rawalpindi",12811631,2025-06-17,7,Farmhouse
REG-879353,Mian Muhammad Gill,Gul Gill,"House 197, Street 31, Hayatabad Phase 3, Peshawar",231804200,2022-12-01,40,Residential House
REG-336460,Malik Muhammad Gill,Laiba Mughal,"House 134, Street 33, Gulbahar, Peshawar",604191120,2023-07-07,80,Residential House
REG-825191,T.Bhatti,Farhan Mughal,"House 315, Street 10, D Ground, Faisalabad",33806770,2023-09-24,10,Farmhouse
REG-389397,T.Bhatti,Hussain Gondal,"House 147, Street 32, Madina Town, Faisalabad",96711340,2021-12-28,20,Residential House
REG-945164,Faisal Bukhari,Khadija Bukhari,"House 201, Street 33, Cantt, Multan",34303210,2025-03-28,5,Residential Plot
REG-788997,W. Yousafzai,Asad Malik,"House 292, Street 12, D Ground, Faisalabad",41407940,2024-01-10,10,Residential Plot
REG-685849,Obaid Gilani,Rehan Shirazi,"House 363, Street 14, University Town, Peshawar",514204320,2025-01-16,80,Residential House
REG-256523,Imran Sial,Zafar Sial,"House 204, Street 18, D Ground, Faisalabad",61017620,2025-11-19,10,Commercial Plaza
REG-641706,Imran Sial,Ubaid Sial,"House 349, Street 29, Madina Town, Faisalabad",658028000,2025-06-30,80,Apartment
REG-536944,Malik Talha Kayani,Mubashir Janjua,"House 270, Street 23, Model Town, Lahore",11479665,2025-05-12,3,Commercial Plaza
REG-234455,Farhan Yousafzai,Kashif Rajput,"House 228, Street 1, Cantt, Multan",52791893,2025-10-11,7,Residential House
REG-722607,Farhan Yousafzai,Noman Gill,"House 339, Street 27, Gulgasht, Multan",49547280,2025-09-29,20,Farmhouse
REG-308988,Mubashir Kakar,Muhammad Orakzai,"House 338, Street 6, Peoples Colony, Faisalabad",342641920,2023-07-31,80,Farmhouse
REG-915393,U.Mughal,Nasir Bhatti,"House 42, Street 37, Peoples Colony, Faisalabad",72670340,2021-08-15,20,Apartment
REG-397881,U.Mughal,Yousuf Qureshi,"House 397, Street 1, Peoples Colony, Faisalabad",159119640,2025-07-08,20,Apartment
REG-134612,A.Joiya,Salman Khattak,"House 378, Street 10, Gulgasht, Multan",201584840,2022-05-29,40,Residential House
REG-258841,A.Joiya,Sufyan Naqvi,"House 319, Street 33, Gulgasht, Multan",179791880,2023-11-27,40,Residential Plot
REG-894033,Jawad Kakar,Amna Bhatti,"House 183, Street 20, Gulbahar, Peshawar",78075280,2021-07-21,20,Commercial Plaza
REG-341133,Khadija Gondal,Maryam Sandhu,"House 22, Street 36, Satellite Town, Rawalpindi",22223516,2025-05-20,7,Residential Plot
REG-737199,G. Chaudhry,Danish Durrani,"House 346, Street 25, F-8/3, Islamabad",13070141,2025-12-27,7,Apartment
REG-146539,Haji Umar Tareen,Bilal Dar,"House 117, Street 36, University Town, Peshawar",546916400,2021-06-18,80,Residential Plot
REG-199414,Haji Umar Tareen,Ayesha Dar,"House 108, Street 22, University Town, Peshawar",18135350,2022-07-26,5,Farmhouse
REG-226342,Waqas Bukhari,Mahnoor Raja,"House 319, Street 38, G-13/1, Islamabad",35649130,2026-03-11,5,Residential Plot
REG-589561,Waqas Bukhari,Noor Saddozai,"House 68, Street 10, F-8/3, Islamabad",31559680,2021-09-25,5,Residential Plot
REG-848112,Mian Hamza Abbasi,Salman Bangash,"House 269, Street 31, Satellite Town, Rawalpindi",208316240,2025-09-10,80,Apartment
REG-778746,Chaudhary Hamza Abbasi,Saqib Mughal,"House 140, Street 11, Chaklala Scheme 3, Rawalpindi",40699736,2026-03-03,7,Farmhouse
REG-559904,Kamran Khan,Qasim Dar,"House 98, Street 32, North Nazimabad, Karachi",34459900,2022-06-13,5,Commercial Plaza
REG-148589,Kinza ملک,Naveed Wazir,"House 337, Street 7, Madina Town, Faisalabad",24883690,2021-05-28,10,Farmhouse
REG-836861,Kinza ملک,Rida Virk,"House 127, Street 31, Peoples Colony, Faisalabad",479483600,2025-10-08,80,Farmhouse
REG-765571,S. Joiya,Junaid Awan,"House 256, Street 40, Clifton Block 2, Karachi",61903530,2024-01-15,10,Residential Plot
REG-571635,J.Kakar,Obaid Khokhar,"House 52, Street 39, Model Town, Lahore",655135200,2022-05-09,80,Commercial Plaza
REG-792104,Z. Awan,Irfan Hashmi,"House 137, Street 36, Cantt, Multan",6947079,2023-04-09,3,Residential Plot
REG-326026,Mian Talha Gill,Rehan Naqvi,"House 353, Street 30, Gulgasht, Multan",45971170,2025-11-28,10,Farmhouse
REG-430040,Rana Talha Gill,Imran Afridi,"House 211, Street 20, Cantt, Multan",45259655,2021-03-02,7,Residential House
REG-181088,Salman Bukhari,Javeria Mehsud,"House 390, Street 17, Bahria Phase 4, Rawalpindi",72359320,2023-11-16,40,Commercial Plaza
REG-175835,I.Dar,Uzma Cheema,"House 324, Street 7, Shah Rukn-e-Alam, Multan",13998817,2025-03-20,7,Farmhouse
REG-551506,I.Dar,Obaid Mughal,"House 111, Street 23, Shah Rukn-e-Alam, Multan",23507430,2021-03-22,10,Residential House
REG-720786,Sajid Sial,Zeeshan Sandhu,"House 388, Street 6, G-10/2, Islamabad",11002125,2023-08-31,3,Residential Plot
REG-464941,Rana Luqman Gill,Ahmed Sheikh,"House 232, Street 38, DHA Phase 5, Lahore",67982050,2023-05-24,10,Residential Plot
REG-816757,Mian Luqman Gill,Ibrahim Malik,"House 392, Street 18, Model Town, Lahore",245177600,2025-12-27,80,Residential House
REG-584631,Zafar Tarar,Ghulam Lodhi,"House 400, Street 29, Hayatabad Phase 3, Peshawar",130975880,2024-05-04,40,Residential House
REG-524488,Q.Chaudhry,Qasim Hashmi,"House 341, Street 34, North Nazimabad, Karachi",29900710,2023-04-10,7,Commercial Plaza
REG-174933,Malik Nimra Yousafzai,Yousuf Wazir,"House 227, Street 40, Madina Town, Faisalabad",29651610,2026-01-05,5,Farmhouse
REG-684002,O.Lodhi,Ali Lodhi,"House 385, Street 16, University Town, Peshawar",344568880,2022-12-09,80,Commercial Plaza
REG-218577,Haris Kazmi,Tariq Tarar,"House 187, Street 37, University Town, Peshawar",22984451,2021-10-08,7,Commercial Plaza
REG-948569,Mian Maryam Sandhu,Saad Awan,"House 177, Street 10, Shah Rukn-e-Alam, Multan",161479940,2021-01-15,20,Commercial Plaza
REG-496804,Sana Sial,Yousuf Malik,"House 52, Street 4, Gulgasht, Multan",30317090,2024-07-30,10,Farmhouse
REG-884874,Sana Sial,Saqib Mirza,"House 121, Street 40, Gulgasht, Multan",151661360,2023-09-21,20,Commercial Plaza
REG-409445,S.Bhatti,Fatima Gondal,"House 113, Street 8, North Nazimabad, Karachi",59546529,2021-04-08,7,Farmhouse
REG-688852,علی بٹ,Kashif Joiya,"House 295, Street 2, Peoples Colony, Faisalabad",24192455,2023-06-13,5,Commercial Plaza
REG-332110,D.Warraich,Tariq Rajput,"House 81, Street 4, Madina Town, Faisalabad",32259472,2022-08-05,7,Apartment
REG-439614,D.Warraich,Waseem Gill,"House 239, Street 13, D Ground, Faisalabad",68544140,2026-01-14,20,Apartment
REG-117475,Sardar Imran Abbasi,Fahad Naqvi,"House 256, Street 1, Clifton Block 2, Karachi",40250365,2021-06-22,5,Residential House
REG-471670,Hussain Cheema,Maryam Kayani,"House 233, Street 31, B-17, Islamabad",21848640,2023-12-27,10,Farmhouse
REG-342280,Hussain Cheema,Nasir Baig,"House 46, Street 25, F-8/3, Islamabad",56548058,2022-10-24,7,Commercial Plaza
REG-235604,حسن Warraich,Ayesha Joiya,"House 224, Street 21, Gulshan-e-Iqbal, Karachi",31737650,2025-04-21,5,Residential House
REG-843856,S. Awan,Waqas Joiya,"House 214, Street 36, Satellite Town, Rawalpindi",30345385,2023-01-10,5,Residential Plot
REG-521129,S. Awan,Laiba Kakar,"House 314, Street 16, Satellite Town, Rawalpindi",26369190,2021-02-19,10,Apartment
REG-352432,F.Khattak,Ghulam Dar,"House 7, Street 11, Madina Town, Faisalabad",48161650,2022-11-01,10,Residential Plot
REG-147941,Saqib Afridi,Nadeem Khan,"House 29, Street 25, DHA Phase 5, Lahore",69719200,2026-02-04,20,Farmhouse
REG-313301,Saqib Afridi,Noman Tarar,"House 366, Street 9, Gulberg III, Lahore",85783000,2025-11-02,10,Residential Plot
REG-526989,Chaudhary Gul Gilani,Owais Sandhu,"House 27, Street 5, University Town, Peshawar",424950560,2025-03-19,80,Residential Plot
REG-294827,Haji Mubashir Mehsud,Mehwish Mirza,"House 221, Street 6, Cantt, Multan",255528560,2022-09-13,80,Apartment
REG-799527,L. Naqvi,Obaid Zaidi,"House 68, Street 32, Westridge, Rawalpindi",39426324,2022-01-17,7,Apartment
REG-992380,L. Naqvi,Kinza Virk,"House 242, Street 30, Bahria Phase 4, Rawalpindi",75290260,2023-09-13,10,Residential House
REG-965532,B.Gondal,Salman Kakar,"House 127, Street 2, Shah Rukn-e-Alam, Multan",121933000,2022-06-09,40,Apartment
REG-957431,B.Gondal,Rabia Baig,"House 161, Street 11, Cantt, Multan",166683280,2024-03-12,40,Commercial Plaza
REG-557584,O. Afridi,Bilal Ansari,"House 56, Street 18, Model Town, Lahore",45226190,2022-01-20,10,Apartment
REG-194819,O. Afridi,Zubair Bhatti,"House 164, Street 16, Wapda Town, Lahore",31829266,2023-08-02,7,Farmhouse
REG-815734,M.Naqvi,Ayesha Ansari,"House 284, Street 21, Model Town, Lahore",53700380,2023-07-04,20,Residential Plot
REG-461737,P.Baig,Faisal Virk,"House 18, Street 17, Gulgasht, Multan",350489800,2021-11-13,40,Residential Plot
REG-760513,Usman Gill,Naveed Orakzai,"House 354, Street 30, Model Town, Lahore",13661510,2022-03-04,5,Farmhouse
REG-326822,J.Kakar,Shoaib Mughal,"House 63, Street 34, Johar Town, Lahore",11997895,2022-12-24,5,Apartment
REG-344703,Khadija Niazi,Mansoor Tarar,"House 340, Street 15, Madina Town, Faisalabad",72420650,2024-11-29,10,Apartment
REG-105103,Rida Zaidi,Bilal Saddozai,"House 259, Street 18, Chaklala Scheme 3, Rawalpindi",285278880,2021-03-19,80,Commercial Plaza
REG-648603,Chaudhary Imran Naqvi,Ehsan Kakar,"House 208, Street 5, Satellite Town, Rawalpindi",28379175,2022-11-21,5,Commercial Plaza
REG-634321,Sardar Imran Naqvi,Gul Kazmi,"House 157, Street 25, Chaklala Scheme 3, Rawalpindi",18964250,2022-11-28,5,Residential Plot
REG-482428,N. Rizvi,Rabia Qureshi,"House 196, Street 27, Bahria Phase 4, Rawalpindi",160258660,2025-07-04,20,Farmhouse
REG-631494,Syed Mustafa Kayani,Mahnoor Bhatti,"House 148, Street 39, G-10/2, Islamabad",321671040,2024-04-06,40,Residential House
REG-848282,Chaudhary Mustafa Kayani,Muhammad Raja,"House 231, Street 23, G-10/2, Islamabad",151853440,2021-10-09,40,Residential Plot
REG-919970,Mian Imran Gondal,Shahzad Mehsud,"House 393, Street 34, DHA Phase 6, Karachi",18605555,2023-10-03,5,Commercial Plaza
REG-483287,Mahnoor Baig,Zubair Dar,"House 281, Street 20, Madina Town, Faisalabad",331825600,2021-12-15,40,Residential House
REG-877415,Mahnoor Baig,Junaid Warraich,"House 110, Street 19, Madina Town, Faisalabad",68917690,2021-04-27,10,Farmhouse
REG-341372,Chaudhary Owais Lodhi,Salman Yousafzai,"House 170, Street 27, Hayatabad Phase 3, Peshawar",212931200,2026-01-05,40,Residential House
REG-617824,Mian Owais Lodhi,Zafar Cheema,"House 298, Street 40, Hayatabad Phase 3, Peshawar",67153670,2025-07-11,10,Commercial Plaza
REG-297670,A. Chaudhry,Nimra Zaidi,"House 243, Street 28, Hayatabad Phase 3, Peshawar",46474498,2022-01-31,7,Residential Plot
REG-563195,Sardar Hussain Shirazi,Salman Orakzai,"House 245, Street 16, University Town, Peshawar",97932860,2024-04-06,20,Residential Plot
REG-661265,Syed Hussain Shirazi,Babar Abbasi,"House 59, Street 16, University Town, Peshawar",246786880,2025-01-23,80,Residential House
REG-983667,Adnan Ansari,Adnan Khattak,"House 228, Street 30, B-17, Islamabad",28201515,2022-09-03,5,Farmhouse
REG-817958,Arsalan Kazmi,Khalid Mirza,"House 28, Street 16, Model Town, Lahore",649145920,2021-12-21,80,Residential Plot
REG-695923,Arsalan Kazmi,Mubashir Khan,"House 168, Street 21, Model Town, Lahore",33523217,2023-10-06,7,Residential House
REG-514622,Malik Mansoor Bhatti,Yasir Gill,"House 360, Street 9, Chaklala Scheme 3, Rawalpindi",86877080,2025-03-30,10,Residential Plot
REG-107438,Syed Shahzad Baig,Farhan Rajput,"House 202, Street 38, G-10/2, Islamabad",41423660,2023-01-02,5,Apartment
REG-301378,R. Hashmi,Qasim Butt,"House 277, Street 26, B-17, Islamabad",14994834,2023-12-31,3,Apartment
REG-195640,Mian Iqra Orakzai,Zeeshan Yousafzai,"House 121, Street 6, D Ground, Faisalabad",63889800,2026-02-01,10,Apartment
REG-278849,Syed Iqra Orakzai,Hafsa Virk,"House 184, Street 40, D Ground, Faisalabad",66365560,2021-02-12,10,Commercial Plaza
REG-555572,M. Lodhi,Iqra Dar,"House 105, Street 8, Model Town, Lahore",45203060,2024-07-25,20,Commercial Plaza
REG-574547,M. Lodhi,Usman Tareen,"House 394, Street 7, Johar Town, Lahore",31597328,2025-12-31,7,Farmhouse
REG-908735,Zubair Virk,Kinza Abbasi,"House 290, Street 30, Gulgasht, Multan",33349463,2023-01-15,7,Commercial Plaza
REG-300886,Syed Luqman Tarar,Mehwish Kakar,"House 330, Street 17, Westridge, Rawalpindi",62316786,2022-07-20,7,Residential House
REG-553657,N.Saddozai,Imran Awan,"House 15, Street 18, North Nazimabad, Karachi",9464400,2026-03-16,5,Apartment
REG-497601,N.Saddozai,Nadeem Saddozai,"House 186, Street 25, Gulshan-e-Iqbal, Karachi",329271880,2022-07-11,40,Residential Plot
REG-574778,Mansoor Janjua,Salman Lodhi,"House 375, Street 32, DHA Phase 6, Karachi",158724080,2021-06-24,40,Farmhouse
REG-810261,Mansoor Janjua,Nimra Ansari,"House 176, Street 27, Clifton Block 2, Karachi",33030240,2023-02-18,10,Residential House
REG-907473,Nimra Rizvi,Javeria Virk,"House 394, Street 2, Peoples Colony, Faisalabad",23164010,2022-01-26,5,Residential Plot
REG-604863,T. Malik,Noor Tareen,"House 310, Street 26, Chaklala Scheme 3, Rawalpindi",10998475,2025-03-03,5,Residential House
REG-406400,T. Malik,Rauf Gilani,"House 149, Street 24, Satellite Town, Rawalpindi",35550860,2025-07-05,10,Apartment
REG-423445,J. Gilani,Saba Sandhu,"House 130, Street 40, DHA Phase 6, Karachi",23352679,2025-05-29,7,Residential House
REG-899907,H.Zaidi,Mansoor Naqvi,"House 112, Street 23, F-8/3, Islamabad",159566040,2023-11-18,40,Apartment
REG-270072,A. Sheikh,Wajahat Zaidi,"House 354, Street 39, Wapda Town, Lahore",309043040,2022-04-29,40,Apartment
REG-875076,Haji Khadija Sheikh,Ali Khan,"House 288, Street 10, Wapda Town, Lahore",129417720,2022-01-31,40,Farmhouse
REG-592252,Mubashir Bangash,Usman Kayani,"House 82, Street 8, North Nazimabad, Karachi",16781880,2024-11-14,5,Farmhouse
REG-563311,A.Kayani,Shoaib Yousafzai,"House 277, Street 5, Shah Rukn-e-Alam, Multan",587411760,2021-10-11,80,Residential Plot
REG-272908,A.Kayani,Sufyan Gilani,"House 374, Street 24, Shah Rukn-e-Alam, Multan",54158190,2025-03-29,10,Farmhouse
REG-404017,Sardar Talha Kayani,Bilal Mehsud,"House 386, Street 29, Bahria Phase 4, Rawalpindi",43302845,2021-09-09,5,Apartment
REG-991782,Haji Talha Kayani,Jawad Hashmi,"House 214, Street 15, Bahria Phase 4, Rawalpindi",25326812,2024-08-29,7,Residential Plot
REG-246779,Z.Abbasi,Imran Sheikh,"House 309, Street 40, E-11/2, Islamabad",54502329,2025-07-11,7,Residential Plot
REG-704174,Z.Abbasi,Nasir Virk,"House 288, Street 18, E-11/2, Islamabad",19649273,2024-05-27,7,Residential House
REG-922040,A.Wazir,Kinza Bhatti,"House 83, Street 14, I-8/4, Islamabad",260518720,2023-06-17,80,Farmhouse
REG-706887,Haris Zaidi,Kamran Gondal,"House 263, Street 20, Satellite Town, Rawalpindi",16505125,2025-04-19,7,Commercial Plaza
REG-976555,Mian Pervez Durrani,Gul Gill,"House 287, Street 18, D Ground, Faisalabad",31362505,2023-07-29,5,Apartment
REG-296107,Haji Ali Mehsud,Tariq Niazi,"House 269, Street 17, Cantt, Multan",40709277,2022-08-14,7,Residential Plot
REG-190713,U.Bukhari,Pervez Afridi,"House 96, Street 25, Westridge, Rawalpindi",41590605,2026-01-06,5,Residential Plot
REG-700294,U.Bukhari,Wajahat Khokhar,"House 207, Street 15, Bahria Phase 4, Rawalpindi",62853686,2023-05-30,7,Apartment
REG-714549,Lubna Lodhi,Maryam Janjua,"House 153, Street 3, Gulbahar, Peshawar",40478750,2022-10-29,10,Commercial Plaza
REG-286809,Chaudhary Babar Yousafzai,Gul Warraich,"House 44, Street 11, Model Town, Lahore",11447050,2024-10-22,5,Commercial Plaza
REG-651149,E.Warraich,Talha Joiya,"House 188, Street 9, Cantt, Multan",657433840,2026-01-12,80,Apartment
REG-933364,Rana Noman Joiya,Qasim Zaidi,"House 235, Street 17, D Ground, Faisalabad",29635885,2021-03-07,5,Farmhouse
REG-164421,Haji Luqman Orakzai,Mubashir Orakzai,"House 245, Street 17, I-8/4, Islamabad",36577175,2022-12-03,5,Farmhouse
REG-300523,Sardar Iqra Rizvi,Mansoor Bukhari,"House 340, Street 17, Gulbahar, Peshawar",60379466,2025-10-02,7,Residential House
REG-754954,Rabia Kakar,Obaid Mehsud,"House 131, Street 34, Hayatabad Phase 3, Peshawar",12483330,2026-02-02,3,Farmhouse
REG-114205,A.Gill,Farhan Bukhari,"House 99, Street 21, Wapda Town, Lahore",85610390,2021-08-27,10,Farmhouse
REG-506383,A.Gill,Kamran Sandhu,"House 74, Street 28, Model Town, Lahore",77693520,2021-04-20,20,Apartment
REG-920493,A.Bhatti,Fatima Butt,"House 233, Street 20, University Town, Peshawar",675597440,2022-01-08,80,Apartment
REG-441615,A.Bhatti,Adnan Butt,"House 298, Street 4, University Town, Peshawar",254105320,2024-11-18,40,Farmhouse
REG-313618,Muhammad Sheikh,Ghulam Kayani,"House 135, Street 33, Clifton Block 2, Karachi",223138000,2025-01-29,40,Farmhouse
REG-689178,Muhammad Sheikh,Khadija Raja,"House 209, Street 18, Gulshan-e-Iqbal, Karachi",60009236,2025-01-03,7,Apartment
REG-953163,F. Bukhari,Rabia Bhatti,"House 75, Street 30, I-8/4, Islamabad",235072160,2024-06-17,80,Residential House
REG-848326,Hina خان,Zainab Wazir,"House 350, Street 1, Gulberg III, Lahore",50645590,2023-10-19,10,Farmhouse
REG-635463,Sardar Ahmed Gilani,Tooba Wazir,"House 100, Street 11, Gulberg III, Lahore",86963400,2025-07-28,20,Farmhouse
REG-423834,Mian Wajahat Baig,Iqra Khattak,"House 147, Street 11, Gulbahar, Peshawar",413221120,2024-04-28,80,Residential Plot
REG-485422,Malik Wajahat Baig,Zara Tareen,"House 196, Street 29, Gulbahar, Peshawar",66836150,2025-10-29,10,Farmhouse
REG-934758,M.Sial,Iqra Zaidi,"House 98, Street 29, North Nazimabad, Karachi",17452316,2026-03-02,7,Residential House
REG-768811,Q. Malik,Javeria Kayani,"House 24, Street 21, Shah Rukn-e-Alam, Multan",46519515,2023-03-09,7,Residential Plot
REG-588157,Zubair Naqvi,Rida Khattak,"House 131, Street 14, Satellite Town, Rawalpindi",41882825,2022-11-01,5,Residential House
REG-611538,Bushra Khattak,Lubna Cheema,"House 206, Street 11, Cantt, Multan",59443980,2021-01-31,20,Farmhouse
REG-534246,Bushra Khattak,Muhammad Saddozai,"House 239, Street 24, Cantt, Multan",285187600,2023-09-17,80,Residential Plot
REG-507027,R.Virk,Bushra Yousafzai,"House 392, Street 8, Gulbahar, Peshawar",16226667,2026-03-08,3,Farmhouse
REG-638567,J. Gondal,Faisal Baig,"House 166, Street 40, DHA Phase 6, Karachi",320588560,2025-09-26,40,Residential House
REG-295983,W. Joiya,Saba Yousafzai,"House 127, Street 20, Peoples Colony, Faisalabad",21709035,2024-11-18,3,Commercial Plaza
REG-620539,Malik Mahnoor Naqvi,Farah Durrani,"House 226, Street 20, E-11/2, Islamabad",30442150,2025-01-21,5,Residential House
REG-916631,Malik Khadija Chaudhry,Uzma Chaudhry,"House 207, Street 23, Johar Town, Lahore",298246080,2022-07-19,80,Apartment
REG-184408,Rana Khadija Chaudhry,Adnan Raja,"House 25, Street 39, Model Town, Lahore",89006000,2023-02-06,20,Farmhouse
REG-378094,M.Afridi,Shoaib Abbasi,"House 335, Street 38, DHA Phase 6, Karachi",147705160,2021-04-12,20,Residential Plot
REG-689656,N. Naqvi,Rabia Rajput,"House 79, Street 1, B-17, Islamabad",212460240,2024-01-28,40,Residential Plot
REG-853828,N. Naqvi,Owais Niazi,"House 131, Street 8, F-8/3, Islamabad",9911350,2023-06-13,5,Apartment
REG-462894,Nasir Virk,Bushra Abbasi,"House 201, Street 29, Shah Rukn-e-Alam, Multan",29468205,2024-07-09,5,Residential House
REG-862517,M. Zaidi,Naveed Mughal,"House 125, Street 10, Satellite Town, Rawalpindi",303169560,2024-01-27,40,Farmhouse
REG-277454,M. Zaidi,Obaid Sial,"House 302, Street 19, Satellite Town, Rawalpindi",107463140,2026-01-26,20,Apartment
REG-171081,Mehwish Tarar,Hassan Wazir,"House 333, Street 23, Gulbahar, Peshawar",205555760,2025-01-20,40,Residential Plot
REG-356977,Mehwish Tarar,Khalid Shirazi,"House 281, Street 23, University Town, Peshawar",58362480,2022-08-03,10,Residential House
REG-232389,Rana Sufyan Janjua,Haris Butt,"House 156, Street 19, Cantt, Multan",7924797,2022-11-11,3,Apartment
REG-774583,Hafsa Kakar,Zara Sheikh,"House 199, Street 19, Wapda Town, Lahore",283298200,2023-11-27,40,Farmhouse
REG-463529,Atif Sheikh,Lubna Sandhu,"House 60, Street 28, Satellite Town, Rawalpindi",41406795,2025-12-14,5,Residential House
REG-903594,Atif Sheikh,Saad Afridi,"House 270, Street 9, Chaklala Scheme 3, Rawalpindi",33409054,2021-09-29,7,Farmhouse
REG-269781,Khadija Afridi,Shoaib Khokhar,"House 164, Street 6, Gulshan-e-Iqbal, Karachi",268546480,2024-02-04,40,Residential House
REG-752676,Q.Durrani,Kamran Kayani,"House 104, Street 3, Hayatabad Phase 3, Peshawar",14054820,2021-01-29,5,Residential House
REG-787631,Q.Durrani,Nasir Warraich,"House 382, Street 2, Hayatabad Phase 3, Peshawar",36518160,2025-07-05,20,Residential Plot
REG-910231,Syed Anas Kazmi,Laiba Chaudhry,"House 302, Street 40, Gulgasht, Multan",678851840,2021-06-01,80,Residential Plot
REG-360019,Bushra Joiya,Wajahat Janjua,"House 81, Street 35, Bahria Phase 4, Rawalpindi",17386245,2025-01-18,5,Residential House
REG-511781,B. Zaidi,Asad Ansari,"House 325, Street 8, Model Town, Lahore",46482597,2022-04-16,7,Residential Plot
REG-325185,Mubashir Mirza,Hafsa Zaidi,"House 310, Street 35, Gulbahar, Peshawar",378807120,2022-11-24,80,Apartment
REG-659102,Rana Taimoor Mirza,Mansoor Orakzai,"House 71, Street 20, B-17, Islamabad",175990120,2025-10-09,20,Farmhouse
REG-592529,Chaudhary Taimoor Mirza,Muhammad Janjua,"House 157, Street 18, E-11/2, Islamabad",179120880,2022-02-21,40,Residential House
REG-724084,حسن Abbasi,Luqman Mehsud,"House 351, Street 22, Gulshan-e-Iqbal, Karachi",43435710,2024-01-05,5,Farmhouse
REG-971339,Sardar Nadia Baig,Kashif Gilani,"House 194, Street 23, North Nazimabad, Karachi",288281640,2024-03-20,40,Commercial Plaza
REG-738341,Malik Kamran Khokhar,Nadeem Kayani,"House 337, Street 17, Gulberg III, Lahore",10011249,2025-10-08,3,Residential Plot
REG-137688,Mehwish Afridi,Ibrahim Raja,"House 316, Street 22, Model Town, Lahore",21665630,2022-03-31,7,Commercial Plaza
REG-447474,Salman Niazi,Yasir Malik,"House 48, Street 31, Madina Town, Faisalabad",168877900,2022-02-03,20,Commercial Plaza
REG-929561,Salman Niazi,Tooba Qureshi,"House 370, Street 22, D Ground, Faisalabad",21592080,2023-03-19,10,Commercial Plaza
REG-348228,K.Durrani,Mahnoor Chaudhry,"House 378, Street 33, Shah Rukn-e-Alam, Multan",52878714,2025-01-28,7,Apartment
REG-106566,H.Naqvi,Madiha Mirza,"House 185, Street 21, Gulshan-e-Iqbal, Karachi",258181760,2021-05-25,40,Residential House
REG-363707,S. Hashmi,Fatima Ansari,"House 62, Street 28, Gulgasht, Multan",86325120,2021-07-18,40,Farmhouse
REG-405009,A.Raja,Noman Sial,"House 120, Street 27, E-11/2, Islamabad",40054021,2023-09-24,7,Commercial Plaza
REG-487976,A.Raja,Talha Kakar,"House 20, Street 26, E-11/2, Islamabad",44823160,2021-09-26,5,Farmhouse
REG-828575,Mustafa Zaidi,Fahad Awan,"House 390, Street 1, G-13/1, Islamabad",229132680,2023-12-07,40,Commercial Plaza
REG-632447,Haris Janjua,Babar Kazmi,"House 336, Street 39, Gulbahar, Peshawar",56116070,2022-05-14,10,Residential House
REG-318648,Junaid Mirza,Khalid Ansari,"House 122, Street 8, Gulgasht, Multan",315221120,2021-01-25,80,Farmhouse
REG-551472,Junaid Mirza,Zeeshan Virk,"House 304, Street 25, Gulgasht, Multan",41429985,2023-03-29,5,Commercial Plaza
REG-548562,U. Ansari,Mustafa Mirza,"House 23, Street 39, Model Town, Lahore",28144960,2026-02-19,10,Apartment
REG-339366,B.Orakzai,Ghulam Bangash,"House 234, Street 14, Bahria Phase 4, Rawalpindi",31154375,2023-06-27,7,Apartment
REG-319151,S. Cheema,Kinza Afridi,"House 186, Street 25, Cantt, Multan",49546910,2021-12-29,7,Residential Plot
REG-127512,Noman Rajput,Yousuf Naqvi,"House 276, Street 6, Westridge, Rawalpindi",18376665,2021-12-08,5,Residential Plot
REG-268001,Zafar Zaidi,Haris Gilani,"House 221, Street 29, Shah Rukn-e-Alam, Multan",28082475,2022-10-27,5,Residential House
REG-685819,Irfan Warraich,Nadia Wazir,"House 393, Street 20, University Town, Peshawar",24633742,2023-09-30,7,Farmhouse
REG-694886,Irfan Warraich,Sana Janjua,"House 363, Street 25, Hayatabad Phase 3, Peshawar",29688120,2021-03-27,5,Farmhouse
REG-133086,Haji Khadija Afridi,Bilal Zaidi,"House 207, Street 24, Bahria Phase 4, Rawalpindi",36155560,2025-07-17,5,Apartment
REG-325267,Syed Khadija Afridi,Sana Chaudhry,"House 111, Street 23, Bahria Phase 4, Rawalpindi",39511520,2023-03-30,10,Residential House
REG-986057,Mian Farah Siddiqui,Faisal Tareen,"House 113, Street 31, Chaklala Scheme 3, Rawalpindi",391307600,2021-05-24,80,Commercial Plaza
REG-133186,A. Mughal,Ahmed Baig,"House 191, Street 3, Johar Town, Lahore",349739280,2026-03-13,40,Commercial Plaza
REG-103507,A. Mughal,Obaid Orakzai,"House 330, Street 35, Gulberg III, Lahore",274696720,2022-12-29,40,Residential House
REG-927113,U. Gondal,Uzma Sandhu,"House 375, Street 33, Chaklala Scheme 3, Rawalpindi",21392160,2023-06-27,5,Farmhouse
REG-946822,Chaudhary Waseem Rizvi,Adnan Dar,"House 243, Street 14, Gulbahar, Peshawar",509836720,2021-04-20,80,Apartment
REG-950734,Rana Waseem Rizvi,Tariq Kayani,"House 204, Street 8, Gulbahar, Peshawar",37849180,2025-11-17,10,Farmhouse
REG-590813,H.Abbasi,Javeria Virk,"House 308, Street 12, Madina Town, Faisalabad",14460030,2021-05-04,5,Residential Plot
REG-501048,S.Kayani,Mahnoor Naqvi,"House 137, Street 2, Bahria Phase 4, Rawalpindi",647023600,2025-09-07,80,Residential Plot
REG-406468,S.Kayani,Saqib Raja,"House 20, Street 6, Satellite Town, Rawalpindi",289605280,2022-03-31,80,Apartment
REG-628494,Zubair Sial,Farhan Gilani,"House 133, Street 15, Westridge, Rawalpindi",26826100,2025-11-10,5,Apartment
REG-591468,Farhan Cheema,Saba Gill,"House 256, Street 25, Bahria Phase 4, Rawalpindi",155398660,2022-04-24,20,Residential House
REG-458877,Noor چوہدری,Qasim Bangash,"House 199, Street 12, Shah Rukn-e-Alam, Multan",328565120,2025-02-05,80,Residential Plot
REG-200876,Noor چوہدری,Wajahat Ansari,"House 104, Street 13, Shah Rukn-e-Alam, Multan",30327525,2025-05-20,5,Residential House
REG-762431,Sardar Shoaib Khan,Sadia Kakar,"House 61, Street 9, Hayatabad Phase 3, Peshawar",17989986,2021-11-06,7,Commercial Plaza
REG-638579,Syed Shoaib Khan,Noor Rajput,"House 41, Street 31, Hayatabad Phase 3, Peshawar",53976454,2025-11-26,7,Residential Plot
REG-199672,محمد خان,Bushra Malik,"House 194, Street 35, Cantt, Multan",24031945,2025-07-06,7,Residential House
REG-542625,محمد خان,Luqman Cheema,"House 70, Street 24, Shah Rukn-e-Alam, Multan",298858400,2021-07-28,80,Residential Plot
REG-416915,L.Siddiqui,Farhan Awan,"House 50, Street 34, Bahria Phase 4, Rawalpindi",45908548,2025-06-24,7,Farmhouse
REG-587680,U. Naqvi,Farhan Dar,"House 198, Street 30, D Ground, Faisalabad",22946740,2022-02-19,5,Residential Plot
REG-692713,Malik Bushra Yousafzai,Madiha Hashmi,"House 316, Street 32, Gulgasht, Multan",19206299,2025-05-24,7,Apartment
REG-593245,Rana Atif Gill,Rida Kazmi,"House 211, Street 21, Clifton Block 2, Karachi",61275220,2025-09-15,20,Residential Plot
REG-244070,Muhammad Tarar,Imran Orakzai,"House 27, Street 38, Madina Town, Faisalabad",338567760,2022-04-29,80,Apartment
REG-216378,Ahmed Virk,Asad Mehsud,"House 105, Street 20, G-10/2, Islamabad",20192940,2023-08-07,5,Apartment
REG-609742,Bushra Zaidi,Qasim Sheikh,"House 390, Street 24, I-8/4, Islamabad",29592680,2023-10-15,10,Farmhouse
REG-169851,Bushra Zaidi,Yousuf Abbasi,"House 355, Street 24, B-17, Islamabad",63222960,2023-11-19,10,Residential Plot
REG-702908,Umar Rajput,Khalid Chaudhry,"House 353, Street 12, Shah Rukn-e-Alam, Multan",38526950,2023-08-04,5,Farmhouse
REG-885403,Fatima Khan,Yousuf Siddiqui,"House 279, Street 19, Gulbahar, Peshawar",72598550,2022-12-07,10,Farmhouse
REG-927522,Fatima Khan,Rehan Lodhi,"House 292, Street 29, University Town, Peshawar",58748655,2024-04-18,7,Commercial Plaza
REG-526105,Chaudhary Shoaib Wazir,Yasir Rizvi,"House 150, Street 22, Chaklala Scheme 3, Rawalpindi",38537560,2025-08-03,5,Farmhouse
REG-658952,Syed Mubashir Rizvi,Usman Khan,"House 304, Street 13, University Town, Peshawar",118476340,2022-01-18,20,Residential House
REG-750966,Malik Mubashir Rizvi,Mustafa Lodhi,"House 119, Street 13, Gulbahar, Peshawar",49414316,2025-12-29,7,Farmhouse
REG-816085,Amna Janjua,Arsalan Mughal,"House 358, Street 22, Shah Rukn-e-Alam, Multan",544103520,2024-01-21,80,Commercial Plaza
REG-887101,Amna Janjua,Javeria Bukhari,"House 299, Street 10, Shah Rukn-e-Alam, Multan",53515420,2023-08-31,10,Commercial Plaza
REG-960464,Syed Ehsan Virk,Hassan Dar,"House 397, Street 9, Cantt, Multan",17586205,2021-11-14,5,Residential House
REG-208957,M.Durrani,Tariq Khan,"House 71, Street 23, Clifton Block 2, Karachi",129151260,2023-10-18,20,Residential House
REG-458177,M.Durrani,Zeeshan Dar,"House 319, Street 2, North Nazimabad, Karachi",62916938,2024-06-13,7,Commercial Plaza
REG-944687,Zara Afridi,Hamza Mehsud,"House 382, Street 26, DHA Phase 6, Karachi",81908880,2023-01-09,40,Farmhouse
REG-361754,Y. Joiya,Ehsan Janjua,"House 32, Street 13, G-10/2, Islamabad",40237170,2021-05-24,5,Farmhouse
REG-832615,Y. Joiya,Owais Hashmi,"House 258, Street 14, G-13/1, Islamabad",291535920,2023-09-08,40,Residential House
REG-124472,U. Tareen,Tooba Qureshi,"House 272, Street 23, Clifton Block 2, Karachi",160489240,2024-04-25,20,Residential Plot
REG-226326,Sardar Obaid Wazir,Zara Bukhari,"House 279, Street 40, G-10/2, Islamabad",230662320,2025-11-23,80,Residential Plot
REG-755128,Saba Zaidi,Zubair Hashmi,"House 117, Street 21, Shah Rukn-e-Alam, Multan",16916480,2021-05-08,7,Commercial Plaza
REG-328442,U.Kazmi,Rashid Khan,"House 375, Street 10, Model Town, Lahore",34460225,2024-11-23,5,Farmhouse
REG-344959,U.Kazmi,Rashid Saddozai,"House 282, Street 19, DHA Phase 5, Lahore",438539440,2022-04-06,80,Apartment
REG-806158,U.Malik,Haris Bangash,"House 126, Street 5, Cantt, Multan",27811855,2022-09-30,5,Residential Plot
REG-358925,U.Malik,Zafar Dar,"House 245, Street 33, Gulgasht, Multan",10890395,2024-04-08,5,Residential House
REG-925522,Madiha Kayani,Mansoor Malik,"House 2, Street 37, B-17, Islamabad",29499440,2024-09-24,5,Residential Plot
REG-991577,Noman Naqvi,Faisal Qureshi,"House 220, Street 12, Chaklala Scheme 3, Rawalpindi",26363955,2022-10-22,5,Farmhouse
REG-333820,S. Gill,Mansoor Awan,"House 269, Street 13, Bahria Phase 4, Rawalpindi",80387160,2022-01-25,40,Farmhouse
REG-462623,M. Judge,Sajid Mirza,"House 90, Street 23, F-8/3, Islamabad",293161840,2022-01-31,40,Residential House
REG-382200,M. Judge,Maryam Sheikh,"House 8, Street 9, B-17, Islamabad",80211640,2022-11-23,10,Residential House
REG-496213,A.Ahmed,Moiz Judge,"House 236, Street 27, G-10/2, Islamabad",47706030,2025-12-22,10,Apartment
REG-609662,s. haseeb,Amna Khokhar,"House 40, Street 39, G-10/2, Islamabad",25804785,2021-06-03,5,Residential Plot
REG-571441,s. haseeb,Shoaib Siddiqui,"House 64, Street 6, G-10/2, Islamabad",38554376,2023-12-23,7,Commercial Plaza
REG-641664,sajid Ahmed,Amna Rajput,"House 3, Street 34, G-10/2, Islamabad",95760960,2021-09-21,20,Commercial Plaza
REG-928189,Maryam Siddiqui,Tooba Siddiqui,"House 395, Street 23, I-8/4, Islamabad",61425224,2024-01-11,7,Apartment
REG-453380,Pervez Mirza,Ubaid Mirza,"House 2, Street 10, Clifton Block 2, Karachi",178891560,2021-11-10,40,Commercial Plaza
REG-130841,Pervez Mirza,Gul Kakar,"House 131, Street 30, North Nazimabad, Karachi",100247780,2022-05-11,20,Commercial Plaza
REG-550242,I.Dar,Nadeem Dar,"House 33, Street 2, Cantt, Multan",183797600,2021-08-10,80,Farmhouse
REG-185790,I.Dar,Nadeem Dar,"House 293, Street 31, Gulgasht, Multan",41439377,2024-08-27,7,Farmhouse
REG-727378,Rehan Sandhu,Yasir Sandhu,"House 321, Street 10, DHA Phase 5, Lahore",709442320,2025-12-24,80,Apartment
REG-953722,F. Qureshi,Luqman Niazi,"House 378, Street 13, Satellite Town, Rawalpindi",32521300,2024-09-14,5,Residential Plot
REG-277177,Haris Gill,Usman Gill,"House 166, Street 21, Westridge, Rawalpindi",180250720,2025-06-08,40,Commercial Plaza
REG-548305,Haris Gill,Usman Gill,"House 7, Street 28, Chaklala Scheme 3, Rawalpindi",84613350,2023-07-09,10,Commercial Plaza
REG-280802,Farhan Bukhari,Mubashir Bukhari,"House 42, Street 4, DHA Phase 6, Karachi",63487800,2024-06-12,20,Apartment
REG-362620,Farhan Bukhari,Zara Wazir,"House 2, Street 18, Gulshan-e-Iqbal, Karachi",21655950,2021-01-02,5,Apartment
REG-698518,Sana Warraich,Kinza Warraich,"House 228, Street 8, Johar Town, Lahore",40155460,2022-04-02,20,Residential Plot
REG-951000,Sana Warraich,Kinza Warraich,"House 168, Street 25, DHA Phase 5, Lahore",20741434,2023-05-28,7,Residential House
REG-767295,Zara Yousafzai,Ehsan Yousafzai,"House 284, Street 38, Shah Rukn-e-Alam, Multan",256476440,2025-04-20,40,Residential House
REG-199793,Zara Yousafzai,Taimoor Khattak,"House 167, Street 29, Gulgasht, Multan",76740040,2021-01-22,40,Apartment
REG-858488,N.Naqvi,Yasir Naqvi,"House 140, Street 13, Clifton Block 2, Karachi",20518575,2021-10-25,5,Commercial Plaza
REG-396496,Syed Kamran Qureshi,Taimoor Qureshi,"House 79, Street 7, Gulbahar, Peshawar",280635440,2021-12-14,40,Commercial Plaza
REG-806198,Sardar Kamran Qureshi,Taimoor Qureshi,"House 263, Street 8, University Town, Peshawar",281782560,2025-05-23,80,Residential Plot
REG-933034,Mansoor Shirazi,Luqman Bhatti,"House 308, Street 28, Gulgasht, Multan",13968829,2024-07-01,7,Residential House
REG-509740,Mansoor Shirazi,Shahzad Shirazi,"House 356, Street 15, Cantt, Multan",48980834,2021-01-27,7,Residential House
REG-946068,S.Gondal,Umar Gondal,"House 99, Street 11, Chaklala Scheme 3, Rawalpindi",11240295,2022-03-09,5,Farmhouse
REG-229651,N. Janjua,Shoaib Bhatti,"House 322, Street 8, DHA Phase 6, Karachi",54142540,2022-04-11,10,Farmhouse
REG-161522,N. Janjua,Gul Niazi,"House 229, Street 22, DHA Phase 6, Karachi",31453765,2023-09-19,5,Residential House
REG-126884,Sajid Abbasi,Madiha Abbasi,"House 314, Street 8, Gulberg III, Lahore",21518455,2025-07-13,5,Residential Plot
REG-285730,Rehan Naqvi,Shoaib Raja,"House 6, Street 7, D Ground, Faisalabad",353585360,2025-01-07,80,Residential House
REG-162985,T.Qureshi,Naveed Qureshi,"House 213, Street 6, D Ground, Faisalabad",525247040,2022-01-04,80,Apartment
REG-598886,Rana Irfan Kayani,Uzma Kayani,"House 224, Street 22, Shah Rukn-e-Alam, Multan",51315593,2021-10-24,7,Farmhouse
REG-305951,Mian Irfan Kayani,Wajahat Bukhari,"House 38, Street 2, Gulgasht, Multan",69572340,2025-04-03,20,Residential House
REG-300446,Pervez Yousafzai,Jawad Yousafzai,"House 235, Street 21, Westridge, Rawalpindi",50541360,2024-08-04,20,Residential House
REG-788478,N.Durrani,Uzma Durrani,"House 282, Street 25, Gulgasht, Multan",45561960,2022-02-06,10,Residential Plot
REG-938088,Mian Zara Naqvi,Bushra Naqvi,"House 87, Street 38, Chaklala Scheme 3, Rawalpindi",108697800,2024-05-23,20,Apartment
REG-932469,F. Janjua,Luqman Janjua,"House 184, Street 11, Gulberg III, Lahore",30925321,2021-09-08,7,Apartment
REG-417442,F. Janjua,Luqman Janjua,"House 370, Street 3, Wapda Town, Lahore",436955840,2025-08-06,80,Residential House
REG-584813,Bilal Tarar,Ehsan Bhatti,"House 75, Street 35, Madina Town, Faisalabad",13922760,2021-04-13,5,Residential House
REG-288394,Bilal Tarar,Javeria Tarar,"House 202, Street 39, D Ground, Faisalabad",326428800,2022-01-11,80,Residential Plot
REG-833307,Kashif Warraich,Gul Warraich,"House 39, Street 17, Gulshan-e-Iqbal, Karachi",53834704,2024-10-15,7,Farmhouse
REG-307469,K. Shirazi,Noor Shirazi,"House 269, Street 28, Wapda Town, Lahore",15661615,2025-04-10,5,Residential House
REG-706132,K. Shirazi,Noor Shirazi,"House 284, Street 31, Johar Town, Lahore",19169825,2021-06-23,5,Farmhouse
REG-989396,H.Siddiqui,Rida Siddiqui,"House 225, Street 28, Hayatabad Phase 3, Peshawar",139333700,2021-01-01,20,Residential House
REG-352467,فاطمہ Niazi,Rida Niazi,"House 316, Street 31, G-10/2, Islamabad",30895032,2025-08-27,7,Residential House
REG-564019,فاطمہ Niazi,Rida Niazi,"House 142, Street 11, B-17, Islamabad",39763682,2024-07-15,7,Farmhouse
REG-969908,عائشہ Naqvi,Danish Naqvi,"House 95, Street 2, Clifton Block 2, Karachi",467791280,2024-04-21,80,Apartment
REG-302142,عائشہ Naqvi,Danish Naqvi,"House 362, Street 2, North Nazimabad, Karachi",68428300,2024-02-13,20,Farmhouse
REG-878297,Sardar Nasir Yousafzai,Babar Yousafzai,"House 268, Street 26, Bahria Phase 4, Rawalpindi",67825190,2022-07-13,10,Commercial Plaza
REG-359209,Chaudhary Nasir Yousafzai,Babar Yousafzai,"House 192, Street 33, Westridge, Rawalpindi",188718040,2022-07-16,40,Commercial Plaza
REG-810777,M.Sial,Atif Rajput,"House 221, Street 21, University Town, Peshawar",84873320,2021-12-12,10,Residential House
REG-206103,M.Sial,Rida Sial,"House 174, Street 22, University Town, Peshawar",49699740,2021-10-10,10,Farmhouse
REG-923485,Sardar Laiba Malik,Zubair Malik,"House 281, Street 8, Johar Town, Lahore",103363120,2022-07-24,40,Commercial Plaza
REG-290406,L.Khattak,Luqman Khattak,"House 70, Street 40, DHA Phase 6, Karachi",67305520,2025-11-20,20,Apartment
REG-602293,Asad Orakzai,Noman Orakzai,"House 107, Street 12, North Nazimabad, Karachi",20399115,2021-06-28,5,Residential Plot
REG-430888,Asad Orakzai,Noman Yousafzai,"House 181, Street 13, Clifton Block 2, Karachi",15093095,2022-03-25,5,Farmhouse
REG-907208,T. Cheema,Madiha Cheema,"House 49, Street 30, G-13/1, Islamabad",88079680,2023-12-05,20,Commercial Plaza
REG-606291,K. Orakzai,Imran Baig,"House 316, Street 33, D Ground, Faisalabad",57758480,2024-02-28,20,Commercial Plaza
REG-950214,K. Orakzai,Wajahat Yousafzai,"House 297, Street 27, Madina Town, Faisalabad",137319640,2023-02-28,40,Commercial Plaza
REG-674468,Yousuf Tareen,Noman Tareen,"House 54, Street 28, D Ground, Faisalabad",64829100,2025-05-30,20,Residential House
REG-992147,Yousuf Tareen,Noman Tareen,"House 101, Street 30, D Ground, Faisalabad",130156240,2022-11-07,20,Residential House
REG-349629,Kashif Mughal,Yousuf Mughal,"House 330, Street 31, Peoples Colony, Faisalabad",32745055,2024-06-13,5,Commercial Plaza
REG-794216,A. Chaudhry,Farah Chaudhry,"House 260, Street 28, Gulberg III, Lahore",123295720,2024-09-24,20,Farmhouse
REG-795221,A. Yousafzai,Irfan Yousafzai,"House 325, Street 28, E-11/2, Islamabad",240402960,2022-05-26,40,Farmhouse
REG-647940,L. Khokhar,Zafar Khokhar,"House 17, Street 2, Clifton Block 2, Karachi",36954764,2022-06-06,7,Apartment
REG-947416,L. Khokhar,Zafar Khokhar,"House 388, Street 25, North Nazimabad, Karachi",231141640,2024-08-13,40,Commercial Plaza
REG-875456,Usman Mughal,Wajahat Virk,"House 314, Street 40, Gulgasht, Multan",36805130,2023-06-23,10,Farmhouse
REG-838566,Usman Mughal,Ehsan Bhatti,"House 105, Street 14, Cantt, Multan",460009760,2024-06-18,80,Farmhouse
REG-494448,M. Mughal,Imran Mughal,"House 267, Street 32, Gulberg III, Lahore",634833280,2025-02-15,80,Farmhouse
REG-323652,M. Mughal,Imran Mughal,"House 158, Street 23, DHA Phase 5, Lahore",681276480,2021-01-09,80,Farmhouse
REG-821970,F. Malik,Asad Malik,"House 29, Street 5, Chaklala Scheme 3, Rawalpindi",71935140,2023-05-01,10,Commercial Plaza
REG-683508,L.Raja,Danish Raja,"House 316, Street 35, Gulberg III, Lahore",420958400,2021-07-13,80,Residential House
REG-358431,Mian Tooba Rajput,Rashid Rajput,"House 371, Street 35, Peoples Colony, Faisalabad",304383200,2021-05-25,40,Apartment
REG-981697,S. Siddiqui,Sana Wazir,"House 365, Street 29, Shah Rukn-e-Alam, Multan",40422240,2022-03-18,5,Commercial Plaza
REG-303965,S. Siddiqui,Obaid Zaidi,"House 211, Street 21, Cantt, Multan",15127189,2022-07-03,7,Apartment
REG-741173,Z.Raja,Taimoor Raja,"House 294, Street 27, DHA Phase 6, Karachi",70303040,2022-11-16,10,Farmhouse
REG-283413,Z.Raja,Taimoor Raja,"House 240, Street 36, North Nazimabad, Karachi",157895300,2023-05-18,20,Commercial Plaza
REG-107169,N.Awan,Talha Awan,"House 253, Street 32, Wapda Town, Lahore",49759320,2022-01-03,10,Residential House
REG-223597,N.Awan,Fatima Gilani,"House 126, Street 26, Wapda Town, Lahore",48888780,2022-10-02,10,Residential House
REG-206404,F. Yousafzai,Nadia Yousafzai,"House 177, Street 20, Cantt, Multan",44450980,2021-05-12,7,Apartment
REG-248088,Javeria Wazir,Ali Wazir,"House 172, Street 21, North Nazimabad, Karachi",640131760,2022-08-03,80,Farmhouse
REG-396652,Javeria Wazir,Mubashir Sheikh,"House 85, Street 26, North Nazimabad, Karachi",154743480,2025-02-02,40,Commercial Plaza
REG-713461,L. Gill,Ghulam Dar,"House 275, Street 17, Madina Town, Faisalabad",43134903,2022-11-21,7,Residential House
REG-121997,Sardar Bilal Butt,Ali Butt,"House 92, Street 34, Westridge, Rawalpindi",30286225,2023-11-22,5,Apartment
REG-112455,Zubair Saddozai,Laiba Saddozai,"House 129, Street 3, Hayatabad Phase 3, Peshawar",319836160,2024-10-29,40,Residential Plot
REG-206134,J.Chaudhry,Ghulam Chaudhry,"House 266, Street 36, Bahria Phase 4, Rawalpindi",514707440,2025-07-08,80,Apartment
REG-223941,Chaudhary Khalid Mehsud,Khalid Mehsud,"House 119, Street 8, Johar Town, Lahore",27470142,2022-01-27,7,Residential Plot
REG-646730,Sardar Khalid Mehsud,Khalid Mehsud,"House 234, Street 34, Gulberg III, Lahore",36937166,2023-02-04,7,Apartment
REG-267720,Ubaid Shirazi,Uzma Khokhar,"House 231, Street 6, Cantt, Multan",21198670,2023-01-25,5,Farmhouse
REG-321571,Ubaid Shirazi,Adnan Sandhu,"House 169, Street 24, Gulgasht, Multan",126509420,2024-10-05,20,Commercial Plaza
REG-729752,I. Khattak,Mustafa Khattak,"House 304, Street 33, I-8/4, Islamabad",13475168,2023-01-14,7,Residential Plot
REG-409571,Irfan Janjua,Faisal Janjua,"House 164, Street 27, Cantt, Multan",159975060,2025-07-13,20,Residential Plot
REG-653604,S.Hashmi,Waseem Hashmi,"House 9, Street 34, G-10/2, Islamabad",160414960,2022-11-14,40,Farmhouse
REG-616108,S.Hashmi,Waseem Hashmi,"House 194, Street 24, G-10/2, Islamabad",83283860,2022-12-18,10,Residential House
REG-891098,I. Mehsud,Anas Mehsud,"House 130, Street 19, E-11/2, Islamabad",222802800,2021-10-30,40,Farmhouse
REG-514297,I. Mehsud,Anas Mehsud,"House 250, Street 15, G-10/2, Islamabad",168263480,2024-03-05,40,Farmhouse
REG-144121,Fahad Warraich,Pervez Warraich,"House 298, Street 15, Johar Town, Lahore",30350705,2024-05-04,5,Residential Plot
REG-949089,Syed Kinza Sandhu,Sajid Sandhu,"House 203, Street 39, Cantt, Multan",439876480,2025-02-06,80,Farmhouse
REG-374633,Malik Hassan Khattak,Ali Khattak,"House 376, Street 14, Madina Town, Faisalabad",138661560,2023-08-13,40,Residential House
REG-446416,Sardar Amna Durrani,Laiba Durrani,"House 27, Street 31, Gulbahar, Peshawar",125975400,2024-02-25,20,Apartment
REG-981424,S.Chaudhry,Waseem Awan,"House 86, Street 14, Wapda Town, Lahore",11095270,2025-03-03,5,Residential Plot
REG-417634,S.Chaudhry,Noor Joiya,"House 257, Street 15, Model Town, Lahore",76993940,2023-01-22,20,Commercial Plaza
REG-423728,M. Dar,Nimra Dar,"House 324, Street 2, Wapda Town, Lahore",52691849,2021-08-03,7,Residential House
REG-422284,Mian Nasir Niazi,Anas Niazi,"House 373, Street 37, Chaklala Scheme 3, Rawalpindi",24369475,2022-06-21,5,Residential House
REG-834414,Mian Lubna Sandhu,Noman Sandhu,"House 120, Street 37, Chaklala Scheme 3, Rawalpindi",37437350,2025-10-30,10,Farmhouse
REG-240396,A.Butt,Zainab Butt,"House 378, Street 4, Gulgasht, Multan",181340960,2025-04-04,80,Residential House
REG-180946,Ibrahim Cheema,Arsalan Cheema,"House 101, Street 1, University Town, Peshawar",266686880,2024-11-11,40,Residential House
REG-519940,Ibrahim Cheema,Sufyan Khokhar,"House 102, Street 25, University Town, Peshawar",156396000,2024-12-06,80,Apartment
REG-617810,B. Qureshi,Kamran Qureshi,"House 271, Street 17, Shah Rukn-e-Alam, Multan",41043863,2024-08-13,7,Residential House
REG-523249,S.Wazir,Muhammad Khattak,"House 263, Street 7, Peoples Colony, Faisalabad",228573760,2024-06-05,80,Residential House
REG-215407,Mansoor Awan,Amna Awan,"House 81, Street 17, Gulberg III, Lahore",171074400,2023-11-18,80,Farmhouse
REG-988454,Mansoor Awan,Zafar Bukhari,"House 274, Street 8, Gulberg III, Lahore",72124880,2023-06-18,20,Residential Plot
REG-786375,Mahnoor Hashmi,Kamran Hashmi,"House 285, Street 18, G-13/1, Islamabad",141188200,2025-02-16,20,Apartment
REG-113545,Rashid Cheema,Faisal Cheema,"House 77, Street 38, Chaklala Scheme 3, Rawalpindi",39435697,2023-01-27,7,Residential Plot
REG-202564,Rashid Cheema,Rashid Gill,"House 29, Street 21, Bahria Phase 4, Rawalpindi",159568560,2021-11-22,40,Residential House
REG-611202,I. Bukhari,Kashif Rajput,"House 325, Street 38, Cantt, Multan",16839018,2023-12-31,7,Apartment
REG-719191,Haji Madiha Cheema,Amna Chaudhry,"House 147, Street 13, Gulbahar, Peshawar",56731836,2023-06-23,7,Apartment
REG-405470,Malik Madiha Cheema,Javeria Cheema,"House 145, Street 36, Hayatabad Phase 3, Peshawar",319790640,2021-12-14,40,Residential Plot
REG-781399,H.Awan,Amna Awan,"House 310, Street 29, Clifton Block 2, Karachi",593207200,2024-06-13,80,Commercial Plaza
REG-484211,H.Awan,Amna Awan,"House 295, Street 20, Clifton Block 2, Karachi",42318416,2025-07-16,7,Apartment
REG-415295,S.Lodhi,Zafar Lodhi,"House 30, Street 6, Shah Rukn-e-Alam, Multan",333305080,2021-05-31,40,Apartment
REG-270079,S.Lodhi,Zafar Lodhi,"House 370, Street 27, Cantt, Multan",21388830,2026-02-28,10,Residential House
REG-952881,Chaudhary Hina Virk,Hassan Warraich,"House 95, Street 33, F-8/3, Islamabad",33144535,2026-01-14,5,Commercial Plaza
REG-911025,I. Afridi,Zainab Shirazi,"House 251, Street 33, G-10/2, Islamabad",147417720,2022-03-05,20,Residential House
REG-433117,I. Afridi,Salman Afridi,"House 396, Street 1, B-17, Islamabad",49402199,2024-02-18,7,Residential Plot
REG-114952,N. Yousafzai,Ali Yousafzai,"House 276, Street 12, Chaklala Scheme 3, Rawalpindi",224844640,2021-08-09,40,Farmhouse
REG-900157,P. Tarar,Madiha Tarar,"House 157, Street 25, Bahria Phase 4, Rawalpindi",363480800,2021-08-02,80,Commercial Plaza
REG-899991,Tariq Sandhu,Laiba Sandhu,"House 232, Street 11, Satellite Town, Rawalpindi",53407816,2022-05-06,7,Residential House
REG-919279,A.Bukhari,Fatima Khattak,"House 213, Street 17, Gulgasht, Multan",177536600,2024-11-28,20,Commercial Plaza
REG-707990,A.Bukhari,Usman Bukhari,"House 235, Street 37, Gulgasht, Multan",601507360,2021-06-24,80,Apartment
REG-552421,S. Gill,Zubair Shirazi,"House 124, Street 30, Gulshan-e-Iqbal, Karachi",42219755,2024-03-12,5,Residential House
REG-808445,S. Gill,Salman Gill,"House 34, Street 15, North Nazimabad, Karachi",233900480,2023-08-19,40,Commercial Plaza
REG-173456,Mehwish Sial,Ibrahim Sial,"House 111, Street 35, Clifton Block 2, Karachi",91989080,2024-03-19,40,Farmhouse
REG-832076,Ayesha Mughal,Javeria Mughal,"House 243, Street 23, Cantt, Multan",275681160,2022-01-14,40,Commercial Plaza
REG-234362,Ayesha Mughal,Imran Joiya,"House 358, Street 27, Cantt, Multan",24910893,2022-03-08,7,Farmhouse
REG-436769,O.Bhatti,Waqas Bhatti,"House 347, Street 23, Bahria Phase 4, Rawalpindi",32119525,2024-01-17,5,Residential Plot
REG-566453,O.Bhatti,Hassan Mirza,"House 230, Street 9, Westridge, Rawalpindi",26901540,2025-02-05,5,Apartment
REG-201515,حسن Siddiqui,Usman Siddiqui,"House 298, Street 17, E-11/2, Islamabad",36640730,2025-11-27,7,Apartment
REG-297979,Z. Wazir,Sufyan Gilani,"House 183, Street 19, DHA Phase 6, Karachi",11605955,2021-03-11,5,Residential House
REG-464781,Z. Wazir,Zafar Wazir,"House 189, Street 36, North Nazimabad, Karachi",118637520,2023-02-19,20,Apartment
REG-206766,Hina Rizvi,Rauf Khokhar,"House 270, Street 31, DHA Phase 5, Lahore",586027760,2021-07-13,80,Residential Plot
REG-217330,Hina Rizvi,Farhan Rizvi,"House 253, Street 25, Model Town, Lahore",36266620,2024-07-14,20,Apartment
REG-782451,H. Mehsud,Saba Mehsud,"House 85, Street 12, D Ground, Faisalabad",273079360,2023-11-21,80,Residential House
REG-537688,Chaudhary Nasir Gondal,Naveed Gondal,"House 174, Street 17, Gulgasht, Multan",30014490,2025-02-19,5,Farmhouse
REG-980541,R.Baig,Obaid Wazir,"House 32, Street 4, DHA Phase 6, Karachi",19196380,2025-01-14,10,Apartment
REG-402011,M.Chaudhry,Bushra Chaudhry,"House 398, Street 15, B-17, Islamabad",142205680,2022-10-03,20,Commercial Plaza
REG-621300,M.Chaudhry,Bushra Chaudhry,"House 295, Street 17, F-8/3, Islamabad",24053415,2025-02-04,5,Farmhouse
REG-689122,U.Kazmi,Fahad Kazmi,"House 279, Street 18, I-8/4, Islamabad",34489112,2022-01-08,7,Residential House
REG-535953,Khadija ملک,Qasim Bhatti,"House 344, Street 40, Model Town, Lahore",285067320,2022-07-17,40,Apartment
REG-364948,Khadija ملک,Junaid Janjua,"House 17, Street 39, Johar Town, Lahore",293021800,2023-11-24,40,Commercial Plaza
REG-265139,Ehsan Tareen,Sufyan Saddozai,"House 250, Street 5, D Ground, Faisalabad",162555160,2025-10-08,20,Commercial Plaza
REG-651546,A.Bukhari,Ehsan Bukhari,"House 82, Street 21, Madina Town, Faisalabad",9366225,2022-03-16,5,Apartment
REG-190078,U.Sandhu,Mahnoor Sandhu,"House 229, Street 9, Cantt, Multan",177680080,2025-07-18,40,Residential Plot
REG-654772,U.Sandhu,Lubna Wazir,"House 116, Street 16, Cantt, Multan",24319670,2021-03-02,5,Residential Plot
REG-969041,F.Kayani,Javeria Kayani,"House 208, Street 15, Madina Town, Faisalabad",62251364,2022-09-15,7,Residential House
REG-483336,F.Kayani,Javeria Kayani,"House 54, Street 31, D Ground, Faisalabad",368467600,2024-11-10,80,Apartment
REG-380662,Sadia Abbasi,Babar Abbasi,"House 181, Street 35, Hayatabad Phase 3, Peshawar",484760080,2024-02-15,80,Residential Plot
REG-261615,Mian Mansoor Durrani,Ahmed Sial,"House 164, Street 8, Gulberg III, Lahore",54701381,2026-02-26,7,Farmhouse
REG-465744,Mian Mansoor Durrani,Khadija Durrani,"House 360, Street 9, Gulberg III, Lahore",26850730,2024-09-09,5,Farmhouse
REG-404428,U. Khan,Ayesha Khan,"House 345, Street 12, D Ground, Faisalabad",35658460,2024-03-08,10,Residential House
REG-745794,Z.Malik,Amna Malik,"House 359, Street 32, Hayatabad Phase 3, Peshawar",50520000,2024-03-05,20,Commercial Plaza
REG-887636,Z.Malik,Khadija Orakzai,"House 104, Street 3, Gulbahar, Peshawar",16139160,2021-11-08,5,Residential Plot
REG-489677,I.Khokhar,Rabia Khokhar,"House 380, Street 22, F-8/3, Islamabad",164900560,2023-06-12,80,Residential Plot
REG-570717,I.Khokhar,Hussain Siddiqui,"House 237, Street 13, E-11/2, Islamabad",32717495,2022-06-09,5,Apartment
REG-617040,Sardar Tooba Shirazi,Arsalan Afridi,"House 180, Street 35, Chaklala Scheme 3, Rawalpindi",76961200,2024-03-01,40,Residential Plot
REG-306224,Mian Tooba Shirazi,Shoaib Shirazi,"House 263, Street 21, Chaklala Scheme 3, Rawalpindi",144558400,2021-02-08,80,Residential House
REG-981967,R.Khattak,Noor Khattak,"House 164, Street 9, Shah Rukn-e-Alam, Multan",11884945,2025-08-03,5,Residential House
REG-567821,Haji Adnan Warraich,Tariq Hashmi,"House 65, Street 25, Westridge, Rawalpindi",34294980,2025-05-20,10,Residential Plot
REG-732638,Sardar Adnan Warraich,Laiba Warraich,"House 318, Street 13, Satellite Town, Rawalpindi",21063714,2021-10-12,7,Residential House
REG-427123,Syed Waseem Mirza,Zubair Bangash,"House 96, Street 8, F-8/3, Islamabad",26046170,2025-09-16,5,Apartment
REG-419896,T. Awan,Atif Awan,"House 120, Street 32, Johar Town, Lahore",201586360,2024-01-14,40,Commercial Plaza
REG-429000,J. Niazi,Khadija Niazi,"House 347, Street 9, Westridge, Rawalpindi",509915280,2021-10-11,80,Apartment
REG-246074,J. Niazi,Khadija Niazi,"House 328, Street 12, Bahria Phase 4, Rawalpindi",32506410,2023-07-28,5,Residential Plot
REG-929941,Naveed Joiya,Arsalan Rizvi,"House 118, Street 26, D Ground, Faisalabad",44581565,2021-12-29,7,Commercial Plaza
REG-176267,Mian Kinza Yousafzai,Mubashir Yousafzai,"House 149, Street 31, Westridge, Rawalpindi",37473850,2024-10-26,10,Apartment
REG-841342,Sardar Kinza Yousafzai,Mubashir Yousafzai,"House 147, Street 24, Chaklala Scheme 3, Rawalpindi",30962010,2022-03-05,5,Residential House
REG-292753,Tooba Tarar,Imran Tarar,"House 239, Street 1, Wapda Town, Lahore",143119040,2025-06-20,40,Residential Plot
REG-990106,B. Kazmi,Saad Kazmi,"House 333, Street 10, Madina Town, Faisalabad",40851300,2025-02-13,5,Apartment
REG-688844,B. Kazmi,Saad Kazmi,"House 388, Street 1, Peoples Colony, Faisalabad",689941120,2022-10-13,80,Residential House
REG-246790,B.Qureshi,Bushra Qureshi,"House 33, Street 33, Cantt, Multan",148988840,2023-09-13,20,Apartment
REG-531628,Mubashir Kazmi,Pervez Cheema,"House 246, Street 29, Westridge, Rawalpindi",148996320,2021-12-22,40,Commercial Plaza
REG-712284,Mubashir Kazmi,Tariq Kazmi,"House 73, Street 11, Westridge, Rawalpindi",60521111,2024-12-21,7,Apartment
REG-410459,Kamran Warraich,Asad Yousafzai,"House 74, Street 18, I-8/4, Islamabad",13609315,2023-10-18,5,Residential Plot
REG-173437,F. Kayani,Farah Kayani,"House 293, Street 12, Johar Town, Lahore",58696560,2023-03-23,20,Residential Plot
REG-764630,M. Naqvi,Saba Naqvi,"House 263, Street 5, Westridge, Rawalpindi",41079740,2024-08-26,10,Farmhouse
REG-806348,M. Naqvi,Junaid Joiya,"House 276, Street 27, Bahria Phase 4, Rawalpindi",23167280,2022-05-05,10,Farmhouse
REG-991029,Bushra Siddiqui,Kinza Siddiqui,"House 264, Street 2, Gulgasht, Multan",42082054,2025-12-28,7,Commercial Plaza
REG-784216,F.Mehsud,Kinza Mehsud,"House 211, Street 10, D Ground, Faisalabad",112859680,2024-03-09,40,Farmhouse
REG-749538,F.Mehsud,Kinza Mehsud,"House 249, Street 20, D Ground, Faisalabad",24928008,2026-01-20,7,Residential House
REG-166784,Z.Zaidi,Gul Orakzai,"House 201, Street 31, Johar Town, Lahore",19571860,2022-07-30,10,Residential House
REG-170052,Z.Zaidi,Waseem Zaidi,"House 124, Street 21, Wapda Town, Lahore",22921080,2021-07-11,7,Residential House
REG-280055,Iqra Shirazi,Saqib Shirazi,"House 108, Street 14, Madina Town, Faisalabad",333489240,2022-01-07,40,Apartment
REG-644523,N. Joiya,Iqra Joiya,"House 185, Street 34, University Town, Peshawar",87683420,2024-05-03,10,Residential House
REG-202340,Saad Tarar,Tariq Tarar,"House 343, Street 24, DHA Phase 5, Lahore",26627860,2023-02-03,10,Commercial Plaza
REG-419441,A.Sandhu,Khadija Sandhu,"House 245, Street 26, Peoples Colony, Faisalabad",141285680,2024-08-19,40,Farmhouse
REG-276253,A.Sandhu,Khadija Sandhu,"House 105, Street 25, Madina Town, Faisalabad",88644000,2024-10-06,20,Apartment
REG-464759,L. Virk,Usman Virk,"House 6, Street 16, University Town, Peshawar",108332340,2025-05-09,20,Residential Plot
REG-636058,D.Ansari,Nadeem Bukhari,"House 128, Street 30, Hayatabad Phase 3, Peshawar",27811800,2024-02-22,5,Commercial Plaza
REG-736555,Nadia Kazmi,Nasir Yousafzai,"House 261, Street 5, D Ground, Faisalabad",60514755,2022-12-18,7,Apartment
REG-897548,Farhan Bangash,Salman Baig,"House 85, Street 36, Gulbahar, Peshawar",21696017,2022-04-21,7,Commercial Plaza
REG-274060,Kinza Butt,Ali Saddozai,"House 166, Street 40, DHA Phase 6, Karachi",15959125,2022-05-01,7,Commercial Plaza
REG-335333,Malik Noman Rizvi,Ehsan Rizvi,"House 191, Street 2, Madina Town, Faisalabad",253493000,2021-10-23,40,Commercial Plaza
REG-922888,Rana Noman Rizvi,Ehsan Rizvi,"House 263, Street 37, D Ground, Faisalabad",22020537,2021-05-22,7,Residential Plot
REG-358043,T. Cheema,Taimoor Virk,"House 341, Street 24, Chaklala Scheme 3, Rawalpindi",21631040,2024-07-04,5,Residential Plot
REG-382475,J. Lodhi,Amna Lodhi,"House 202, Street 19, G-10/2, Islamabad",226483360,2021-01-08,40,Apartment
REG-381611,Rauf Khattak,Ayesha Khattak,"House 396, Street 3, Wapda Town, Lahore",19336290,2022-09-23,5,Residential House
REG-937225,Rauf Khattak,Nasir Cheema,"House 384, Street 24, Johar Town, Lahore",557981280,2022-11-27,80,Commercial Plaza
REG-405086,Syed Hina Durrani,Umar Mirza,"House 208, Street 31, Westridge, Rawalpindi",118629240,2024-03-23,40,Residential House
REG-989748,Chaudhary Hina Durrani,Rabia Khattak,"House 63, Street 27, Bahria Phase 4, Rawalpindi",323623520,2022-02-01,40,Apartment
REG-770406,Sardar Tariq Malik,Mahnoor Bukhari,"House 50, Street 39, Madina Town, Faisalabad",682156800,2022-12-14,80,Farmhouse
REG-297617,Rana Tariq Malik,Ehsan Malik,"House 337, Street 36, D Ground, Faisalabad",245239200,2023-10-08,40,Commercial Plaza
REG-739170,Tariq Mughal,Khadija Mughal,"House 90, Street 15, Clifton Block 2, Karachi",141240660,2023-02-19,20,Residential Plot
REG-388677,Haji Hafsa Kakar,Zubair Kakar,"House 26, Street 35, Chaklala Scheme 3, Rawalpindi",89212380,2021-02-17,20,Farmhouse
REG-700747,Mian Hafsa Kakar,Zubair Kakar,"House 26, Street 24, Satellite Town, Rawalpindi",40827255,2025-05-07,5,Apartment
REG-526173,Talha Shirazi,Sana Shirazi,"House 363, Street 28, Satellite Town, Rawalpindi",38203805,2025-11-01,5,Residential House
REG-612690,Sufyan Tarar,Farhan Tarar,"House 78, Street 2, Cantt, Multan",70951820,2023-02-03,10,Residential Plot
REG-700742,Q.Siddiqui,Khalid Siddiqui,"House 108, Street 4, Satellite Town, Rawalpindi",29397180,2024-11-10,10,Apartment
REG-780751,Q.Siddiqui,Zafar Gilani,"House 197, Street 14, Westridge, Rawalpindi",264075440,2024-02-14,80,Apartment
REG-666875,Qasim ملک,Obaid Malik,"House 44, Street 19, Wapda Town, Lahore",245351120,2024-06-04,40,Residential Plot
REG-663531,Qasim ملک,Hassan Sial,"House 141, Street 34, Wapda Town, Lahore",223234720,2024-12-17,40,Apartment
REG-190697,Zara Rizvi,Khalid Rizvi,"House 204, Street 37, Chaklala Scheme 3, Rawalpindi",268260000,2022-05-09,80,Residential House
REG-109328,Zara Rizvi,Danish Shirazi,"House 206, Street 26, Bahria Phase 4, Rawalpindi",63443800,2023-12-05,10,Commercial Plaza
REG-249951,D.Rizvi,Uzma Rizvi,"House 380, Street 7, Gulberg III, Lahore",46356950,2024-05-30,10,Commercial Plaza
REG-662128,D.Rizvi,Uzma Rizvi,"House 103, Street 1, Model Town, Lahore",223826480,2024-06-27,80,Residential House
REG-114161,A. Sandhu,Bushra Sandhu,"House 12, Street 3, University Town, Peshawar",16508639,2021-03-03,7,Residential Plot
REG-623835,A.Awan,Junaid Awan,"House 192, Street 20, Clifton Block 2, Karachi",443925440,2025-06-03,80,Apartment
REG-903940,G.Zaidi,Ali Zaidi,"House 305, Street 38, Gulgasht, Multan",92474300,2025-07-24,20,Residential House
REG-615947,Mian Danish Sheikh,Farhan Butt,"House 360, Street 7, North Nazimabad, Karachi",110894160,2024-03-25,40,Apartment
REG-881013,F.Niazi,Mustafa Mehsud,"House 102, Street 11, Peoples Colony, Faisalabad",476801280,2024-11-10,80,Residential Plot
REG-425992,F.Niazi,Nadeem Niazi,"House 322, Street 10, Peoples Colony, Faisalabad",39208020,2022-03-12,10,Residential Plot
REG-316727,Sardar Laiba Rajput,Saqib Rajput,"House 305, Street 38, Gulgasht, Multan",55404314,2021-10-19,7,Commercial Plaza
REG-173614,Haji Laiba Rajput,Saqib Rajput,"House 203, Street 32, Gulgasht, Multan",55012650,2025-10-12,7,Residential Plot
REG-494288,Gul Bukhari,Mansoor Bukhari,"House 107, Street 35, Shah Rukn-e-Alam, Multan",325386080,2024-11-10,80,Residential Plot
REG-227398,Y. Awan,Zainab Awan,"House 99, Street 29, E-11/2, Islamabad",209112240,2024-05-14,80,Residential House
REG-248061,Syed Wajahat Bhatti,Shoaib Bhatti,"House 256, Street 35, Madina Town, Faisalabad",294019080,2025-09-12,40,Apartment
REG-343918,Rana Hassan Ansari,Waqas Ansari,"House 32, Street 8, F-8/3, Islamabad",656503120,2025-09-19,80,Residential House
REG-578930,M.Sandhu,Hassan Dar,"House 122, Street 16, North Nazimabad, Karachi",318439920,2021-05-01,80,Residential Plot
REG-115576,G. Bangash,Shoaib Bangash,"House 400, Street 39, University Town, Peshawar",44637925,2026-02-24,5,Residential House
REG-246828,K.Kazmi,Fahad Kazmi,"House 338, Street 39, Gulshan-e-Iqbal, Karachi",239189520,2021-01-23,40,Apartment
REG-125489,K.Kazmi,Fahad Kazmi,"House 387, Street 34, Clifton Block 2, Karachi",27875197,2021-07-31,7,Apartment
REG-316134,Waqas Kakar,Taimoor Naqvi,"House 55, Street 10, Johar Town, Lahore",282799840,2022-01-11,40,Commercial Plaza
REG-727408,Waqas Kakar,Mubashir Kakar,"House 68, Street 6, Gulberg III, Lahore",47771227,2022-07-18,7,Farmhouse
REG-475741,Syed Bilal Gill,Zeeshan Gill,"House 228, Street 11, Gulgasht, Multan",190155640,2023-06-06,40,Residential House
REG-254184,Chaudhary Bilal Gill,Zeeshan Gill,"House 217, Street 2, Cantt, Multan",103338920,2026-03-03,40,Apartment
REG-861224,Z. Sheikh,Talha Sheikh,"House 167, Street 14, DHA Phase 6, Karachi",681381600,2021-11-22,80,Farmhouse
REG-583789,Z. Sheikh,Talha Sheikh,"House 170, Street 25, Gulshan-e-Iqbal, Karachi",60077647,2024-09-14,7,Commercial Plaza
REG-709357,Atif Malik,Danish Malik,"House 90, Street 20, Satellite Town, Rawalpindi",16073456,2022-12-17,7,Residential Plot
REG-382181,Atif Malik,Mustafa Tareen,"House 145, Street 3, Satellite Town, Rawalpindi",20457090,2025-06-29,10,Residential House
REG-309638,H.Joiya,Arsalan Warraich,"House 347, Street 23, Gulbahar, Peshawar",309947720,2025-06-30,40,Apartment
REG-496874,Muhammad Orakzai,Khadija Orakzai,"House 295, Street 31, Wapda Town, Lahore",328858640,2024-03-25,40,Farmhouse
REG-907578,Haris Sial,Usman Sial,"House 327, Street 30, DHA Phase 6, Karachi",14393792,2021-03-08,7,Apartment
REG-375249,Haris Sial,Usman Sial,"House 92, Street 15, Gulshan-e-Iqbal, Karachi",285593720,2025-03-03,40,Residential House
REG-421679,S. Mehsud,Naveed Mehsud,"House 167, Street 12, F-8/3, Islamabad",342744800,2024-05-18,80,Apartment
REG-500624,A.Saddozai,Ibrahim Abbasi,"House 217, Street 17, Peoples Colony, Faisalabad",456272400,2024-06-03,80,Apartment
REG-733999,Syed Farhan Gondal,Rida Gondal,"House 43, Street 36, Wapda Town, Lahore",47265722,2024-04-15,7,Residential House
REG-979816,Mansoor Rajput,Nasir Rajput,"House 7, Street 18, Gulshan-e-Iqbal, Karachi",49562156,2022-05-27,7,Residential Plot
REG-186004,Mansoor Rajput,Nasir Rajput,"House 355, Street 2, DHA Phase 6, Karachi",16366448,2025-05-24,7,Residential House
REG-462731,Noor Siddiqui,Javeria Siddiqui,"House 128, Street 22, DHA Phase 5, Lahore",295348200,2023-09-22,40,Residential House
REG-763526,Noor Siddiqui,Javeria Siddiqui,"House 8, Street 14, DHA Phase 5, Lahore",35460537,2023-05-06,7,Residential Plot
REG-340673,Kamran Khan,Arsalan Joiya,"House 62, Street 7, D Ground, Faisalabad",36300230,2024-06-28,5,Residential House
REG-875360,Kamran Khan,Nadia Khan,"House 373, Street 27, D Ground, Faisalabad",44644020,2022-09-15,20,Residential House
REG-694047,Faisal Zaidi,Muhammad Zaidi,"House 210, Street 26, Peoples Colony, Faisalabad",159400000,2023-06-28,20,Residential Plot
REG-960886,Bilal Khan,Rauf Afridi,"House 22, Street 3, G-13/1, Islamabad",47673910,2021-09-12,10,Residential Plot
REG-277254,I. Orakzai,Jawad Orakzai,"House 318, Street 4, E-11/2, Islamabad",12861905,2021-10-24,7,Residential House
REG-308607,I. Orakzai,Jawad Orakzai,"House 343, Street 23, F-8/3, Islamabad",497288240,2021-08-18,80,Residential House
REG-662018,Z. Mehsud,Amna Orakzai,"House 354, Street 29, Gulberg III, Lahore",66310920,2024-06-05,10,Residential Plot
REG-394523,Sadia Gondal,Owais Gondal,"House 345, Street 20, Satellite Town, Rawalpindi",254316880,2021-05-25,80,Apartment
REG-154328,Tooba Bhatti,Jawad Bhatti,"House 218, Street 20, Westridge, Rawalpindi",51996014,2022-10-05,7,Commercial Plaza
REG-363650,Rabia Rizvi,Tooba Saddozai,"House 300, Street 4, University Town, Peshawar",23894380,2021-04-03,10,Residential House
REG-189132,احمد Cheema,Saba Cheema,"House 35, Street 25, Madina Town, Faisalabad",56132370,2024-11-26,7,Apartment
REG-975808,احمد Cheema,Talha Zaidi,"House 334, Street 34, D Ground, Faisalabad",270503960,2024-03-01,40,Residential House
REG-162047,Z. Kazmi,Mehwish Kazmi,"House 47, Street 22, Gulshan-e-Iqbal, Karachi",166629540,2025-03-24,20,Residential House
REG-817744,Z. Kazmi,Laiba Cheema,"House 366, Street 7, North Nazimabad, Karachi",469088400,2022-02-20,80,Farmhouse
REG-672304,T.Butt,Junaid Butt,"House 307, Street 3, Johar Town, Lahore",20198565,2023-11-13,5,Residential Plot
REG-806030,R. Tareen,Khalid Sheikh,"House 346, Street 32, Johar Town, Lahore",249063040,2026-02-06,40,Farmhouse
REG-171498,R. Tareen,Rehan Kayani,"House 215, Street 40, Wapda Town, Lahore",53656911,2021-01-15,7,Commercial Plaza
REG-342248,Malik Talha Janjua,Adnan Janjua,"House 396, Street 15, Satellite Town, Rawalpindi",37822670,2021-11-27,5,Residential House
REG-456749,F. Janjua,Noor Janjua,"House 124, Street 18, North Nazimabad, Karachi",88634770,2021-02-20,10,Commercial Plaza
REG-126418,Nadeem Kayani,Javeria Kayani,"House 374, Street 22, Johar Town, Lahore",60611120,2024-02-12,20,Residential Plot
REG-318597,Nadeem Kayani,Javeria Kayani,"House 136, Street 38, Johar Town, Lahore",88473600,2025-01-08,40,Farmhouse
REG-425101,Sardar Luqman Mughal,Owais Mughal,"House 54, Street 22, Bahria Phase 4, Rawalpindi",78539680,2025-05-24,40,Apartment
REG-403050,Malik Tariq Malik,Rida Rizvi,"House 120, Street 20, I-8/4, Islamabad",56743760,2021-06-19,10,Farmhouse
REG-556416,G.Saddozai,Mehwish Saddozai,"House 378, Street 26, Peoples Colony, Faisalabad",337739920,2024-11-19,40,Residential House
REG-937027,Ghulam Chaudhry,Jawad Chaudhry,"House 8, Street 31, Gulshan-e-Iqbal, Karachi",31916255,2022-08-01,7,Farmhouse
REG-105538,Ghulam Chaudhry,Jawad Chaudhry,"House 59, Street 11, Gulshan-e-Iqbal, Karachi",46222240,2025-03-09,10,Apartment
REG-210081,Khalid Malik,Nimra Kayani,"House 368, Street 6, Gulbahar, Peshawar",21763973,2025-10-26,7,Residential Plot
REG-320841,Khalid Malik,Faisal Khan,"House 357, Street 29, Gulbahar, Peshawar",195589640,2024-06-06,40,Apartment
REG-560590,Anas Bhatti,Tariq Bhatti,"House 7, Street 4, Madina Town, Faisalabad",23870672,2023-04-17,7,Residential Plot
REG-776121,Irfan Mughal,Rashid Raja,"House 303, Street 16, Madina Town, Faisalabad",295781080,2024-11-27,40,Residential Plot
REG-363518,Khalid Abbasi,Hamza Abbasi,"House 320, Street 35, Westridge, Rawalpindi",64527880,2023-03-08,20,Apartment
REG-501638,Khalid Abbasi,Hamza Abbasi,"House 129, Street 22, Bahria Phase 4, Rawalpindi",23168019,2022-05-01,7,Residential House
REG-211472,Qasim Joiya,Sana Joiya,"House 171, Street 37, North Nazimabad, Karachi",599225440,2021-08-28,80,Apartment
REG-999788,Ubaid Gill,Luqman Gill,"House 222, Street 6, Wapda Town, Lahore",46933820,2023-06-26,10,Commercial Plaza
REG-145120,Ubaid Gill,Luqman Gill,"House 22, Street 7, Gulberg III, Lahore",43555652,2021-02-06,7,Apartment
REG-179966,Talha Sandhu,Saad Bhatti,"House 392, Street 32, Cantt, Multan",42510800,2025-11-27,10,Farmhouse
REG-228687,Malik Pervez Gilani,Junaid Khokhar,"House 380, Street 17, University Town, Peshawar",59430780,2021-02-27,20,Farmhouse
REG-647576,Khalid Mehsud,Babar Cheema,"House 301, Street 36, Gulgasht, Multan",73604880,2025-01-21,20,Commercial Plaza
REG-831325,Khalid Mehsud,Khalid Hashmi,"House 270, Street 33, Gulgasht, Multan",241422240,2025-03-16,40,Commercial Plaza
REG-926315,Ali Gondal,Bushra Gondal,"House 400, Street 16, Shah Rukn-e-Alam, Multan",17193720,2021-05-03,5,Apartment
REG-496315,Z. Naqvi,Mubashir Naqvi,"House 64, Street 31, Model Town, Lahore",42025186,2025-01-20,7,Apartment
REG-475889,Farhan Zaidi,Rida Zaidi,"House 234, Street 28, Westridge, Rawalpindi",228795440,2021-09-16,80,Farmhouse
REG-463803,I. Bhatti,Rauf Sial,"House 198, Street 2, Chaklala Scheme 3, Rawalpindi",103435180,2021-11-16,20,Residential Plot
REG-631954,N.Orakzai,Gul Kayani,"House 377, Street 39, D Ground, Faisalabad",51562640,2021-04-24,10,Residential House
REG-202294,Z. Janjua,Bilal Niazi,"House 104, Street 6, Clifton Block 2, Karachi",240544640,2021-06-13,80,Residential House
REG-420957,Z. Malik,Tooba Malik,"House 353, Street 20, Bahria Phase 4, Rawalpindi",47783141,2021-01-11,7,Farmhouse
REG-960584,Z. Malik,Tooba Malik,"House 293, Street 5, Satellite Town, Rawalpindi",212745760,2024-06-07,80,Residential House
REG-875021,F.Zaidi,Hamza Zaidi,"House 105, Street 23, G-13/1, Islamabad",28066645,2022-11-17,5,Residential Plot
REG-349899,F.Zaidi,Hamza Zaidi,"House 202, Street 30, G-13/1, Islamabad",24034765,2021-10-19,5,Apartment
REG-419708,Zafar شیخ,Amna Sheikh,"House 41, Street 5, Johar Town, Lahore",305394600,2025-10-24,40,Residential Plot
REG-724644,Zafar شیخ,Amna Sheikh,"House 366, Street 19, Johar Town, Lahore",341911360,2025-03-23,80,Residential House
REG-428021,A.Lodhi,Lubna Lodhi,"House 264, Street 20, Gulbahar, Peshawar",36244201,2023-03-27,7,Farmhouse
REG-229583,N.Sheikh,Ahmed Naqvi,"House 245, Street 32, Gulshan-e-Iqbal, Karachi",30757867,2022-05-02,7,Residential House
REG-637337,N.Sheikh,Mansoor Zaidi,"House 6, Street 1, DHA Phase 6, Karachi",40637730,2023-03-25,10,Residential House
REG-751123,O. Gilani,Ahmed Gilani,"House 294, Street 1, Gulberg III, Lahore",33726609,2024-09-30,7,Commercial Plaza
REG-847198,O. Gilani,Ahmed Gilani,"House 198, Street 6, Wapda Town, Lahore",61356950,2021-11-01,10,Apartment
REG-661180,A. Afridi,Khadija Afridi,"House 138, Street 34, North Nazimabad, Karachi",50175910,2023-09-09,10,Farmhouse
REG-624767,A. Afridi,Khadija Afridi,"House 149, Street 32, North Nazimabad, Karachi",112934360,2025-09-04,20,Farmhouse
REG-279977,Y. Niazi,Salman Niazi,"House 184, Street 8, Madina Town, Faisalabad",577126560,2024-10-26,80,Residential House
REG-623789,W.Naqvi,Hina Naqvi,"House 269, Street 8, Clifton Block 2, Karachi",254122080,2021-02-16,80,Commercial Plaza
REG-973359,W.Naqvi,Muhammad Naqvi,"House 307, Street 20, Clifton Block 2, Karachi",12057380,2022-05-18,5,Residential Plot
REG-539681,Iqra Warraich,Irfan Warraich,"House 273, Street 27, Gulbahar, Peshawar",14517419,2023-12-27,7,Apartment
REG-518556,Mian Nadia Afridi,Khadija Afridi,"House 42, Street 35, Satellite Town, Rawalpindi",14423690,2024-12-19,5,Apartment
REG-606884,Javeria Mughal,Asad Mughal,"House 376, Street 23, DHA Phase 5, Lahore",433334560,2025-08-09,80,Residential Plot
REG-415519,Javeria Mughal,Asad Mughal,"House 109, Street 39, Model Town, Lahore",191527360,2026-01-27,40,Residential House
REG-380396,Mian Noman Cheema,Farhan Cheema,"House 13, Street 26, Chaklala Scheme 3, Rawalpindi",14305256,2024-08-31,7,Commercial Plaza
REG-551144,Rana Noman Cheema,Farhan Bukhari,"House 187, Street 20, Westridge, Rawalpindi",29941570,2022-10-01,10,Apartment
REG-948916,Hafsa Zaidi,Bushra Zaidi,"House 1, Street 3, F-8/3, Islamabad",95709740,2021-10-24,20,Residential Plot
REG-938223,Hafsa Zaidi,Bushra Zaidi,"House 269, Street 19, I-8/4, Islamabad",120756560,2021-08-29,40,Residential Plot
REG-554498,Hamza Durrani,Muhammad Durrani,"House 47, Street 12, DHA Phase 6, Karachi",383572960,2024-08-10,80,Commercial Plaza
REG-316318,Khadija Tareen,Uzma Tareen,"House 198, Street 11, DHA Phase 6, Karachi",221777520,2023-08-25,80,Farmhouse
REG-410080,Khadija Tareen,Uzma Tareen,"House 282, Street 18, Gulshan-e-Iqbal, Karachi",28773052,2022-04-29,7,Residential House
REG-992982,Y.Kazmi,Bilal Malik,"House 86, Street 35, Wapda Town, Lahore",41647025,2023-12-07,7,Apartment
REG-355312,S. Malik,Saad Gondal,"House 157, Street 38, Cantt, Multan",15472366,2022-12-26,7,Residential Plot
REG-735413,S. Malik,Usman Malik,"House 193, Street 30, Shah Rukn-e-Alam, Multan",15741061,2023-02-01,7,Farmhouse
